run_id,symbol,market,as_of_date,feature_name,feature_value,feature_status,unavailable_reason,formula,output_unit,period_semantics,source_report_date,source_announcement_date,source_update_date,source_report_dates,source_announcement_dates,source_update_dates,source_fields,source_tables,source_canonical_keys,source_run_ids,source_clean_run_ids,source_sha256s,source_currencies,source_periods,lineage_json,schema_version,downstream_policy
1bc599a7-17eb-4cc8-a543-8c0baaa7c3b8,000100,A,2026-07-27,debt_to_asset,0.650271850424166,PASS,,total_liabilities/total_assets at same report period,ratio,same_report_period stock values,2026-03-31,2026-04-30,2026-04-30,"[""2026-03-31T00:00:00""]","[""2026-04-30T00:00:00""]","[""2026-04-30T00:00:00""]","[""TOTAL_ASSETS"", ""TOTAL_LIABILITIES""]","[""fact_balance_sheet""]","[""000100|balance_sheet|2026-03-31|total_assets"", ""000100|balance_sheet|2026-03-31|total_liabilities""]","[""df86486a-9a54-4920-a4db-2553f907af92""]","[""66bebf1c-8b64-42a6-a970-1dbf1ecb395f""]","[""f161f12f99090996cde81bce019406a6e3d697fc2a69488a3b6e0a81e57a40b0""]","[""CNY""]","[""Q1""]","[{""announcement_date"": ""2026-04-30T00:00:00"", ""canonical_key"": ""000100|balance_sheet|2026-03-31|total_liabilities"", ""canonical_name"": ""total_liabilities"", ""clean_run_id"": ""66bebf1c-8b64-42a6-a970-1dbf1ecb395f"", ""currency"": ""CNY"", ""fiscal_period"": ""Q1"", ""pit_status"": ""PIT_ELIGIBLE"", ""report_date"": ""2026-03-31T00:00:00"", ""source_field"": ""TOTAL_LIABILITIES"", ""source_run_id"": ""df86486a-9a54-4920-a4db-2553f907af92"", ""source_sha256"": ""f161f12f99090996cde81bce019406a6e3d697fc2a69488a3b6e0a81e57a40b0"", ""source_table"": ""fact_balance_sheet"", ""update_date"": ""2026-04-30T00:00:00""}, {""announcement_date"": ""2026-04-30T00:00:00"", ""canonical_key"": ""000100|balance_sheet|2026-03-31|total_assets"", ""canonical_name"": ""total_assets"", ""clean_run_id"": ""66bebf1c-8b64-42a6-a970-1dbf1ecb395f"", ""currency"": ""CNY"", ""fiscal_period"": ""Q1"", ""pit_status"": ""PIT_ELIGIBLE"", ""report_date"": ""2026-03-31T00:00:00"", ""source_field"": ""TOTAL_ASSETS"", ""source_run_id"": ""df86486a-9a54-4920-a4db-2553f907af92"", ""source_sha256"": ""f161f12f99090996cde81bce019406a6e3d697fc2a69488a3b6e0a81e57a40b0"", ""source_table"": ""fact_balance_sheet"", ""update_date"": ""2026-04-30T00:00:00""}]",fundamental_feature_long_v1,AVAILABLE
1bc599a7-17eb-4cc8-a543-8c0baaa7c3b8,000100,A,2026-07-27,net_margin,0.013983141581221272,PASS,,net_profit/revenue at same report period,ratio,same_report_period cumulative,2026-03-31,2026-04-30,2026-04-30,"[""2026-03-31T00:00:00""]","[""2026-04-30T00:00:00""]","[""2026-04-30T00:00:00""]","[""NETPROFIT"", ""TOTAL_OPERATE_INCOME""]","[""fact_income_statement""]","[""000100|income_statement|2026-03-31|net_profit"", ""000100|income_statement|2026-03-31|revenue""]","[""df86486a-9a54-4920-a4db-2553f907af92""]","[""66bebf1c-8b64-42a6-a970-1dbf1ecb395f""]","[""d5f1e614cf23a3150f17254dd555c4309592c56adda5c569a67db01093541be9""]","[""CNY""]","[""Q1""]","[{""announcement_date"": ""2026-04-30T00:00:00"", ""canonical_key"": ""000100|income_statement|2026-03-31|net_profit"", ""canonical_name"": ""net_profit"", ""clean_run_id"": ""66bebf1c-8b64-42a6-a970-1dbf1ecb395f"", ""currency"": ""CNY"", ""fiscal_period"": ""Q1"", ""pit_status"": ""PIT_ELIGIBLE"", ""report_date"": ""2026-03-31T00:00:00"", ""source_field"": ""NETPROFIT"", ""source_run_id"": ""df86486a-9a54-4920-a4db-2553f907af92"", ""source_sha256"": ""d5f1e614cf23a3150f17254dd555c4309592c56adda5c569a67db01093541be9"", ""source_table"": ""fact_income_statement"", ""update_date"": ""2026-04-30T00:00:00""}, {""announcement_date"": ""2026-04-30T00:00:00"", ""canonical_key"": ""000100|income_statement|2026-03-31|revenue"", ""canonical_name"": ""revenue"", ""clean_run_id"": ""66bebf1c-8b64-42a6-a970-1dbf1ecb395f"", ""currency"": ""CNY"", ""fiscal_period"": ""Q1"", ""pit_status"": ""PIT_ELIGIBLE"", ""report_date"": ""2026-03-31T00:00:00"", ""source_field"": ""TOTAL_OPERATE_INCOME"", ""source_run_id"": ""df86486a-9a54-4920-a4db-2553f907af92"", ""source_sha256"": ""d5f1e614cf23a3150f17254dd555c4309592c56adda5c569a67db01093541be9"", ""source_table"": ""fact_income_statement"", ""update_date"": ""2026-04-30T00:00:00""}]",fundamental_feature_long_v1,AVAILABLE
1bc599a7-17eb-4cc8-a543-8c0baaa7c3b8,000100,A,2026-07-27,net_profit,607956530.0,PASS,,latest PIT net_profit normalized_value,currency,latest_available_report_period,2026-03-31,2026-04-30,2026-04-30,"[""2026-03-31T00:00:00""]","[""2026-04-30T00:00:00""]","[""2026-04-30T00:00:00""]","[""NETPROFIT""]","[""fact_income_statement""]","[""000100|income_statement|2026-03-31|net_profit""]","[""df86486a-9a54-4920-a4db-2553f907af92""]","[""66bebf1c-8b64-42a6-a970-1dbf1ecb395f""]","[""d5f1e614cf23a3150f17254dd555c4309592c56adda5c569a67db01093541be9""]","[""CNY""]","[""Q1""]","[{""announcement_date"": ""2026-04-30T00:00:00"", ""canonical_key"": ""000100|income_statement|2026-03-31|net_profit"", ""canonical_name"": ""net_profit"", ""clean_run_id"": ""66bebf1c-8b64-42a6-a970-1dbf1ecb395f"", ""currency"": ""CNY"", ""fiscal_period"": ""Q1"", ""pit_status"": ""PIT_ELIGIBLE"", ""report_date"": ""2026-03-31T00:00:00"", ""source_field"": ""NETPROFIT"", ""source_run_id"": ""df86486a-9a54-4920-a4db-2553f907af92"", ""source_sha256"": ""d5f1e614cf23a3150f17254dd555c4309592c56adda5c569a67db01093541be9"", ""source_table"": ""fact_income_statement"", ""update_date"": ""2026-04-30T00:00:00""}]",fundamental_feature_long_v1,AVAILABLE
1bc599a7-17eb-4cc8-a543-8c0baaa7c3b8,000100,A,2026-07-27,net_profit_yoy,1.9294309989179173,PASS,,net_profit(t)/net_profit(t-1 same fiscal_period)-1,ratio,same_fiscal_period_prior_year,2026-03-31,2026-04-30,2026-04-30,"[""2025-03-31T00:00:00"", ""2026-03-31T00:00:00""]","[""2025-04-29T00:00:00"", ""2026-04-30T00:00:00""]","[""2026-04-30T00:00:00""]","[""NETPROFIT""]","[""fact_income_statement""]","[""000100|income_statement|2025-03-31|net_profit"", ""000100|income_statement|2026-03-31|net_profit""]","[""df86486a-9a54-4920-a4db-2553f907af92""]","[""66bebf1c-8b64-42a6-a970-1dbf1ecb395f""]","[""d5f1e614cf23a3150f17254dd555c4309592c56adda5c569a67db01093541be9""]","[""CNY""]","[""Q1""]","[{""announcement_date"": ""2026-04-30T00:00:00"", ""canonical_key"": ""000100|income_statement|2026-03-31|net_profit"", ""canonical_name"": ""net_profit"", ""clean_run_id"": ""66bebf1c-8b64-42a6-a970-1dbf1ecb395f"", ""currency"": ""CNY"", ""fiscal_period"": ""Q1"", ""pit_status"": ""PIT_ELIGIBLE"", ""report_date"": ""2026-03-31T00:00:00"", ""source_field"": ""NETPROFIT"", ""source_run_id"": ""df86486a-9a54-4920-a4db-2553f907af92"", ""source_sha256"": ""d5f1e614cf23a3150f17254dd555c4309592c56adda5c569a67db01093541be9"", ""source_table"": ""fact_income_statement"", ""update_date"": ""2026-04-30T00:00:00""}, {""announcement_date"": ""2025-04-29T00:00:00"", ""canonical_key"": ""000100|income_statement|2025-03-31|net_profit"", ""canonical_name"": ""net_profit"", ""clean_run_id"": ""66bebf1c-8b64-42a6-a970-1dbf1ecb395f"", ""currency"": ""CNY"", ""fiscal_period"": ""Q1"", ""pit_status"": ""PIT_ELIGIBLE"", ""report_date"": ""2025-03-31T00:00:00"", ""source_field"": ""NETPROFIT"", ""source_run_id"": ""df86486a-9a54-4920-a4db-2553f907af92"", ""source_sha256"": ""d5f1e614cf23a3150f17254dd555c4309592c56adda5c569a67db01093541be9"", ""source_table"": ""fact_income_statement"", ""update_date"": ""2026-04-30T00:00:00""}]",fundamental_feature_long_v1,AVAILABLE
1bc599a7-17eb-4cc8-a543-8c0baaa7c3b8,000100,A,2026-07-27,ocf_to_net_profit,18.742716450467274,PASS,,operating_cash_flow/net_profit at same report period,ratio,same_report_period cumulative,2026-03-31,2026-04-30,2026-04-30,"[""2026-03-31T00:00:00""]","[""2026-04-30T00:00:00""]","[""2026-04-30T00:00:00""]","[""NETCASH_OPERATE"", ""NETPROFIT""]","[""fact_cash_flow_statement"", ""fact_income_statement""]","[""000100|cash_flow_statement|2026-03-31|operating_cash_flow"", ""000100|income_statement|2026-03-31|net_profit""]","[""df86486a-9a54-4920-a4db-2553f907af92""]","[""66bebf1c-8b64-42a6-a970-1dbf1ecb395f""]","[""4d73f2352e79e9b8d7ecc023b379727e8216edb48ddcfd48b2d80b978a779f67"", ""d5f1e614cf23a3150f17254dd555c4309592c56adda5c569a67db01093541be9""]","[""CNY""]","[""Q1""]","[{""announcement_date"": ""2026-04-30T00:00:00"", ""canonical_key"": ""000100|cash_flow_statement|2026-03-31|operating_cash_flow"", ""canonical_name"": ""operating_cash_flow"", ""clean_run_id"": ""66bebf1c-8b64-42a6-a970-1dbf1ecb395f"", ""currency"": ""CNY"", ""fiscal_period"": ""Q1"", ""pit_status"": ""PIT_ELIGIBLE"", ""report_date"": ""2026-03-31T00:00:00"", ""source_field"": ""NETCASH_OPERATE"", ""source_run_id"": ""df86486a-9a54-4920-a4db-2553f907af92"", ""source_sha256"": ""4d73f2352e79e9b8d7ecc023b379727e8216edb48ddcfd48b2d80b978a779f67"", ""source_table"": ""fact_cash_flow_statement"", ""update_date"": ""2026-04-30T00:00:00""}, {""announcement_date"": ""2026-04-30T00:00:00"", ""canonical_key"": ""000100|income_statement|2026-03-31|net_profit"", ""canonical_name"": ""net_profit"", ""clean_run_id"": ""66bebf1c-8b64-42a6-a970-1dbf1ecb395f"", ""currency"": ""CNY"", ""fiscal_period"": ""Q1"", ""pit_status"": ""PIT_ELIGIBLE"", ""report_date"": ""2026-03-31T00:00:00"", ""source_field"": ""NETPROFIT"", ""source_run_id"": ""df86486a-9a54-4920-a4db-2553f907af92"", ""source_sha256"": ""d5f1e614cf23a3150f17254dd555c4309592c56adda5c569a67db01093541be9"", ""source_table"": ""fact_income_statement"", ""update_date"": ""2026-04-30T00:00:00""}]",fundamental_feature_long_v1,AVAILABLE
1bc599a7-17eb-4cc8-a543-8c0baaa7c3b8,000100,A,2026-07-27,operating_cash_flow,11394756856.0,PASS,,latest PIT operating_cash_flow normalized_value,currency,latest_available_report_period cumulative,2026-03-31,2026-04-30,2026-04-30,"[""2026-03-31T00:00:00""]","[""2026-04-30T00:00:00""]","[""2026-04-30T00:00:00""]","[""NETCASH_OPERATE""]","[""fact_cash_flow_statement""]","[""000100|cash_flow_statement|2026-03-31|operating_cash_flow""]","[""df86486a-9a54-4920-a4db-2553f907af92""]","[""66bebf1c-8b64-42a6-a970-1dbf1ecb395f""]","[""4d73f2352e79e9b8d7ecc023b379727e8216edb48ddcfd48b2d80b978a779f67""]","[""CNY""]","[""Q1""]","[{""announcement_date"": ""2026-04-30T00:00:00"", ""canonical_key"": ""000100|cash_flow_statement|2026-03-31|operating_cash_flow"", ""canonical_name"": ""operating_cash_flow"", ""clean_run_id"": ""66bebf1c-8b64-42a6-a970-1dbf1ecb395f"", ""currency"": ""CNY"", ""fiscal_period"": ""Q1"", ""pit_status"": ""PIT_ELIGIBLE"", ""report_date"": ""2026-03-31T00:00:00"", ""source_field"": ""NETCASH_OPERATE"", ""source_run_id"": ""df86486a-9a54-4920-a4db-2553f907af92"", ""source_sha256"": ""4d73f2352e79e9b8d7ecc023b379727e8216edb48ddcfd48b2d80b978a779f67"", ""source_table"": ""fact_cash_flow_statement"", ""update_date"": ""2026-04-30T00:00:00""}]",fundamental_feature_long_v1,AVAILABLE
1bc599a7-17eb-4cc8-a543-8c0baaa7c3b8,000100,A,2026-07-27,revenue,43477821237.0,PASS,,latest PIT revenue normalized_value,currency,latest_available_report_period,2026-03-31,2026-04-30,2026-04-30,"[""2026-03-31T00:00:00""]","[""2026-04-30T00:00:00""]","[""2026-04-30T00:00:00""]","[""TOTAL_OPERATE_INCOME""]","[""fact_income_statement""]","[""000100|income_statement|2026-03-31|revenue""]","[""df86486a-9a54-4920-a4db-2553f907af92""]","[""66bebf1c-8b64-42a6-a970-1dbf1ecb395f""]","[""d5f1e614cf23a3150f17254dd555c4309592c56adda5c569a67db01093541be9""]","[""CNY""]","[""Q1""]","[{""announcement_date"": ""2026-04-30T00:00:00"", ""canonical_key"": ""000100|income_statement|2026-03-31|revenue"", ""canonical_name"": ""revenue"", ""clean_run_id"": ""66bebf1c-8b64-42a6-a970-1dbf1ecb395f"", ""currency"": ""CNY"", ""fiscal_period"": ""Q1"", ""pit_status"": ""PIT_ELIGIBLE"", ""report_date"": ""2026-03-31T00:00:00"", ""source_field"": ""TOTAL_OPERATE_INCOME"", ""source_run_id"": ""df86486a-9a54-4920-a4db-2553f907af92"", ""source_sha256"": ""d5f1e614cf23a3150f17254dd555c4309592c56adda5c569a67db01093541be9"", ""source_table"": ""fact_income_statement"", ""update_date"": ""2026-04-30T00:00:00""}]",fundamental_feature_long_v1,AVAILABLE
1bc599a7-17eb-4cc8-a543-8c0baaa7c3b8,000100,A,2026-07-27,revenue_yoy,0.08370838887481002,PASS,,revenue(t)/revenue(t-1 same fiscal_period)-1,ratio,same_fiscal_period_prior_year,2026-03-31,2026-04-30,2026-04-30,"[""2025-03-31T00:00:00"", ""2026-03-31T00:00:00""]","[""2025-04-29T00:00:00"", ""2026-04-30T00:00:00""]","[""2026-04-30T00:00:00""]","[""TOTAL_OPERATE_INCOME""]","[""fact_income_statement""]","[""000100|income_statement|2025-03-31|revenue"", ""000100|income_statement|2026-03-31|revenue""]","[""df86486a-9a54-4920-a4db-2553f907af92""]","[""66bebf1c-8b64-42a6-a970-1dbf1ecb395f""]","[""d5f1e614cf23a3150f17254dd555c4309592c56adda5c569a67db01093541be9""]","[""CNY""]","[""Q1""]","[{""announcement_date"": ""2026-04-30T00:00:00"", ""canonical_key"": ""000100|income_statement|2026-03-31|revenue"", ""canonical_name"": ""revenue"", ""clean_run_id"": ""66bebf1c-8b64-42a6-a970-1dbf1ecb395f"", ""currency"": ""CNY"", ""fiscal_period"": ""Q1"", ""pit_status"": ""PIT_ELIGIBLE"", ""report_date"": ""2026-03-31T00:00:00"", ""source_field"": ""TOTAL_OPERATE_INCOME"", ""source_run_id"": ""df86486a-9a54-4920-a4db-2553f907af92"", ""source_sha256"": ""d5f1e614cf23a3150f17254dd555c4309592c56adda5c569a67db01093541be9"", ""source_table"": ""fact_income_statement"", ""update_date"": ""2026-04-30T00:00:00""}, {""announcement_date"": ""2025-04-29T00:00:00"", ""canonical_key"": ""000100|income_statement|2025-03-31|revenue"", ""canonical_name"": ""revenue"", ""clean_run_id"": ""66bebf1c-8b64-42a6-a970-1dbf1ecb395f"", ""currency"": ""CNY"", ""fiscal_period"": ""Q1"", ""pit_status"": ""PIT_ELIGIBLE"", ""report_date"": ""2025-03-31T00:00:00"", ""source_field"": ""TOTAL_OPERATE_INCOME"", ""source_run_id"": ""df86486a-9a54-4920-a4db-2553f907af92"", ""source_sha256"": ""d5f1e614cf23a3150f17254dd555c4309592c56adda5c569a67db01093541be9"", ""source_table"": ""fact_income_statement"", ""update_date"": ""2026-04-30T00:00:00""}]",fundamental_feature_long_v1,AVAILABLE
1bc599a7-17eb-4cc8-a543-8c0baaa7c3b8,000100,A,2026-07-27,roa,0.0005695067428804153,PASS,,"annual net_profit/average(current FY total_assets,prior FY total_assets)",ratio,latest FY with prior comparable FY balance,2025-12-31,2026-03-28,2026-04-30,"[""2024-12-31T00:00:00"", ""2025-12-31T00:00:00""]","[""2025-04-29T00:00:00"", ""2026-03-28T00:00:00""]","[""2026-03-28T00:00:00"", ""2026-04-30T00:00:00""]","[""NETPROFIT"", ""TOTAL_ASSETS""]","[""fact_balance_sheet"", ""fact_income_statement""]","[""000100|balance_sheet|2024-12-31|total_assets"", ""000100|balance_sheet|2025-12-31|total_assets"", ""000100|income_statement|2025-12-31|net_profit""]","[""df86486a-9a54-4920-a4db-2553f907af92""]","[""66bebf1c-8b64-42a6-a970-1dbf1ecb395f""]","[""d5f1e614cf23a3150f17254dd555c4309592c56adda5c569a67db01093541be9"", ""f161f12f99090996cde81bce019406a6e3d697fc2a69488a3b6e0a81e57a40b0""]","[""CNY""]","[""FY""]","[{""announcement_date"": ""2026-03-28T00:00:00"", ""canonical_key"": ""000100|income_statement|2025-12-31|net_profit"", ""canonical_name"": ""net_profit"", ""clean_run_id"": ""66bebf1c-8b64-42a6-a970-1dbf1ecb395f"", ""currency"": ""CNY"", ""fiscal_period"": ""FY"", ""pit_status"": ""PIT_ELIGIBLE"", ""report_date"": ""2025-12-31T00:00:00"", ""source_field"": ""NETPROFIT"", ""source_run_id"": ""df86486a-9a54-4920-a4db-2553f907af92"", ""source_sha256"": ""d5f1e614cf23a3150f17254dd555c4309592c56adda5c569a67db01093541be9"", ""source_table"": ""fact_income_statement"", ""update_date"": ""2026-03-28T00:00:00""}, {""announcement_date"": ""2026-03-28T00:00:00"", ""canonical_key"": ""000100|balance_sheet|2025-12-31|total_assets"", ""canonical_name"": ""total_assets"", ""clean_run_id"": ""66bebf1c-8b64-42a6-a970-1dbf1ecb395f"", ""currency"": ""CNY"", ""fiscal_period"": ""FY"", ""pit_status"": ""PIT_ELIGIBLE"", ""report_date"": ""2025-12-31T00:00:00"", ""source_field"": ""TOTAL_ASSETS"", ""source_run_id"": ""df86486a-9a54-4920-a4db-2553f907af92"", ""source_sha256"": ""f161f12f99090996cde81bce019406a6e3d697fc2a69488a3b6e0a81e57a40b0"", ""source_table"": ""fact_balance_sheet"", ""update_date"": ""2026-04-30T00:00:00""}, {""announcement_date"": ""2025-04-29T00:00:00"", ""canonical_key"": ""000100|balance_sheet|2024-12-31|total_assets"", ""canonical_name"": ""total_assets"", ""clean_run_id"": ""66bebf1c-8b64-42a6-a970-1dbf1ecb395f"", ""currency"": ""CNY"", ""fiscal_period"": ""FY"", ""pit_status"": ""PIT_ELIGIBLE"", ""report_date"": ""2024-12-31T00:00:00"", ""source_field"": ""TOTAL_ASSETS"", ""source_run_id"": ""df86486a-9a54-4920-a4db-2553f907af92"", ""source_sha256"": ""f161f12f99090996cde81bce019406a6e3d697fc2a69488a3b6e0a81e57a40b0"", ""source_table"": ""fact_balance_sheet"", ""update_date"": ""2026-03-28T00:00:00""}]",fundamental_feature_long_v1,AVAILABLE
1bc599a7-17eb-4cc8-a543-8c0baaa7c3b8,000100,A,2026-07-27,roe,0.07882665957211245,PASS,,"annual parent_net_profit/average(current FY parent_equity,prior FY parent_equity)",ratio,latest FY with prior comparable FY balance,2025-12-31,2026-03-28,2026-04-30,"[""2024-12-31T00:00:00"", ""2025-12-31T00:00:00""]","[""2025-04-29T00:00:00"", ""2026-03-28T00:00:00""]","[""2026-03-28T00:00:00"", ""2026-04-30T00:00:00""]","[""PARENT_NETPROFIT"", ""TOTAL_PARENT_EQUITY""]","[""fact_balance_sheet"", ""fact_income_statement""]","[""000100|balance_sheet|2024-12-31|parent_equity"", ""000100|balance_sheet|2025-12-31|parent_equity"", ""000100|income_statement|2025-12-31|parent_net_profit""]","[""df86486a-9a54-4920-a4db-2553f907af92""]","[""66bebf1c-8b64-42a6-a970-1dbf1ecb395f""]","[""d5f1e614cf23a3150f17254dd555c4309592c56adda5c569a67db01093541be9"", ""f161f12f99090996cde81bce019406a6e3d697fc2a69488a3b6e0a81e57a40b0""]","[""CNY""]","[""FY""]","[{""announcement_date"": ""2026-03-28T00:00:00"", ""canonical_key"": ""000100|income_statement|2025-12-31|parent_net_profit"", ""canonical_name"": ""parent_net_profit"", ""clean_run_id"": ""66bebf1c-8b64-42a6-a970-1dbf1ecb395f"", ""currency"": ""CNY"", ""fiscal_period"": ""FY"", ""pit_status"": ""PIT_ELIGIBLE"", ""report_date"": ""2025-12-31T00:00:00"", ""source_field"": ""PARENT_NETPROFIT"", ""source_run_id"": ""df86486a-9a54-4920-a4db-2553f907af92"", ""source_sha256"": ""d5f1e614cf23a3150f17254dd555c4309592c56adda5c569a67db01093541be9"", ""source_table"": ""fact_income_statement"", ""update_date"": ""2026-03-28T00:00:00""}, {""announcement_date"": ""2026-03-28T00:00:00"", ""canonical_key"": ""000100|balance_sheet|2025-12-31|parent_equity"", ""canonical_name"": ""parent_equity"", ""clean_run_id"": ""66bebf1c-8b64-42a6-a970-1dbf1ecb395f"", ""currency"": ""CNY"", ""fiscal_period"": ""FY"", ""pit_status"": ""PIT_ELIGIBLE"", ""report_date"": ""2025-12-31T00:00:00"", ""source_field"": ""TOTAL_PARENT_EQUITY"", ""source_run_id"": ""df86486a-9a54-4920-a4db-2553f907af92"", ""source_sha256"": ""f161f12f99090996cde81bce019406a6e3d697fc2a69488a3b6e0a81e57a40b0"", ""source_table"": ""fact_balance_sheet"", ""update_date"": ""2026-04-30T00:00:00""}, {""announcement_date"": ""2025-04-29T00:00:00"", ""canonical_key"": ""000100|balance_sheet|2024-12-31|parent_equity"", ""canonical_name"": ""parent_equity"", ""clean_run_id"": ""66bebf1c-8b64-42a6-a970-1dbf1ecb395f"", ""currency"": ""CNY"", ""fiscal_period"": ""FY"", ""pit_status"": ""PIT_ELIGIBLE"", ""report_date"": ""2024-12-31T00:00:00"", ""source_field"": ""TOTAL_PARENT_EQUITY"", ""source_run_id"": ""df86486a-9a54-4920-a4db-2553f907af92"", ""source_sha256"": ""f161f12f99090996cde81bce019406a6e3d697fc2a69488a3b6e0a81e57a40b0"", ""source_table"": ""fact_balance_sheet"", ""update_date"": ""2026-03-28T00:00:00""}]",fundamental_feature_long_v1,AVAILABLE
1bc599a7-17eb-4cc8-a543-8c0baaa7c3b8,000100,A,2026-07-27,total_assets,366410203352.0,PASS,,latest PIT total_assets normalized_value,currency,latest_available_report_period,2026-03-31,2026-04-30,2026-04-30,"[""2026-03-31T00:00:00""]","[""2026-04-30T00:00:00""]","[""2026-04-30T00:00:00""]","[""TOTAL_ASSETS""]","[""fact_balance_sheet""]","[""000100|balance_sheet|2026-03-31|total_assets""]","[""df86486a-9a54-4920-a4db-2553f907af92""]","[""66bebf1c-8b64-42a6-a970-1dbf1ecb395f""]","[""f161f12f99090996cde81bce019406a6e3d697fc2a69488a3b6e0a81e57a40b0""]","[""CNY""]","[""Q1""]","[{""announcement_date"": ""2026-04-30T00:00:00"", ""canonical_key"": ""000100|balance_sheet|2026-03-31|total_assets"", ""canonical_name"": ""total_assets"", ""clean_run_id"": ""66bebf1c-8b64-42a6-a970-1dbf1ecb395f"", ""currency"": ""CNY"", ""fiscal_period"": ""Q1"", ""pit_status"": ""PIT_ELIGIBLE"", ""report_date"": ""2026-03-31T00:00:00"", ""source_field"": ""TOTAL_ASSETS"", ""source_run_id"": ""df86486a-9a54-4920-a4db-2553f907af92"", ""source_sha256"": ""f161f12f99090996cde81bce019406a6e3d697fc2a69488a3b6e0a81e57a40b0"", ""source_table"": ""fact_balance_sheet"", ""update_date"": ""2026-04-30T00:00:00""}]",fundamental_feature_long_v1,AVAILABLE
1bc599a7-17eb-4cc8-a543-8c0baaa7c3b8,000100,A,2026-07-27,total_equity,128143962404.0,PASS,,latest PIT net_assets normalized_value,currency,latest_available_report_period,2026-03-31,2026-04-30,2026-04-30,"[""2026-03-31T00:00:00""]","[""2026-04-30T00:00:00""]","[""2026-04-30T00:00:00""]","[""TOTAL_EQUITY""]","[""fact_balance_sheet""]","[""000100|balance_sheet|2026-03-31|net_assets""]","[""df86486a-9a54-4920-a4db-2553f907af92""]","[""66bebf1c-8b64-42a6-a970-1dbf1ecb395f""]","[""f161f12f99090996cde81bce019406a6e3d697fc2a69488a3b6e0a81e57a40b0""]","[""CNY""]","[""Q1""]","[{""announcement_date"": ""2026-04-30T00:00:00"", ""canonical_key"": ""000100|balance_sheet|2026-03-31|net_assets"", ""canonical_name"": ""net_assets"", ""clean_run_id"": ""66bebf1c-8b64-42a6-a970-1dbf1ecb395f"", ""currency"": ""CNY"", ""fiscal_period"": ""Q1"", ""pit_status"": ""PIT_ELIGIBLE"", ""report_date"": ""2026-03-31T00:00:00"", ""source_field"": ""TOTAL_EQUITY"", ""source_run_id"": ""df86486a-9a54-4920-a4db-2553f907af92"", ""source_sha256"": ""f161f12f99090996cde81bce019406a6e3d697fc2a69488a3b6e0a81e57a40b0"", ""source_table"": ""fact_balance_sheet"", ""update_date"": ""2026-04-30T00:00:00""}]",fundamental_feature_long_v1,AVAILABLE
1bc599a7-17eb-4cc8-a543-8c0baaa7c3b8,002067,A,2026-07-27,debt_to_asset,0.2644743307972935,PASS,,total_liabilities/total_assets at same report period,ratio,same_report_period stock values,2026-03-31,2026-04-29,2026-04-29,"[""2026-03-31T00:00:00""]","[""2026-04-29T00:00:00""]","[""2026-04-29T00:00:00""]","[""TOTAL_ASSETS"", ""TOTAL_LIABILITIES""]","[""fact_balance_sheet""]","[""002067|balance_sheet|2026-03-31|total_assets"", ""002067|balance_sheet|2026-03-31|total_liabilities""]","[""df86486a-9a54-4920-a4db-2553f907af92""]","[""66bebf1c-8b64-42a6-a970-1dbf1ecb395f""]","[""cbe33d41fcc0f23ebdd5a608a8205cfebbf2984a3b91e9048d49b270fb9f9d2c""]","[""CNY""]","[""Q1""]","[{""announcement_date"": ""2026-04-29T00:00:00"", ""canonical_key"": ""002067|balance_sheet|2026-03-31|total_liabilities"", ""canonical_name"": ""total_liabilities"", ""clean_run_id"": ""66bebf1c-8b64-42a6-a970-1dbf1ecb395f"", ""currency"": ""CNY"", ""fiscal_period"": ""Q1"", ""pit_status"": ""PIT_ELIGIBLE"", ""report_date"": ""2026-03-31T00:00:00"", ""source_field"": ""TOTAL_LIABILITIES"", ""source_run_id"": ""df86486a-9a54-4920-a4db-2553f907af92"", ""source_sha256"": ""cbe33d41fcc0f23ebdd5a608a8205cfebbf2984a3b91e9048d49b270fb9f9d2c"", ""source_table"": ""fact_balance_sheet"", ""update_date"": ""2026-04-29T00:00:00""}, {""announcement_date"": ""2026-04-29T00:00:00"", ""canonical_key"": ""002067|balance_sheet|2026-03-31|total_assets"", ""canonical_name"": ""total_assets"", ""clean_run_id"": ""66bebf1c-8b64-42a6-a970-1dbf1ecb395f"", ""currency"": ""CNY"", ""fiscal_period"": ""Q1"", ""pit_status"": ""PIT_ELIGIBLE"", ""report_date"": ""2026-03-31T00:00:00"", ""source_field"": ""TOTAL_ASSETS"", ""source_run_id"": ""df86486a-9a54-4920-a4db-2553f907af92"", ""source_sha256"": ""cbe33d41fcc0f23ebdd5a608a8205cfebbf2984a3b91e9048d49b270fb9f9d2c"", ""source_table"": ""fact_balance_sheet"", ""update_date"": ""2026-04-29T00:00:00""}]",fundamental_feature_long_v1,AVAILABLE
1bc599a7-17eb-4cc8-a543-8c0baaa7c3b8,002067,A,2026-07-27,net_margin,0.015431722954421596,PASS,,net_profit/revenue at same report period,ratio,same_report_period cumulative,2026-03-31,2026-04-29,2026-04-29,"[""2026-03-31T00:00:00""]","[""2026-04-29T00:00:00""]","[""2026-04-29T00:00:00""]","[""NETPROFIT"", ""TOTAL_OPERATE_INCOME""]","[""fact_income_statement""]","[""002067|income_statement|2026-03-31|net_profit"", ""002067|income_statement|2026-03-31|revenue""]","[""df86486a-9a54-4920-a4db-2553f907af92""]","[""66bebf1c-8b64-42a6-a970-1dbf1ecb395f""]","[""134de1058d730af7cb7cf5ad2d522352c07559e120286c1c3449727ab28e2725""]","[""CNY""]","[""Q1""]","[{""announcement_date"": ""2026-04-29T00:00:00"", ""canonical_key"": ""002067|income_statement|2026-03-31|net_profit"", ""canonical_name"": ""net_profit"", ""clean_run_id"": ""66bebf1c-8b64-42a6-a970-1dbf1ecb395f"", ""currency"": ""CNY"", ""fiscal_period"": ""Q1"", ""pit_status"": ""PIT_ELIGIBLE"", ""report_date"": ""2026-03-31T00:00:00"", ""source_field"": ""NETPROFIT"", ""source_run_id"": ""df86486a-9a54-4920-a4db-2553f907af92"", ""source_sha256"": ""134de1058d730af7cb7cf5ad2d522352c07559e120286c1c3449727ab28e2725"", ""source_table"": ""fact_income_statement"", ""update_date"": ""2026-04-29T00:00:00""}, {""announcement_date"": ""2026-04-29T00:00:00"", ""canonical_key"": ""002067|income_statement|2026-03-31|revenue"", ""canonical_name"": ""revenue"", ""clean_run_id"": ""66bebf1c-8b64-42a6-a970-1dbf1ecb395f"", ""currency"": ""CNY"", ""fiscal_period"": ""Q1"", ""pit_status"": ""PIT_ELIGIBLE"", ""report_date"": ""2026-03-31T00:00:00"", ""source_field"": ""TOTAL_OPERATE_INCOME"", ""source_run_id"": ""df86486a-9a54-4920-a4db-2553f907af92"", ""source_sha256"": ""134de1058d730af7cb7cf5ad2d522352c07559e120286c1c3449727ab28e2725"", ""source_table"": ""fact_income_statement"", ""update_date"": ""2026-04-29T00:00:00""}]",fundamental_feature_long_v1,AVAILABLE
1bc599a7-17eb-4cc8-a543-8c0baaa7c3b8,002067,A,2026-07-27,net_profit,22066968.74,PASS,,latest PIT net_profit normalized_value,currency,latest_available_report_period,2026-03-31,2026-04-29,2026-04-29,"[""2026-03-31T00:00:00""]","[""2026-04-29T00:00:00""]","[""2026-04-29T00:00:00""]","[""NETPROFIT""]","[""fact_income_statement""]","[""002067|income_statement|2026-03-31|net_profit""]","[""df86486a-9a54-4920-a4db-2553f907af92""]","[""66bebf1c-8b64-42a6-a970-1dbf1ecb395f""]","[""134de1058d730af7cb7cf5ad2d522352c07559e120286c1c3449727ab28e2725""]","[""CNY""]","[""Q1""]","[{""announcement_date"": ""2026-04-29T00:00:00"", ""canonical_key"": ""002067|income_statement|2026-03-31|net_profit"", ""canonical_name"": ""net_profit"", ""clean_run_id"": ""66bebf1c-8b64-42a6-a970-1dbf1ecb395f"", ""currency"": ""CNY"", ""fiscal_period"": ""Q1"", ""pit_status"": ""PIT_ELIGIBLE"", ""report_date"": ""2026-03-31T00:00:00"", ""source_field"": ""NETPROFIT"", ""source_run_id"": ""df86486a-9a54-4920-a4db-2553f907af92"", ""source_sha256"": ""134de1058d730af7cb7cf5ad2d522352c07559e120286c1c3449727ab28e2725"", ""source_table"": ""fact_income_statement"", ""update_date"": ""2026-04-29T00:00:00""}]",fundamental_feature_long_v1,AVAILABLE
1bc599a7-17eb-4cc8-a543-8c0baaa7c3b8,002067,A,2026-07-27,net_profit_yoy,-2.019736071136002,PASS,,net_profit(t)/net_profit(t-1 same fiscal_period)-1,ratio,same_fiscal_period_prior_year,2026-03-31,2026-04-29,2026-04-29,"[""2025-03-31T00:00:00"", ""2026-03-31T00:00:00""]","[""2025-04-30T00:00:00"", ""2026-04-29T00:00:00""]","[""2026-04-29T00:00:00""]","[""NETPROFIT""]","[""fact_income_statement""]","[""002067|income_statement|2025-03-31|net_profit"", ""002067|income_statement|2026-03-31|net_profit""]","[""df86486a-9a54-4920-a4db-2553f907af92""]","[""66bebf1c-8b64-42a6-a970-1dbf1ecb395f""]","[""134de1058d730af7cb7cf5ad2d522352c07559e120286c1c3449727ab28e2725""]","[""CNY""]","[""Q1""]","[{""announcement_date"": ""2026-04-29T00:00:00"", ""canonical_key"": ""002067|income_statement|2026-03-31|net_profit"", ""canonical_name"": ""net_profit"", ""clean_run_id"": ""66bebf1c-8b64-42a6-a970-1dbf1ecb395f"", ""currency"": ""CNY"", ""fiscal_period"": ""Q1"", ""pit_status"": ""PIT_ELIGIBLE"", ""report_date"": ""2026-03-31T00:00:00"", ""source_field"": ""NETPROFIT"", ""source_run_id"": ""df86486a-9a54-4920-a4db-2553f907af92"", ""source_sha256"": ""134de1058d730af7cb7cf5ad2d522352c07559e120286c1c3449727ab28e2725"", ""source_table"": ""fact_income_statement"", ""update_date"": ""2026-04-29T00:00:00""}, {""announcement_date"": ""2025-04-30T00:00:00"", ""canonical_key"": ""002067|income_statement|2025-03-31|net_profit"", ""canonical_name"": ""net_profit"", ""clean_run_id"": ""66bebf1c-8b64-42a6-a970-1dbf1ecb395f"", ""currency"": ""CNY"", ""fiscal_period"": ""Q1"", ""pit_status"": ""PIT_ELIGIBLE"", ""report_date"": ""2025-03-31T00:00:00"", ""source_field"": ""NETPROFIT"", ""source_run_id"": ""df86486a-9a54-4920-a4db-2553f907af92"", ""source_sha256"": ""134de1058d730af7cb7cf5ad2d522352c07559e120286c1c3449727ab28e2725"", ""source_table"": ""fact_income_statement"", ""update_date"": ""2026-04-29T00:00:00""}]",fundamental_feature_long_v1,AVAILABLE
1bc599a7-17eb-4cc8-a543-8c0baaa7c3b8,002067,A,2026-07-27,ocf_to_net_profit,6.729455631158882,PASS,,operating_cash_flow/net_profit at same report period,ratio,same_report_period cumulative,2026-03-31,2026-04-29,2026-04-29,"[""2026-03-31T00:00:00""]","[""2026-04-29T00:00:00""]","[""2026-04-29T00:00:00""]","[""NETCASH_OPERATE"", ""NETPROFIT""]","[""fact_cash_flow_statement"", ""fact_income_statement""]","[""002067|cash_flow_statement|2026-03-31|operating_cash_flow"", ""002067|income_statement|2026-03-31|net_profit""]","[""df86486a-9a54-4920-a4db-2553f907af92""]","[""66bebf1c-8b64-42a6-a970-1dbf1ecb395f""]","[""134de1058d730af7cb7cf5ad2d522352c07559e120286c1c3449727ab28e2725"", ""6682349a761f0f96344430f5b61d11cc9662cbea18278c332dd28689d1493ead""]","[""CNY""]","[""Q1""]","[{""announcement_date"": ""2026-04-29T00:00:00"", ""canonical_key"": ""002067|cash_flow_statement|2026-03-31|operating_cash_flow"", ""canonical_name"": ""operating_cash_flow"", ""clean_run_id"": ""66bebf1c-8b64-42a6-a970-1dbf1ecb395f"", ""currency"": ""CNY"", ""fiscal_period"": ""Q1"", ""pit_status"": ""PIT_ELIGIBLE"", ""report_date"": ""2026-03-31T00:00:00"", ""source_field"": ""NETCASH_OPERATE"", ""source_run_id"": ""df86486a-9a54-4920-a4db-2553f907af92"", ""source_sha256"": ""6682349a761f0f96344430f5b61d11cc9662cbea18278c332dd28689d1493ead"", ""source_table"": ""fact_cash_flow_statement"", ""update_date"": ""2026-04-29T00:00:00""}, {""announcement_date"": ""2026-04-29T00:00:00"", ""canonical_key"": ""002067|income_statement|2026-03-31|net_profit"", ""canonical_name"": ""net_profit"", ""clean_run_id"": ""66bebf1c-8b64-42a6-a970-1dbf1ecb395f"", ""currency"": ""CNY"", ""fiscal_period"": ""Q1"", ""pit_status"": ""PIT_ELIGIBLE"", ""report_date"": ""2026-03-31T00:00:00"", ""source_field"": ""NETPROFIT"", ""source_run_id"": ""df86486a-9a54-4920-a4db-2553f907af92"", ""source_sha256"": ""134de1058d730af7cb7cf5ad2d522352c07559e120286c1c3449727ab28e2725"", ""source_table"": ""fact_income_statement"", ""update_date"": ""2026-04-29T00:00:00""}]",fundamental_feature_long_v1,AVAILABLE
1bc599a7-17eb-4cc8-a543-8c0baaa7c3b8,002067,A,2026-07-27,operating_cash_flow,148498687.05,PASS,,latest PIT operating_cash_flow normalized_value,currency,latest_available_report_period cumulative,2026-03-31,2026-04-29,2026-04-29,"[""2026-03-31T00:00:00""]","[""2026-04-29T00:00:00""]","[""2026-04-29T00:00:00""]","[""NETCASH_OPERATE""]","[""fact_cash_flow_statement""]","[""002067|cash_flow_statement|2026-03-31|operating_cash_flow""]","[""df86486a-9a54-4920-a4db-2553f907af92""]","[""66bebf1c-8b64-42a6-a970-1dbf1ecb395f""]","[""6682349a761f0f96344430f5b61d11cc9662cbea18278c332dd28689d1493ead""]","[""CNY""]","[""Q1""]","[{""announcement_date"": ""2026-04-29T00:00:00"", ""canonical_key"": ""002067|cash_flow_statement|2026-03-31|operating_cash_flow"", ""canonical_name"": ""operating_cash_flow"", ""clean_run_id"": ""66bebf1c-8b64-42a6-a970-1dbf1ecb395f"", ""currency"": ""CNY"", ""fiscal_period"": ""Q1"", ""pit_status"": ""PIT_ELIGIBLE"", ""report_date"": ""2026-03-31T00:00:00"", ""source_field"": ""NETCASH_OPERATE"", ""source_run_id"": ""df86486a-9a54-4920-a4db-2553f907af92"", ""source_sha256"": ""6682349a761f0f96344430f5b61d11cc9662cbea18278c332dd28689d1493ead"", ""source_table"": ""fact_cash_flow_statement"", ""update_date"": ""2026-04-29T00:00:00""}]",fundamental_feature_long_v1,AVAILABLE
1bc599a7-17eb-4cc8-a543-8c0baaa7c3b8,002067,A,2026-07-27,revenue,1429974397.88,PASS,,latest PIT revenue normalized_value,currency,latest_available_report_period,2026-03-31,2026-04-29,2026-04-29,"[""2026-03-31T00:00:00""]","[""2026-04-29T00:00:00""]","[""2026-04-29T00:00:00""]","[""TOTAL_OPERATE_INCOME""]","[""fact_income_statement""]","[""002067|income_statement|2026-03-31|revenue""]","[""df86486a-9a54-4920-a4db-2553f907af92""]","[""66bebf1c-8b64-42a6-a970-1dbf1ecb395f""]","[""134de1058d730af7cb7cf5ad2d522352c07559e120286c1c3449727ab28e2725""]","[""CNY""]","[""Q1""]","[{""announcement_date"": ""2026-04-29T00:00:00"", ""canonical_key"": ""002067|income_statement|2026-03-31|revenue"", ""canonical_name"": ""revenue"", ""clean_run_id"": ""66bebf1c-8b64-42a6-a970-1dbf1ecb395f"", ""currency"": ""CNY"", ""fiscal_period"": ""Q1"", ""pit_status"": ""PIT_ELIGIBLE"", ""report_date"": ""2026-03-31T00:00:00"", ""source_field"": ""TOTAL_OPERATE_INCOME"", ""source_run_id"": ""df86486a-9a54-4920-a4db-2553f907af92"", ""source_sha256"": ""134de1058d730af7cb7cf5ad2d522352c07559e120286c1c3449727ab28e2725"", ""source_table"": ""fact_income_statement"", ""update_date"": ""2026-04-29T00:00:00""}]",fundamental_feature_long_v1,AVAILABLE
1bc599a7-17eb-4cc8-a543-8c0baaa7c3b8,002067,A,2026-07-27,revenue_yoy,0.20236381902119427,PASS,,revenue(t)/revenue(t-1 same fiscal_period)-1,ratio,same_fiscal_period_prior_year,2026-03-31,2026-04-29,2026-04-29,"[""2025-03-31T00:00:00"", ""2026-03-31T00:00:00""]","[""2025-04-30T00:00:00"", ""2026-04-29T00:00:00""]","[""2026-04-29T00:00:00""]","[""TOTAL_OPERATE_INCOME""]","[""fact_income_statement""]","[""002067|income_statement|2025-03-31|revenue"", ""002067|income_statement|2026-03-31|revenue""]","[""df86486a-9a54-4920-a4db-2553f907af92""]","[""66bebf1c-8b64-42a6-a970-1dbf1ecb395f""]","[""134de1058d730af7cb7cf5ad2d522352c07559e120286c1c3449727ab28e2725""]","[""CNY""]","[""Q1""]","[{""announcement_date"": ""2026-04-29T00:00:00"", ""canonical_key"": ""002067|income_statement|2026-03-31|revenue"", ""canonical_name"": ""revenue"", ""clean_run_id"": ""66bebf1c-8b64-42a6-a970-1dbf1ecb395f"", ""currency"": ""CNY"", ""fiscal_period"": ""Q1"", ""pit_status"": ""PIT_ELIGIBLE"", ""report_date"": ""2026-03-31T00:00:00"", ""source_field"": ""TOTAL_OPERATE_INCOME"", ""source_run_id"": ""df86486a-9a54-4920-a4db-2553f907af92"", ""source_sha256"": ""134de1058d730af7cb7cf5ad2d522352c07559e120286c1c3449727ab28e2725"", ""source_table"": ""fact_income_statement"", ""update_date"": ""2026-04-29T00:00:00""}, {""announcement_date"": ""2025-04-30T00:00:00"", ""canonical_key"": ""002067|income_statement|2025-03-31|revenue"", ""canonical_name"": ""revenue"", ""clean_run_id"": ""66bebf1c-8b64-42a6-a970-1dbf1ecb395f"", ""currency"": ""CNY"", ""fiscal_period"": ""Q1"", ""pit_status"": ""PIT_ELIGIBLE"", ""report_date"": ""2025-03-31T00:00:00"", ""source_field"": ""TOTAL_OPERATE_INCOME"", ""source_run_id"": ""df86486a-9a54-4920-a4db-2553f907af92"", ""source_sha256"": ""134de1058d730af7cb7cf5ad2d522352c07559e120286c1c3449727ab28e2725"", ""source_table"": ""fact_income_statement"", ""update_date"": ""2026-04-29T00:00:00""}]",fundamental_feature_long_v1,AVAILABLE
1bc599a7-17eb-4cc8-a543-8c0baaa7c3b8,002067,A,2026-07-27,roa,,UNAVAILABLE,ANNUAL_OR_PRIOR_BALANCE_UNAVAILABLE,"annual net_profit/average(current FY total_assets,prior FY total_assets)",ratio,latest FY with prior comparable FY balance,2025-12-31,2026-04-25,2026-04-25,"[""2025-12-31T00:00:00""]","[""2026-04-25T00:00:00""]","[""2026-04-25T00:00:00""]","[""NETPROFIT""]","[""fact_income_statement""]","[""002067|income_statement|2025-12-31|net_profit""]","[""df86486a-9a54-4920-a4db-2553f907af92""]","[""66bebf1c-8b64-42a6-a970-1dbf1ecb395f""]","[""134de1058d730af7cb7cf5ad2d522352c07559e120286c1c3449727ab28e2725""]","[""CNY""]","[""FY""]","[{""announcement_date"": ""2026-04-25T00:00:00"", ""canonical_key"": ""002067|income_statement|2025-12-31|net_profit"", ""canonical_name"": ""net_profit"", ""clean_run_id"": ""66bebf1c-8b64-42a6-a970-1dbf1ecb395f"", ""currency"": ""CNY"", ""fiscal_period"": ""FY"", ""pit_status"": ""PIT_ELIGIBLE"", ""report_date"": ""2025-12-31T00:00:00"", ""source_field"": ""NETPROFIT"", ""source_run_id"": ""df86486a-9a54-4920-a4db-2553f907af92"", ""source_sha256"": ""134de1058d730af7cb7cf5ad2d522352c07559e120286c1c3449727ab28e2725"", ""source_table"": ""fact_income_statement"", ""update_date"": ""2026-04-25T00:00:00""}]",fundamental_feature_long_v1,PRESERVE_NULL_UNAVAILABLE
1bc599a7-17eb-4cc8-a543-8c0baaa7c3b8,002067,A,2026-07-27,roe,,UNAVAILABLE,ANNUAL_OR_PRIOR_BALANCE_UNAVAILABLE,"annual parent_net_profit/average(current FY parent_equity,prior FY parent_equity)",ratio,latest FY with prior comparable FY balance,2025-12-31,2026-04-25,2026-04-25,"[""2025-12-31T00:00:00""]","[""2026-04-25T00:00:00""]","[""2026-04-25T00:00:00""]","[""PARENT_NETPROFIT""]","[""fact_income_statement""]","[""002067|income_statement|2025-12-31|parent_net_profit""]","[""df86486a-9a54-4920-a4db-2553f907af92""]","[""66bebf1c-8b64-42a6-a970-1dbf1ecb395f""]","[""134de1058d730af7cb7cf5ad2d522352c07559e120286c1c3449727ab28e2725""]","[""CNY""]","[""FY""]","[{""announcement_date"": ""2026-04-25T00:00:00"", ""canonical_key"": ""002067|income_statement|2025-12-31|parent_net_profit"", ""canonical_name"": ""parent_net_profit"", ""clean_run_id"": ""66bebf1c-8b64-42a6-a970-1dbf1ecb395f"", ""currency"": ""CNY"", ""fiscal_period"": ""FY"", ""pit_status"": ""PIT_ELIGIBLE"", ""report_date"": ""2025-12-31T00:00:00"", ""source_field"": ""PARENT_NETPROFIT"", ""source_run_id"": ""df86486a-9a54-4920-a4db-2553f907af92"", ""source_sha256"": ""134de1058d730af7cb7cf5ad2d522352c07559e120286c1c3449727ab28e2725"", ""source_table"": ""fact_income_statement"", ""update_date"": ""2026-04-25T00:00:00""}]",fundamental_feature_long_v1,PRESERVE_NULL_UNAVAILABLE
1bc599a7-17eb-4cc8-a543-8c0baaa7c3b8,002067,A,2026-07-27,total_assets,9115274638.27,PASS,,latest PIT total_assets normalized_value,currency,latest_available_report_period,2026-03-31,2026-04-29,2026-04-29,"[""2026-03-31T00:00:00""]","[""2026-04-29T00:00:00""]","[""2026-04-29T00:00:00""]","[""TOTAL_ASSETS""]","[""fact_balance_sheet""]","[""002067|balance_sheet|2026-03-31|total_assets""]","[""df86486a-9a54-4920-a4db-2553f907af92""]","[""66bebf1c-8b64-42a6-a970-1dbf1ecb395f""]","[""cbe33d41fcc0f23ebdd5a608a8205cfebbf2984a3b91e9048d49b270fb9f9d2c""]","[""CNY""]","[""Q1""]","[{""announcement_date"": ""2026-04-29T00:00:00"", ""canonical_key"": ""002067|balance_sheet|2026-03-31|total_assets"", ""canonical_name"": ""total_assets"", ""clean_run_id"": ""66bebf1c-8b64-42a6-a970-1dbf1ecb395f"", ""currency"": ""CNY"", ""fiscal_period"": ""Q1"", ""pit_status"": ""PIT_ELIGIBLE"", ""report_date"": ""2026-03-31T00:00:00"", ""source_field"": ""TOTAL_ASSETS"", ""source_run_id"": ""df86486a-9a54-4920-a4db-2553f907af92"", ""source_sha256"": ""cbe33d41fcc0f23ebdd5a608a8205cfebbf2984a3b91e9048d49b270fb9f9d2c"", ""source_table"": ""fact_balance_sheet"", ""update_date"": ""2026-04-29T00:00:00""}]",fundamental_feature_long_v1,AVAILABLE
1bc599a7-17eb-4cc8-a543-8c0baaa7c3b8,002067,A,2026-07-27,total_equity,6704518478.28,PASS,,latest PIT net_assets normalized_value,currency,latest_available_report_period,2026-03-31,2026-04-29,2026-04-29,"[""2026-03-31T00:00:00""]","[""2026-04-29T00:00:00""]","[""2026-04-29T00:00:00""]","[""TOTAL_EQUITY""]","[""fact_balance_sheet""]","[""002067|balance_sheet|2026-03-31|net_assets""]","[""df86486a-9a54-4920-a4db-2553f907af92""]","[""66bebf1c-8b64-42a6-a970-1dbf1ecb395f""]","[""cbe33d41fcc0f23ebdd5a608a8205cfebbf2984a3b91e9048d49b270fb9f9d2c""]","[""CNY""]","[""Q1""]","[{""announcement_date"": ""2026-04-29T00:00:00"", ""canonical_key"": ""002067|balance_sheet|2026-03-31|net_assets"", ""canonical_name"": ""net_assets"", ""clean_run_id"": ""66bebf1c-8b64-42a6-a970-1dbf1ecb395f"", ""currency"": ""CNY"", ""fiscal_period"": ""Q1"", ""pit_status"": ""PIT_ELIGIBLE"", ""report_date"": ""2026-03-31T00:00:00"", ""source_field"": ""TOTAL_EQUITY"", ""source_run_id"": ""df86486a-9a54-4920-a4db-2553f907af92"", ""source_sha256"": ""cbe33d41fcc0f23ebdd5a608a8205cfebbf2984a3b91e9048d49b270fb9f9d2c"", ""source_table"": ""fact_balance_sheet"", ""update_date"": ""2026-04-29T00:00:00""}]",fundamental_feature_long_v1,AVAILABLE
1bc599a7-17eb-4cc8-a543-8c0baaa7c3b8,002129,A,2026-07-27,debt_to_asset,0.6818789846646336,PASS,,total_liabilities/total_assets at same report period,ratio,same_report_period stock values,2026-03-31,2026-04-28,2026-04-28,"[""2026-03-31T00:00:00""]","[""2026-04-28T00:00:00""]","[""2026-04-28T00:00:00""]","[""TOTAL_ASSETS"", ""TOTAL_LIABILITIES""]","[""fact_balance_sheet""]","[""002129|balance_sheet|2026-03-31|total_assets"", ""002129|balance_sheet|2026-03-31|total_liabilities""]","[""df86486a-9a54-4920-a4db-2553f907af92""]","[""66bebf1c-8b64-42a6-a970-1dbf1ecb395f""]","[""022e33f79559ae7e65c36399b08b36f79bad07a563db5dccb90c21b7c4dbb66c""]","[""CNY""]","[""Q1""]","[{""announcement_date"": ""2026-04-28T00:00:00"", ""canonical_key"": ""002129|balance_sheet|2026-03-31|total_liabilities"", ""canonical_name"": ""total_liabilities"", ""clean_run_id"": ""66bebf1c-8b64-42a6-a970-1dbf1ecb395f"", ""currency"": ""CNY"", ""fiscal_period"": ""Q1"", ""pit_status"": ""PIT_ELIGIBLE"", ""report_date"": ""2026-03-31T00:00:00"", ""source_field"": ""TOTAL_LIABILITIES"", ""source_run_id"": ""df86486a-9a54-4920-a4db-2553f907af92"", ""source_sha256"": ""022e33f79559ae7e65c36399b08b36f79bad07a563db5dccb90c21b7c4dbb66c"", ""source_table"": ""fact_balance_sheet"", ""update_date"": ""2026-04-28T00:00:00""}, {""announcement_date"": ""2026-04-28T00:00:00"", ""canonical_key"": ""002129|balance_sheet|2026-03-31|total_assets"", ""canonical_name"": ""total_assets"", ""clean_run_id"": ""66bebf1c-8b64-42a6-a970-1dbf1ecb395f"", ""currency"": ""CNY"", ""fiscal_period"": ""Q1"", ""pit_status"": ""PIT_ELIGIBLE"", ""report_date"": ""2026-03-31T00:00:00"", ""source_field"": ""TOTAL_ASSETS"", ""source_run_id"": ""df86486a-9a54-4920-a4db-2553f907af92"", ""source_sha256"": ""022e33f79559ae7e65c36399b08b36f79bad07a563db5dccb90c21b7c4dbb66c"", ""source_table"": ""fact_balance_sheet"", ""update_date"": ""2026-04-28T00:00:00""}]",fundamental_feature_long_v1,AVAILABLE
1bc599a7-17eb-4cc8-a543-8c0baaa7c3b8,002129,A,2026-07-27,net_margin,-0.27847526765746006,PASS,,net_profit/revenue at same report period,ratio,same_report_period cumulative,2026-03-31,2026-04-28,2026-04-28,"[""2026-03-31T00:00:00""]","[""2026-04-28T00:00:00""]","[""2026-04-28T00:00:00""]","[""NETPROFIT"", ""TOTAL_OPERATE_INCOME""]","[""fact_income_statement""]","[""002129|income_statement|2026-03-31|net_profit"", ""002129|income_statement|2026-03-31|revenue""]","[""df86486a-9a54-4920-a4db-2553f907af92""]","[""66bebf1c-8b64-42a6-a970-1dbf1ecb395f""]","[""724ef4671b72bb6d5893fb1934fa64941520c27c0004bde7b760cd422d91d330""]","[""CNY""]","[""Q1""]","[{""announcement_date"": ""2026-04-28T00:00:00"", ""canonical_key"": ""002129|income_statement|2026-03-31|net_profit"", ""canonical_name"": ""net_profit"", ""clean_run_id"": ""66bebf1c-8b64-42a6-a970-1dbf1ecb395f"", ""currency"": ""CNY"", ""fiscal_period"": ""Q1"", ""pit_status"": ""PIT_ELIGIBLE"", ""report_date"": ""2026-03-31T00:00:00"", ""source_field"": ""NETPROFIT"", ""source_run_id"": ""df86486a-9a54-4920-a4db-2553f907af92"", ""source_sha256"": ""724ef4671b72bb6d5893fb1934fa64941520c27c0004bde7b760cd422d91d330"", ""source_table"": ""fact_income_statement"", ""update_date"": ""2026-04-28T00:00:00""}, {""announcement_date"": ""2026-04-28T00:00:00"", ""canonical_key"": ""002129|income_statement|2026-03-31|revenue"", ""canonical_name"": ""revenue"", ""clean_run_id"": ""66bebf1c-8b64-42a6-a970-1dbf1ecb395f"", ""currency"": ""CNY"", ""fiscal_period"": ""Q1"", ""pit_status"": ""PIT_ELIGIBLE"", ""report_date"": ""2026-03-31T00:00:00"", ""source_field"": ""TOTAL_OPERATE_INCOME"", ""source_run_id"": ""df86486a-9a54-4920-a4db-2553f907af92"", ""source_sha256"": ""724ef4671b72bb6d5893fb1934fa64941520c27c0004bde7b760cd422d91d330"", ""source_table"": ""fact_income_statement"", ""update_date"": ""2026-04-28T00:00:00""}]",fundamental_feature_long_v1,AVAILABLE
1bc599a7-17eb-4cc8-a543-8c0baaa7c3b8,002129,A,2026-07-27,net_profit,-1823761468.7,PASS,,latest PIT net_profit normalized_value,currency,latest_available_report_period,2026-03-31,2026-04-28,2026-04-28,"[""2026-03-31T00:00:00""]","[""2026-04-28T00:00:00""]","[""2026-04-28T00:00:00""]","[""NETPROFIT""]","[""fact_income_statement""]","[""002129|income_statement|2026-03-31|net_profit""]","[""df86486a-9a54-4920-a4db-2553f907af92""]","[""66bebf1c-8b64-42a6-a970-1dbf1ecb395f""]","[""724ef4671b72bb6d5893fb1934fa64941520c27c0004bde7b760cd422d91d330""]","[""CNY""]","[""Q1""]","[{""announcement_date"": ""2026-04-28T00:00:00"", ""canonical_key"": ""002129|income_statement|2026-03-31|net_profit"", ""canonical_name"": ""net_profit"", ""clean_run_id"": ""66bebf1c-8b64-42a6-a970-1dbf1ecb395f"", ""currency"": ""CNY"", ""fiscal_period"": ""Q1"", ""pit_status"": ""PIT_ELIGIBLE"", ""report_date"": ""2026-03-31T00:00:00"", ""source_field"": ""NETPROFIT"", ""source_run_id"": ""df86486a-9a54-4920-a4db-2553f907af92"", ""source_sha256"": ""724ef4671b72bb6d5893fb1934fa64941520c27c0004bde7b760cd422d91d330"", ""source_table"": ""fact_income_statement"", ""update_date"": ""2026-04-28T00:00:00""}]",fundamental_feature_long_v1,AVAILABLE
1bc599a7-17eb-4cc8-a543-8c0baaa7c3b8,002129,A,2026-07-27,net_profit_yoy,-0.19055323410170155,PASS,,net_profit(t)/net_profit(t-1 same fiscal_period)-1,ratio,same_fiscal_period_prior_year,2026-03-31,2026-04-28,2026-04-28,"[""2025-03-31T00:00:00"", ""2026-03-31T00:00:00""]","[""2025-04-26T00:00:00"", ""2026-04-28T00:00:00""]","[""2026-04-28T00:00:00""]","[""NETPROFIT""]","[""fact_income_statement""]","[""002129|income_statement|2025-03-31|net_profit"", ""002129|income_statement|2026-03-31|net_profit""]","[""df86486a-9a54-4920-a4db-2553f907af92""]","[""66bebf1c-8b64-42a6-a970-1dbf1ecb395f""]","[""724ef4671b72bb6d5893fb1934fa64941520c27c0004bde7b760cd422d91d330""]","[""CNY""]","[""Q1""]","[{""announcement_date"": ""2026-04-28T00:00:00"", ""canonical_key"": ""002129|income_statement|2026-03-31|net_profit"", ""canonical_name"": ""net_profit"", ""clean_run_id"": ""66bebf1c-8b64-42a6-a970-1dbf1ecb395f"", ""currency"": ""CNY"", ""fiscal_period"": ""Q1"", ""pit_status"": ""PIT_ELIGIBLE"", ""report_date"": ""2026-03-31T00:00:00"", ""source_field"": ""NETPROFIT"", ""source_run_id"": ""df86486a-9a54-4920-a4db-2553f907af92"", ""source_sha256"": ""724ef4671b72bb6d5893fb1934fa64941520c27c0004bde7b760cd422d91d330"", ""source_table"": ""fact_income_statement"", ""update_date"": ""2026-04-28T00:00:00""}, {""announcement_date"": ""2025-04-26T00:00:00"", ""canonical_key"": ""002129|income_statement|2025-03-31|net_profit"", ""canonical_name"": ""net_profit"", ""clean_run_id"": ""66bebf1c-8b64-42a6-a970-1dbf1ecb395f"", ""currency"": ""CNY"", ""fiscal_period"": ""Q1"", ""pit_status"": ""PIT_ELIGIBLE"", ""report_date"": ""2025-03-31T00:00:00"", ""source_field"": ""NETPROFIT"", ""source_run_id"": ""df86486a-9a54-4920-a4db-2553f907af92"", ""source_sha256"": ""724ef4671b72bb6d5893fb1934fa64941520c27c0004bde7b760cd422d91d330"", ""source_table"": ""fact_income_statement"", ""update_date"": ""2026-04-28T00:00:00""}]",fundamental_feature_long_v1,AVAILABLE
1bc599a7-17eb-4cc8-a543-8c0baaa7c3b8,002129,A,2026-07-27,ocf_to_net_profit,-0.16688604493160603,PASS,,operating_cash_flow/net_profit at same report period,ratio,same_report_period cumulative,2026-03-31,2026-04-28,2026-04-28,"[""2026-03-31T00:00:00""]","[""2026-04-28T00:00:00""]","[""2026-04-28T00:00:00""]","[""NETCASH_OPERATE"", ""NETPROFIT""]","[""fact_cash_flow_statement"", ""fact_income_statement""]","[""002129|cash_flow_statement|2026-03-31|operating_cash_flow"", ""002129|income_statement|2026-03-31|net_profit""]","[""df86486a-9a54-4920-a4db-2553f907af92""]","[""66bebf1c-8b64-42a6-a970-1dbf1ecb395f""]","[""1e301b1c0b59f13e50ca51c05b06d71d4d1bbd461f4e772ea6fb8ad5d6e1eb9b"", ""724ef4671b72bb6d5893fb1934fa64941520c27c0004bde7b760cd422d91d330""]","[""CNY""]","[""Q1""]","[{""announcement_date"": ""2026-04-28T00:00:00"", ""canonical_key"": ""002129|cash_flow_statement|2026-03-31|operating_cash_flow"", ""canonical_name"": ""operating_cash_flow"", ""clean_run_id"": ""66bebf1c-8b64-42a6-a970-1dbf1ecb395f"", ""currency"": ""CNY"", ""fiscal_period"": ""Q1"", ""pit_status"": ""PIT_ELIGIBLE"", ""report_date"": ""2026-03-31T00:00:00"", ""source_field"": ""NETCASH_OPERATE"", ""source_run_id"": ""df86486a-9a54-4920-a4db-2553f907af92"", ""source_sha256"": ""1e301b1c0b59f13e50ca51c05b06d71d4d1bbd461f4e772ea6fb8ad5d6e1eb9b"", ""source_table"": ""fact_cash_flow_statement"", ""update_date"": ""2026-04-28T00:00:00""}, {""announcement_date"": ""2026-04-28T00:00:00"", ""canonical_key"": ""002129|income_statement|2026-03-31|net_profit"", ""canonical_name"": ""net_profit"", ""clean_run_id"": ""66bebf1c-8b64-42a6-a970-1dbf1ecb395f"", ""currency"": ""CNY"", ""fiscal_period"": ""Q1"", ""pit_status"": ""PIT_ELIGIBLE"", ""report_date"": ""2026-03-31T00:00:00"", ""source_field"": ""NETPROFIT"", ""source_run_id"": ""df86486a-9a54-4920-a4db-2553f907af92"", ""source_sha256"": ""724ef4671b72bb6d5893fb1934fa64941520c27c0004bde7b760cd422d91d330"", ""source_table"": ""fact_income_statement"", ""update_date"": ""2026-04-28T00:00:00""}]",fundamental_feature_long_v1,AVAILABLE
1bc599a7-17eb-4cc8-a543-8c0baaa7c3b8,002129,A,2026-07-27,operating_cash_flow,304360338.41,PASS,,latest PIT operating_cash_flow normalized_value,currency,latest_available_report_period cumulative,2026-03-31,2026-04-28,2026-04-28,"[""2026-03-31T00:00:00""]","[""2026-04-28T00:00:00""]","[""2026-04-28T00:00:00""]","[""NETCASH_OPERATE""]","[""fact_cash_flow_statement""]","[""002129|cash_flow_statement|2026-03-31|operating_cash_flow""]","[""df86486a-9a54-4920-a4db-2553f907af92""]","[""66bebf1c-8b64-42a6-a970-1dbf1ecb395f""]","[""1e301b1c0b59f13e50ca51c05b06d71d4d1bbd461f4e772ea6fb8ad5d6e1eb9b""]","[""CNY""]","[""Q1""]","[{""announcement_date"": ""2026-04-28T00:00:00"", ""canonical_key"": ""002129|cash_flow_statement|2026-03-31|operating_cash_flow"", ""canonical_name"": ""operating_cash_flow"", ""clean_run_id"": ""66bebf1c-8b64-42a6-a970-1dbf1ecb395f"", ""currency"": ""CNY"", ""fiscal_period"": ""Q1"", ""pit_status"": ""PIT_ELIGIBLE"", ""report_date"": ""2026-03-31T00:00:00"", ""source_field"": ""NETCASH_OPERATE"", ""source_run_id"": ""df86486a-9a54-4920-a4db-2553f907af92"", ""source_sha256"": ""1e301b1c0b59f13e50ca51c05b06d71d4d1bbd461f4e772ea6fb8ad5d6e1eb9b"", ""source_table"": ""fact_cash_flow_statement"", ""update_date"": ""2026-04-28T00:00:00""}]",fundamental_feature_long_v1,AVAILABLE
1bc599a7-17eb-4cc8-a543-8c0baaa7c3b8,002129,A,2026-07-27,revenue,6549096744.0,PASS,,latest PIT revenue normalized_value,currency,latest_available_report_period,2026-03-31,2026-04-28,2026-04-28,"[""2026-03-31T00:00:00""]","[""2026-04-28T00:00:00""]","[""2026-04-28T00:00:00""]","[""TOTAL_OPERATE_INCOME""]","[""fact_income_statement""]","[""002129|income_statement|2026-03-31|revenue""]","[""df86486a-9a54-4920-a4db-2553f907af92""]","[""66bebf1c-8b64-42a6-a970-1dbf1ecb395f""]","[""724ef4671b72bb6d5893fb1934fa64941520c27c0004bde7b760cd422d91d330""]","[""CNY""]","[""Q1""]","[{""announcement_date"": ""2026-04-28T00:00:00"", ""canonical_key"": ""002129|income_statement|2026-03-31|revenue"", ""canonical_name"": ""revenue"", ""clean_run_id"": ""66bebf1c-8b64-42a6-a970-1dbf1ecb395f"", ""currency"": ""CNY"", ""fiscal_period"": ""Q1"", ""pit_status"": ""PIT_ELIGIBLE"", ""report_date"": ""2026-03-31T00:00:00"", ""source_field"": ""TOTAL_OPERATE_INCOME"", ""source_run_id"": ""df86486a-9a54-4920-a4db-2553f907af92"", ""source_sha256"": ""724ef4671b72bb6d5893fb1934fa64941520c27c0004bde7b760cd422d91d330"", ""source_table"": ""fact_income_statement"", ""update_date"": ""2026-04-28T00:00:00""}]",fundamental_feature_long_v1,AVAILABLE
1bc599a7-17eb-4cc8-a543-8c0baaa7c3b8,002129,A,2026-07-27,revenue_yoy,0.07342887904881246,PASS,,revenue(t)/revenue(t-1 same fiscal_period)-1,ratio,same_fiscal_period_prior_year,2026-03-31,2026-04-28,2026-04-28,"[""2025-03-31T00:00:00"", ""2026-03-31T00:00:00""]","[""2025-04-26T00:00:00"", ""2026-04-28T00:00:00""]","[""2026-04-28T00:00:00""]","[""TOTAL_OPERATE_INCOME""]","[""fact_income_statement""]","[""002129|income_statement|2025-03-31|revenue"", ""002129|income_statement|2026-03-31|revenue""]","[""df86486a-9a54-4920-a4db-2553f907af92""]","[""66bebf1c-8b64-42a6-a970-1dbf1ecb395f""]","[""724ef4671b72bb6d5893fb1934fa64941520c27c0004bde7b760cd422d91d330""]","[""CNY""]","[""Q1""]","[{""announcement_date"": ""2026-04-28T00:00:00"", ""canonical_key"": ""002129|income_statement|2026-03-31|revenue"", ""canonical_name"": ""revenue"", ""clean_run_id"": ""66bebf1c-8b64-42a6-a970-1dbf1ecb395f"", ""currency"": ""CNY"", ""fiscal_period"": ""Q1"", ""pit_status"": ""PIT_ELIGIBLE"", ""report_date"": ""2026-03-31T00:00:00"", ""source_field"": ""TOTAL_OPERATE_INCOME"", ""source_run_id"": ""df86486a-9a54-4920-a4db-2553f907af92"", ""source_sha256"": ""724ef4671b72bb6d5893fb1934fa64941520c27c0004bde7b760cd422d91d330"", ""source_table"": ""fact_income_statement"", ""update_date"": ""2026-04-28T00:00:00""}, {""announcement_date"": ""2025-04-26T00:00:00"", ""canonical_key"": ""002129|income_statement|2025-03-31|revenue"", ""canonical_name"": ""revenue"", ""clean_run_id"": ""66bebf1c-8b64-42a6-a970-1dbf1ecb395f"", ""currency"": ""CNY"", ""fiscal_period"": ""Q1"", ""pit_status"": ""PIT_ELIGIBLE"", ""report_date"": ""2025-03-31T00:00:00"", ""source_field"": ""TOTAL_OPERATE_INCOME"", ""source_run_id"": ""df86486a-9a54-4920-a4db-2553f907af92"", ""source_sha256"": ""724ef4671b72bb6d5893fb1934fa64941520c27c0004bde7b760cd422d91d330"", ""source_table"": ""fact_income_statement"", ""update_date"": ""2026-04-28T00:00:00""}]",fundamental_feature_long_v1,AVAILABLE
1bc599a7-17eb-4cc8-a543-8c0baaa7c3b8,002129,A,2026-07-27,roa,,UNAVAILABLE,ANNUAL_OR_PRIOR_BALANCE_UNAVAILABLE,"annual net_profit/average(current FY total_assets,prior FY total_assets)",ratio,latest FY with prior comparable FY balance,2025-12-31,2026-03-25,2026-03-25,"[""2025-12-31T00:00:00""]","[""2026-03-25T00:00:00""]","[""2026-03-25T00:00:00""]","[""NETPROFIT""]","[""fact_income_statement""]","[""002129|income_statement|2025-12-31|net_profit""]","[""df86486a-9a54-4920-a4db-2553f907af92""]","[""66bebf1c-8b64-42a6-a970-1dbf1ecb395f""]","[""724ef4671b72bb6d5893fb1934fa64941520c27c0004bde7b760cd422d91d330""]","[""CNY""]","[""FY""]","[{""announcement_date"": ""2026-03-25T00:00:00"", ""canonical_key"": ""002129|income_statement|2025-12-31|net_profit"", ""canonical_name"": ""net_profit"", ""clean_run_id"": ""66bebf1c-8b64-42a6-a970-1dbf1ecb395f"", ""currency"": ""CNY"", ""fiscal_period"": ""FY"", ""pit_status"": ""PIT_ELIGIBLE"", ""report_date"": ""2025-12-31T00:00:00"", ""source_field"": ""NETPROFIT"", ""source_run_id"": ""df86486a-9a54-4920-a4db-2553f907af92"", ""source_sha256"": ""724ef4671b72bb6d5893fb1934fa64941520c27c0004bde7b760cd422d91d330"", ""source_table"": ""fact_income_statement"", ""update_date"": ""2026-03-25T00:00:00""}]",fundamental_feature_long_v1,PRESERVE_NULL_UNAVAILABLE
1bc599a7-17eb-4cc8-a543-8c0baaa7c3b8,002129,A,2026-07-27,roe,,UNAVAILABLE,ANNUAL_OR_PRIOR_BALANCE_UNAVAILABLE,"annual parent_net_profit/average(current FY parent_equity,prior FY parent_equity)",ratio,latest FY with prior comparable FY balance,2025-12-31,2026-03-25,2026-03-25,"[""2025-12-31T00:00:00""]","[""2026-03-25T00:00:00""]","[""2026-03-25T00:00:00""]","[""PARENT_NETPROFIT""]","[""fact_income_statement""]","[""002129|income_statement|2025-12-31|parent_net_profit""]","[""df86486a-9a54-4920-a4db-2553f907af92""]","[""66bebf1c-8b64-42a6-a970-1dbf1ecb395f""]","[""724ef4671b72bb6d5893fb1934fa64941520c27c0004bde7b760cd422d91d330""]","[""CNY""]","[""FY""]","[{""announcement_date"": ""2026-03-25T00:00:00"", ""canonical_key"": ""002129|income_statement|2025-12-31|parent_net_profit"", ""canonical_name"": ""parent_net_profit"", ""clean_run_id"": ""66bebf1c-8b64-42a6-a970-1dbf1ecb395f"", ""currency"": ""CNY"", ""fiscal_period"": ""FY"", ""pit_status"": ""PIT_ELIGIBLE"", ""report_date"": ""2025-12-31T00:00:00"", ""source_field"": ""PARENT_NETPROFIT"", ""source_run_id"": ""df86486a-9a54-4920-a4db-2553f907af92"", ""source_sha256"": ""724ef4671b72bb6d5893fb1934fa64941520c27c0004bde7b760cd422d91d330"", ""source_table"": ""fact_income_statement"", ""update_date"": ""2026-03-25T00:00:00""}]",fundamental_feature_long_v1,PRESERVE_NULL_UNAVAILABLE
1bc599a7-17eb-4cc8-a543-8c0baaa7c3b8,002129,A,2026-07-27,total_assets,113852653488.32,PASS,,latest PIT total_assets normalized_value,currency,latest_available_report_period,2026-03-31,2026-04-28,2026-04-28,"[""2026-03-31T00:00:00""]","[""2026-04-28T00:00:00""]","[""2026-04-28T00:00:00""]","[""TOTAL_ASSETS""]","[""fact_balance_sheet""]","[""002129|balance_sheet|2026-03-31|total_assets""]","[""df86486a-9a54-4920-a4db-2553f907af92""]","[""66bebf1c-8b64-42a6-a970-1dbf1ecb395f""]","[""022e33f79559ae7e65c36399b08b36f79bad07a563db5dccb90c21b7c4dbb66c""]","[""CNY""]","[""Q1""]","[{""announcement_date"": ""2026-04-28T00:00:00"", ""canonical_key"": ""002129|balance_sheet|2026-03-31|total_assets"", ""canonical_name"": ""total_assets"", ""clean_run_id"": ""66bebf1c-8b64-42a6-a970-1dbf1ecb395f"", ""currency"": ""CNY"", ""fiscal_period"": ""Q1"", ""pit_status"": ""PIT_ELIGIBLE"", ""report_date"": ""2026-03-31T00:00:00"", ""source_field"": ""TOTAL_ASSETS"", ""source_run_id"": ""df86486a-9a54-4920-a4db-2553f907af92"", ""source_sha256"": ""022e33f79559ae7e65c36399b08b36f79bad07a563db5dccb90c21b7c4dbb66c"", ""source_table"": ""fact_balance_sheet"", ""update_date"": ""2026-04-28T00:00:00""}]",fundamental_feature_long_v1,AVAILABLE
1bc599a7-17eb-4cc8-a543-8c0baaa7c3b8,002129,A,2026-07-27,total_equity,36218921726.33,PASS,,latest PIT net_assets normalized_value,currency,latest_available_report_period,2026-03-31,2026-04-28,2026-04-28,"[""2026-03-31T00:00:00""]","[""2026-04-28T00:00:00""]","[""2026-04-28T00:00:00""]","[""TOTAL_EQUITY""]","[""fact_balance_sheet""]","[""002129|balance_sheet|2026-03-31|net_assets""]","[""df86486a-9a54-4920-a4db-2553f907af92""]","[""66bebf1c-8b64-42a6-a970-1dbf1ecb395f""]","[""022e33f79559ae7e65c36399b08b36f79bad07a563db5dccb90c21b7c4dbb66c""]","[""CNY""]","[""Q1""]","[{""announcement_date"": ""2026-04-28T00:00:00"", ""canonical_key"": ""002129|balance_sheet|2026-03-31|net_assets"", ""canonical_name"": ""net_assets"", ""clean_run_id"": ""66bebf1c-8b64-42a6-a970-1dbf1ecb395f"", ""currency"": ""CNY"", ""fiscal_period"": ""Q1"", ""pit_status"": ""PIT_ELIGIBLE"", ""report_date"": ""2026-03-31T00:00:00"", ""source_field"": ""TOTAL_EQUITY"", ""source_run_id"": ""df86486a-9a54-4920-a4db-2553f907af92"", ""source_sha256"": ""022e33f79559ae7e65c36399b08b36f79bad07a563db5dccb90c21b7c4dbb66c"", ""source_table"": ""fact_balance_sheet"", ""update_date"": ""2026-04-28T00:00:00""}]",fundamental_feature_long_v1,AVAILABLE
1bc599a7-17eb-4cc8-a543-8c0baaa7c3b8,002230,A,2026-07-27,debt_to_asset,0.5640933184903278,PASS,,total_liabilities/total_assets at same report period,ratio,same_report_period stock values,2026-03-31,2026-04-29,2026-04-29,"[""2026-03-31T00:00:00""]","[""2026-04-29T00:00:00""]","[""2026-04-29T00:00:00""]","[""TOTAL_ASSETS"", ""TOTAL_LIABILITIES""]","[""fact_balance_sheet""]","[""002230|balance_sheet|2026-03-31|total_assets"", ""002230|balance_sheet|2026-03-31|total_liabilities""]","[""df86486a-9a54-4920-a4db-2553f907af92""]","[""66bebf1c-8b64-42a6-a970-1dbf1ecb395f""]","[""e20737faff80167386d783c67e7a2b30e279d7a1dfd607ef587ae61f8b66fbbf""]","[""CNY""]","[""Q1""]","[{""announcement_date"": ""2026-04-29T00:00:00"", ""canonical_key"": ""002230|balance_sheet|2026-03-31|total_liabilities"", ""canonical_name"": ""total_liabilities"", ""clean_run_id"": ""66bebf1c-8b64-42a6-a970-1dbf1ecb395f"", ""currency"": ""CNY"", ""fiscal_period"": ""Q1"", ""pit_status"": ""PIT_ELIGIBLE"", ""report_date"": ""2026-03-31T00:00:00"", ""source_field"": ""TOTAL_LIABILITIES"", ""source_run_id"": ""df86486a-9a54-4920-a4db-2553f907af92"", ""source_sha256"": ""e20737faff80167386d783c67e7a2b30e279d7a1dfd607ef587ae61f8b66fbbf"", ""source_table"": ""fact_balance_sheet"", ""update_date"": ""2026-04-29T00:00:00""}, {""announcement_date"": ""2026-04-29T00:00:00"", ""canonical_key"": ""002230|balance_sheet|2026-03-31|total_assets"", ""canonical_name"": ""total_assets"", ""clean_run_id"": ""66bebf1c-8b64-42a6-a970-1dbf1ecb395f"", ""currency"": ""CNY"", ""fiscal_period"": ""Q1"", ""pit_status"": ""PIT_ELIGIBLE"", ""report_date"": ""2026-03-31T00:00:00"", ""source_field"": ""TOTAL_ASSETS"", ""source_run_id"": ""df86486a-9a54-4920-a4db-2553f907af92"", ""source_sha256"": ""e20737faff80167386d783c67e7a2b30e279d7a1dfd607ef587ae61f8b66fbbf"", ""source_table"": ""fact_balance_sheet"", ""update_date"": ""2026-04-29T00:00:00""}]",fundamental_feature_long_v1,AVAILABLE
1bc599a7-17eb-4cc8-a543-8c0baaa7c3b8,002230,A,2026-07-27,net_margin,-0.0356052899823835,PASS,,net_profit/revenue at same report period,ratio,same_report_period cumulative,2026-03-31,2026-04-29,2026-04-29,"[""2026-03-31T00:00:00""]","[""2026-04-29T00:00:00""]","[""2026-04-29T00:00:00""]","[""NETPROFIT"", ""TOTAL_OPERATE_INCOME""]","[""fact_income_statement""]","[""002230|income_statement|2026-03-31|net_profit"", ""002230|income_statement|2026-03-31|revenue""]","[""df86486a-9a54-4920-a4db-2553f907af92""]","[""66bebf1c-8b64-42a6-a970-1dbf1ecb395f""]","[""5644e4156b502d77ef385ca0f779e9ad65767aa7109d51f49fb273d2368b4da5""]","[""CNY""]","[""Q1""]","[{""announcement_date"": ""2026-04-29T00:00:00"", ""canonical_key"": ""002230|income_statement|2026-03-31|net_profit"", ""canonical_name"": ""net_profit"", ""clean_run_id"": ""66bebf1c-8b64-42a6-a970-1dbf1ecb395f"", ""currency"": ""CNY"", ""fiscal_period"": ""Q1"", ""pit_status"": ""PIT_ELIGIBLE"", ""report_date"": ""2026-03-31T00:00:00"", ""source_field"": ""NETPROFIT"", ""source_run_id"": ""df86486a-9a54-4920-a4db-2553f907af92"", ""source_sha256"": ""5644e4156b502d77ef385ca0f779e9ad65767aa7109d51f49fb273d2368b4da5"", ""source_table"": ""fact_income_statement"", ""update_date"": ""2026-04-29T00:00:00""}, {""announcement_date"": ""2026-04-29T00:00:00"", ""canonical_key"": ""002230|income_statement|2026-03-31|revenue"", ""canonical_name"": ""revenue"", ""clean_run_id"": ""66bebf1c-8b64-42a6-a970-1dbf1ecb395f"", ""currency"": ""CNY"", ""fiscal_period"": ""Q1"", ""pit_status"": ""PIT_ELIGIBLE"", ""report_date"": ""2026-03-31T00:00:00"", ""source_field"": ""TOTAL_OPERATE_INCOME"", ""source_run_id"": ""df86486a-9a54-4920-a4db-2553f907af92"", ""source_sha256"": ""5644e4156b502d77ef385ca0f779e9ad65767aa7109d51f49fb273d2368b4da5"", ""source_table"": ""fact_income_statement"", ""update_date"": ""2026-04-29T00:00:00""}]",fundamental_feature_long_v1,AVAILABLE
1bc599a7-17eb-4cc8-a543-8c0baaa7c3b8,002230,A,2026-07-27,net_profit,-187789016.67,PASS,,latest PIT net_profit normalized_value,currency,latest_available_report_period,2026-03-31,2026-04-29,2026-04-29,"[""2026-03-31T00:00:00""]","[""2026-04-29T00:00:00""]","[""2026-04-29T00:00:00""]","[""NETPROFIT""]","[""fact_income_statement""]","[""002230|income_statement|2026-03-31|net_profit""]","[""df86486a-9a54-4920-a4db-2553f907af92""]","[""66bebf1c-8b64-42a6-a970-1dbf1ecb395f""]","[""5644e4156b502d77ef385ca0f779e9ad65767aa7109d51f49fb273d2368b4da5""]","[""CNY""]","[""Q1""]","[{""announcement_date"": ""2026-04-29T00:00:00"", ""canonical_key"": ""002230|income_statement|2026-03-31|net_profit"", ""canonical_name"": ""net_profit"", ""clean_run_id"": ""66bebf1c-8b64-42a6-a970-1dbf1ecb395f"", ""currency"": ""CNY"", ""fiscal_period"": ""Q1"", ""pit_status"": ""PIT_ELIGIBLE"", ""report_date"": ""2026-03-31T00:00:00"", ""source_field"": ""NETPROFIT"", ""source_run_id"": ""df86486a-9a54-4920-a4db-2553f907af92"", ""source_sha256"": ""5644e4156b502d77ef385ca0f779e9ad65767aa7109d51f49fb273d2368b4da5"", ""source_table"": ""fact_income_statement"", ""update_date"": ""2026-04-29T00:00:00""}]",fundamental_feature_long_v1,AVAILABLE
1bc599a7-17eb-4cc8-a543-8c0baaa7c3b8,002230,A,2026-07-27,net_profit_yoy,-0.13280812662552377,PASS,,net_profit(t)/net_profit(t-1 same fiscal_period)-1,ratio,same_fiscal_period_prior_year,2026-03-31,2026-04-29,2026-04-29,"[""2025-03-31T00:00:00"", ""2026-03-31T00:00:00""]","[""2025-04-22T00:00:00"", ""2026-04-29T00:00:00""]","[""2026-04-29T00:00:00""]","[""NETPROFIT""]","[""fact_income_statement""]","[""002230|income_statement|2025-03-31|net_profit"", ""002230|income_statement|2026-03-31|net_profit""]","[""df86486a-9a54-4920-a4db-2553f907af92""]","[""66bebf1c-8b64-42a6-a970-1dbf1ecb395f""]","[""5644e4156b502d77ef385ca0f779e9ad65767aa7109d51f49fb273d2368b4da5""]","[""CNY""]","[""Q1""]","[{""announcement_date"": ""2026-04-29T00:00:00"", ""canonical_key"": ""002230|income_statement|2026-03-31|net_profit"", ""canonical_name"": ""net_profit"", ""clean_run_id"": ""66bebf1c-8b64-42a6-a970-1dbf1ecb395f"", ""currency"": ""CNY"", ""fiscal_period"": ""Q1"", ""pit_status"": ""PIT_ELIGIBLE"", ""report_date"": ""2026-03-31T00:00:00"", ""source_field"": ""NETPROFIT"", ""source_run_id"": ""df86486a-9a54-4920-a4db-2553f907af92"", ""source_sha256"": ""5644e4156b502d77ef385ca0f779e9ad65767aa7109d51f49fb273d2368b4da5"", ""source_table"": ""fact_income_statement"", ""update_date"": ""2026-04-29T00:00:00""}, {""announcement_date"": ""2025-04-22T00:00:00"", ""canonical_key"": ""002230|income_statement|2025-03-31|net_profit"", ""canonical_name"": ""net_profit"", ""clean_run_id"": ""66bebf1c-8b64-42a6-a970-1dbf1ecb395f"", ""currency"": ""CNY"", ""fiscal_period"": ""Q1"", ""pit_status"": ""PIT_ELIGIBLE"", ""report_date"": ""2025-03-31T00:00:00"", ""source_field"": ""NETPROFIT"", ""source_run_id"": ""df86486a-9a54-4920-a4db-2553f907af92"", ""source_sha256"": ""5644e4156b502d77ef385ca0f779e9ad65767aa7109d51f49fb273d2368b4da5"", ""source_table"": ""fact_income_statement"", ""update_date"": ""2026-04-29T00:00:00""}]",fundamental_feature_long_v1,AVAILABLE
1bc599a7-17eb-4cc8-a543-8c0baaa7c3b8,002230,A,2026-07-27,ocf_to_net_profit,5.691557974384701,PASS,,operating_cash_flow/net_profit at same report period,ratio,same_report_period cumulative,2026-03-31,2026-04-29,2026-04-29,"[""2026-03-31T00:00:00""]","[""2026-04-29T00:00:00""]","[""2026-04-29T00:00:00""]","[""NETCASH_OPERATE"", ""NETPROFIT""]","[""fact_cash_flow_statement"", ""fact_income_statement""]","[""002230|cash_flow_statement|2026-03-31|operating_cash_flow"", ""002230|income_statement|2026-03-31|net_profit""]","[""df86486a-9a54-4920-a4db-2553f907af92""]","[""66bebf1c-8b64-42a6-a970-1dbf1ecb395f""]","[""1ca8eb333802f04e3e6ac105a33d22b2e05f6529badbd8d51fddf4266e687276"", ""5644e4156b502d77ef385ca0f779e9ad65767aa7109d51f49fb273d2368b4da5""]","[""CNY""]","[""Q1""]","[{""announcement_date"": ""2026-04-29T00:00:00"", ""canonical_key"": ""002230|cash_flow_statement|2026-03-31|operating_cash_flow"", ""canonical_name"": ""operating_cash_flow"", ""clean_run_id"": ""66bebf1c-8b64-42a6-a970-1dbf1ecb395f"", ""currency"": ""CNY"", ""fiscal_period"": ""Q1"", ""pit_status"": ""PIT_ELIGIBLE"", ""report_date"": ""2026-03-31T00:00:00"", ""source_field"": ""NETCASH_OPERATE"", ""source_run_id"": ""df86486a-9a54-4920-a4db-2553f907af92"", ""source_sha256"": ""1ca8eb333802f04e3e6ac105a33d22b2e05f6529badbd8d51fddf4266e687276"", ""source_table"": ""fact_cash_flow_statement"", ""update_date"": ""2026-04-29T00:00:00""}, {""announcement_date"": ""2026-04-29T00:00:00"", ""canonical_key"": ""002230|income_statement|2026-03-31|net_profit"", ""canonical_name"": ""net_profit"", ""clean_run_id"": ""66bebf1c-8b64-42a6-a970-1dbf1ecb395f"", ""currency"": ""CNY"", ""fiscal_period"": ""Q1"", ""pit_status"": ""PIT_ELIGIBLE"", ""report_date"": ""2026-03-31T00:00:00"", ""source_field"": ""NETPROFIT"", ""source_run_id"": ""df86486a-9a54-4920-a4db-2553f907af92"", ""source_sha256"": ""5644e4156b502d77ef385ca0f779e9ad65767aa7109d51f49fb273d2368b4da5"", ""source_table"": ""fact_income_statement"", ""update_date"": ""2026-04-29T00:00:00""}]",fundamental_feature_long_v1,AVAILABLE
1bc599a7-17eb-4cc8-a543-8c0baaa7c3b8,002230,A,2026-07-27,operating_cash_flow,-1068812075.33,PASS,,latest PIT operating_cash_flow normalized_value,currency,latest_available_report_period cumulative,2026-03-31,2026-04-29,2026-04-29,"[""2026-03-31T00:00:00""]","[""2026-04-29T00:00:00""]","[""2026-04-29T00:00:00""]","[""NETCASH_OPERATE""]","[""fact_cash_flow_statement""]","[""002230|cash_flow_statement|2026-03-31|operating_cash_flow""]","[""df86486a-9a54-4920-a4db-2553f907af92""]","[""66bebf1c-8b64-42a6-a970-1dbf1ecb395f""]","[""1ca8eb333802f04e3e6ac105a33d22b2e05f6529badbd8d51fddf4266e687276""]","[""CNY""]","[""Q1""]","[{""announcement_date"": ""2026-04-29T00:00:00"", ""canonical_key"": ""002230|cash_flow_statement|2026-03-31|operating_cash_flow"", ""canonical_name"": ""operating_cash_flow"", ""clean_run_id"": ""66bebf1c-8b64-42a6-a970-1dbf1ecb395f"", ""currency"": ""CNY"", ""fiscal_period"": ""Q1"", ""pit_status"": ""PIT_ELIGIBLE"", ""report_date"": ""2026-03-31T00:00:00"", ""source_field"": ""NETCASH_OPERATE"", ""source_run_id"": ""df86486a-9a54-4920-a4db-2553f907af92"", ""source_sha256"": ""1ca8eb333802f04e3e6ac105a33d22b2e05f6529badbd8d51fddf4266e687276"", ""source_table"": ""fact_cash_flow_statement"", ""update_date"": ""2026-04-29T00:00:00""}]",fundamental_feature_long_v1,AVAILABLE
1bc599a7-17eb-4cc8-a543-8c0baaa7c3b8,002230,A,2026-07-27,revenue,5274188660.25,PASS,,latest PIT revenue normalized_value,currency,latest_available_report_period,2026-03-31,2026-04-29,2026-04-29,"[""2026-03-31T00:00:00""]","[""2026-04-29T00:00:00""]","[""2026-04-29T00:00:00""]","[""TOTAL_OPERATE_INCOME""]","[""fact_income_statement""]","[""002230|income_statement|2026-03-31|revenue""]","[""df86486a-9a54-4920-a4db-2553f907af92""]","[""66bebf1c-8b64-42a6-a970-1dbf1ecb395f""]","[""5644e4156b502d77ef385ca0f779e9ad65767aa7109d51f49fb273d2368b4da5""]","[""CNY""]","[""Q1""]","[{""announcement_date"": ""2026-04-29T00:00:00"", ""canonical_key"": ""002230|income_statement|2026-03-31|revenue"", ""canonical_name"": ""revenue"", ""clean_run_id"": ""66bebf1c-8b64-42a6-a970-1dbf1ecb395f"", ""currency"": ""CNY"", ""fiscal_period"": ""Q1"", ""pit_status"": ""PIT_ELIGIBLE"", ""report_date"": ""2026-03-31T00:00:00"", ""source_field"": ""TOTAL_OPERATE_INCOME"", ""source_run_id"": ""df86486a-9a54-4920-a4db-2553f907af92"", ""source_sha256"": ""5644e4156b502d77ef385ca0f779e9ad65767aa7109d51f49fb273d2368b4da5"", ""source_table"": ""fact_income_statement"", ""update_date"": ""2026-04-29T00:00:00""}]",fundamental_feature_long_v1,AVAILABLE
1bc599a7-17eb-4cc8-a543-8c0baaa7c3b8,002230,A,2026-07-27,revenue_yoy,0.1323309070210259,PASS,,revenue(t)/revenue(t-1 same fiscal_period)-1,ratio,same_fiscal_period_prior_year,2026-03-31,2026-04-29,2026-04-29,"[""2025-03-31T00:00:00"", ""2026-03-31T00:00:00""]","[""2025-04-22T00:00:00"", ""2026-04-29T00:00:00""]","[""2026-04-29T00:00:00""]","[""TOTAL_OPERATE_INCOME""]","[""fact_income_statement""]","[""002230|income_statement|2025-03-31|revenue"", ""002230|income_statement|2026-03-31|revenue""]","[""df86486a-9a54-4920-a4db-2553f907af92""]","[""66bebf1c-8b64-42a6-a970-1dbf1ecb395f""]","[""5644e4156b502d77ef385ca0f779e9ad65767aa7109d51f49fb273d2368b4da5""]","[""CNY""]","[""Q1""]","[{""announcement_date"": ""2026-04-29T00:00:00"", ""canonical_key"": ""002230|income_statement|2026-03-31|revenue"", ""canonical_name"": ""revenue"", ""clean_run_id"": ""66bebf1c-8b64-42a6-a970-1dbf1ecb395f"", ""currency"": ""CNY"", ""fiscal_period"": ""Q1"", ""pit_status"": ""PIT_ELIGIBLE"", ""report_date"": ""2026-03-31T00:00:00"", ""source_field"": ""TOTAL_OPERATE_INCOME"", ""source_run_id"": ""df86486a-9a54-4920-a4db-2553f907af92"", ""source_sha256"": ""5644e4156b502d77ef385ca0f779e9ad65767aa7109d51f49fb273d2368b4da5"", ""source_table"": ""fact_income_statement"", ""update_date"": ""2026-04-29T00:00:00""}, {""announcement_date"": ""2025-04-22T00:00:00"", ""canonical_key"": ""002230|income_statement|2025-03-31|revenue"", ""canonical_name"": ""revenue"", ""clean_run_id"": ""66bebf1c-8b64-42a6-a970-1dbf1ecb395f"", ""currency"": ""CNY"", ""fiscal_period"": ""Q1"", ""pit_status"": ""PIT_ELIGIBLE"", ""report_date"": ""2025-03-31T00:00:00"", ""source_field"": ""TOTAL_OPERATE_INCOME"", ""source_run_id"": ""df86486a-9a54-4920-a4db-2553f907af92"", ""source_sha256"": ""5644e4156b502d77ef385ca0f779e9ad65767aa7109d51f49fb273d2368b4da5"", ""source_table"": ""fact_income_statement"", ""update_date"": ""2026-04-29T00:00:00""}]",fundamental_feature_long_v1,AVAILABLE
1bc599a7-17eb-4cc8-a543-8c0baaa7c3b8,002230,A,2026-07-27,roa,,UNAVAILABLE,ANNUAL_OR_PRIOR_BALANCE_UNAVAILABLE,"annual net_profit/average(current FY total_assets,prior FY total_assets)",ratio,latest FY with prior comparable FY balance,2025-12-31,2026-04-29,2026-04-29,"[""2025-12-31T00:00:00""]","[""2026-04-29T00:00:00""]","[""2026-04-29T00:00:00""]","[""NETPROFIT""]","[""fact_income_statement""]","[""002230|income_statement|2025-12-31|net_profit""]","[""df86486a-9a54-4920-a4db-2553f907af92""]","[""66bebf1c-8b64-42a6-a970-1dbf1ecb395f""]","[""5644e4156b502d77ef385ca0f779e9ad65767aa7109d51f49fb273d2368b4da5""]","[""CNY""]","[""FY""]","[{""announcement_date"": ""2026-04-29T00:00:00"", ""canonical_key"": ""002230|income_statement|2025-12-31|net_profit"", ""canonical_name"": ""net_profit"", ""clean_run_id"": ""66bebf1c-8b64-42a6-a970-1dbf1ecb395f"", ""currency"": ""CNY"", ""fiscal_period"": ""FY"", ""pit_status"": ""PIT_ELIGIBLE"", ""report_date"": ""2025-12-31T00:00:00"", ""source_field"": ""NETPROFIT"", ""source_run_id"": ""df86486a-9a54-4920-a4db-2553f907af92"", ""source_sha256"": ""5644e4156b502d77ef385ca0f779e9ad65767aa7109d51f49fb273d2368b4da5"", ""source_table"": ""fact_income_statement"", ""update_date"": ""2026-04-29T00:00:00""}]",fundamental_feature_long_v1,PRESERVE_NULL_UNAVAILABLE
1bc599a7-17eb-4cc8-a543-8c0baaa7c3b8,002230,A,2026-07-27,roe,,UNAVAILABLE,ANNUAL_OR_PRIOR_BALANCE_UNAVAILABLE,"annual parent_net_profit/average(current FY parent_equity,prior FY parent_equity)",ratio,latest FY with prior comparable FY balance,2025-12-31,2026-04-29,2026-04-29,"[""2025-12-31T00:00:00""]","[""2026-04-29T00:00:00""]","[""2026-04-29T00:00:00""]","[""PARENT_NETPROFIT""]","[""fact_income_statement""]","[""002230|income_statement|2025-12-31|parent_net_profit""]","[""df86486a-9a54-4920-a4db-2553f907af92""]","[""66bebf1c-8b64-42a6-a970-1dbf1ecb395f""]","[""5644e4156b502d77ef385ca0f779e9ad65767aa7109d51f49fb273d2368b4da5""]","[""CNY""]","[""FY""]","[{""announcement_date"": ""2026-04-29T00:00:00"", ""canonical_key"": ""002230|income_statement|2025-12-31|parent_net_profit"", ""canonical_name"": ""parent_net_profit"", ""clean_run_id"": ""66bebf1c-8b64-42a6-a970-1dbf1ecb395f"", ""currency"": ""CNY"", ""fiscal_period"": ""FY"", ""pit_status"": ""PIT_ELIGIBLE"", ""report_date"": ""2025-12-31T00:00:00"", ""source_field"": ""PARENT_NETPROFIT"", ""source_run_id"": ""df86486a-9a54-4920-a4db-2553f907af92"", ""source_sha256"": ""5644e4156b502d77ef385ca0f779e9ad65767aa7109d51f49fb273d2368b4da5"", ""source_table"": ""fact_income_statement"", ""update_date"": ""2026-04-29T00:00:00""}]",fundamental_feature_long_v1,PRESERVE_NULL_UNAVAILABLE
1bc599a7-17eb-4cc8-a543-8c0baaa7c3b8,002230,A,2026-07-27,total_assets,45657478488.52,PASS,,latest PIT total_assets normalized_value,currency,latest_available_report_period,2026-03-31,2026-04-29,2026-04-29,"[""2026-03-31T00:00:00""]","[""2026-04-29T00:00:00""]","[""2026-04-29T00:00:00""]","[""TOTAL_ASSETS""]","[""fact_balance_sheet""]","[""002230|balance_sheet|2026-03-31|total_assets""]","[""df86486a-9a54-4920-a4db-2553f907af92""]","[""66bebf1c-8b64-42a6-a970-1dbf1ecb395f""]","[""e20737faff80167386d783c67e7a2b30e279d7a1dfd607ef587ae61f8b66fbbf""]","[""CNY""]","[""Q1""]","[{""announcement_date"": ""2026-04-29T00:00:00"", ""canonical_key"": ""002230|balance_sheet|2026-03-31|total_assets"", ""canonical_name"": ""total_assets"", ""clean_run_id"": ""66bebf1c-8b64-42a6-a970-1dbf1ecb395f"", ""currency"": ""CNY"", ""fiscal_period"": ""Q1"", ""pit_status"": ""PIT_ELIGIBLE"", ""report_date"": ""2026-03-31T00:00:00"", ""source_field"": ""TOTAL_ASSETS"", ""source_run_id"": ""df86486a-9a54-4920-a4db-2553f907af92"", ""source_sha256"": ""e20737faff80167386d783c67e7a2b30e279d7a1dfd607ef587ae61f8b66fbbf"", ""source_table"": ""fact_balance_sheet"", ""update_date"": ""2026-04-29T00:00:00""}]",fundamental_feature_long_v1,AVAILABLE
1bc599a7-17eb-4cc8-a543-8c0baaa7c3b8,002230,A,2026-07-27,total_equity,19902399934.03,PASS,,latest PIT net_assets normalized_value,currency,latest_available_report_period,2026-03-31,2026-04-29,2026-04-29,"[""2026-03-31T00:00:00""]","[""2026-04-29T00:00:00""]","[""2026-04-29T00:00:00""]","[""TOTAL_EQUITY""]","[""fact_balance_sheet""]","[""002230|balance_sheet|2026-03-31|net_assets""]","[""df86486a-9a54-4920-a4db-2553f907af92""]","[""66bebf1c-8b64-42a6-a970-1dbf1ecb395f""]","[""e20737faff80167386d783c67e7a2b30e279d7a1dfd607ef587ae61f8b66fbbf""]","[""CNY""]","[""Q1""]","[{""announcement_date"": ""2026-04-29T00:00:00"", ""canonical_key"": ""002230|balance_sheet|2026-03-31|net_assets"", ""canonical_name"": ""net_assets"", ""clean_run_id"": ""66bebf1c-8b64-42a6-a970-1dbf1ecb395f"", ""currency"": ""CNY"", ""fiscal_period"": ""Q1"", ""pit_status"": ""PIT_ELIGIBLE"", ""report_date"": ""2026-03-31T00:00:00"", ""source_field"": ""TOTAL_EQUITY"", ""source_run_id"": ""df86486a-9a54-4920-a4db-2553f907af92"", ""source_sha256"": ""e20737faff80167386d783c67e7a2b30e279d7a1dfd607ef587ae61f8b66fbbf"", ""source_table"": ""fact_balance_sheet"", ""update_date"": ""2026-04-29T00:00:00""}]",fundamental_feature_long_v1,AVAILABLE
1bc599a7-17eb-4cc8-a543-8c0baaa7c3b8,002361,A,2026-07-27,debt_to_asset,0.5172758105151325,PASS,,total_liabilities/total_assets at same report period,ratio,same_report_period stock values,2026-03-31,2026-04-28,2026-04-28,"[""2026-03-31T00:00:00""]","[""2026-04-28T00:00:00""]","[""2026-04-28T00:00:00""]","[""TOTAL_ASSETS"", ""TOTAL_LIABILITIES""]","[""fact_balance_sheet""]","[""002361|balance_sheet|2026-03-31|total_assets"", ""002361|balance_sheet|2026-03-31|total_liabilities""]","[""df86486a-9a54-4920-a4db-2553f907af92""]","[""66bebf1c-8b64-42a6-a970-1dbf1ecb395f""]","[""1d7d625011ea3cc5274a5f98d48edf2b50d9281f43d19c2d72e6204e5a9ab086""]","[""CNY""]","[""Q1""]","[{""announcement_date"": ""2026-04-28T00:00:00"", ""canonical_key"": ""002361|balance_sheet|2026-03-31|total_liabilities"", ""canonical_name"": ""total_liabilities"", ""clean_run_id"": ""66bebf1c-8b64-42a6-a970-1dbf1ecb395f"", ""currency"": ""CNY"", ""fiscal_period"": ""Q1"", ""pit_status"": ""PIT_ELIGIBLE"", ""report_date"": ""2026-03-31T00:00:00"", ""source_field"": ""TOTAL_LIABILITIES"", ""source_run_id"": ""df86486a-9a54-4920-a4db-2553f907af92"", ""source_sha256"": ""1d7d625011ea3cc5274a5f98d48edf2b50d9281f43d19c2d72e6204e5a9ab086"", ""source_table"": ""fact_balance_sheet"", ""update_date"": ""2026-04-28T00:00:00""}, {""announcement_date"": ""2026-04-28T00:00:00"", ""canonical_key"": ""002361|balance_sheet|2026-03-31|total_assets"", ""canonical_name"": ""total_assets"", ""clean_run_id"": ""66bebf1c-8b64-42a6-a970-1dbf1ecb395f"", ""currency"": ""CNY"", ""fiscal_period"": ""Q1"", ""pit_status"": ""PIT_ELIGIBLE"", ""report_date"": ""2026-03-31T00:00:00"", ""source_field"": ""TOTAL_ASSETS"", ""source_run_id"": ""df86486a-9a54-4920-a4db-2553f907af92"", ""source_sha256"": ""1d7d625011ea3cc5274a5f98d48edf2b50d9281f43d19c2d72e6204e5a9ab086"", ""source_table"": ""fact_balance_sheet"", ""update_date"": ""2026-04-28T00:00:00""}]",fundamental_feature_long_v1,AVAILABLE
1bc599a7-17eb-4cc8-a543-8c0baaa7c3b8,002361,A,2026-07-27,net_margin,-0.013489463003027433,PASS,,net_profit/revenue at same report period,ratio,same_report_period cumulative,2026-03-31,2026-04-28,2026-04-28,"[""2026-03-31T00:00:00""]","[""2026-04-28T00:00:00""]","[""2026-04-28T00:00:00""]","[""NETPROFIT"", ""TOTAL_OPERATE_INCOME""]","[""fact_income_statement""]","[""002361|income_statement|2026-03-31|net_profit"", ""002361|income_statement|2026-03-31|revenue""]","[""df86486a-9a54-4920-a4db-2553f907af92""]","[""66bebf1c-8b64-42a6-a970-1dbf1ecb395f""]","[""f9f61036a17e867243d3f024532512ae8dd0cf5e4b3d0458a1d9e14d32d02f5d""]","[""CNY""]","[""Q1""]","[{""announcement_date"": ""2026-04-28T00:00:00"", ""canonical_key"": ""002361|income_statement|2026-03-31|net_profit"", ""canonical_name"": ""net_profit"", ""clean_run_id"": ""66bebf1c-8b64-42a6-a970-1dbf1ecb395f"", ""currency"": ""CNY"", ""fiscal_period"": ""Q1"", ""pit_status"": ""PIT_ELIGIBLE"", ""report_date"": ""2026-03-31T00:00:00"", ""source_field"": ""NETPROFIT"", ""source_run_id"": ""df86486a-9a54-4920-a4db-2553f907af92"", ""source_sha256"": ""f9f61036a17e867243d3f024532512ae8dd0cf5e4b3d0458a1d9e14d32d02f5d"", ""source_table"": ""fact_income_statement"", ""update_date"": ""2026-04-28T00:00:00""}, {""announcement_date"": ""2026-04-28T00:00:00"", ""canonical_key"": ""002361|income_statement|2026-03-31|revenue"", ""canonical_name"": ""revenue"", ""clean_run_id"": ""66bebf1c-8b64-42a6-a970-1dbf1ecb395f"", ""currency"": ""CNY"", ""fiscal_period"": ""Q1"", ""pit_status"": ""PIT_ELIGIBLE"", ""report_date"": ""2026-03-31T00:00:00"", ""source_field"": ""TOTAL_OPERATE_INCOME"", ""source_run_id"": ""df86486a-9a54-4920-a4db-2553f907af92"", ""source_sha256"": ""f9f61036a17e867243d3f024532512ae8dd0cf5e4b3d0458a1d9e14d32d02f5d"", ""source_table"": ""fact_income_statement"", ""update_date"": ""2026-04-28T00:00:00""}]",fundamental_feature_long_v1,AVAILABLE
1bc599a7-17eb-4cc8-a543-8c0baaa7c3b8,002361,A,2026-07-27,net_profit,-6626381.86,PASS,,latest PIT net_profit normalized_value,currency,latest_available_report_period,2026-03-31,2026-04-28,2026-04-28,"[""2026-03-31T00:00:00""]","[""2026-04-28T00:00:00""]","[""2026-04-28T00:00:00""]","[""NETPROFIT""]","[""fact_income_statement""]","[""002361|income_statement|2026-03-31|net_profit""]","[""df86486a-9a54-4920-a4db-2553f907af92""]","[""66bebf1c-8b64-42a6-a970-1dbf1ecb395f""]","[""f9f61036a17e867243d3f024532512ae8dd0cf5e4b3d0458a1d9e14d32d02f5d""]","[""CNY""]","[""Q1""]","[{""announcement_date"": ""2026-04-28T00:00:00"", ""canonical_key"": ""002361|income_statement|2026-03-31|net_profit"", ""canonical_name"": ""net_profit"", ""clean_run_id"": ""66bebf1c-8b64-42a6-a970-1dbf1ecb395f"", ""currency"": ""CNY"", ""fiscal_period"": ""Q1"", ""pit_status"": ""PIT_ELIGIBLE"", ""report_date"": ""2026-03-31T00:00:00"", ""source_field"": ""NETPROFIT"", ""source_run_id"": ""df86486a-9a54-4920-a4db-2553f907af92"", ""source_sha256"": ""f9f61036a17e867243d3f024532512ae8dd0cf5e4b3d0458a1d9e14d32d02f5d"", ""source_table"": ""fact_income_statement"", ""update_date"": ""2026-04-28T00:00:00""}]",fundamental_feature_long_v1,AVAILABLE
1bc599a7-17eb-4cc8-a543-8c0baaa7c3b8,002361,A,2026-07-27,net_profit_yoy,-1.6937096485790402,PASS,,net_profit(t)/net_profit(t-1 same fiscal_period)-1,ratio,same_fiscal_period_prior_year,2026-03-31,2026-04-28,2026-04-28,"[""2025-03-31T00:00:00"", ""2026-03-31T00:00:00""]","[""2025-04-25T00:00:00"", ""2026-04-28T00:00:00""]","[""2026-04-28T00:00:00""]","[""NETPROFIT""]","[""fact_income_statement""]","[""002361|income_statement|2025-03-31|net_profit"", ""002361|income_statement|2026-03-31|net_profit""]","[""df86486a-9a54-4920-a4db-2553f907af92""]","[""66bebf1c-8b64-42a6-a970-1dbf1ecb395f""]","[""f9f61036a17e867243d3f024532512ae8dd0cf5e4b3d0458a1d9e14d32d02f5d""]","[""CNY""]","[""Q1""]","[{""announcement_date"": ""2026-04-28T00:00:00"", ""canonical_key"": ""002361|income_statement|2026-03-31|net_profit"", ""canonical_name"": ""net_profit"", ""clean_run_id"": ""66bebf1c-8b64-42a6-a970-1dbf1ecb395f"", ""currency"": ""CNY"", ""fiscal_period"": ""Q1"", ""pit_status"": ""PIT_ELIGIBLE"", ""report_date"": ""2026-03-31T00:00:00"", ""source_field"": ""NETPROFIT"", ""source_run_id"": ""df86486a-9a54-4920-a4db-2553f907af92"", ""source_sha256"": ""f9f61036a17e867243d3f024532512ae8dd0cf5e4b3d0458a1d9e14d32d02f5d"", ""source_table"": ""fact_income_statement"", ""update_date"": ""2026-04-28T00:00:00""}, {""announcement_date"": ""2025-04-25T00:00:00"", ""canonical_key"": ""002361|income_statement|2025-03-31|net_profit"", ""canonical_name"": ""net_profit"", ""clean_run_id"": ""66bebf1c-8b64-42a6-a970-1dbf1ecb395f"", ""currency"": ""CNY"", ""fiscal_period"": ""Q1"", ""pit_status"": ""PIT_ELIGIBLE"", ""report_date"": ""2025-03-31T00:00:00"", ""source_field"": ""NETPROFIT"", ""source_run_id"": ""df86486a-9a54-4920-a4db-2553f907af92"", ""source_sha256"": ""f9f61036a17e867243d3f024532512ae8dd0cf5e4b3d0458a1d9e14d32d02f5d"", ""source_table"": ""fact_income_statement"", ""update_date"": ""2026-04-28T00:00:00""}]",fundamental_feature_long_v1,AVAILABLE
1bc599a7-17eb-4cc8-a543-8c0baaa7c3b8,002361,A,2026-07-27,ocf_to_net_profit,30.174371349917944,PASS,,operating_cash_flow/net_profit at same report period,ratio,same_report_period cumulative,2026-03-31,2026-04-28,2026-04-28,"[""2026-03-31T00:00:00""]","[""2026-04-28T00:00:00""]","[""2026-04-28T00:00:00""]","[""NETCASH_OPERATE"", ""NETPROFIT""]","[""fact_cash_flow_statement"", ""fact_income_statement""]","[""002361|cash_flow_statement|2026-03-31|operating_cash_flow"", ""002361|income_statement|2026-03-31|net_profit""]","[""df86486a-9a54-4920-a4db-2553f907af92""]","[""66bebf1c-8b64-42a6-a970-1dbf1ecb395f""]","[""8db5581a1639b38ac15362a435aac0081fa2828b97a20cda8e047785d3bb17b0"", ""f9f61036a17e867243d3f024532512ae8dd0cf5e4b3d0458a1d9e14d32d02f5d""]","[""CNY""]","[""Q1""]","[{""announcement_date"": ""2026-04-28T00:00:00"", ""canonical_key"": ""002361|cash_flow_statement|2026-03-31|operating_cash_flow"", ""canonical_name"": ""operating_cash_flow"", ""clean_run_id"": ""66bebf1c-8b64-42a6-a970-1dbf1ecb395f"", ""currency"": ""CNY"", ""fiscal_period"": ""Q1"", ""pit_status"": ""PIT_ELIGIBLE"", ""report_date"": ""2026-03-31T00:00:00"", ""source_field"": ""NETCASH_OPERATE"", ""source_run_id"": ""df86486a-9a54-4920-a4db-2553f907af92"", ""source_sha256"": ""8db5581a1639b38ac15362a435aac0081fa2828b97a20cda8e047785d3bb17b0"", ""source_table"": ""fact_cash_flow_statement"", ""update_date"": ""2026-04-28T00:00:00""}, {""announcement_date"": ""2026-04-28T00:00:00"", ""canonical_key"": ""002361|income_statement|2026-03-31|net_profit"", ""canonical_name"": ""net_profit"", ""clean_run_id"": ""66bebf1c-8b64-42a6-a970-1dbf1ecb395f"", ""currency"": ""CNY"", ""fiscal_period"": ""Q1"", ""pit_status"": ""PIT_ELIGIBLE"", ""report_date"": ""2026-03-31T00:00:00"", ""source_field"": ""NETPROFIT"", ""source_run_id"": ""df86486a-9a54-4920-a4db-2553f907af92"", ""source_sha256"": ""f9f61036a17e867243d3f024532512ae8dd0cf5e4b3d0458a1d9e14d32d02f5d"", ""source_table"": ""fact_income_statement"", ""update_date"": ""2026-04-28T00:00:00""}]",fundamental_feature_long_v1,AVAILABLE
1bc599a7-17eb-4cc8-a543-8c0baaa7c3b8,002361,A,2026-07-27,operating_cash_flow,-199946906.95,PASS,,latest PIT operating_cash_flow normalized_value,currency,latest_available_report_period cumulative,2026-03-31,2026-04-28,2026-04-28,"[""2026-03-31T00:00:00""]","[""2026-04-28T00:00:00""]","[""2026-04-28T00:00:00""]","[""NETCASH_OPERATE""]","[""fact_cash_flow_statement""]","[""002361|cash_flow_statement|2026-03-31|operating_cash_flow""]","[""df86486a-9a54-4920-a4db-2553f907af92""]","[""66bebf1c-8b64-42a6-a970-1dbf1ecb395f""]","[""8db5581a1639b38ac15362a435aac0081fa2828b97a20cda8e047785d3bb17b0""]","[""CNY""]","[""Q1""]","[{""announcement_date"": ""2026-04-28T00:00:00"", ""canonical_key"": ""002361|cash_flow_statement|2026-03-31|operating_cash_flow"", ""canonical_name"": ""operating_cash_flow"", ""clean_run_id"": ""66bebf1c-8b64-42a6-a970-1dbf1ecb395f"", ""currency"": ""CNY"", ""fiscal_period"": ""Q1"", ""pit_status"": ""PIT_ELIGIBLE"", ""report_date"": ""2026-03-31T00:00:00"", ""source_field"": ""NETCASH_OPERATE"", ""source_run_id"": ""df86486a-9a54-4920-a4db-2553f907af92"", ""source_sha256"": ""8db5581a1639b38ac15362a435aac0081fa2828b97a20cda8e047785d3bb17b0"", ""source_table"": ""fact_cash_flow_statement"", ""update_date"": ""2026-04-28T00:00:00""}]",fundamental_feature_long_v1,AVAILABLE
1bc599a7-17eb-4cc8-a543-8c0baaa7c3b8,002361,A,2026-07-27,revenue,491226512.02,PASS,,latest PIT revenue normalized_value,currency,latest_available_report_period,2026-03-31,2026-04-28,2026-04-28,"[""2026-03-31T00:00:00""]","[""2026-04-28T00:00:00""]","[""2026-04-28T00:00:00""]","[""TOTAL_OPERATE_INCOME""]","[""fact_income_statement""]","[""002361|income_statement|2026-03-31|revenue""]","[""df86486a-9a54-4920-a4db-2553f907af92""]","[""66bebf1c-8b64-42a6-a970-1dbf1ecb395f""]","[""f9f61036a17e867243d3f024532512ae8dd0cf5e4b3d0458a1d9e14d32d02f5d""]","[""CNY""]","[""Q1""]","[{""announcement_date"": ""2026-04-28T00:00:00"", ""canonical_key"": ""002361|income_statement|2026-03-31|revenue"", ""canonical_name"": ""revenue"", ""clean_run_id"": ""66bebf1c-8b64-42a6-a970-1dbf1ecb395f"", ""currency"": ""CNY"", ""fiscal_period"": ""Q1"", ""pit_status"": ""PIT_ELIGIBLE"", ""report_date"": ""2026-03-31T00:00:00"", ""source_field"": ""TOTAL_OPERATE_INCOME"", ""source_run_id"": ""df86486a-9a54-4920-a4db-2553f907af92"", ""source_sha256"": ""f9f61036a17e867243d3f024532512ae8dd0cf5e4b3d0458a1d9e14d32d02f5d"", ""source_table"": ""fact_income_statement"", ""update_date"": ""2026-04-28T00:00:00""}]",fundamental_feature_long_v1,AVAILABLE
1bc599a7-17eb-4cc8-a543-8c0baaa7c3b8,002361,A,2026-07-27,revenue_yoy,-0.054943038743204275,PASS,,revenue(t)/revenue(t-1 same fiscal_period)-1,ratio,same_fiscal_period_prior_year,2026-03-31,2026-04-28,2026-04-28,"[""2025-03-31T00:00:00"", ""2026-03-31T00:00:00""]","[""2025-04-25T00:00:00"", ""2026-04-28T00:00:00""]","[""2026-04-28T00:00:00""]","[""TOTAL_OPERATE_INCOME""]","[""fact_income_statement""]","[""002361|income_statement|2025-03-31|revenue"", ""002361|income_statement|2026-03-31|revenue""]","[""df86486a-9a54-4920-a4db-2553f907af92""]","[""66bebf1c-8b64-42a6-a970-1dbf1ecb395f""]","[""f9f61036a17e867243d3f024532512ae8dd0cf5e4b3d0458a1d9e14d32d02f5d""]","[""CNY""]","[""Q1""]","[{""announcement_date"": ""2026-04-28T00:00:00"", ""canonical_key"": ""002361|income_statement|2026-03-31|revenue"", ""canonical_name"": ""revenue"", ""clean_run_id"": ""66bebf1c-8b64-42a6-a970-1dbf1ecb395f"", ""currency"": ""CNY"", ""fiscal_period"": ""Q1"", ""pit_status"": ""PIT_ELIGIBLE"", ""report_date"": ""2026-03-31T00:00:00"", ""source_field"": ""TOTAL_OPERATE_INCOME"", ""source_run_id"": ""df86486a-9a54-4920-a4db-2553f907af92"", ""source_sha256"": ""f9f61036a17e867243d3f024532512ae8dd0cf5e4b3d0458a1d9e14d32d02f5d"", ""source_table"": ""fact_income_statement"", ""update_date"": ""2026-04-28T00:00:00""}, {""announcement_date"": ""2025-04-25T00:00:00"", ""canonical_key"": ""002361|income_statement|2025-03-31|revenue"", ""canonical_name"": ""revenue"", ""clean_run_id"": ""66bebf1c-8b64-42a6-a970-1dbf1ecb395f"", ""currency"": ""CNY"", ""fiscal_period"": ""Q1"", ""pit_status"": ""PIT_ELIGIBLE"", ""report_date"": ""2025-03-31T00:00:00"", ""source_field"": ""TOTAL_OPERATE_INCOME"", ""source_run_id"": ""df86486a-9a54-4920-a4db-2553f907af92"", ""source_sha256"": ""f9f61036a17e867243d3f024532512ae8dd0cf5e4b3d0458a1d9e14d32d02f5d"", ""source_table"": ""fact_income_statement"", ""update_date"": ""2026-04-28T00:00:00""}]",fundamental_feature_long_v1,AVAILABLE
1bc599a7-17eb-4cc8-a543-8c0baaa7c3b8,002361,A,2026-07-27,roa,,UNAVAILABLE,ANNUAL_OR_PRIOR_BALANCE_UNAVAILABLE,"annual net_profit/average(current FY total_assets,prior FY total_assets)",ratio,latest FY with prior comparable FY balance,2025-12-31,2026-04-28,2026-04-28,"[""2025-12-31T00:00:00""]","[""2026-04-28T00:00:00""]","[""2026-04-28T00:00:00""]","[""NETPROFIT""]","[""fact_income_statement""]","[""002361|income_statement|2025-12-31|net_profit""]","[""df86486a-9a54-4920-a4db-2553f907af92""]","[""66bebf1c-8b64-42a6-a970-1dbf1ecb395f""]","[""f9f61036a17e867243d3f024532512ae8dd0cf5e4b3d0458a1d9e14d32d02f5d""]","[""CNY""]","[""FY""]","[{""announcement_date"": ""2026-04-28T00:00:00"", ""canonical_key"": ""002361|income_statement|2025-12-31|net_profit"", ""canonical_name"": ""net_profit"", ""clean_run_id"": ""66bebf1c-8b64-42a6-a970-1dbf1ecb395f"", ""currency"": ""CNY"", ""fiscal_period"": ""FY"", ""pit_status"": ""PIT_ELIGIBLE"", ""report_date"": ""2025-12-31T00:00:00"", ""source_field"": ""NETPROFIT"", ""source_run_id"": ""df86486a-9a54-4920-a4db-2553f907af92"", ""source_sha256"": ""f9f61036a17e867243d3f024532512ae8dd0cf5e4b3d0458a1d9e14d32d02f5d"", ""source_table"": ""fact_income_statement"", ""update_date"": ""2026-04-28T00:00:00""}]",fundamental_feature_long_v1,PRESERVE_NULL_UNAVAILABLE
1bc599a7-17eb-4cc8-a543-8c0baaa7c3b8,002361,A,2026-07-27,roe,,UNAVAILABLE,ANNUAL_OR_PRIOR_BALANCE_UNAVAILABLE,"annual parent_net_profit/average(current FY parent_equity,prior FY parent_equity)",ratio,latest FY with prior comparable FY balance,2025-12-31,2026-04-28,2026-04-28,"[""2025-12-31T00:00:00""]","[""2026-04-28T00:00:00""]","[""2026-04-28T00:00:00""]","[""PARENT_NETPROFIT""]","[""fact_income_statement""]","[""002361|income_statement|2025-12-31|parent_net_profit""]","[""df86486a-9a54-4920-a4db-2553f907af92""]","[""66bebf1c-8b64-42a6-a970-1dbf1ecb395f""]","[""f9f61036a17e867243d3f024532512ae8dd0cf5e4b3d0458a1d9e14d32d02f5d""]","[""CNY""]","[""FY""]","[{""announcement_date"": ""2026-04-28T00:00:00"", ""canonical_key"": ""002361|income_statement|2025-12-31|parent_net_profit"", ""canonical_name"": ""parent_net_profit"", ""clean_run_id"": ""66bebf1c-8b64-42a6-a970-1dbf1ecb395f"", ""currency"": ""CNY"", ""fiscal_period"": ""FY"", ""pit_status"": ""PIT_ELIGIBLE"", ""report_date"": ""2025-12-31T00:00:00"", ""source_field"": ""PARENT_NETPROFIT"", ""source_run_id"": ""df86486a-9a54-4920-a4db-2553f907af92"", ""source_sha256"": ""f9f61036a17e867243d3f024532512ae8dd0cf5e4b3d0458a1d9e14d32d02f5d"", ""source_table"": ""fact_income_statement"", ""update_date"": ""2026-04-28T00:00:00""}]",fundamental_feature_long_v1,PRESERVE_NULL_UNAVAILABLE
1bc599a7-17eb-4cc8-a543-8c0baaa7c3b8,002361,A,2026-07-27,total_assets,4561253342.7,PASS,,latest PIT total_assets normalized_value,currency,latest_available_report_period,2026-03-31,2026-04-28,2026-04-28,"[""2026-03-31T00:00:00""]","[""2026-04-28T00:00:00""]","[""2026-04-28T00:00:00""]","[""TOTAL_ASSETS""]","[""fact_balance_sheet""]","[""002361|balance_sheet|2026-03-31|total_assets""]","[""df86486a-9a54-4920-a4db-2553f907af92""]","[""66bebf1c-8b64-42a6-a970-1dbf1ecb395f""]","[""1d7d625011ea3cc5274a5f98d48edf2b50d9281f43d19c2d72e6204e5a9ab086""]","[""CNY""]","[""Q1""]","[{""announcement_date"": ""2026-04-28T00:00:00"", ""canonical_key"": ""002361|balance_sheet|2026-03-31|total_assets"", ""canonical_name"": ""total_assets"", ""clean_run_id"": ""66bebf1c-8b64-42a6-a970-1dbf1ecb395f"", ""currency"": ""CNY"", ""fiscal_period"": ""Q1"", ""pit_status"": ""PIT_ELIGIBLE"", ""report_date"": ""2026-03-31T00:00:00"", ""source_field"": ""TOTAL_ASSETS"", ""source_run_id"": ""df86486a-9a54-4920-a4db-2553f907af92"", ""source_sha256"": ""1d7d625011ea3cc5274a5f98d48edf2b50d9281f43d19c2d72e6204e5a9ab086"", ""source_table"": ""fact_balance_sheet"", ""update_date"": ""2026-04-28T00:00:00""}]",fundamental_feature_long_v1,AVAILABLE
1bc599a7-17eb-4cc8-a543-8c0baaa7c3b8,002361,A,2026-07-27,total_equity,2201827322.89,PASS,,latest PIT net_assets normalized_value,currency,latest_available_report_period,2026-03-31,2026-04-28,2026-04-28,"[""2026-03-31T00:00:00""]","[""2026-04-28T00:00:00""]","[""2026-04-28T00:00:00""]","[""TOTAL_EQUITY""]","[""fact_balance_sheet""]","[""002361|balance_sheet|2026-03-31|net_assets""]","[""df86486a-9a54-4920-a4db-2553f907af92""]","[""66bebf1c-8b64-42a6-a970-1dbf1ecb395f""]","[""1d7d625011ea3cc5274a5f98d48edf2b50d9281f43d19c2d72e6204e5a9ab086""]","[""CNY""]","[""Q1""]","[{""announcement_date"": ""2026-04-28T00:00:00"", ""canonical_key"": ""002361|balance_sheet|2026-03-31|net_assets"", ""canonical_name"": ""net_assets"", ""clean_run_id"": ""66bebf1c-8b64-42a6-a970-1dbf1ecb395f"", ""currency"": ""CNY"", ""fiscal_period"": ""Q1"", ""pit_status"": ""PIT_ELIGIBLE"", ""report_date"": ""2026-03-31T00:00:00"", ""source_field"": ""TOTAL_EQUITY"", ""source_run_id"": ""df86486a-9a54-4920-a4db-2553f907af92"", ""source_sha256"": ""1d7d625011ea3cc5274a5f98d48edf2b50d9281f43d19c2d72e6204e5a9ab086"", ""source_table"": ""fact_balance_sheet"", ""update_date"": ""2026-04-28T00:00:00""}]",fundamental_feature_long_v1,AVAILABLE
1bc599a7-17eb-4cc8-a543-8c0baaa7c3b8,002600,A,2026-07-27,debt_to_asset,0.5573798479999761,PASS,,total_liabilities/total_assets at same report period,ratio,same_report_period stock values,2026-03-31,2026-04-30,2026-04-30,"[""2026-03-31T00:00:00""]","[""2026-04-30T00:00:00""]","[""2026-04-30T00:00:00""]","[""TOTAL_ASSETS"", ""TOTAL_LIABILITIES""]","[""fact_balance_sheet""]","[""002600|balance_sheet|2026-03-31|total_assets"", ""002600|balance_sheet|2026-03-31|total_liabilities""]","[""df86486a-9a54-4920-a4db-2553f907af92""]","[""66bebf1c-8b64-42a6-a970-1dbf1ecb395f""]","[""0fdd787d381a681a4f5fc0027429622fabec366fb712517f0c46fd46bcae43e7""]","[""CNY""]","[""Q1""]","[{""announcement_date"": ""2026-04-30T00:00:00"", ""canonical_key"": ""002600|balance_sheet|2026-03-31|total_liabilities"", ""canonical_name"": ""total_liabilities"", ""clean_run_id"": ""66bebf1c-8b64-42a6-a970-1dbf1ecb395f"", ""currency"": ""CNY"", ""fiscal_period"": ""Q1"", ""pit_status"": ""PIT_ELIGIBLE"", ""report_date"": ""2026-03-31T00:00:00"", ""source_field"": ""TOTAL_LIABILITIES"", ""source_run_id"": ""df86486a-9a54-4920-a4db-2553f907af92"", ""source_sha256"": ""0fdd787d381a681a4f5fc0027429622fabec366fb712517f0c46fd46bcae43e7"", ""source_table"": ""fact_balance_sheet"", ""update_date"": ""2026-04-30T00:00:00""}, {""announcement_date"": ""2026-04-30T00:00:00"", ""canonical_key"": ""002600|balance_sheet|2026-03-31|total_assets"", ""canonical_name"": ""total_assets"", ""clean_run_id"": ""66bebf1c-8b64-42a6-a970-1dbf1ecb395f"", ""currency"": ""CNY"", ""fiscal_period"": ""Q1"", ""pit_status"": ""PIT_ELIGIBLE"", ""report_date"": ""2026-03-31T00:00:00"", ""source_field"": ""TOTAL_ASSETS"", ""source_run_id"": ""df86486a-9a54-4920-a4db-2553f907af92"", ""source_sha256"": ""0fdd787d381a681a4f5fc0027429622fabec366fb712517f0c46fd46bcae43e7"", ""source_table"": ""fact_balance_sheet"", ""update_date"": ""2026-04-30T00:00:00""}]",fundamental_feature_long_v1,AVAILABLE
1bc599a7-17eb-4cc8-a543-8c0baaa7c3b8,002600,A,2026-07-27,net_margin,0.03170194021533616,PASS,,net_profit/revenue at same report period,ratio,same_report_period cumulative,2026-03-31,2026-04-30,2026-04-30,"[""2026-03-31T00:00:00""]","[""2026-04-30T00:00:00""]","[""2026-04-30T00:00:00""]","[""NETPROFIT"", ""TOTAL_OPERATE_INCOME""]","[""fact_income_statement""]","[""002600|income_statement|2026-03-31|net_profit"", ""002600|income_statement|2026-03-31|revenue""]","[""df86486a-9a54-4920-a4db-2553f907af92""]","[""66bebf1c-8b64-42a6-a970-1dbf1ecb395f""]","[""43179d25512274717b5d9407683aa9bc8b2d35327d85c2efcd46bde1a98491c8""]","[""CNY""]","[""Q1""]","[{""announcement_date"": ""2026-04-30T00:00:00"", ""canonical_key"": ""002600|income_statement|2026-03-31|net_profit"", ""canonical_name"": ""net_profit"", ""clean_run_id"": ""66bebf1c-8b64-42a6-a970-1dbf1ecb395f"", ""currency"": ""CNY"", ""fiscal_period"": ""Q1"", ""pit_status"": ""PIT_ELIGIBLE"", ""report_date"": ""2026-03-31T00:00:00"", ""source_field"": ""NETPROFIT"", ""source_run_id"": ""df86486a-9a54-4920-a4db-2553f907af92"", ""source_sha256"": ""43179d25512274717b5d9407683aa9bc8b2d35327d85c2efcd46bde1a98491c8"", ""source_table"": ""fact_income_statement"", ""update_date"": ""2026-04-30T00:00:00""}, {""announcement_date"": ""2026-04-30T00:00:00"", ""canonical_key"": ""002600|income_statement|2026-03-31|revenue"", ""canonical_name"": ""revenue"", ""clean_run_id"": ""66bebf1c-8b64-42a6-a970-1dbf1ecb395f"", ""currency"": ""CNY"", ""fiscal_period"": ""Q1"", ""pit_status"": ""PIT_ELIGIBLE"", ""report_date"": ""2026-03-31T00:00:00"", ""source_field"": ""TOTAL_OPERATE_INCOME"", ""source_run_id"": ""df86486a-9a54-4920-a4db-2553f907af92"", ""source_sha256"": ""43179d25512274717b5d9407683aa9bc8b2d35327d85c2efcd46bde1a98491c8"", ""source_table"": ""fact_income_statement"", ""update_date"": ""2026-04-30T00:00:00""}]",fundamental_feature_long_v1,AVAILABLE
1bc599a7-17eb-4cc8-a543-8c0baaa7c3b8,002600,A,2026-07-27,net_profit,400806549.78,PASS,,latest PIT net_profit normalized_value,currency,latest_available_report_period,2026-03-31,2026-04-30,2026-04-30,"[""2026-03-31T00:00:00""]","[""2026-04-30T00:00:00""]","[""2026-04-30T00:00:00""]","[""NETPROFIT""]","[""fact_income_statement""]","[""002600|income_statement|2026-03-31|net_profit""]","[""df86486a-9a54-4920-a4db-2553f907af92""]","[""66bebf1c-8b64-42a6-a970-1dbf1ecb395f""]","[""43179d25512274717b5d9407683aa9bc8b2d35327d85c2efcd46bde1a98491c8""]","[""CNY""]","[""Q1""]","[{""announcement_date"": ""2026-04-30T00:00:00"", ""canonical_key"": ""002600|income_statement|2026-03-31|net_profit"", ""canonical_name"": ""net_profit"", ""clean_run_id"": ""66bebf1c-8b64-42a6-a970-1dbf1ecb395f"", ""currency"": ""CNY"", ""fiscal_period"": ""Q1"", ""pit_status"": ""PIT_ELIGIBLE"", ""report_date"": ""2026-03-31T00:00:00"", ""source_field"": ""NETPROFIT"", ""source_run_id"": ""df86486a-9a54-4920-a4db-2553f907af92"", ""source_sha256"": ""43179d25512274717b5d9407683aa9bc8b2d35327d85c2efcd46bde1a98491c8"", ""source_table"": ""fact_income_statement"", ""update_date"": ""2026-04-30T00:00:00""}]",fundamental_feature_long_v1,AVAILABLE
1bc599a7-17eb-4cc8-a543-8c0baaa7c3b8,002600,A,2026-07-27,net_profit_yoy,-0.29427755591260873,PASS,,net_profit(t)/net_profit(t-1 same fiscal_period)-1,ratio,same_fiscal_period_prior_year,2026-03-31,2026-04-30,2026-04-30,"[""2025-03-31T00:00:00"", ""2026-03-31T00:00:00""]","[""2025-04-29T00:00:00"", ""2026-04-30T00:00:00""]","[""2026-04-30T00:00:00""]","[""NETPROFIT""]","[""fact_income_statement""]","[""002600|income_statement|2025-03-31|net_profit"", ""002600|income_statement|2026-03-31|net_profit""]","[""df86486a-9a54-4920-a4db-2553f907af92""]","[""66bebf1c-8b64-42a6-a970-1dbf1ecb395f""]","[""43179d25512274717b5d9407683aa9bc8b2d35327d85c2efcd46bde1a98491c8""]","[""CNY""]","[""Q1""]","[{""announcement_date"": ""2026-04-30T00:00:00"", ""canonical_key"": ""002600|income_statement|2026-03-31|net_profit"", ""canonical_name"": ""net_profit"", ""clean_run_id"": ""66bebf1c-8b64-42a6-a970-1dbf1ecb395f"", ""currency"": ""CNY"", ""fiscal_period"": ""Q1"", ""pit_status"": ""PIT_ELIGIBLE"", ""report_date"": ""2026-03-31T00:00:00"", ""source_field"": ""NETPROFIT"", ""source_run_id"": ""df86486a-9a54-4920-a4db-2553f907af92"", ""source_sha256"": ""43179d25512274717b5d9407683aa9bc8b2d35327d85c2efcd46bde1a98491c8"", ""source_table"": ""fact_income_statement"", ""update_date"": ""2026-04-30T00:00:00""}, {""announcement_date"": ""2025-04-29T00:00:00"", ""canonical_key"": ""002600|income_statement|2025-03-31|net_profit"", ""canonical_name"": ""net_profit"", ""clean_run_id"": ""66bebf1c-8b64-42a6-a970-1dbf1ecb395f"", ""currency"": ""CNY"", ""fiscal_period"": ""Q1"", ""pit_status"": ""PIT_ELIGIBLE"", ""report_date"": ""2025-03-31T00:00:00"", ""source_field"": ""NETPROFIT"", ""source_run_id"": ""df86486a-9a54-4920-a4db-2553f907af92"", ""source_sha256"": ""43179d25512274717b5d9407683aa9bc8b2d35327d85c2efcd46bde1a98491c8"", ""source_table"": ""fact_income_statement"", ""update_date"": ""2026-04-30T00:00:00""}]",fundamental_feature_long_v1,AVAILABLE
1bc599a7-17eb-4cc8-a543-8c0baaa7c3b8,002600,A,2026-07-27,ocf_to_net_profit,1.9772513604755098,PASS,,operating_cash_flow/net_profit at same report period,ratio,same_report_period cumulative,2026-03-31,2026-04-30,2026-04-30,"[""2026-03-31T00:00:00""]","[""2026-04-30T00:00:00""]","[""2026-04-30T00:00:00""]","[""NETCASH_OPERATE"", ""NETPROFIT""]","[""fact_cash_flow_statement"", ""fact_income_statement""]","[""002600|cash_flow_statement|2026-03-31|operating_cash_flow"", ""002600|income_statement|2026-03-31|net_profit""]","[""df86486a-9a54-4920-a4db-2553f907af92""]","[""66bebf1c-8b64-42a6-a970-1dbf1ecb395f""]","[""43179d25512274717b5d9407683aa9bc8b2d35327d85c2efcd46bde1a98491c8"", ""b577392bfbe66a9e2132b9a009e0a0a16a978d07ac412d6d52942429a6e6f6a8""]","[""CNY""]","[""Q1""]","[{""announcement_date"": ""2026-04-30T00:00:00"", ""canonical_key"": ""002600|cash_flow_statement|2026-03-31|operating_cash_flow"", ""canonical_name"": ""operating_cash_flow"", ""clean_run_id"": ""66bebf1c-8b64-42a6-a970-1dbf1ecb395f"", ""currency"": ""CNY"", ""fiscal_period"": ""Q1"", ""pit_status"": ""PIT_ELIGIBLE"", ""report_date"": ""2026-03-31T00:00:00"", ""source_field"": ""NETCASH_OPERATE"", ""source_run_id"": ""df86486a-9a54-4920-a4db-2553f907af92"", ""source_sha256"": ""b577392bfbe66a9e2132b9a009e0a0a16a978d07ac412d6d52942429a6e6f6a8"", ""source_table"": ""fact_cash_flow_statement"", ""update_date"": ""2026-04-30T00:00:00""}, {""announcement_date"": ""2026-04-30T00:00:00"", ""canonical_key"": ""002600|income_statement|2026-03-31|net_profit"", ""canonical_name"": ""net_profit"", ""clean_run_id"": ""66bebf1c-8b64-42a6-a970-1dbf1ecb395f"", ""currency"": ""CNY"", ""fiscal_period"": ""Q1"", ""pit_status"": ""PIT_ELIGIBLE"", ""report_date"": ""2026-03-31T00:00:00"", ""source_field"": ""NETPROFIT"", ""source_run_id"": ""df86486a-9a54-4920-a4db-2553f907af92"", ""source_sha256"": ""43179d25512274717b5d9407683aa9bc8b2d35327d85c2efcd46bde1a98491c8"", ""source_table"": ""fact_income_statement"", ""update_date"": ""2026-04-30T00:00:00""}]",fundamental_feature_long_v1,AVAILABLE
1bc599a7-17eb-4cc8-a543-8c0baaa7c3b8,002600,A,2026-07-27,operating_cash_flow,792495295.84,PASS,,latest PIT operating_cash_flow normalized_value,currency,latest_available_report_period cumulative,2026-03-31,2026-04-30,2026-04-30,"[""2026-03-31T00:00:00""]","[""2026-04-30T00:00:00""]","[""2026-04-30T00:00:00""]","[""NETCASH_OPERATE""]","[""fact_cash_flow_statement""]","[""002600|cash_flow_statement|2026-03-31|operating_cash_flow""]","[""df86486a-9a54-4920-a4db-2553f907af92""]","[""66bebf1c-8b64-42a6-a970-1dbf1ecb395f""]","[""b577392bfbe66a9e2132b9a009e0a0a16a978d07ac412d6d52942429a6e6f6a8""]","[""CNY""]","[""Q1""]","[{""announcement_date"": ""2026-04-30T00:00:00"", ""canonical_key"": ""002600|cash_flow_statement|2026-03-31|operating_cash_flow"", ""canonical_name"": ""operating_cash_flow"", ""clean_run_id"": ""66bebf1c-8b64-42a6-a970-1dbf1ecb395f"", ""currency"": ""CNY"", ""fiscal_period"": ""Q1"", ""pit_status"": ""PIT_ELIGIBLE"", ""report_date"": ""2026-03-31T00:00:00"", ""source_field"": ""NETCASH_OPERATE"", ""source_run_id"": ""df86486a-9a54-4920-a4db-2553f907af92"", ""source_sha256"": ""b577392bfbe66a9e2132b9a009e0a0a16a978d07ac412d6d52942429a6e6f6a8"", ""source_table"": ""fact_cash_flow_statement"", ""update_date"": ""2026-04-30T00:00:00""}]",fundamental_feature_long_v1,AVAILABLE
1bc599a7-17eb-4cc8-a543-8c0baaa7c3b8,002600,A,2026-07-27,revenue,12642965921.25,PASS,,latest PIT revenue normalized_value,currency,latest_available_report_period,2026-03-31,2026-04-30,2026-04-30,"[""2026-03-31T00:00:00""]","[""2026-04-30T00:00:00""]","[""2026-04-30T00:00:00""]","[""TOTAL_OPERATE_INCOME""]","[""fact_income_statement""]","[""002600|income_statement|2026-03-31|revenue""]","[""df86486a-9a54-4920-a4db-2553f907af92""]","[""66bebf1c-8b64-42a6-a970-1dbf1ecb395f""]","[""43179d25512274717b5d9407683aa9bc8b2d35327d85c2efcd46bde1a98491c8""]","[""CNY""]","[""Q1""]","[{""announcement_date"": ""2026-04-30T00:00:00"", ""canonical_key"": ""002600|income_statement|2026-03-31|revenue"", ""canonical_name"": ""revenue"", ""clean_run_id"": ""66bebf1c-8b64-42a6-a970-1dbf1ecb395f"", ""currency"": ""CNY"", ""fiscal_period"": ""Q1"", ""pit_status"": ""PIT_ELIGIBLE"", ""report_date"": ""2026-03-31T00:00:00"", ""source_field"": ""TOTAL_OPERATE_INCOME"", ""source_run_id"": ""df86486a-9a54-4920-a4db-2553f907af92"", ""source_sha256"": ""43179d25512274717b5d9407683aa9bc8b2d35327d85c2efcd46bde1a98491c8"", ""source_table"": ""fact_income_statement"", ""update_date"": ""2026-04-30T00:00:00""}]",fundamental_feature_long_v1,AVAILABLE
1bc599a7-17eb-4cc8-a543-8c0baaa7c3b8,002600,A,2026-07-27,revenue_yoy,0.09993565128572235,PASS,,revenue(t)/revenue(t-1 same fiscal_period)-1,ratio,same_fiscal_period_prior_year,2026-03-31,2026-04-30,2026-04-30,"[""2025-03-31T00:00:00"", ""2026-03-31T00:00:00""]","[""2025-04-29T00:00:00"", ""2026-04-30T00:00:00""]","[""2026-04-30T00:00:00""]","[""TOTAL_OPERATE_INCOME""]","[""fact_income_statement""]","[""002600|income_statement|2025-03-31|revenue"", ""002600|income_statement|2026-03-31|revenue""]","[""df86486a-9a54-4920-a4db-2553f907af92""]","[""66bebf1c-8b64-42a6-a970-1dbf1ecb395f""]","[""43179d25512274717b5d9407683aa9bc8b2d35327d85c2efcd46bde1a98491c8""]","[""CNY""]","[""Q1""]","[{""announcement_date"": ""2026-04-30T00:00:00"", ""canonical_key"": ""002600|income_statement|2026-03-31|revenue"", ""canonical_name"": ""revenue"", ""clean_run_id"": ""66bebf1c-8b64-42a6-a970-1dbf1ecb395f"", ""currency"": ""CNY"", ""fiscal_period"": ""Q1"", ""pit_status"": ""PIT_ELIGIBLE"", ""report_date"": ""2026-03-31T00:00:00"", ""source_field"": ""TOTAL_OPERATE_INCOME"", ""source_run_id"": ""df86486a-9a54-4920-a4db-2553f907af92"", ""source_sha256"": ""43179d25512274717b5d9407683aa9bc8b2d35327d85c2efcd46bde1a98491c8"", ""source_table"": ""fact_income_statement"", ""update_date"": ""2026-04-30T00:00:00""}, {""announcement_date"": ""2025-04-29T00:00:00"", ""canonical_key"": ""002600|income_statement|2025-03-31|revenue"", ""canonical_name"": ""revenue"", ""clean_run_id"": ""66bebf1c-8b64-42a6-a970-1dbf1ecb395f"", ""currency"": ""CNY"", ""fiscal_period"": ""Q1"", ""pit_status"": ""PIT_ELIGIBLE"", ""report_date"": ""2025-03-31T00:00:00"", ""source_field"": ""TOTAL_OPERATE_INCOME"", ""source_run_id"": ""df86486a-9a54-4920-a4db-2553f907af92"", ""source_sha256"": ""43179d25512274717b5d9407683aa9bc8b2d35327d85c2efcd46bde1a98491c8"", ""source_table"": ""fact_income_statement"", ""update_date"": ""2026-04-30T00:00:00""}]",fundamental_feature_long_v1,AVAILABLE
1bc599a7-17eb-4cc8-a543-8c0baaa7c3b8,002600,A,2026-07-27,roa,0.04513989936694941,PASS,,"annual net_profit/average(current FY total_assets,prior FY total_assets)",ratio,latest FY with prior comparable FY balance,2025-12-31,2026-03-28,2026-04-30,"[""2024-12-31T00:00:00"", ""2025-12-31T00:00:00""]","[""2025-03-29T00:00:00"", ""2026-03-28T00:00:00""]","[""2026-03-28T00:00:00"", ""2026-04-30T00:00:00""]","[""NETPROFIT"", ""TOTAL_ASSETS""]","[""fact_balance_sheet"", ""fact_income_statement""]","[""002600|balance_sheet|2024-12-31|total_assets"", ""002600|balance_sheet|2025-12-31|total_assets"", ""002600|income_statement|2025-12-31|net_profit""]","[""df86486a-9a54-4920-a4db-2553f907af92""]","[""66bebf1c-8b64-42a6-a970-1dbf1ecb395f""]","[""0fdd787d381a681a4f5fc0027429622fabec366fb712517f0c46fd46bcae43e7"", ""43179d25512274717b5d9407683aa9bc8b2d35327d85c2efcd46bde1a98491c8""]","[""CNY""]","[""FY""]","[{""announcement_date"": ""2026-03-28T00:00:00"", ""canonical_key"": ""002600|income_statement|2025-12-31|net_profit"", ""canonical_name"": ""net_profit"", ""clean_run_id"": ""66bebf1c-8b64-42a6-a970-1dbf1ecb395f"", ""currency"": ""CNY"", ""fiscal_period"": ""FY"", ""pit_status"": ""PIT_ELIGIBLE"", ""report_date"": ""2025-12-31T00:00:00"", ""source_field"": ""NETPROFIT"", ""source_run_id"": ""df86486a-9a54-4920-a4db-2553f907af92"", ""source_sha256"": ""43179d25512274717b5d9407683aa9bc8b2d35327d85c2efcd46bde1a98491c8"", ""source_table"": ""fact_income_statement"", ""update_date"": ""2026-03-28T00:00:00""}, {""announcement_date"": ""2026-03-28T00:00:00"", ""canonical_key"": ""002600|balance_sheet|2025-12-31|total_assets"", ""canonical_name"": ""total_assets"", ""clean_run_id"": ""66bebf1c-8b64-42a6-a970-1dbf1ecb395f"", ""currency"": ""CNY"", ""fiscal_period"": ""FY"", ""pit_status"": ""PIT_ELIGIBLE"", ""report_date"": ""2025-12-31T00:00:00"", ""source_field"": ""TOTAL_ASSETS"", ""source_run_id"": ""df86486a-9a54-4920-a4db-2553f907af92"", ""source_sha256"": ""0fdd787d381a681a4f5fc0027429622fabec366fb712517f0c46fd46bcae43e7"", ""source_table"": ""fact_balance_sheet"", ""update_date"": ""2026-04-30T00:00:00""}, {""announcement_date"": ""2025-03-29T00:00:00"", ""canonical_key"": ""002600|balance_sheet|2024-12-31|total_assets"", ""canonical_name"": ""total_assets"", ""clean_run_id"": ""66bebf1c-8b64-42a6-a970-1dbf1ecb395f"", ""currency"": ""CNY"", ""fiscal_period"": ""FY"", ""pit_status"": ""PIT_ELIGIBLE"", ""report_date"": ""2024-12-31T00:00:00"", ""source_field"": ""TOTAL_ASSETS"", ""source_run_id"": ""df86486a-9a54-4920-a4db-2553f907af92"", ""source_sha256"": ""0fdd787d381a681a4f5fc0027429622fabec366fb712517f0c46fd46bcae43e7"", ""source_table"": ""fact_balance_sheet"", ""update_date"": ""2026-03-28T00:00:00""}]",fundamental_feature_long_v1,AVAILABLE
1bc599a7-17eb-4cc8-a543-8c0baaa7c3b8,002600,A,2026-07-27,roe,0.104399155788072,PASS,,"annual parent_net_profit/average(current FY parent_equity,prior FY parent_equity)",ratio,latest FY with prior comparable FY balance,2025-12-31,2026-03-28,2026-04-30,"[""2024-12-31T00:00:00"", ""2025-12-31T00:00:00""]","[""2025-03-29T00:00:00"", ""2026-03-28T00:00:00""]","[""2026-03-28T00:00:00"", ""2026-04-30T00:00:00""]","[""PARENT_NETPROFIT"", ""TOTAL_PARENT_EQUITY""]","[""fact_balance_sheet"", ""fact_income_statement""]","[""002600|balance_sheet|2024-12-31|parent_equity"", ""002600|balance_sheet|2025-12-31|parent_equity"", ""002600|income_statement|2025-12-31|parent_net_profit""]","[""df86486a-9a54-4920-a4db-2553f907af92""]","[""66bebf1c-8b64-42a6-a970-1dbf1ecb395f""]","[""0fdd787d381a681a4f5fc0027429622fabec366fb712517f0c46fd46bcae43e7"", ""43179d25512274717b5d9407683aa9bc8b2d35327d85c2efcd46bde1a98491c8""]","[""CNY""]","[""FY""]","[{""announcement_date"": ""2026-03-28T00:00:00"", ""canonical_key"": ""002600|income_statement|2025-12-31|parent_net_profit"", ""canonical_name"": ""parent_net_profit"", ""clean_run_id"": ""66bebf1c-8b64-42a6-a970-1dbf1ecb395f"", ""currency"": ""CNY"", ""fiscal_period"": ""FY"", ""pit_status"": ""PIT_ELIGIBLE"", ""report_date"": ""2025-12-31T00:00:00"", ""source_field"": ""PARENT_NETPROFIT"", ""source_run_id"": ""df86486a-9a54-4920-a4db-2553f907af92"", ""source_sha256"": ""43179d25512274717b5d9407683aa9bc8b2d35327d85c2efcd46bde1a98491c8"", ""source_table"": ""fact_income_statement"", ""update_date"": ""2026-03-28T00:00:00""}, {""announcement_date"": ""2026-03-28T00:00:00"", ""canonical_key"": ""002600|balance_sheet|2025-12-31|parent_equity"", ""canonical_name"": ""parent_equity"", ""clean_run_id"": ""66bebf1c-8b64-42a6-a970-1dbf1ecb395f"", ""currency"": ""CNY"", ""fiscal_period"": ""FY"", ""pit_status"": ""PIT_ELIGIBLE"", ""report_date"": ""2025-12-31T00:00:00"", ""source_field"": ""TOTAL_PARENT_EQUITY"", ""source_run_id"": ""df86486a-9a54-4920-a4db-2553f907af92"", ""source_sha256"": ""0fdd787d381a681a4f5fc0027429622fabec366fb712517f0c46fd46bcae43e7"", ""source_table"": ""fact_balance_sheet"", ""update_date"": ""2026-04-30T00:00:00""}, {""announcement_date"": ""2025-03-29T00:00:00"", ""canonical_key"": ""002600|balance_sheet|2024-12-31|parent_equity"", ""canonical_name"": ""parent_equity"", ""clean_run_id"": ""66bebf1c-8b64-42a6-a970-1dbf1ecb395f"", ""currency"": ""CNY"", ""fiscal_period"": ""FY"", ""pit_status"": ""PIT_ELIGIBLE"", ""report_date"": ""2024-12-31T00:00:00"", ""source_field"": ""TOTAL_PARENT_EQUITY"", ""source_run_id"": ""df86486a-9a54-4920-a4db-2553f907af92"", ""source_sha256"": ""0fdd787d381a681a4f5fc0027429622fabec366fb712517f0c46fd46bcae43e7"", ""source_table"": ""fact_balance_sheet"", ""update_date"": ""2026-03-28T00:00:00""}]",fundamental_feature_long_v1,AVAILABLE
1bc599a7-17eb-4cc8-a543-8c0baaa7c3b8,002600,A,2026-07-27,total_assets,56233162702.72,PASS,,latest PIT total_assets normalized_value,currency,latest_available_report_period,2026-03-31,2026-04-30,2026-04-30,"[""2026-03-31T00:00:00""]","[""2026-04-30T00:00:00""]","[""2026-04-30T00:00:00""]","[""TOTAL_ASSETS""]","[""fact_balance_sheet""]","[""002600|balance_sheet|2026-03-31|total_assets""]","[""df86486a-9a54-4920-a4db-2553f907af92""]","[""66bebf1c-8b64-42a6-a970-1dbf1ecb395f""]","[""0fdd787d381a681a4f5fc0027429622fabec366fb712517f0c46fd46bcae43e7""]","[""CNY""]","[""Q1""]","[{""announcement_date"": ""2026-04-30T00:00:00"", ""canonical_key"": ""002600|balance_sheet|2026-03-31|total_assets"", ""canonical_name"": ""total_assets"", ""clean_run_id"": ""66bebf1c-8b64-42a6-a970-1dbf1ecb395f"", ""currency"": ""CNY"", ""fiscal_period"": ""Q1"", ""pit_status"": ""PIT_ELIGIBLE"", ""report_date"": ""2026-03-31T00:00:00"", ""source_field"": ""TOTAL_ASSETS"", ""source_run_id"": ""df86486a-9a54-4920-a4db-2553f907af92"", ""source_sha256"": ""0fdd787d381a681a4f5fc0027429622fabec366fb712517f0c46fd46bcae43e7"", ""source_table"": ""fact_balance_sheet"", ""update_date"": ""2026-04-30T00:00:00""}]",fundamental_feature_long_v1,AVAILABLE
1bc599a7-17eb-4cc8-a543-8c0baaa7c3b8,002600,A,2026-07-27,total_equity,24889931022.92,PASS,,latest PIT net_assets normalized_value,currency,latest_available_report_period,2026-03-31,2026-04-30,2026-04-30,"[""2026-03-31T00:00:00""]","[""2026-04-30T00:00:00""]","[""2026-04-30T00:00:00""]","[""TOTAL_EQUITY""]","[""fact_balance_sheet""]","[""002600|balance_sheet|2026-03-31|net_assets""]","[""df86486a-9a54-4920-a4db-2553f907af92""]","[""66bebf1c-8b64-42a6-a970-1dbf1ecb395f""]","[""0fdd787d381a681a4f5fc0027429622fabec366fb712517f0c46fd46bcae43e7""]","[""CNY""]","[""Q1""]","[{""announcement_date"": ""2026-04-30T00:00:00"", ""canonical_key"": ""002600|balance_sheet|2026-03-31|net_assets"", ""canonical_name"": ""net_assets"", ""clean_run_id"": ""66bebf1c-8b64-42a6-a970-1dbf1ecb395f"", ""currency"": ""CNY"", ""fiscal_period"": ""Q1"", ""pit_status"": ""PIT_ELIGIBLE"", ""report_date"": ""2026-03-31T00:00:00"", ""source_field"": ""TOTAL_EQUITY"", ""source_run_id"": ""df86486a-9a54-4920-a4db-2553f907af92"", ""source_sha256"": ""0fdd787d381a681a4f5fc0027429622fabec366fb712517f0c46fd46bcae43e7"", ""source_table"": ""fact_balance_sheet"", ""update_date"": ""2026-04-30T00:00:00""}]",fundamental_feature_long_v1,AVAILABLE
1bc599a7-17eb-4cc8-a543-8c0baaa7c3b8,300274,A,2026-07-27,debt_to_asset,0.57514830892327,PASS,,total_liabilities/total_assets at same report period,ratio,same_report_period stock values,2026-03-31,2026-04-28,2026-04-28,"[""2026-03-31T00:00:00""]","[""2026-04-28T00:00:00""]","[""2026-04-28T00:00:00""]","[""TOTAL_ASSETS"", ""TOTAL_LIABILITIES""]","[""fact_balance_sheet""]","[""300274|balance_sheet|2026-03-31|total_assets"", ""300274|balance_sheet|2026-03-31|total_liabilities""]","[""df86486a-9a54-4920-a4db-2553f907af92""]","[""66bebf1c-8b64-42a6-a970-1dbf1ecb395f""]","[""3e387cda9d34608bbc999cccd4b6f68ff59677b3e54e98a1fd3feffbc6a5cb85""]","[""CNY""]","[""Q1""]","[{""announcement_date"": ""2026-04-28T00:00:00"", ""canonical_key"": ""300274|balance_sheet|2026-03-31|total_liabilities"", ""canonical_name"": ""total_liabilities"", ""clean_run_id"": ""66bebf1c-8b64-42a6-a970-1dbf1ecb395f"", ""currency"": ""CNY"", ""fiscal_period"": ""Q1"", ""pit_status"": ""PIT_ELIGIBLE"", ""report_date"": ""2026-03-31T00:00:00"", ""source_field"": ""TOTAL_LIABILITIES"", ""source_run_id"": ""df86486a-9a54-4920-a4db-2553f907af92"", ""source_sha256"": ""3e387cda9d34608bbc999cccd4b6f68ff59677b3e54e98a1fd3feffbc6a5cb85"", ""source_table"": ""fact_balance_sheet"", ""update_date"": ""2026-04-28T00:00:00""}, {""announcement_date"": ""2026-04-28T00:00:00"", ""canonical_key"": ""300274|balance_sheet|2026-03-31|total_assets"", ""canonical_name"": ""total_assets"", ""clean_run_id"": ""66bebf1c-8b64-42a6-a970-1dbf1ecb395f"", ""currency"": ""CNY"", ""fiscal_period"": ""Q1"", ""pit_status"": ""PIT_ELIGIBLE"", ""report_date"": ""2026-03-31T00:00:00"", ""source_field"": ""TOTAL_ASSETS"", ""source_run_id"": ""df86486a-9a54-4920-a4db-2553f907af92"", ""source_sha256"": ""3e387cda9d34608bbc999cccd4b6f68ff59677b3e54e98a1fd3feffbc6a5cb85"", ""source_table"": ""fact_balance_sheet"", ""update_date"": ""2026-04-28T00:00:00""}]",fundamental_feature_long_v1,AVAILABLE
1bc599a7-17eb-4cc8-a543-8c0baaa7c3b8,300274,A,2026-07-27,net_margin,0.1443342291231982,PASS,,net_profit/revenue at same report period,ratio,same_report_period cumulative,2026-03-31,2026-04-28,2026-04-28,"[""2026-03-31T00:00:00""]","[""2026-04-28T00:00:00""]","[""2026-04-28T00:00:00""]","[""NETPROFIT"", ""TOTAL_OPERATE_INCOME""]","[""fact_income_statement""]","[""300274|income_statement|2026-03-31|net_profit"", ""300274|income_statement|2026-03-31|revenue""]","[""df86486a-9a54-4920-a4db-2553f907af92""]","[""66bebf1c-8b64-42a6-a970-1dbf1ecb395f""]","[""2054c0df86f5136e7785131783c512daa8ec4a68cb30d98cacf50bdea292f530""]","[""CNY""]","[""Q1""]","[{""announcement_date"": ""2026-04-28T00:00:00"", ""canonical_key"": ""300274|income_statement|2026-03-31|net_profit"", ""canonical_name"": ""net_profit"", ""clean_run_id"": ""66bebf1c-8b64-42a6-a970-1dbf1ecb395f"", ""currency"": ""CNY"", ""fiscal_period"": ""Q1"", ""pit_status"": ""PIT_ELIGIBLE"", ""report_date"": ""2026-03-31T00:00:00"", ""source_field"": ""NETPROFIT"", ""source_run_id"": ""df86486a-9a54-4920-a4db-2553f907af92"", ""source_sha256"": ""2054c0df86f5136e7785131783c512daa8ec4a68cb30d98cacf50bdea292f530"", ""source_table"": ""fact_income_statement"", ""update_date"": ""2026-04-28T00:00:00""}, {""announcement_date"": ""2026-04-28T00:00:00"", ""canonical_key"": ""300274|income_statement|2026-03-31|revenue"", ""canonical_name"": ""revenue"", ""clean_run_id"": ""66bebf1c-8b64-42a6-a970-1dbf1ecb395f"", ""currency"": ""CNY"", ""fiscal_period"": ""Q1"", ""pit_status"": ""PIT_ELIGIBLE"", ""report_date"": ""2026-03-31T00:00:00"", ""source_field"": ""TOTAL_OPERATE_INCOME"", ""source_run_id"": ""df86486a-9a54-4920-a4db-2553f907af92"", ""source_sha256"": ""2054c0df86f5136e7785131783c512daa8ec4a68cb30d98cacf50bdea292f530"", ""source_table"": ""fact_income_statement"", ""update_date"": ""2026-04-28T00:00:00""}]",fundamental_feature_long_v1,AVAILABLE
1bc599a7-17eb-4cc8-a543-8c0baaa7c3b8,300274,A,2026-07-27,net_profit,2245933741.73,PASS,,latest PIT net_profit normalized_value,currency,latest_available_report_period,2026-03-31,2026-04-28,2026-04-28,"[""2026-03-31T00:00:00""]","[""2026-04-28T00:00:00""]","[""2026-04-28T00:00:00""]","[""NETPROFIT""]","[""fact_income_statement""]","[""300274|income_statement|2026-03-31|net_profit""]","[""df86486a-9a54-4920-a4db-2553f907af92""]","[""66bebf1c-8b64-42a6-a970-1dbf1ecb395f""]","[""2054c0df86f5136e7785131783c512daa8ec4a68cb30d98cacf50bdea292f530""]","[""CNY""]","[""Q1""]","[{""announcement_date"": ""2026-04-28T00:00:00"", ""canonical_key"": ""300274|income_statement|2026-03-31|net_profit"", ""canonical_name"": ""net_profit"", ""clean_run_id"": ""66bebf1c-8b64-42a6-a970-1dbf1ecb395f"", ""currency"": ""CNY"", ""fiscal_period"": ""Q1"", ""pit_status"": ""PIT_ELIGIBLE"", ""report_date"": ""2026-03-31T00:00:00"", ""source_field"": ""NETPROFIT"", ""source_run_id"": ""df86486a-9a54-4920-a4db-2553f907af92"", ""source_sha256"": ""2054c0df86f5136e7785131783c512daa8ec4a68cb30d98cacf50bdea292f530"", ""source_table"": ""fact_income_statement"", ""update_date"": ""2026-04-28T00:00:00""}]",fundamental_feature_long_v1,AVAILABLE
1bc599a7-17eb-4cc8-a543-8c0baaa7c3b8,300274,A,2026-07-27,net_profit_yoy,-0.4079231588686657,PASS,,net_profit(t)/net_profit(t-1 same fiscal_period)-1,ratio,same_fiscal_period_prior_year,2026-03-31,2026-04-28,2026-04-28,"[""2025-03-31T00:00:00"", ""2026-03-31T00:00:00""]","[""2025-04-26T00:00:00"", ""2026-04-28T00:00:00""]","[""2026-04-28T00:00:00""]","[""NETPROFIT""]","[""fact_income_statement""]","[""300274|income_statement|2025-03-31|net_profit"", ""300274|income_statement|2026-03-31|net_profit""]","[""df86486a-9a54-4920-a4db-2553f907af92""]","[""66bebf1c-8b64-42a6-a970-1dbf1ecb395f""]","[""2054c0df86f5136e7785131783c512daa8ec4a68cb30d98cacf50bdea292f530""]","[""CNY""]","[""Q1""]","[{""announcement_date"": ""2026-04-28T00:00:00"", ""canonical_key"": ""300274|income_statement|2026-03-31|net_profit"", ""canonical_name"": ""net_profit"", ""clean_run_id"": ""66bebf1c-8b64-42a6-a970-1dbf1ecb395f"", ""currency"": ""CNY"", ""fiscal_period"": ""Q1"", ""pit_status"": ""PIT_ELIGIBLE"", ""report_date"": ""2026-03-31T00:00:00"", ""source_field"": ""NETPROFIT"", ""source_run_id"": ""df86486a-9a54-4920-a4db-2553f907af92"", ""source_sha256"": ""2054c0df86f5136e7785131783c512daa8ec4a68cb30d98cacf50bdea292f530"", ""source_table"": ""fact_income_statement"", ""update_date"": ""2026-04-28T00:00:00""}, {""announcement_date"": ""2025-04-26T00:00:00"", ""canonical_key"": ""300274|income_statement|2025-03-31|net_profit"", ""canonical_name"": ""net_profit"", ""clean_run_id"": ""66bebf1c-8b64-42a6-a970-1dbf1ecb395f"", ""currency"": ""CNY"", ""fiscal_period"": ""Q1"", ""pit_status"": ""PIT_ELIGIBLE"", ""report_date"": ""2025-03-31T00:00:00"", ""source_field"": ""NETPROFIT"", ""source_run_id"": ""df86486a-9a54-4920-a4db-2553f907af92"", ""source_sha256"": ""2054c0df86f5136e7785131783c512daa8ec4a68cb30d98cacf50bdea292f530"", ""source_table"": ""fact_income_statement"", ""update_date"": ""2026-04-28T00:00:00""}]",fundamental_feature_long_v1,AVAILABLE
1bc599a7-17eb-4cc8-a543-8c0baaa7c3b8,300274,A,2026-07-27,ocf_to_net_profit,0.5380408885522995,PASS,,operating_cash_flow/net_profit at same report period,ratio,same_report_period cumulative,2026-03-31,2026-04-28,2026-04-28,"[""2026-03-31T00:00:00""]","[""2026-04-28T00:00:00""]","[""2026-04-28T00:00:00""]","[""NETCASH_OPERATE"", ""NETPROFIT""]","[""fact_cash_flow_statement"", ""fact_income_statement""]","[""300274|cash_flow_statement|2026-03-31|operating_cash_flow"", ""300274|income_statement|2026-03-31|net_profit""]","[""df86486a-9a54-4920-a4db-2553f907af92""]","[""66bebf1c-8b64-42a6-a970-1dbf1ecb395f""]","[""2054c0df86f5136e7785131783c512daa8ec4a68cb30d98cacf50bdea292f530"", ""6408f8ca479fff18a744739cfe35b914615d6c79eea9eb6410865fcc8934cc86""]","[""CNY""]","[""Q1""]","[{""announcement_date"": ""2026-04-28T00:00:00"", ""canonical_key"": ""300274|cash_flow_statement|2026-03-31|operating_cash_flow"", ""canonical_name"": ""operating_cash_flow"", ""clean_run_id"": ""66bebf1c-8b64-42a6-a970-1dbf1ecb395f"", ""currency"": ""CNY"", ""fiscal_period"": ""Q1"", ""pit_status"": ""PIT_ELIGIBLE"", ""report_date"": ""2026-03-31T00:00:00"", ""source_field"": ""NETCASH_OPERATE"", ""source_run_id"": ""df86486a-9a54-4920-a4db-2553f907af92"", ""source_sha256"": ""6408f8ca479fff18a744739cfe35b914615d6c79eea9eb6410865fcc8934cc86"", ""source_table"": ""fact_cash_flow_statement"", ""update_date"": ""2026-04-28T00:00:00""}, {""announcement_date"": ""2026-04-28T00:00:00"", ""canonical_key"": ""300274|income_statement|2026-03-31|net_profit"", ""canonical_name"": ""net_profit"", ""clean_run_id"": ""66bebf1c-8b64-42a6-a970-1dbf1ecb395f"", ""currency"": ""CNY"", ""fiscal_period"": ""Q1"", ""pit_status"": ""PIT_ELIGIBLE"", ""report_date"": ""2026-03-31T00:00:00"", ""source_field"": ""NETPROFIT"", ""source_run_id"": ""df86486a-9a54-4920-a4db-2553f907af92"", ""source_sha256"": ""2054c0df86f5136e7785131783c512daa8ec4a68cb30d98cacf50bdea292f530"", ""source_table"": ""fact_income_statement"", ""update_date"": ""2026-04-28T00:00:00""}]",fundamental_feature_long_v1,AVAILABLE
1bc599a7-17eb-4cc8-a543-8c0baaa7c3b8,300274,A,2026-07-27,operating_cash_flow,1208404186.03,PASS,,latest PIT operating_cash_flow normalized_value,currency,latest_available_report_period cumulative,2026-03-31,2026-04-28,2026-04-28,"[""2026-03-31T00:00:00""]","[""2026-04-28T00:00:00""]","[""2026-04-28T00:00:00""]","[""NETCASH_OPERATE""]","[""fact_cash_flow_statement""]","[""300274|cash_flow_statement|2026-03-31|operating_cash_flow""]","[""df86486a-9a54-4920-a4db-2553f907af92""]","[""66bebf1c-8b64-42a6-a970-1dbf1ecb395f""]","[""6408f8ca479fff18a744739cfe35b914615d6c79eea9eb6410865fcc8934cc86""]","[""CNY""]","[""Q1""]","[{""announcement_date"": ""2026-04-28T00:00:00"", ""canonical_key"": ""300274|cash_flow_statement|2026-03-31|operating_cash_flow"", ""canonical_name"": ""operating_cash_flow"", ""clean_run_id"": ""66bebf1c-8b64-42a6-a970-1dbf1ecb395f"", ""currency"": ""CNY"", ""fiscal_period"": ""Q1"", ""pit_status"": ""PIT_ELIGIBLE"", ""report_date"": ""2026-03-31T00:00:00"", ""source_field"": ""NETCASH_OPERATE"", ""source_run_id"": ""df86486a-9a54-4920-a4db-2553f907af92"", ""source_sha256"": ""6408f8ca479fff18a744739cfe35b914615d6c79eea9eb6410865fcc8934cc86"", ""source_table"": ""fact_cash_flow_statement"", ""update_date"": ""2026-04-28T00:00:00""}]",fundamental_feature_long_v1,AVAILABLE
1bc599a7-17eb-4cc8-a543-8c0baaa7c3b8,300274,A,2026-07-27,revenue,15560645284.03,PASS,,latest PIT revenue normalized_value,currency,latest_available_report_period,2026-03-31,2026-04-28,2026-04-28,"[""2026-03-31T00:00:00""]","[""2026-04-28T00:00:00""]","[""2026-04-28T00:00:00""]","[""TOTAL_OPERATE_INCOME""]","[""fact_income_statement""]","[""300274|income_statement|2026-03-31|revenue""]","[""df86486a-9a54-4920-a4db-2553f907af92""]","[""66bebf1c-8b64-42a6-a970-1dbf1ecb395f""]","[""2054c0df86f5136e7785131783c512daa8ec4a68cb30d98cacf50bdea292f530""]","[""CNY""]","[""Q1""]","[{""announcement_date"": ""2026-04-28T00:00:00"", ""canonical_key"": ""300274|income_statement|2026-03-31|revenue"", ""canonical_name"": ""revenue"", ""clean_run_id"": ""66bebf1c-8b64-42a6-a970-1dbf1ecb395f"", ""currency"": ""CNY"", ""fiscal_period"": ""Q1"", ""pit_status"": ""PIT_ELIGIBLE"", ""report_date"": ""2026-03-31T00:00:00"", ""source_field"": ""TOTAL_OPERATE_INCOME"", ""source_run_id"": ""df86486a-9a54-4920-a4db-2553f907af92"", ""source_sha256"": ""2054c0df86f5136e7785131783c512daa8ec4a68cb30d98cacf50bdea292f530"", ""source_table"": ""fact_income_statement"", ""update_date"": ""2026-04-28T00:00:00""}]",fundamental_feature_long_v1,AVAILABLE
1bc599a7-17eb-4cc8-a543-8c0baaa7c3b8,300274,A,2026-07-27,revenue_yoy,-0.18258672180953828,PASS,,revenue(t)/revenue(t-1 same fiscal_period)-1,ratio,same_fiscal_period_prior_year,2026-03-31,2026-04-28,2026-04-28,"[""2025-03-31T00:00:00"", ""2026-03-31T00:00:00""]","[""2025-04-26T00:00:00"", ""2026-04-28T00:00:00""]","[""2026-04-28T00:00:00""]","[""TOTAL_OPERATE_INCOME""]","[""fact_income_statement""]","[""300274|income_statement|2025-03-31|revenue"", ""300274|income_statement|2026-03-31|revenue""]","[""df86486a-9a54-4920-a4db-2553f907af92""]","[""66bebf1c-8b64-42a6-a970-1dbf1ecb395f""]","[""2054c0df86f5136e7785131783c512daa8ec4a68cb30d98cacf50bdea292f530""]","[""CNY""]","[""Q1""]","[{""announcement_date"": ""2026-04-28T00:00:00"", ""canonical_key"": ""300274|income_statement|2026-03-31|revenue"", ""canonical_name"": ""revenue"", ""clean_run_id"": ""66bebf1c-8b64-42a6-a970-1dbf1ecb395f"", ""currency"": ""CNY"", ""fiscal_period"": ""Q1"", ""pit_status"": ""PIT_ELIGIBLE"", ""report_date"": ""2026-03-31T00:00:00"", ""source_field"": ""TOTAL_OPERATE_INCOME"", ""source_run_id"": ""df86486a-9a54-4920-a4db-2553f907af92"", ""source_sha256"": ""2054c0df86f5136e7785131783c512daa8ec4a68cb30d98cacf50bdea292f530"", ""source_table"": ""fact_income_statement"", ""update_date"": ""2026-04-28T00:00:00""}, {""announcement_date"": ""2025-04-26T00:00:00"", ""canonical_key"": ""300274|income_statement|2025-03-31|revenue"", ""canonical_name"": ""revenue"", ""clean_run_id"": ""66bebf1c-8b64-42a6-a970-1dbf1ecb395f"", ""currency"": ""CNY"", ""fiscal_period"": ""Q1"", ""pit_status"": ""PIT_ELIGIBLE"", ""report_date"": ""2025-03-31T00:00:00"", ""source_field"": ""TOTAL_OPERATE_INCOME"", ""source_run_id"": ""df86486a-9a54-4920-a4db-2553f907af92"", ""source_sha256"": ""2054c0df86f5136e7785131783c512daa8ec4a68cb30d98cacf50bdea292f530"", ""source_table"": ""fact_income_statement"", ""update_date"": ""2026-04-28T00:00:00""}]",fundamental_feature_long_v1,AVAILABLE
1bc599a7-17eb-4cc8-a543-8c0baaa7c3b8,300274,A,2026-07-27,roa,0.11578755430576303,PASS,,"annual net_profit/average(current FY total_assets,prior FY total_assets)",ratio,latest FY with prior comparable FY balance,2025-12-31,2026-04-01,2026-04-28,"[""2024-12-31T00:00:00"", ""2025-12-31T00:00:00""]","[""2025-04-26T00:00:00"", ""2026-04-01T00:00:00""]","[""2026-04-01T00:00:00"", ""2026-04-28T00:00:00""]","[""NETPROFIT"", ""TOTAL_ASSETS""]","[""fact_balance_sheet"", ""fact_income_statement""]","[""300274|balance_sheet|2024-12-31|total_assets"", ""300274|balance_sheet|2025-12-31|total_assets"", ""300274|income_statement|2025-12-31|net_profit""]","[""df86486a-9a54-4920-a4db-2553f907af92""]","[""66bebf1c-8b64-42a6-a970-1dbf1ecb395f""]","[""2054c0df86f5136e7785131783c512daa8ec4a68cb30d98cacf50bdea292f530"", ""3e387cda9d34608bbc999cccd4b6f68ff59677b3e54e98a1fd3feffbc6a5cb85""]","[""CNY""]","[""FY""]","[{""announcement_date"": ""2026-04-01T00:00:00"", ""canonical_key"": ""300274|income_statement|2025-12-31|net_profit"", ""canonical_name"": ""net_profit"", ""clean_run_id"": ""66bebf1c-8b64-42a6-a970-1dbf1ecb395f"", ""currency"": ""CNY"", ""fiscal_period"": ""FY"", ""pit_status"": ""PIT_ELIGIBLE"", ""report_date"": ""2025-12-31T00:00:00"", ""source_field"": ""NETPROFIT"", ""source_run_id"": ""df86486a-9a54-4920-a4db-2553f907af92"", ""source_sha256"": ""2054c0df86f5136e7785131783c512daa8ec4a68cb30d98cacf50bdea292f530"", ""source_table"": ""fact_income_statement"", ""update_date"": ""2026-04-01T00:00:00""}, {""announcement_date"": ""2026-04-01T00:00:00"", ""canonical_key"": ""300274|balance_sheet|2025-12-31|total_assets"", ""canonical_name"": ""total_assets"", ""clean_run_id"": ""66bebf1c-8b64-42a6-a970-1dbf1ecb395f"", ""currency"": ""CNY"", ""fiscal_period"": ""FY"", ""pit_status"": ""PIT_ELIGIBLE"", ""report_date"": ""2025-12-31T00:00:00"", ""source_field"": ""TOTAL_ASSETS"", ""source_run_id"": ""df86486a-9a54-4920-a4db-2553f907af92"", ""source_sha256"": ""3e387cda9d34608bbc999cccd4b6f68ff59677b3e54e98a1fd3feffbc6a5cb85"", ""source_table"": ""fact_balance_sheet"", ""update_date"": ""2026-04-28T00:00:00""}, {""announcement_date"": ""2025-04-26T00:00:00"", ""canonical_key"": ""300274|balance_sheet|2024-12-31|total_assets"", ""canonical_name"": ""total_assets"", ""clean_run_id"": ""66bebf1c-8b64-42a6-a970-1dbf1ecb395f"", ""currency"": ""CNY"", ""fiscal_period"": ""FY"", ""pit_status"": ""PIT_ELIGIBLE"", ""report_date"": ""2024-12-31T00:00:00"", ""source_field"": ""TOTAL_ASSETS"", ""source_run_id"": ""df86486a-9a54-4920-a4db-2553f907af92"", ""source_sha256"": ""3e387cda9d34608bbc999cccd4b6f68ff59677b3e54e98a1fd3feffbc6a5cb85"", ""source_table"": ""fact_balance_sheet"", ""update_date"": ""2026-04-01T00:00:00""}]",fundamental_feature_long_v1,AVAILABLE
1bc599a7-17eb-4cc8-a543-8c0baaa7c3b8,300274,A,2026-07-27,roe,0.32236431945570954,PASS,,"annual parent_net_profit/average(current FY parent_equity,prior FY parent_equity)",ratio,latest FY with prior comparable FY balance,2025-12-31,2026-04-01,2026-04-28,"[""2024-12-31T00:00:00"", ""2025-12-31T00:00:00""]","[""2025-04-26T00:00:00"", ""2026-04-01T00:00:00""]","[""2026-04-01T00:00:00"", ""2026-04-28T00:00:00""]","[""PARENT_NETPROFIT"", ""TOTAL_PARENT_EQUITY""]","[""fact_balance_sheet"", ""fact_income_statement""]","[""300274|balance_sheet|2024-12-31|parent_equity"", ""300274|balance_sheet|2025-12-31|parent_equity"", ""300274|income_statement|2025-12-31|parent_net_profit""]","[""df86486a-9a54-4920-a4db-2553f907af92""]","[""66bebf1c-8b64-42a6-a970-1dbf1ecb395f""]","[""2054c0df86f5136e7785131783c512daa8ec4a68cb30d98cacf50bdea292f530"", ""3e387cda9d34608bbc999cccd4b6f68ff59677b3e54e98a1fd3feffbc6a5cb85""]","[""CNY""]","[""FY""]","[{""announcement_date"": ""2026-04-01T00:00:00"", ""canonical_key"": ""300274|income_statement|2025-12-31|parent_net_profit"", ""canonical_name"": ""parent_net_profit"", ""clean_run_id"": ""66bebf1c-8b64-42a6-a970-1dbf1ecb395f"", ""currency"": ""CNY"", ""fiscal_period"": ""FY"", ""pit_status"": ""PIT_ELIGIBLE"", ""report_date"": ""2025-12-31T00:00:00"", ""source_field"": ""PARENT_NETPROFIT"", ""source_run_id"": ""df86486a-9a54-4920-a4db-2553f907af92"", ""source_sha256"": ""2054c0df86f5136e7785131783c512daa8ec4a68cb30d98cacf50bdea292f530"", ""source_table"": ""fact_income_statement"", ""update_date"": ""2026-04-01T00:00:00""}, {""announcement_date"": ""2026-04-01T00:00:00"", ""canonical_key"": ""300274|balance_sheet|2025-12-31|parent_equity"", ""canonical_name"": ""parent_equity"", ""clean_run_id"": ""66bebf1c-8b64-42a6-a970-1dbf1ecb395f"", ""currency"": ""CNY"", ""fiscal_period"": ""FY"", ""pit_status"": ""PIT_ELIGIBLE"", ""report_date"": ""2025-12-31T00:00:00"", ""source_field"": ""TOTAL_PARENT_EQUITY"", ""source_run_id"": ""df86486a-9a54-4920-a4db-2553f907af92"", ""source_sha256"": ""3e387cda9d34608bbc999cccd4b6f68ff59677b3e54e98a1fd3feffbc6a5cb85"", ""source_table"": ""fact_balance_sheet"", ""update_date"": ""2026-04-28T00:00:00""}, {""announcement_date"": ""2025-04-26T00:00:00"", ""canonical_key"": ""300274|balance_sheet|2024-12-31|parent_equity"", ""canonical_name"": ""parent_equity"", ""clean_run_id"": ""66bebf1c-8b64-42a6-a970-1dbf1ecb395f"", ""currency"": ""CNY"", ""fiscal_period"": ""FY"", ""pit_status"": ""PIT_ELIGIBLE"", ""report_date"": ""2024-12-31T00:00:00"", ""source_field"": ""TOTAL_PARENT_EQUITY"", ""source_run_id"": ""df86486a-9a54-4920-a4db-2553f907af92"", ""source_sha256"": ""3e387cda9d34608bbc999cccd4b6f68ff59677b3e54e98a1fd3feffbc6a5cb85"", ""source_table"": ""fact_balance_sheet"", ""update_date"": ""2026-04-01T00:00:00""}]",fundamental_feature_long_v1,AVAILABLE
1bc599a7-17eb-4cc8-a543-8c0baaa7c3b8,300274,A,2026-07-27,total_assets,121864175876.94,PASS,,latest PIT total_assets normalized_value,currency,latest_available_report_period,2026-03-31,2026-04-28,2026-04-28,"[""2026-03-31T00:00:00""]","[""2026-04-28T00:00:00""]","[""2026-04-28T00:00:00""]","[""TOTAL_ASSETS""]","[""fact_balance_sheet""]","[""300274|balance_sheet|2026-03-31|total_assets""]","[""df86486a-9a54-4920-a4db-2553f907af92""]","[""66bebf1c-8b64-42a6-a970-1dbf1ecb395f""]","[""3e387cda9d34608bbc999cccd4b6f68ff59677b3e54e98a1fd3feffbc6a5cb85""]","[""CNY""]","[""Q1""]","[{""announcement_date"": ""2026-04-28T00:00:00"", ""canonical_key"": ""300274|balance_sheet|2026-03-31|total_assets"", ""canonical_name"": ""total_assets"", ""clean_run_id"": ""66bebf1c-8b64-42a6-a970-1dbf1ecb395f"", ""currency"": ""CNY"", ""fiscal_period"": ""Q1"", ""pit_status"": ""PIT_ELIGIBLE"", ""report_date"": ""2026-03-31T00:00:00"", ""source_field"": ""TOTAL_ASSETS"", ""source_run_id"": ""df86486a-9a54-4920-a4db-2553f907af92"", ""source_sha256"": ""3e387cda9d34608bbc999cccd4b6f68ff59677b3e54e98a1fd3feffbc6a5cb85"", ""source_table"": ""fact_balance_sheet"", ""update_date"": ""2026-04-28T00:00:00""}]",fundamental_feature_long_v1,AVAILABLE
1bc599a7-17eb-4cc8-a543-8c0baaa7c3b8,300274,A,2026-07-27,total_equity,51774201202.99,PASS,,latest PIT net_assets normalized_value,currency,latest_available_report_period,2026-03-31,2026-04-28,2026-04-28,"[""2026-03-31T00:00:00""]","[""2026-04-28T00:00:00""]","[""2026-04-28T00:00:00""]","[""TOTAL_EQUITY""]","[""fact_balance_sheet""]","[""300274|balance_sheet|2026-03-31|net_assets""]","[""df86486a-9a54-4920-a4db-2553f907af92""]","[""66bebf1c-8b64-42a6-a970-1dbf1ecb395f""]","[""3e387cda9d34608bbc999cccd4b6f68ff59677b3e54e98a1fd3feffbc6a5cb85""]","[""CNY""]","[""Q1""]","[{""announcement_date"": ""2026-04-28T00:00:00"", ""canonical_key"": ""300274|balance_sheet|2026-03-31|net_assets"", ""canonical_name"": ""net_assets"", ""clean_run_id"": ""66bebf1c-8b64-42a6-a970-1dbf1ecb395f"", ""currency"": ""CNY"", ""fiscal_period"": ""Q1"", ""pit_status"": ""PIT_ELIGIBLE"", ""report_date"": ""2026-03-31T00:00:00"", ""source_field"": ""TOTAL_EQUITY"", ""source_run_id"": ""df86486a-9a54-4920-a4db-2553f907af92"", ""source_sha256"": ""3e387cda9d34608bbc999cccd4b6f68ff59677b3e54e98a1fd3feffbc6a5cb85"", ""source_table"": ""fact_balance_sheet"", ""update_date"": ""2026-04-28T00:00:00""}]",fundamental_feature_long_v1,AVAILABLE
1bc599a7-17eb-4cc8-a543-8c0baaa7c3b8,300433,A,2026-07-27,debt_to_asset,0.3390486199617525,PASS,,total_liabilities/total_assets at same report period,ratio,same_report_period stock values,2026-03-31,2026-04-16,2026-04-16,"[""2026-03-31T00:00:00""]","[""2026-04-16T00:00:00""]","[""2026-04-16T00:00:00""]","[""TOTAL_ASSETS"", ""TOTAL_LIABILITIES""]","[""fact_balance_sheet""]","[""300433|balance_sheet|2026-03-31|total_assets"", ""300433|balance_sheet|2026-03-31|total_liabilities""]","[""df86486a-9a54-4920-a4db-2553f907af92""]","[""66bebf1c-8b64-42a6-a970-1dbf1ecb395f""]","[""b7f7d5dea3958513f55817b8b72eaea392278672365652fe1515711bc4e817b4""]","[""CNY""]","[""Q1""]","[{""announcement_date"": ""2026-04-16T00:00:00"", ""canonical_key"": ""300433|balance_sheet|2026-03-31|total_liabilities"", ""canonical_name"": ""total_liabilities"", ""clean_run_id"": ""66bebf1c-8b64-42a6-a970-1dbf1ecb395f"", ""currency"": ""CNY"", ""fiscal_period"": ""Q1"", ""pit_status"": ""PIT_ELIGIBLE"", ""report_date"": ""2026-03-31T00:00:00"", ""source_field"": ""TOTAL_LIABILITIES"", ""source_run_id"": ""df86486a-9a54-4920-a4db-2553f907af92"", ""source_sha256"": ""b7f7d5dea3958513f55817b8b72eaea392278672365652fe1515711bc4e817b4"", ""source_table"": ""fact_balance_sheet"", ""update_date"": ""2026-04-16T00:00:00""}, {""announcement_date"": ""2026-04-16T00:00:00"", ""canonical_key"": ""300433|balance_sheet|2026-03-31|total_assets"", ""canonical_name"": ""total_assets"", ""clean_run_id"": ""66bebf1c-8b64-42a6-a970-1dbf1ecb395f"", ""currency"": ""CNY"", ""fiscal_period"": ""Q1"", ""pit_status"": ""PIT_ELIGIBLE"", ""report_date"": ""2026-03-31T00:00:00"", ""source_field"": ""TOTAL_ASSETS"", ""source_run_id"": ""df86486a-9a54-4920-a4db-2553f907af92"", ""source_sha256"": ""b7f7d5dea3958513f55817b8b72eaea392278672365652fe1515711bc4e817b4"", ""source_table"": ""fact_balance_sheet"", ""update_date"": ""2026-04-16T00:00:00""}]",fundamental_feature_long_v1,AVAILABLE
1bc599a7-17eb-4cc8-a543-8c0baaa7c3b8,300433,A,2026-07-27,net_margin,-0.010234152212899668,PASS,,net_profit/revenue at same report period,ratio,same_report_period cumulative,2026-03-31,2026-04-16,2026-04-16,"[""2026-03-31T00:00:00""]","[""2026-04-16T00:00:00""]","[""2026-04-16T00:00:00""]","[""NETPROFIT"", ""TOTAL_OPERATE_INCOME""]","[""fact_income_statement""]","[""300433|income_statement|2026-03-31|net_profit"", ""300433|income_statement|2026-03-31|revenue""]","[""df86486a-9a54-4920-a4db-2553f907af92""]","[""66bebf1c-8b64-42a6-a970-1dbf1ecb395f""]","[""eb7833c627ec0d2e63584c9de4ea9569d0927ff8975ac389b43b286e3a90e4ce""]","[""CNY""]","[""Q1""]","[{""announcement_date"": ""2026-04-16T00:00:00"", ""canonical_key"": ""300433|income_statement|2026-03-31|net_profit"", ""canonical_name"": ""net_profit"", ""clean_run_id"": ""66bebf1c-8b64-42a6-a970-1dbf1ecb395f"", ""currency"": ""CNY"", ""fiscal_period"": ""Q1"", ""pit_status"": ""PIT_ELIGIBLE"", ""report_date"": ""2026-03-31T00:00:00"", ""source_field"": ""NETPROFIT"", ""source_run_id"": ""df86486a-9a54-4920-a4db-2553f907af92"", ""source_sha256"": ""eb7833c627ec0d2e63584c9de4ea9569d0927ff8975ac389b43b286e3a90e4ce"", ""source_table"": ""fact_income_statement"", ""update_date"": ""2026-04-16T00:00:00""}, {""announcement_date"": ""2026-04-16T00:00:00"", ""canonical_key"": ""300433|income_statement|2026-03-31|revenue"", ""canonical_name"": ""revenue"", ""clean_run_id"": ""66bebf1c-8b64-42a6-a970-1dbf1ecb395f"", ""currency"": ""CNY"", ""fiscal_period"": ""Q1"", ""pit_status"": ""PIT_ELIGIBLE"", ""report_date"": ""2026-03-31T00:00:00"", ""source_field"": ""TOTAL_OPERATE_INCOME"", ""source_run_id"": ""df86486a-9a54-4920-a4db-2553f907af92"", ""source_sha256"": ""eb7833c627ec0d2e63584c9de4ea9569d0927ff8975ac389b43b286e3a90e4ce"", ""source_table"": ""fact_income_statement"", ""update_date"": ""2026-04-16T00:00:00""}]",fundamental_feature_long_v1,AVAILABLE
1bc599a7-17eb-4cc8-a543-8c0baaa7c3b8,300433,A,2026-07-27,net_profit,-144706343.78,PASS,,latest PIT net_profit normalized_value,currency,latest_available_report_period,2026-03-31,2026-04-16,2026-04-16,"[""2026-03-31T00:00:00""]","[""2026-04-16T00:00:00""]","[""2026-04-16T00:00:00""]","[""NETPROFIT""]","[""fact_income_statement""]","[""300433|income_statement|2026-03-31|net_profit""]","[""df86486a-9a54-4920-a4db-2553f907af92""]","[""66bebf1c-8b64-42a6-a970-1dbf1ecb395f""]","[""eb7833c627ec0d2e63584c9de4ea9569d0927ff8975ac389b43b286e3a90e4ce""]","[""CNY""]","[""Q1""]","[{""announcement_date"": ""2026-04-16T00:00:00"", ""canonical_key"": ""300433|income_statement|2026-03-31|net_profit"", ""canonical_name"": ""net_profit"", ""clean_run_id"": ""66bebf1c-8b64-42a6-a970-1dbf1ecb395f"", ""currency"": ""CNY"", ""fiscal_period"": ""Q1"", ""pit_status"": ""PIT_ELIGIBLE"", ""report_date"": ""2026-03-31T00:00:00"", ""source_field"": ""NETPROFIT"", ""source_run_id"": ""df86486a-9a54-4920-a4db-2553f907af92"", ""source_sha256"": ""eb7833c627ec0d2e63584c9de4ea9569d0927ff8975ac389b43b286e3a90e4ce"", ""source_table"": ""fact_income_statement"", ""update_date"": ""2026-04-16T00:00:00""}]",fundamental_feature_long_v1,AVAILABLE
1bc599a7-17eb-4cc8-a543-8c0baaa7c3b8,300433,A,2026-07-27,net_profit_yoy,-1.318778944589104,PASS,,net_profit(t)/net_profit(t-1 same fiscal_period)-1,ratio,same_fiscal_period_prior_year,2026-03-31,2026-04-16,2026-04-16,"[""2025-03-31T00:00:00"", ""2026-03-31T00:00:00""]","[""2025-04-18T00:00:00"", ""2026-04-16T00:00:00""]","[""2026-04-16T00:00:00""]","[""NETPROFIT""]","[""fact_income_statement""]","[""300433|income_statement|2025-03-31|net_profit"", ""300433|income_statement|2026-03-31|net_profit""]","[""df86486a-9a54-4920-a4db-2553f907af92""]","[""66bebf1c-8b64-42a6-a970-1dbf1ecb395f""]","[""eb7833c627ec0d2e63584c9de4ea9569d0927ff8975ac389b43b286e3a90e4ce""]","[""CNY""]","[""Q1""]","[{""announcement_date"": ""2026-04-16T00:00:00"", ""canonical_key"": ""300433|income_statement|2026-03-31|net_profit"", ""canonical_name"": ""net_profit"", ""clean_run_id"": ""66bebf1c-8b64-42a6-a970-1dbf1ecb395f"", ""currency"": ""CNY"", ""fiscal_period"": ""Q1"", ""pit_status"": ""PIT_ELIGIBLE"", ""report_date"": ""2026-03-31T00:00:00"", ""source_field"": ""NETPROFIT"", ""source_run_id"": ""df86486a-9a54-4920-a4db-2553f907af92"", ""source_sha256"": ""eb7833c627ec0d2e63584c9de4ea9569d0927ff8975ac389b43b286e3a90e4ce"", ""source_table"": ""fact_income_statement"", ""update_date"": ""2026-04-16T00:00:00""}, {""announcement_date"": ""2025-04-18T00:00:00"", ""canonical_key"": ""300433|income_statement|2025-03-31|net_profit"", ""canonical_name"": ""net_profit"", ""clean_run_id"": ""66bebf1c-8b64-42a6-a970-1dbf1ecb395f"", ""currency"": ""CNY"", ""fiscal_period"": ""Q1"", ""pit_status"": ""PIT_ELIGIBLE"", ""report_date"": ""2025-03-31T00:00:00"", ""source_field"": ""NETPROFIT"", ""source_run_id"": ""df86486a-9a54-4920-a4db-2553f907af92"", ""source_sha256"": ""eb7833c627ec0d2e63584c9de4ea9569d0927ff8975ac389b43b286e3a90e4ce"", ""source_table"": ""fact_income_statement"", ""update_date"": ""2026-04-16T00:00:00""}]",fundamental_feature_long_v1,AVAILABLE
1bc599a7-17eb-4cc8-a543-8c0baaa7c3b8,300433,A,2026-07-27,ocf_to_net_profit,-13.91758024908616,PASS,,operating_cash_flow/net_profit at same report period,ratio,same_report_period cumulative,2026-03-31,2026-04-16,2026-04-16,"[""2026-03-31T00:00:00""]","[""2026-04-16T00:00:00""]","[""2026-04-16T00:00:00""]","[""NETCASH_OPERATE"", ""NETPROFIT""]","[""fact_cash_flow_statement"", ""fact_income_statement""]","[""300433|cash_flow_statement|2026-03-31|operating_cash_flow"", ""300433|income_statement|2026-03-31|net_profit""]","[""df86486a-9a54-4920-a4db-2553f907af92""]","[""66bebf1c-8b64-42a6-a970-1dbf1ecb395f""]","[""eb7833c627ec0d2e63584c9de4ea9569d0927ff8975ac389b43b286e3a90e4ce"", ""f9e566d9f573aca9eb78a40ff17002117cd3aaa86cfb002fa5552ceefb53ed71""]","[""CNY""]","[""Q1""]","[{""announcement_date"": ""2026-04-16T00:00:00"", ""canonical_key"": ""300433|cash_flow_statement|2026-03-31|operating_cash_flow"", ""canonical_name"": ""operating_cash_flow"", ""clean_run_id"": ""66bebf1c-8b64-42a6-a970-1dbf1ecb395f"", ""currency"": ""CNY"", ""fiscal_period"": ""Q1"", ""pit_status"": ""PIT_ELIGIBLE"", ""report_date"": ""2026-03-31T00:00:00"", ""source_field"": ""NETCASH_OPERATE"", ""source_run_id"": ""df86486a-9a54-4920-a4db-2553f907af92"", ""source_sha256"": ""f9e566d9f573aca9eb78a40ff17002117cd3aaa86cfb002fa5552ceefb53ed71"", ""source_table"": ""fact_cash_flow_statement"", ""update_date"": ""2026-04-16T00:00:00""}, {""announcement_date"": ""2026-04-16T00:00:00"", ""canonical_key"": ""300433|income_statement|2026-03-31|net_profit"", ""canonical_name"": ""net_profit"", ""clean_run_id"": ""66bebf1c-8b64-42a6-a970-1dbf1ecb395f"", ""currency"": ""CNY"", ""fiscal_period"": ""Q1"", ""pit_status"": ""PIT_ELIGIBLE"", ""report_date"": ""2026-03-31T00:00:00"", ""source_field"": ""NETPROFIT"", ""source_run_id"": ""df86486a-9a54-4920-a4db-2553f907af92"", ""source_sha256"": ""eb7833c627ec0d2e63584c9de4ea9569d0927ff8975ac389b43b286e3a90e4ce"", ""source_table"": ""fact_income_statement"", ""update_date"": ""2026-04-16T00:00:00""}]",fundamental_feature_long_v1,AVAILABLE
1bc599a7-17eb-4cc8-a543-8c0baaa7c3b8,300433,A,2026-07-27,operating_cash_flow,2013962152.11,PASS,,latest PIT operating_cash_flow normalized_value,currency,latest_available_report_period cumulative,2026-03-31,2026-04-16,2026-04-16,"[""2026-03-31T00:00:00""]","[""2026-04-16T00:00:00""]","[""2026-04-16T00:00:00""]","[""NETCASH_OPERATE""]","[""fact_cash_flow_statement""]","[""300433|cash_flow_statement|2026-03-31|operating_cash_flow""]","[""df86486a-9a54-4920-a4db-2553f907af92""]","[""66bebf1c-8b64-42a6-a970-1dbf1ecb395f""]","[""f9e566d9f573aca9eb78a40ff17002117cd3aaa86cfb002fa5552ceefb53ed71""]","[""CNY""]","[""Q1""]","[{""announcement_date"": ""2026-04-16T00:00:00"", ""canonical_key"": ""300433|cash_flow_statement|2026-03-31|operating_cash_flow"", ""canonical_name"": ""operating_cash_flow"", ""clean_run_id"": ""66bebf1c-8b64-42a6-a970-1dbf1ecb395f"", ""currency"": ""CNY"", ""fiscal_period"": ""Q1"", ""pit_status"": ""PIT_ELIGIBLE"", ""report_date"": ""2026-03-31T00:00:00"", ""source_field"": ""NETCASH_OPERATE"", ""source_run_id"": ""df86486a-9a54-4920-a4db-2553f907af92"", ""source_sha256"": ""f9e566d9f573aca9eb78a40ff17002117cd3aaa86cfb002fa5552ceefb53ed71"", ""source_table"": ""fact_cash_flow_statement"", ""update_date"": ""2026-04-16T00:00:00""}]",fundamental_feature_long_v1,AVAILABLE
1bc599a7-17eb-4cc8-a543-8c0baaa7c3b8,300433,A,2026-07-27,revenue,14139553601.48,PASS,,latest PIT revenue normalized_value,currency,latest_available_report_period,2026-03-31,2026-04-16,2026-04-16,"[""2026-03-31T00:00:00""]","[""2026-04-16T00:00:00""]","[""2026-04-16T00:00:00""]","[""TOTAL_OPERATE_INCOME""]","[""fact_income_statement""]","[""300433|income_statement|2026-03-31|revenue""]","[""df86486a-9a54-4920-a4db-2553f907af92""]","[""66bebf1c-8b64-42a6-a970-1dbf1ecb395f""]","[""eb7833c627ec0d2e63584c9de4ea9569d0927ff8975ac389b43b286e3a90e4ce""]","[""CNY""]","[""Q1""]","[{""announcement_date"": ""2026-04-16T00:00:00"", ""canonical_key"": ""300433|income_statement|2026-03-31|revenue"", ""canonical_name"": ""revenue"", ""clean_run_id"": ""66bebf1c-8b64-42a6-a970-1dbf1ecb395f"", ""currency"": ""CNY"", ""fiscal_period"": ""Q1"", ""pit_status"": ""PIT_ELIGIBLE"", ""report_date"": ""2026-03-31T00:00:00"", ""source_field"": ""TOTAL_OPERATE_INCOME"", ""source_run_id"": ""df86486a-9a54-4920-a4db-2553f907af92"", ""source_sha256"": ""eb7833c627ec0d2e63584c9de4ea9569d0927ff8975ac389b43b286e3a90e4ce"", ""source_table"": ""fact_income_statement"", ""update_date"": ""2026-04-16T00:00:00""}]",fundamental_feature_long_v1,AVAILABLE
1bc599a7-17eb-4cc8-a543-8c0baaa7c3b8,300433,A,2026-07-27,revenue_yoy,-0.1713422022998493,PASS,,revenue(t)/revenue(t-1 same fiscal_period)-1,ratio,same_fiscal_period_prior_year,2026-03-31,2026-04-16,2026-04-16,"[""2025-03-31T00:00:00"", ""2026-03-31T00:00:00""]","[""2025-04-18T00:00:00"", ""2026-04-16T00:00:00""]","[""2026-04-16T00:00:00""]","[""TOTAL_OPERATE_INCOME""]","[""fact_income_statement""]","[""300433|income_statement|2025-03-31|revenue"", ""300433|income_statement|2026-03-31|revenue""]","[""df86486a-9a54-4920-a4db-2553f907af92""]","[""66bebf1c-8b64-42a6-a970-1dbf1ecb395f""]","[""eb7833c627ec0d2e63584c9de4ea9569d0927ff8975ac389b43b286e3a90e4ce""]","[""CNY""]","[""Q1""]","[{""announcement_date"": ""2026-04-16T00:00:00"", ""canonical_key"": ""300433|income_statement|2026-03-31|revenue"", ""canonical_name"": ""revenue"", ""clean_run_id"": ""66bebf1c-8b64-42a6-a970-1dbf1ecb395f"", ""currency"": ""CNY"", ""fiscal_period"": ""Q1"", ""pit_status"": ""PIT_ELIGIBLE"", ""report_date"": ""2026-03-31T00:00:00"", ""source_field"": ""TOTAL_OPERATE_INCOME"", ""source_run_id"": ""df86486a-9a54-4920-a4db-2553f907af92"", ""source_sha256"": ""eb7833c627ec0d2e63584c9de4ea9569d0927ff8975ac389b43b286e3a90e4ce"", ""source_table"": ""fact_income_statement"", ""update_date"": ""2026-04-16T00:00:00""}, {""announcement_date"": ""2025-04-18T00:00:00"", ""canonical_key"": ""300433|income_statement|2025-03-31|revenue"", ""canonical_name"": ""revenue"", ""clean_run_id"": ""66bebf1c-8b64-42a6-a970-1dbf1ecb395f"", ""currency"": ""CNY"", ""fiscal_period"": ""Q1"", ""pit_status"": ""PIT_ELIGIBLE"", ""report_date"": ""2025-03-31T00:00:00"", ""source_field"": ""TOTAL_OPERATE_INCOME"", ""source_run_id"": ""df86486a-9a54-4920-a4db-2553f907af92"", ""source_sha256"": ""eb7833c627ec0d2e63584c9de4ea9569d0927ff8975ac389b43b286e3a90e4ce"", ""source_table"": ""fact_income_statement"", ""update_date"": ""2026-04-16T00:00:00""}]",fundamental_feature_long_v1,AVAILABLE
1bc599a7-17eb-4cc8-a543-8c0baaa7c3b8,300433,A,2026-07-27,roa,,UNAVAILABLE,ANNUAL_OR_PRIOR_BALANCE_UNAVAILABLE,"annual net_profit/average(current FY total_assets,prior FY total_assets)",ratio,latest FY with prior comparable FY balance,2025-12-31,2026-03-31,2026-03-31,"[""2025-12-31T00:00:00""]","[""2026-03-31T00:00:00""]","[""2026-03-31T00:00:00""]","[""NETPROFIT""]","[""fact_income_statement""]","[""300433|income_statement|2025-12-31|net_profit""]","[""df86486a-9a54-4920-a4db-2553f907af92""]","[""66bebf1c-8b64-42a6-a970-1dbf1ecb395f""]","[""eb7833c627ec0d2e63584c9de4ea9569d0927ff8975ac389b43b286e3a90e4ce""]","[""CNY""]","[""FY""]","[{""announcement_date"": ""2026-03-31T00:00:00"", ""canonical_key"": ""300433|income_statement|2025-12-31|net_profit"", ""canonical_name"": ""net_profit"", ""clean_run_id"": ""66bebf1c-8b64-42a6-a970-1dbf1ecb395f"", ""currency"": ""CNY"", ""fiscal_period"": ""FY"", ""pit_status"": ""PIT_ELIGIBLE"", ""report_date"": ""2025-12-31T00:00:00"", ""source_field"": ""NETPROFIT"", ""source_run_id"": ""df86486a-9a54-4920-a4db-2553f907af92"", ""source_sha256"": ""eb7833c627ec0d2e63584c9de4ea9569d0927ff8975ac389b43b286e3a90e4ce"", ""source_table"": ""fact_income_statement"", ""update_date"": ""2026-03-31T00:00:00""}]",fundamental_feature_long_v1,PRESERVE_NULL_UNAVAILABLE
1bc599a7-17eb-4cc8-a543-8c0baaa7c3b8,300433,A,2026-07-27,roe,,UNAVAILABLE,ANNUAL_OR_PRIOR_BALANCE_UNAVAILABLE,"annual parent_net_profit/average(current FY parent_equity,prior FY parent_equity)",ratio,latest FY with prior comparable FY balance,2025-12-31,2026-03-31,2026-03-31,"[""2025-12-31T00:00:00""]","[""2026-03-31T00:00:00""]","[""2026-03-31T00:00:00""]","[""PARENT_NETPROFIT""]","[""fact_income_statement""]","[""300433|income_statement|2025-12-31|parent_net_profit""]","[""df86486a-9a54-4920-a4db-2553f907af92""]","[""66bebf1c-8b64-42a6-a970-1dbf1ecb395f""]","[""eb7833c627ec0d2e63584c9de4ea9569d0927ff8975ac389b43b286e3a90e4ce""]","[""CNY""]","[""FY""]","[{""announcement_date"": ""2026-03-31T00:00:00"", ""canonical_key"": ""300433|income_statement|2025-12-31|parent_net_profit"", ""canonical_name"": ""parent_net_profit"", ""clean_run_id"": ""66bebf1c-8b64-42a6-a970-1dbf1ecb395f"", ""currency"": ""CNY"", ""fiscal_period"": ""FY"", ""pit_status"": ""PIT_ELIGIBLE"", ""report_date"": ""2025-12-31T00:00:00"", ""source_field"": ""PARENT_NETPROFIT"", ""source_run_id"": ""df86486a-9a54-4920-a4db-2553f907af92"", ""source_sha256"": ""eb7833c627ec0d2e63584c9de4ea9569d0927ff8975ac389b43b286e3a90e4ce"", ""source_table"": ""fact_income_statement"", ""update_date"": ""2026-03-31T00:00:00""}]",fundamental_feature_long_v1,PRESERVE_NULL_UNAVAILABLE
1bc599a7-17eb-4cc8-a543-8c0baaa7c3b8,300433,A,2026-07-27,total_assets,82734378422.73,PASS,,latest PIT total_assets normalized_value,currency,latest_available_report_period,2026-03-31,2026-04-16,2026-04-16,"[""2026-03-31T00:00:00""]","[""2026-04-16T00:00:00""]","[""2026-04-16T00:00:00""]","[""TOTAL_ASSETS""]","[""fact_balance_sheet""]","[""300433|balance_sheet|2026-03-31|total_assets""]","[""df86486a-9a54-4920-a4db-2553f907af92""]","[""66bebf1c-8b64-42a6-a970-1dbf1ecb395f""]","[""b7f7d5dea3958513f55817b8b72eaea392278672365652fe1515711bc4e817b4""]","[""CNY""]","[""Q1""]","[{""announcement_date"": ""2026-04-16T00:00:00"", ""canonical_key"": ""300433|balance_sheet|2026-03-31|total_assets"", ""canonical_name"": ""total_assets"", ""clean_run_id"": ""66bebf1c-8b64-42a6-a970-1dbf1ecb395f"", ""currency"": ""CNY"", ""fiscal_period"": ""Q1"", ""pit_status"": ""PIT_ELIGIBLE"", ""report_date"": ""2026-03-31T00:00:00"", ""source_field"": ""TOTAL_ASSETS"", ""source_run_id"": ""df86486a-9a54-4920-a4db-2553f907af92"", ""source_sha256"": ""b7f7d5dea3958513f55817b8b72eaea392278672365652fe1515711bc4e817b4"", ""source_table"": ""fact_balance_sheet"", ""update_date"": ""2026-04-16T00:00:00""}]",fundamental_feature_long_v1,AVAILABLE
1bc599a7-17eb-4cc8-a543-8c0baaa7c3b8,300433,A,2026-07-27,total_equity,54683401595.11,PASS,,latest PIT net_assets normalized_value,currency,latest_available_report_period,2026-03-31,2026-04-16,2026-04-16,"[""2026-03-31T00:00:00""]","[""2026-04-16T00:00:00""]","[""2026-04-16T00:00:00""]","[""TOTAL_EQUITY""]","[""fact_balance_sheet""]","[""300433|balance_sheet|2026-03-31|net_assets""]","[""df86486a-9a54-4920-a4db-2553f907af92""]","[""66bebf1c-8b64-42a6-a970-1dbf1ecb395f""]","[""b7f7d5dea3958513f55817b8b72eaea392278672365652fe1515711bc4e817b4""]","[""CNY""]","[""Q1""]","[{""announcement_date"": ""2026-04-16T00:00:00"", ""canonical_key"": ""300433|balance_sheet|2026-03-31|net_assets"", ""canonical_name"": ""net_assets"", ""clean_run_id"": ""66bebf1c-8b64-42a6-a970-1dbf1ecb395f"", ""currency"": ""CNY"", ""fiscal_period"": ""Q1"", ""pit_status"": ""PIT_ELIGIBLE"", ""report_date"": ""2026-03-31T00:00:00"", ""source_field"": ""TOTAL_EQUITY"", ""source_run_id"": ""df86486a-9a54-4920-a4db-2553f907af92"", ""source_sha256"": ""b7f7d5dea3958513f55817b8b72eaea392278672365652fe1515711bc4e817b4"", ""source_table"": ""fact_balance_sheet"", ""update_date"": ""2026-04-16T00:00:00""}]",fundamental_feature_long_v1,AVAILABLE
1bc599a7-17eb-4cc8-a543-8c0baaa7c3b8,600231,A,2026-07-27,debt_to_asset,0.7655826289668488,PASS,,total_liabilities/total_assets at same report period,ratio,same_report_period stock values,2026-03-31,2026-04-30,2026-04-30,"[""2026-03-31T00:00:00""]","[""2026-04-30T00:00:00""]","[""2026-04-30T00:00:00""]","[""TOTAL_ASSETS"", ""TOTAL_LIABILITIES""]","[""fact_balance_sheet""]","[""600231|balance_sheet|2026-03-31|total_assets"", ""600231|balance_sheet|2026-03-31|total_liabilities""]","[""df86486a-9a54-4920-a4db-2553f907af92""]","[""66bebf1c-8b64-42a6-a970-1dbf1ecb395f""]","[""209048a61bf27072e257ffced681a51de7651c5f8a4e12120b03cdaec7a18f1c""]","[""CNY""]","[""Q1""]","[{""announcement_date"": ""2026-04-30T00:00:00"", ""canonical_key"": ""600231|balance_sheet|2026-03-31|total_liabilities"", ""canonical_name"": ""total_liabilities"", ""clean_run_id"": ""66bebf1c-8b64-42a6-a970-1dbf1ecb395f"", ""currency"": ""CNY"", ""fiscal_period"": ""Q1"", ""pit_status"": ""PIT_ELIGIBLE"", ""report_date"": ""2026-03-31T00:00:00"", ""source_field"": ""TOTAL_LIABILITIES"", ""source_run_id"": ""df86486a-9a54-4920-a4db-2553f907af92"", ""source_sha256"": ""209048a61bf27072e257ffced681a51de7651c5f8a4e12120b03cdaec7a18f1c"", ""source_table"": ""fact_balance_sheet"", ""update_date"": ""2026-04-30T00:00:00""}, {""announcement_date"": ""2026-04-30T00:00:00"", ""canonical_key"": ""600231|balance_sheet|2026-03-31|total_assets"", ""canonical_name"": ""total_assets"", ""clean_run_id"": ""66bebf1c-8b64-42a6-a970-1dbf1ecb395f"", ""currency"": ""CNY"", ""fiscal_period"": ""Q1"", ""pit_status"": ""PIT_ELIGIBLE"", ""report_date"": ""2026-03-31T00:00:00"", ""source_field"": ""TOTAL_ASSETS"", ""source_run_id"": ""df86486a-9a54-4920-a4db-2553f907af92"", ""source_sha256"": ""209048a61bf27072e257ffced681a51de7651c5f8a4e12120b03cdaec7a18f1c"", ""source_table"": ""fact_balance_sheet"", ""update_date"": ""2026-04-30T00:00:00""}]",fundamental_feature_long_v1,AVAILABLE
1bc599a7-17eb-4cc8-a543-8c0baaa7c3b8,600231,A,2026-07-27,net_margin,-0.1280490641761905,PASS,,net_profit/revenue at same report period,ratio,same_report_period cumulative,2026-03-31,2026-04-30,2026-04-30,"[""2026-03-31T00:00:00""]","[""2026-04-30T00:00:00""]","[""2026-04-30T00:00:00""]","[""NETPROFIT"", ""TOTAL_OPERATE_INCOME""]","[""fact_income_statement""]","[""600231|income_statement|2026-03-31|net_profit"", ""600231|income_statement|2026-03-31|revenue""]","[""df86486a-9a54-4920-a4db-2553f907af92""]","[""66bebf1c-8b64-42a6-a970-1dbf1ecb395f""]","[""2356e38f9b620b1bceb4b7b38b50b420dc3fa89d8406b0bbc8f404166034efc9""]","[""CNY""]","[""Q1""]","[{""announcement_date"": ""2026-04-30T00:00:00"", ""canonical_key"": ""600231|income_statement|2026-03-31|net_profit"", ""canonical_name"": ""net_profit"", ""clean_run_id"": ""66bebf1c-8b64-42a6-a970-1dbf1ecb395f"", ""currency"": ""CNY"", ""fiscal_period"": ""Q1"", ""pit_status"": ""PIT_ELIGIBLE"", ""report_date"": ""2026-03-31T00:00:00"", ""source_field"": ""NETPROFIT"", ""source_run_id"": ""df86486a-9a54-4920-a4db-2553f907af92"", ""source_sha256"": ""2356e38f9b620b1bceb4b7b38b50b420dc3fa89d8406b0bbc8f404166034efc9"", ""source_table"": ""fact_income_statement"", ""update_date"": ""2026-04-30T00:00:00""}, {""announcement_date"": ""2026-04-30T00:00:00"", ""canonical_key"": ""600231|income_statement|2026-03-31|revenue"", ""canonical_name"": ""revenue"", ""clean_run_id"": ""66bebf1c-8b64-42a6-a970-1dbf1ecb395f"", ""currency"": ""CNY"", ""fiscal_period"": ""Q1"", ""pit_status"": ""PIT_ELIGIBLE"", ""report_date"": ""2026-03-31T00:00:00"", ""source_field"": ""TOTAL_OPERATE_INCOME"", ""source_run_id"": ""df86486a-9a54-4920-a4db-2553f907af92"", ""source_sha256"": ""2356e38f9b620b1bceb4b7b38b50b420dc3fa89d8406b0bbc8f404166034efc9"", ""source_table"": ""fact_income_statement"", ""update_date"": ""2026-04-30T00:00:00""}]",fundamental_feature_long_v1,AVAILABLE
1bc599a7-17eb-4cc8-a543-8c0baaa7c3b8,600231,A,2026-07-27,net_profit,-479550811.31,PASS,,latest PIT net_profit normalized_value,currency,latest_available_report_period,2026-03-31,2026-04-30,2026-04-30,"[""2026-03-31T00:00:00""]","[""2026-04-30T00:00:00""]","[""2026-04-30T00:00:00""]","[""NETPROFIT""]","[""fact_income_statement""]","[""600231|income_statement|2026-03-31|net_profit""]","[""df86486a-9a54-4920-a4db-2553f907af92""]","[""66bebf1c-8b64-42a6-a970-1dbf1ecb395f""]","[""2356e38f9b620b1bceb4b7b38b50b420dc3fa89d8406b0bbc8f404166034efc9""]","[""CNY""]","[""Q1""]","[{""announcement_date"": ""2026-04-30T00:00:00"", ""canonical_key"": ""600231|income_statement|2026-03-31|net_profit"", ""canonical_name"": ""net_profit"", ""clean_run_id"": ""66bebf1c-8b64-42a6-a970-1dbf1ecb395f"", ""currency"": ""CNY"", ""fiscal_period"": ""Q1"", ""pit_status"": ""PIT_ELIGIBLE"", ""report_date"": ""2026-03-31T00:00:00"", ""source_field"": ""NETPROFIT"", ""source_run_id"": ""df86486a-9a54-4920-a4db-2553f907af92"", ""source_sha256"": ""2356e38f9b620b1bceb4b7b38b50b420dc3fa89d8406b0bbc8f404166034efc9"", ""source_table"": ""fact_income_statement"", ""update_date"": ""2026-04-30T00:00:00""}]",fundamental_feature_long_v1,AVAILABLE
1bc599a7-17eb-4cc8-a543-8c0baaa7c3b8,600231,A,2026-07-27,net_profit_yoy,0.903677921438665,PASS,,net_profit(t)/net_profit(t-1 same fiscal_period)-1,ratio,same_fiscal_period_prior_year,2026-03-31,2026-04-30,2026-04-30,"[""2025-03-31T00:00:00"", ""2026-03-31T00:00:00""]","[""2025-04-30T00:00:00"", ""2026-04-30T00:00:00""]","[""2026-04-30T00:00:00""]","[""NETPROFIT""]","[""fact_income_statement""]","[""600231|income_statement|2025-03-31|net_profit"", ""600231|income_statement|2026-03-31|net_profit""]","[""df86486a-9a54-4920-a4db-2553f907af92""]","[""66bebf1c-8b64-42a6-a970-1dbf1ecb395f""]","[""2356e38f9b620b1bceb4b7b38b50b420dc3fa89d8406b0bbc8f404166034efc9""]","[""CNY""]","[""Q1""]","[{""announcement_date"": ""2026-04-30T00:00:00"", ""canonical_key"": ""600231|income_statement|2026-03-31|net_profit"", ""canonical_name"": ""net_profit"", ""clean_run_id"": ""66bebf1c-8b64-42a6-a970-1dbf1ecb395f"", ""currency"": ""CNY"", ""fiscal_period"": ""Q1"", ""pit_status"": ""PIT_ELIGIBLE"", ""report_date"": ""2026-03-31T00:00:00"", ""source_field"": ""NETPROFIT"", ""source_run_id"": ""df86486a-9a54-4920-a4db-2553f907af92"", ""source_sha256"": ""2356e38f9b620b1bceb4b7b38b50b420dc3fa89d8406b0bbc8f404166034efc9"", ""source_table"": ""fact_income_statement"", ""update_date"": ""2026-04-30T00:00:00""}, {""announcement_date"": ""2025-04-30T00:00:00"", ""canonical_key"": ""600231|income_statement|2025-03-31|net_profit"", ""canonical_name"": ""net_profit"", ""clean_run_id"": ""66bebf1c-8b64-42a6-a970-1dbf1ecb395f"", ""currency"": ""CNY"", ""fiscal_period"": ""Q1"", ""pit_status"": ""PIT_ELIGIBLE"", ""report_date"": ""2025-03-31T00:00:00"", ""source_field"": ""NETPROFIT"", ""source_run_id"": ""df86486a-9a54-4920-a4db-2553f907af92"", ""source_sha256"": ""2356e38f9b620b1bceb4b7b38b50b420dc3fa89d8406b0bbc8f404166034efc9"", ""source_table"": ""fact_income_statement"", ""update_date"": ""2026-04-30T00:00:00""}]",fundamental_feature_long_v1,AVAILABLE
1bc599a7-17eb-4cc8-a543-8c0baaa7c3b8,600231,A,2026-07-27,ocf_to_net_profit,0.35488338702858774,PASS,,operating_cash_flow/net_profit at same report period,ratio,same_report_period cumulative,2026-03-31,2026-04-30,2026-04-30,"[""2026-03-31T00:00:00""]","[""2026-04-30T00:00:00""]","[""2026-04-30T00:00:00""]","[""NETCASH_OPERATE"", ""NETPROFIT""]","[""fact_cash_flow_statement"", ""fact_income_statement""]","[""600231|cash_flow_statement|2026-03-31|operating_cash_flow"", ""600231|income_statement|2026-03-31|net_profit""]","[""df86486a-9a54-4920-a4db-2553f907af92""]","[""66bebf1c-8b64-42a6-a970-1dbf1ecb395f""]","[""11e8fdae4461d8af20808a7b3b01e1dfe07ca64923e02317c36afbf637140130"", ""2356e38f9b620b1bceb4b7b38b50b420dc3fa89d8406b0bbc8f404166034efc9""]","[""CNY""]","[""Q1""]","[{""announcement_date"": ""2026-04-30T00:00:00"", ""canonical_key"": ""600231|cash_flow_statement|2026-03-31|operating_cash_flow"", ""canonical_name"": ""operating_cash_flow"", ""clean_run_id"": ""66bebf1c-8b64-42a6-a970-1dbf1ecb395f"", ""currency"": ""CNY"", ""fiscal_period"": ""Q1"", ""pit_status"": ""PIT_ELIGIBLE"", ""report_date"": ""2026-03-31T00:00:00"", ""source_field"": ""NETCASH_OPERATE"", ""source_run_id"": ""df86486a-9a54-4920-a4db-2553f907af92"", ""source_sha256"": ""11e8fdae4461d8af20808a7b3b01e1dfe07ca64923e02317c36afbf637140130"", ""source_table"": ""fact_cash_flow_statement"", ""update_date"": ""2026-04-30T00:00:00""}, {""announcement_date"": ""2026-04-30T00:00:00"", ""canonical_key"": ""600231|income_statement|2026-03-31|net_profit"", ""canonical_name"": ""net_profit"", ""clean_run_id"": ""66bebf1c-8b64-42a6-a970-1dbf1ecb395f"", ""currency"": ""CNY"", ""fiscal_period"": ""Q1"", ""pit_status"": ""PIT_ELIGIBLE"", ""report_date"": ""2026-03-31T00:00:00"", ""source_field"": ""NETPROFIT"", ""source_run_id"": ""df86486a-9a54-4920-a4db-2553f907af92"", ""source_sha256"": ""2356e38f9b620b1bceb4b7b38b50b420dc3fa89d8406b0bbc8f404166034efc9"", ""source_table"": ""fact_income_statement"", ""update_date"": ""2026-04-30T00:00:00""}]",fundamental_feature_long_v1,AVAILABLE
1bc599a7-17eb-4cc8-a543-8c0baaa7c3b8,600231,A,2026-07-27,operating_cash_flow,-170184616.17,PASS,,latest PIT operating_cash_flow normalized_value,currency,latest_available_report_period cumulative,2026-03-31,2026-04-30,2026-04-30,"[""2026-03-31T00:00:00""]","[""2026-04-30T00:00:00""]","[""2026-04-30T00:00:00""]","[""NETCASH_OPERATE""]","[""fact_cash_flow_statement""]","[""600231|cash_flow_statement|2026-03-31|operating_cash_flow""]","[""df86486a-9a54-4920-a4db-2553f907af92""]","[""66bebf1c-8b64-42a6-a970-1dbf1ecb395f""]","[""11e8fdae4461d8af20808a7b3b01e1dfe07ca64923e02317c36afbf637140130""]","[""CNY""]","[""Q1""]","[{""announcement_date"": ""2026-04-30T00:00:00"", ""canonical_key"": ""600231|cash_flow_statement|2026-03-31|operating_cash_flow"", ""canonical_name"": ""operating_cash_flow"", ""clean_run_id"": ""66bebf1c-8b64-42a6-a970-1dbf1ecb395f"", ""currency"": ""CNY"", ""fiscal_period"": ""Q1"", ""pit_status"": ""PIT_ELIGIBLE"", ""report_date"": ""2026-03-31T00:00:00"", ""source_field"": ""NETCASH_OPERATE"", ""source_run_id"": ""df86486a-9a54-4920-a4db-2553f907af92"", ""source_sha256"": ""11e8fdae4461d8af20808a7b3b01e1dfe07ca64923e02317c36afbf637140130"", ""source_table"": ""fact_cash_flow_statement"", ""update_date"": ""2026-04-30T00:00:00""}]",fundamental_feature_long_v1,AVAILABLE
1bc599a7-17eb-4cc8-a543-8c0baaa7c3b8,600231,A,2026-07-27,revenue,3745055181.74,PASS,,latest PIT revenue normalized_value,currency,latest_available_report_period,2026-03-31,2026-04-30,2026-04-30,"[""2026-03-31T00:00:00""]","[""2026-04-30T00:00:00""]","[""2026-04-30T00:00:00""]","[""TOTAL_OPERATE_INCOME""]","[""fact_income_statement""]","[""600231|income_statement|2026-03-31|revenue""]","[""df86486a-9a54-4920-a4db-2553f907af92""]","[""66bebf1c-8b64-42a6-a970-1dbf1ecb395f""]","[""2356e38f9b620b1bceb4b7b38b50b420dc3fa89d8406b0bbc8f404166034efc9""]","[""CNY""]","[""Q1""]","[{""announcement_date"": ""2026-04-30T00:00:00"", ""canonical_key"": ""600231|income_statement|2026-03-31|revenue"", ""canonical_name"": ""revenue"", ""clean_run_id"": ""66bebf1c-8b64-42a6-a970-1dbf1ecb395f"", ""currency"": ""CNY"", ""fiscal_period"": ""Q1"", ""pit_status"": ""PIT_ELIGIBLE"", ""report_date"": ""2026-03-31T00:00:00"", ""source_field"": ""TOTAL_OPERATE_INCOME"", ""source_run_id"": ""df86486a-9a54-4920-a4db-2553f907af92"", ""source_sha256"": ""2356e38f9b620b1bceb4b7b38b50b420dc3fa89d8406b0bbc8f404166034efc9"", ""source_table"": ""fact_income_statement"", ""update_date"": ""2026-04-30T00:00:00""}]",fundamental_feature_long_v1,AVAILABLE
1bc599a7-17eb-4cc8-a543-8c0baaa7c3b8,600231,A,2026-07-27,revenue_yoy,-0.03495420949378181,PASS,,revenue(t)/revenue(t-1 same fiscal_period)-1,ratio,same_fiscal_period_prior_year,2026-03-31,2026-04-30,2026-04-30,"[""2025-03-31T00:00:00"", ""2026-03-31T00:00:00""]","[""2025-04-30T00:00:00"", ""2026-04-30T00:00:00""]","[""2026-04-30T00:00:00""]","[""TOTAL_OPERATE_INCOME""]","[""fact_income_statement""]","[""600231|income_statement|2025-03-31|revenue"", ""600231|income_statement|2026-03-31|revenue""]","[""df86486a-9a54-4920-a4db-2553f907af92""]","[""66bebf1c-8b64-42a6-a970-1dbf1ecb395f""]","[""2356e38f9b620b1bceb4b7b38b50b420dc3fa89d8406b0bbc8f404166034efc9""]","[""CNY""]","[""Q1""]","[{""announcement_date"": ""2026-04-30T00:00:00"", ""canonical_key"": ""600231|income_statement|2026-03-31|revenue"", ""canonical_name"": ""revenue"", ""clean_run_id"": ""66bebf1c-8b64-42a6-a970-1dbf1ecb395f"", ""currency"": ""CNY"", ""fiscal_period"": ""Q1"", ""pit_status"": ""PIT_ELIGIBLE"", ""report_date"": ""2026-03-31T00:00:00"", ""source_field"": ""TOTAL_OPERATE_INCOME"", ""source_run_id"": ""df86486a-9a54-4920-a4db-2553f907af92"", ""source_sha256"": ""2356e38f9b620b1bceb4b7b38b50b420dc3fa89d8406b0bbc8f404166034efc9"", ""source_table"": ""fact_income_statement"", ""update_date"": ""2026-04-30T00:00:00""}, {""announcement_date"": ""2025-04-30T00:00:00"", ""canonical_key"": ""600231|income_statement|2025-03-31|revenue"", ""canonical_name"": ""revenue"", ""clean_run_id"": ""66bebf1c-8b64-42a6-a970-1dbf1ecb395f"", ""currency"": ""CNY"", ""fiscal_period"": ""Q1"", ""pit_status"": ""PIT_ELIGIBLE"", ""report_date"": ""2025-03-31T00:00:00"", ""source_field"": ""TOTAL_OPERATE_INCOME"", ""source_run_id"": ""df86486a-9a54-4920-a4db-2553f907af92"", ""source_sha256"": ""2356e38f9b620b1bceb4b7b38b50b420dc3fa89d8406b0bbc8f404166034efc9"", ""source_table"": ""fact_income_statement"", ""update_date"": ""2026-04-30T00:00:00""}]",fundamental_feature_long_v1,AVAILABLE
1bc599a7-17eb-4cc8-a543-8c0baaa7c3b8,600231,A,2026-07-27,roa,,UNAVAILABLE,ANNUAL_OR_PRIOR_BALANCE_UNAVAILABLE,"annual net_profit/average(current FY total_assets,prior FY total_assets)",ratio,latest FY with prior comparable FY balance,2025-12-31,2026-04-01,2026-04-01,"[""2025-12-31T00:00:00""]","[""2026-04-01T00:00:00""]","[""2026-04-01T00:00:00""]","[""NETPROFIT""]","[""fact_income_statement""]","[""600231|income_statement|2025-12-31|net_profit""]","[""df86486a-9a54-4920-a4db-2553f907af92""]","[""66bebf1c-8b64-42a6-a970-1dbf1ecb395f""]","[""2356e38f9b620b1bceb4b7b38b50b420dc3fa89d8406b0bbc8f404166034efc9""]","[""CNY""]","[""FY""]","[{""announcement_date"": ""2026-04-01T00:00:00"", ""canonical_key"": ""600231|income_statement|2025-12-31|net_profit"", ""canonical_name"": ""net_profit"", ""clean_run_id"": ""66bebf1c-8b64-42a6-a970-1dbf1ecb395f"", ""currency"": ""CNY"", ""fiscal_period"": ""FY"", ""pit_status"": ""PIT_ELIGIBLE"", ""report_date"": ""2025-12-31T00:00:00"", ""source_field"": ""NETPROFIT"", ""source_run_id"": ""df86486a-9a54-4920-a4db-2553f907af92"", ""source_sha256"": ""2356e38f9b620b1bceb4b7b38b50b420dc3fa89d8406b0bbc8f404166034efc9"", ""source_table"": ""fact_income_statement"", ""update_date"": ""2026-04-01T00:00:00""}]",fundamental_feature_long_v1,PRESERVE_NULL_UNAVAILABLE
1bc599a7-17eb-4cc8-a543-8c0baaa7c3b8,600231,A,2026-07-27,roe,,UNAVAILABLE,ANNUAL_OR_PRIOR_BALANCE_UNAVAILABLE,"annual parent_net_profit/average(current FY parent_equity,prior FY parent_equity)",ratio,latest FY with prior comparable FY balance,2025-12-31,2026-04-01,2026-04-01,"[""2025-12-31T00:00:00""]","[""2026-04-01T00:00:00""]","[""2026-04-01T00:00:00""]","[""PARENT_NETPROFIT""]","[""fact_income_statement""]","[""600231|income_statement|2025-12-31|parent_net_profit""]","[""df86486a-9a54-4920-a4db-2553f907af92""]","[""66bebf1c-8b64-42a6-a970-1dbf1ecb395f""]","[""2356e38f9b620b1bceb4b7b38b50b420dc3fa89d8406b0bbc8f404166034efc9""]","[""CNY""]","[""FY""]","[{""announcement_date"": ""2026-04-01T00:00:00"", ""canonical_key"": ""600231|income_statement|2025-12-31|parent_net_profit"", ""canonical_name"": ""parent_net_profit"", ""clean_run_id"": ""66bebf1c-8b64-42a6-a970-1dbf1ecb395f"", ""currency"": ""CNY"", ""fiscal_period"": ""FY"", ""pit_status"": ""PIT_ELIGIBLE"", ""report_date"": ""2025-12-31T00:00:00"", ""source_field"": ""PARENT_NETPROFIT"", ""source_run_id"": ""df86486a-9a54-4920-a4db-2553f907af92"", ""source_sha256"": ""2356e38f9b620b1bceb4b7b38b50b420dc3fa89d8406b0bbc8f404166034efc9"", ""source_table"": ""fact_income_statement"", ""update_date"": ""2026-04-01T00:00:00""}]",fundamental_feature_long_v1,PRESERVE_NULL_UNAVAILABLE
1bc599a7-17eb-4cc8-a543-8c0baaa7c3b8,600231,A,2026-07-27,total_assets,15325167772.11,PASS,,latest PIT total_assets normalized_value,currency,latest_available_report_period,2026-03-31,2026-04-30,2026-04-30,"[""2026-03-31T00:00:00""]","[""2026-04-30T00:00:00""]","[""2026-04-30T00:00:00""]","[""TOTAL_ASSETS""]","[""fact_balance_sheet""]","[""600231|balance_sheet|2026-03-31|total_assets""]","[""df86486a-9a54-4920-a4db-2553f907af92""]","[""66bebf1c-8b64-42a6-a970-1dbf1ecb395f""]","[""209048a61bf27072e257ffced681a51de7651c5f8a4e12120b03cdaec7a18f1c""]","[""CNY""]","[""Q1""]","[{""announcement_date"": ""2026-04-30T00:00:00"", ""canonical_key"": ""600231|balance_sheet|2026-03-31|total_assets"", ""canonical_name"": ""total_assets"", ""clean_run_id"": ""66bebf1c-8b64-42a6-a970-1dbf1ecb395f"", ""currency"": ""CNY"", ""fiscal_period"": ""Q1"", ""pit_status"": ""PIT_ELIGIBLE"", ""report_date"": ""2026-03-31T00:00:00"", ""source_field"": ""TOTAL_ASSETS"", ""source_run_id"": ""df86486a-9a54-4920-a4db-2553f907af92"", ""source_sha256"": ""209048a61bf27072e257ffced681a51de7651c5f8a4e12120b03cdaec7a18f1c"", ""source_table"": ""fact_balance_sheet"", ""update_date"": ""2026-04-30T00:00:00""}]",fundamental_feature_long_v1,AVAILABLE
1bc599a7-17eb-4cc8-a543-8c0baaa7c3b8,600231,A,2026-07-27,total_equity,3592485539.78,PASS,,latest PIT net_assets normalized_value,currency,latest_available_report_period,2026-03-31,2026-04-30,2026-04-30,"[""2026-03-31T00:00:00""]","[""2026-04-30T00:00:00""]","[""2026-04-30T00:00:00""]","[""TOTAL_EQUITY""]","[""fact_balance_sheet""]","[""600231|balance_sheet|2026-03-31|net_assets""]","[""df86486a-9a54-4920-a4db-2553f907af92""]","[""66bebf1c-8b64-42a6-a970-1dbf1ecb395f""]","[""209048a61bf27072e257ffced681a51de7651c5f8a4e12120b03cdaec7a18f1c""]","[""CNY""]","[""Q1""]","[{""announcement_date"": ""2026-04-30T00:00:00"", ""canonical_key"": ""600231|balance_sheet|2026-03-31|net_assets"", ""canonical_name"": ""net_assets"", ""clean_run_id"": ""66bebf1c-8b64-42a6-a970-1dbf1ecb395f"", ""currency"": ""CNY"", ""fiscal_period"": ""Q1"", ""pit_status"": ""PIT_ELIGIBLE"", ""report_date"": ""2026-03-31T00:00:00"", ""source_field"": ""TOTAL_EQUITY"", ""source_run_id"": ""df86486a-9a54-4920-a4db-2553f907af92"", ""source_sha256"": ""209048a61bf27072e257ffced681a51de7651c5f8a4e12120b03cdaec7a18f1c"", ""source_table"": ""fact_balance_sheet"", ""update_date"": ""2026-04-30T00:00:00""}]",fundamental_feature_long_v1,AVAILABLE
1bc599a7-17eb-4cc8-a543-8c0baaa7c3b8,600438,A,2026-07-27,debt_to_asset,0.7423063630863019,PASS,,total_liabilities/total_assets at same report period,ratio,same_report_period stock values,2026-03-31,2026-04-30,2026-04-30,"[""2026-03-31T00:00:00""]","[""2026-04-30T00:00:00""]","[""2026-04-30T00:00:00""]","[""TOTAL_ASSETS"", ""TOTAL_LIABILITIES""]","[""fact_balance_sheet""]","[""600438|balance_sheet|2026-03-31|total_assets"", ""600438|balance_sheet|2026-03-31|total_liabilities""]","[""df86486a-9a54-4920-a4db-2553f907af92""]","[""66bebf1c-8b64-42a6-a970-1dbf1ecb395f""]","[""47e34329454e35f32a2802348be8c4aa625d8e2e50e66f917e29fcac407b037b""]","[""CNY""]","[""Q1""]","[{""announcement_date"": ""2026-04-30T00:00:00"", ""canonical_key"": ""600438|balance_sheet|2026-03-31|total_liabilities"", ""canonical_name"": ""total_liabilities"", ""clean_run_id"": ""66bebf1c-8b64-42a6-a970-1dbf1ecb395f"", ""currency"": ""CNY"", ""fiscal_period"": ""Q1"", ""pit_status"": ""PIT_ELIGIBLE"", ""report_date"": ""2026-03-31T00:00:00"", ""source_field"": ""TOTAL_LIABILITIES"", ""source_run_id"": ""df86486a-9a54-4920-a4db-2553f907af92"", ""source_sha256"": ""47e34329454e35f32a2802348be8c4aa625d8e2e50e66f917e29fcac407b037b"", ""source_table"": ""fact_balance_sheet"", ""update_date"": ""2026-04-30T00:00:00""}, {""announcement_date"": ""2026-04-30T00:00:00"", ""canonical_key"": ""600438|balance_sheet|2026-03-31|total_assets"", ""canonical_name"": ""total_assets"", ""clean_run_id"": ""66bebf1c-8b64-42a6-a970-1dbf1ecb395f"", ""currency"": ""CNY"", ""fiscal_period"": ""Q1"", ""pit_status"": ""PIT_ELIGIBLE"", ""report_date"": ""2026-03-31T00:00:00"", ""source_field"": ""TOTAL_ASSETS"", ""source_run_id"": ""df86486a-9a54-4920-a4db-2553f907af92"", ""source_sha256"": ""47e34329454e35f32a2802348be8c4aa625d8e2e50e66f917e29fcac407b037b"", ""source_table"": ""fact_balance_sheet"", ""update_date"": ""2026-04-30T00:00:00""}]",fundamental_feature_long_v1,AVAILABLE
1bc599a7-17eb-4cc8-a543-8c0baaa7c3b8,600438,A,2026-07-27,net_margin,-0.2650899087559589,PASS,,net_profit/revenue at same report period,ratio,same_report_period cumulative,2026-03-31,2026-04-30,2026-04-30,"[""2026-03-31T00:00:00""]","[""2026-04-30T00:00:00""]","[""2026-04-30T00:00:00""]","[""NETPROFIT"", ""TOTAL_OPERATE_INCOME""]","[""fact_income_statement""]","[""600438|income_statement|2026-03-31|net_profit"", ""600438|income_statement|2026-03-31|revenue""]","[""df86486a-9a54-4920-a4db-2553f907af92""]","[""66bebf1c-8b64-42a6-a970-1dbf1ecb395f""]","[""66dbfc8938049d8190b11e9f6ab553cea6abe61d2dc8c7fd187bcd60f72c1db8""]","[""CNY""]","[""Q1""]","[{""announcement_date"": ""2026-04-30T00:00:00"", ""canonical_key"": ""600438|income_statement|2026-03-31|net_profit"", ""canonical_name"": ""net_profit"", ""clean_run_id"": ""66bebf1c-8b64-42a6-a970-1dbf1ecb395f"", ""currency"": ""CNY"", ""fiscal_period"": ""Q1"", ""pit_status"": ""PIT_ELIGIBLE"", ""report_date"": ""2026-03-31T00:00:00"", ""source_field"": ""NETPROFIT"", ""source_run_id"": ""df86486a-9a54-4920-a4db-2553f907af92"", ""source_sha256"": ""66dbfc8938049d8190b11e9f6ab553cea6abe61d2dc8c7fd187bcd60f72c1db8"", ""source_table"": ""fact_income_statement"", ""update_date"": ""2026-04-30T00:00:00""}, {""announcement_date"": ""2026-04-30T00:00:00"", ""canonical_key"": ""600438|income_statement|2026-03-31|revenue"", ""canonical_name"": ""revenue"", ""clean_run_id"": ""66bebf1c-8b64-42a6-a970-1dbf1ecb395f"", ""currency"": ""CNY"", ""fiscal_period"": ""Q1"", ""pit_status"": ""PIT_ELIGIBLE"", ""report_date"": ""2026-03-31T00:00:00"", ""source_field"": ""TOTAL_OPERATE_INCOME"", ""source_run_id"": ""df86486a-9a54-4920-a4db-2553f907af92"", ""source_sha256"": ""66dbfc8938049d8190b11e9f6ab553cea6abe61d2dc8c7fd187bcd60f72c1db8"", ""source_table"": ""fact_income_statement"", ""update_date"": ""2026-04-30T00:00:00""}]",fundamental_feature_long_v1,AVAILABLE
1bc599a7-17eb-4cc8-a543-8c0baaa7c3b8,600438,A,2026-07-27,net_profit,-3214236270.95,PASS,,latest PIT net_profit normalized_value,currency,latest_available_report_period,2026-03-31,2026-04-30,2026-04-30,"[""2026-03-31T00:00:00""]","[""2026-04-30T00:00:00""]","[""2026-04-30T00:00:00""]","[""NETPROFIT""]","[""fact_income_statement""]","[""600438|income_statement|2026-03-31|net_profit""]","[""df86486a-9a54-4920-a4db-2553f907af92""]","[""66bebf1c-8b64-42a6-a970-1dbf1ecb395f""]","[""66dbfc8938049d8190b11e9f6ab553cea6abe61d2dc8c7fd187bcd60f72c1db8""]","[""CNY""]","[""Q1""]","[{""announcement_date"": ""2026-04-30T00:00:00"", ""canonical_key"": ""600438|income_statement|2026-03-31|net_profit"", ""canonical_name"": ""net_profit"", ""clean_run_id"": ""66bebf1c-8b64-42a6-a970-1dbf1ecb395f"", ""currency"": ""CNY"", ""fiscal_period"": ""Q1"", ""pit_status"": ""PIT_ELIGIBLE"", ""report_date"": ""2026-03-31T00:00:00"", ""source_field"": ""NETPROFIT"", ""source_run_id"": ""df86486a-9a54-4920-a4db-2553f907af92"", ""source_sha256"": ""66dbfc8938049d8190b11e9f6ab553cea6abe61d2dc8c7fd187bcd60f72c1db8"", ""source_table"": ""fact_income_statement"", ""update_date"": ""2026-04-30T00:00:00""}]",fundamental_feature_long_v1,AVAILABLE
1bc599a7-17eb-4cc8-a543-8c0baaa7c3b8,600438,A,2026-07-27,net_profit_yoy,0.05626239100260477,PASS,,net_profit(t)/net_profit(t-1 same fiscal_period)-1,ratio,same_fiscal_period_prior_year,2026-03-31,2026-04-30,2026-04-30,"[""2025-03-31T00:00:00"", ""2026-03-31T00:00:00""]","[""2025-04-30T00:00:00"", ""2026-04-30T00:00:00""]","[""2026-04-30T00:00:00""]","[""NETPROFIT""]","[""fact_income_statement""]","[""600438|income_statement|2025-03-31|net_profit"", ""600438|income_statement|2026-03-31|net_profit""]","[""df86486a-9a54-4920-a4db-2553f907af92""]","[""66bebf1c-8b64-42a6-a970-1dbf1ecb395f""]","[""66dbfc8938049d8190b11e9f6ab553cea6abe61d2dc8c7fd187bcd60f72c1db8""]","[""CNY""]","[""Q1""]","[{""announcement_date"": ""2026-04-30T00:00:00"", ""canonical_key"": ""600438|income_statement|2026-03-31|net_profit"", ""canonical_name"": ""net_profit"", ""clean_run_id"": ""66bebf1c-8b64-42a6-a970-1dbf1ecb395f"", ""currency"": ""CNY"", ""fiscal_period"": ""Q1"", ""pit_status"": ""PIT_ELIGIBLE"", ""report_date"": ""2026-03-31T00:00:00"", ""source_field"": ""NETPROFIT"", ""source_run_id"": ""df86486a-9a54-4920-a4db-2553f907af92"", ""source_sha256"": ""66dbfc8938049d8190b11e9f6ab553cea6abe61d2dc8c7fd187bcd60f72c1db8"", ""source_table"": ""fact_income_statement"", ""update_date"": ""2026-04-30T00:00:00""}, {""announcement_date"": ""2025-04-30T00:00:00"", ""canonical_key"": ""600438|income_statement|2025-03-31|net_profit"", ""canonical_name"": ""net_profit"", ""clean_run_id"": ""66bebf1c-8b64-42a6-a970-1dbf1ecb395f"", ""currency"": ""CNY"", ""fiscal_period"": ""Q1"", ""pit_status"": ""PIT_ELIGIBLE"", ""report_date"": ""2025-03-31T00:00:00"", ""source_field"": ""NETPROFIT"", ""source_run_id"": ""df86486a-9a54-4920-a4db-2553f907af92"", ""source_sha256"": ""66dbfc8938049d8190b11e9f6ab553cea6abe61d2dc8c7fd187bcd60f72c1db8"", ""source_table"": ""fact_income_statement"", ""update_date"": ""2026-04-30T00:00:00""}]",fundamental_feature_long_v1,AVAILABLE
1bc599a7-17eb-4cc8-a543-8c0baaa7c3b8,600438,A,2026-07-27,ocf_to_net_profit,0.826215093081846,PASS,,operating_cash_flow/net_profit at same report period,ratio,same_report_period cumulative,2026-03-31,2026-04-30,2026-04-30,"[""2026-03-31T00:00:00""]","[""2026-04-30T00:00:00""]","[""2026-04-30T00:00:00""]","[""NETCASH_OPERATE"", ""NETPROFIT""]","[""fact_cash_flow_statement"", ""fact_income_statement""]","[""600438|cash_flow_statement|2026-03-31|operating_cash_flow"", ""600438|income_statement|2026-03-31|net_profit""]","[""df86486a-9a54-4920-a4db-2553f907af92""]","[""66bebf1c-8b64-42a6-a970-1dbf1ecb395f""]","[""18cc5c242bb7427b807cc0d37457e803e144f75b66ce151fd666dcd273785360"", ""66dbfc8938049d8190b11e9f6ab553cea6abe61d2dc8c7fd187bcd60f72c1db8""]","[""CNY""]","[""Q1""]","[{""announcement_date"": ""2026-04-30T00:00:00"", ""canonical_key"": ""600438|cash_flow_statement|2026-03-31|operating_cash_flow"", ""canonical_name"": ""operating_cash_flow"", ""clean_run_id"": ""66bebf1c-8b64-42a6-a970-1dbf1ecb395f"", ""currency"": ""CNY"", ""fiscal_period"": ""Q1"", ""pit_status"": ""PIT_ELIGIBLE"", ""report_date"": ""2026-03-31T00:00:00"", ""source_field"": ""NETCASH_OPERATE"", ""source_run_id"": ""df86486a-9a54-4920-a4db-2553f907af92"", ""source_sha256"": ""18cc5c242bb7427b807cc0d37457e803e144f75b66ce151fd666dcd273785360"", ""source_table"": ""fact_cash_flow_statement"", ""update_date"": ""2026-04-30T00:00:00""}, {""announcement_date"": ""2026-04-30T00:00:00"", ""canonical_key"": ""600438|income_statement|2026-03-31|net_profit"", ""canonical_name"": ""net_profit"", ""clean_run_id"": ""66bebf1c-8b64-42a6-a970-1dbf1ecb395f"", ""currency"": ""CNY"", ""fiscal_period"": ""Q1"", ""pit_status"": ""PIT_ELIGIBLE"", ""report_date"": ""2026-03-31T00:00:00"", ""source_field"": ""NETPROFIT"", ""source_run_id"": ""df86486a-9a54-4920-a4db-2553f907af92"", ""source_sha256"": ""66dbfc8938049d8190b11e9f6ab553cea6abe61d2dc8c7fd187bcd60f72c1db8"", ""source_table"": ""fact_income_statement"", ""update_date"": ""2026-04-30T00:00:00""}]",fundamental_feature_long_v1,AVAILABLE
1bc599a7-17eb-4cc8-a543-8c0baaa7c3b8,600438,A,2026-07-27,operating_cash_flow,-2655650519.79,PASS,,latest PIT operating_cash_flow normalized_value,currency,latest_available_report_period cumulative,2026-03-31,2026-04-30,2026-04-30,"[""2026-03-31T00:00:00""]","[""2026-04-30T00:00:00""]","[""2026-04-30T00:00:00""]","[""NETCASH_OPERATE""]","[""fact_cash_flow_statement""]","[""600438|cash_flow_statement|2026-03-31|operating_cash_flow""]","[""df86486a-9a54-4920-a4db-2553f907af92""]","[""66bebf1c-8b64-42a6-a970-1dbf1ecb395f""]","[""18cc5c242bb7427b807cc0d37457e803e144f75b66ce151fd666dcd273785360""]","[""CNY""]","[""Q1""]","[{""announcement_date"": ""2026-04-30T00:00:00"", ""canonical_key"": ""600438|cash_flow_statement|2026-03-31|operating_cash_flow"", ""canonical_name"": ""operating_cash_flow"", ""clean_run_id"": ""66bebf1c-8b64-42a6-a970-1dbf1ecb395f"", ""currency"": ""CNY"", ""fiscal_period"": ""Q1"", ""pit_status"": ""PIT_ELIGIBLE"", ""report_date"": ""2026-03-31T00:00:00"", ""source_field"": ""NETCASH_OPERATE"", ""source_run_id"": ""df86486a-9a54-4920-a4db-2553f907af92"", ""source_sha256"": ""18cc5c242bb7427b807cc0d37457e803e144f75b66ce151fd666dcd273785360"", ""source_table"": ""fact_cash_flow_statement"", ""update_date"": ""2026-04-30T00:00:00""}]",fundamental_feature_long_v1,AVAILABLE
1bc599a7-17eb-4cc8-a543-8c0baaa7c3b8,600438,A,2026-07-27,revenue,12125079698.56,PASS,,latest PIT revenue normalized_value,currency,latest_available_report_period,2026-03-31,2026-04-30,2026-04-30,"[""2026-03-31T00:00:00""]","[""2026-04-30T00:00:00""]","[""2026-04-30T00:00:00""]","[""TOTAL_OPERATE_INCOME""]","[""fact_income_statement""]","[""600438|income_statement|2026-03-31|revenue""]","[""df86486a-9a54-4920-a4db-2553f907af92""]","[""66bebf1c-8b64-42a6-a970-1dbf1ecb395f""]","[""66dbfc8938049d8190b11e9f6ab553cea6abe61d2dc8c7fd187bcd60f72c1db8""]","[""CNY""]","[""Q1""]","[{""announcement_date"": ""2026-04-30T00:00:00"", ""canonical_key"": ""600438|income_statement|2026-03-31|revenue"", ""canonical_name"": ""revenue"", ""clean_run_id"": ""66bebf1c-8b64-42a6-a970-1dbf1ecb395f"", ""currency"": ""CNY"", ""fiscal_period"": ""Q1"", ""pit_status"": ""PIT_ELIGIBLE"", ""report_date"": ""2026-03-31T00:00:00"", ""source_field"": ""TOTAL_OPERATE_INCOME"", ""source_run_id"": ""df86486a-9a54-4920-a4db-2553f907af92"", ""source_sha256"": ""66dbfc8938049d8190b11e9f6ab553cea6abe61d2dc8c7fd187bcd60f72c1db8"", ""source_table"": ""fact_income_statement"", ""update_date"": ""2026-04-30T00:00:00""}]",fundamental_feature_long_v1,AVAILABLE
1bc599a7-17eb-4cc8-a543-8c0baaa7c3b8,600438,A,2026-07-27,revenue_yoy,-0.23901494388997624,PASS,,revenue(t)/revenue(t-1 same fiscal_period)-1,ratio,same_fiscal_period_prior_year,2026-03-31,2026-04-30,2026-04-30,"[""2025-03-31T00:00:00"", ""2026-03-31T00:00:00""]","[""2025-04-30T00:00:00"", ""2026-04-30T00:00:00""]","[""2026-04-30T00:00:00""]","[""TOTAL_OPERATE_INCOME""]","[""fact_income_statement""]","[""600438|income_statement|2025-03-31|revenue"", ""600438|income_statement|2026-03-31|revenue""]","[""df86486a-9a54-4920-a4db-2553f907af92""]","[""66bebf1c-8b64-42a6-a970-1dbf1ecb395f""]","[""66dbfc8938049d8190b11e9f6ab553cea6abe61d2dc8c7fd187bcd60f72c1db8""]","[""CNY""]","[""Q1""]","[{""announcement_date"": ""2026-04-30T00:00:00"", ""canonical_key"": ""600438|income_statement|2026-03-31|revenue"", ""canonical_name"": ""revenue"", ""clean_run_id"": ""66bebf1c-8b64-42a6-a970-1dbf1ecb395f"", ""currency"": ""CNY"", ""fiscal_period"": ""Q1"", ""pit_status"": ""PIT_ELIGIBLE"", ""report_date"": ""2026-03-31T00:00:00"", ""source_field"": ""TOTAL_OPERATE_INCOME"", ""source_run_id"": ""df86486a-9a54-4920-a4db-2553f907af92"", ""source_sha256"": ""66dbfc8938049d8190b11e9f6ab553cea6abe61d2dc8c7fd187bcd60f72c1db8"", ""source_table"": ""fact_income_statement"", ""update_date"": ""2026-04-30T00:00:00""}, {""announcement_date"": ""2025-04-30T00:00:00"", ""canonical_key"": ""600438|income_statement|2025-03-31|revenue"", ""canonical_name"": ""revenue"", ""clean_run_id"": ""66bebf1c-8b64-42a6-a970-1dbf1ecb395f"", ""currency"": ""CNY"", ""fiscal_period"": ""Q1"", ""pit_status"": ""PIT_ELIGIBLE"", ""report_date"": ""2025-03-31T00:00:00"", ""source_field"": ""TOTAL_OPERATE_INCOME"", ""source_run_id"": ""df86486a-9a54-4920-a4db-2553f907af92"", ""source_sha256"": ""66dbfc8938049d8190b11e9f6ab553cea6abe61d2dc8c7fd187bcd60f72c1db8"", ""source_table"": ""fact_income_statement"", ""update_date"": ""2026-04-30T00:00:00""}]",fundamental_feature_long_v1,AVAILABLE
1bc599a7-17eb-4cc8-a543-8c0baaa7c3b8,600438,A,2026-07-27,roa,,UNAVAILABLE,ANNUAL_OR_PRIOR_BALANCE_UNAVAILABLE,"annual net_profit/average(current FY total_assets,prior FY total_assets)",ratio,latest FY with prior comparable FY balance,2025-12-31,2026-04-30,2026-04-30,"[""2025-12-31T00:00:00""]","[""2026-04-30T00:00:00""]","[""2026-04-30T00:00:00""]","[""NETPROFIT""]","[""fact_income_statement""]","[""600438|income_statement|2025-12-31|net_profit""]","[""df86486a-9a54-4920-a4db-2553f907af92""]","[""66bebf1c-8b64-42a6-a970-1dbf1ecb395f""]","[""66dbfc8938049d8190b11e9f6ab553cea6abe61d2dc8c7fd187bcd60f72c1db8""]","[""CNY""]","[""FY""]","[{""announcement_date"": ""2026-04-30T00:00:00"", ""canonical_key"": ""600438|income_statement|2025-12-31|net_profit"", ""canonical_name"": ""net_profit"", ""clean_run_id"": ""66bebf1c-8b64-42a6-a970-1dbf1ecb395f"", ""currency"": ""CNY"", ""fiscal_period"": ""FY"", ""pit_status"": ""PIT_ELIGIBLE"", ""report_date"": ""2025-12-31T00:00:00"", ""source_field"": ""NETPROFIT"", ""source_run_id"": ""df86486a-9a54-4920-a4db-2553f907af92"", ""source_sha256"": ""66dbfc8938049d8190b11e9f6ab553cea6abe61d2dc8c7fd187bcd60f72c1db8"", ""source_table"": ""fact_income_statement"", ""update_date"": ""2026-04-30T00:00:00""}]",fundamental_feature_long_v1,PRESERVE_NULL_UNAVAILABLE
1bc599a7-17eb-4cc8-a543-8c0baaa7c3b8,600438,A,2026-07-27,roe,,UNAVAILABLE,ANNUAL_OR_PRIOR_BALANCE_UNAVAILABLE,"annual parent_net_profit/average(current FY parent_equity,prior FY parent_equity)",ratio,latest FY with prior comparable FY balance,2025-12-31,2026-04-30,2026-04-30,"[""2025-12-31T00:00:00""]","[""2026-04-30T00:00:00""]","[""2026-04-30T00:00:00""]","[""PARENT_NETPROFIT""]","[""fact_income_statement""]","[""600438|income_statement|2025-12-31|parent_net_profit""]","[""df86486a-9a54-4920-a4db-2553f907af92""]","[""66bebf1c-8b64-42a6-a970-1dbf1ecb395f""]","[""66dbfc8938049d8190b11e9f6ab553cea6abe61d2dc8c7fd187bcd60f72c1db8""]","[""CNY""]","[""FY""]","[{""announcement_date"": ""2026-04-30T00:00:00"", ""canonical_key"": ""600438|income_statement|2025-12-31|parent_net_profit"", ""canonical_name"": ""parent_net_profit"", ""clean_run_id"": ""66bebf1c-8b64-42a6-a970-1dbf1ecb395f"", ""currency"": ""CNY"", ""fiscal_period"": ""FY"", ""pit_status"": ""PIT_ELIGIBLE"", ""report_date"": ""2025-12-31T00:00:00"", ""source_field"": ""PARENT_NETPROFIT"", ""source_run_id"": ""df86486a-9a54-4920-a4db-2553f907af92"", ""source_sha256"": ""66dbfc8938049d8190b11e9f6ab553cea6abe61d2dc8c7fd187bcd60f72c1db8"", ""source_table"": ""fact_income_statement"", ""update_date"": ""2026-04-30T00:00:00""}]",fundamental_feature_long_v1,PRESERVE_NULL_UNAVAILABLE
1bc599a7-17eb-4cc8-a543-8c0baaa7c3b8,600438,A,2026-07-27,total_assets,186993180832.47,PASS,,latest PIT total_assets normalized_value,currency,latest_available_report_period,2026-03-31,2026-04-30,2026-04-30,"[""2026-03-31T00:00:00""]","[""2026-04-30T00:00:00""]","[""2026-04-30T00:00:00""]","[""TOTAL_ASSETS""]","[""fact_balance_sheet""]","[""600438|balance_sheet|2026-03-31|total_assets""]","[""df86486a-9a54-4920-a4db-2553f907af92""]","[""66bebf1c-8b64-42a6-a970-1dbf1ecb395f""]","[""47e34329454e35f32a2802348be8c4aa625d8e2e50e66f917e29fcac407b037b""]","[""CNY""]","[""Q1""]","[{""announcement_date"": ""2026-04-30T00:00:00"", ""canonical_key"": ""600438|balance_sheet|2026-03-31|total_assets"", ""canonical_name"": ""total_assets"", ""clean_run_id"": ""66bebf1c-8b64-42a6-a970-1dbf1ecb395f"", ""currency"": ""CNY"", ""fiscal_period"": ""Q1"", ""pit_status"": ""PIT_ELIGIBLE"", ""report_date"": ""2026-03-31T00:00:00"", ""source_field"": ""TOTAL_ASSETS"", ""source_run_id"": ""df86486a-9a54-4920-a4db-2553f907af92"", ""source_sha256"": ""47e34329454e35f32a2802348be8c4aa625d8e2e50e66f917e29fcac407b037b"", ""source_table"": ""fact_balance_sheet"", ""update_date"": ""2026-04-30T00:00:00""}]",fundamental_feature_long_v1,AVAILABLE
1bc599a7-17eb-4cc8-a543-8c0baaa7c3b8,600438,A,2026-07-27,total_equity,48186952846.78,PASS,,latest PIT net_assets normalized_value,currency,latest_available_report_period,2026-03-31,2026-04-30,2026-04-30,"[""2026-03-31T00:00:00""]","[""2026-04-30T00:00:00""]","[""2026-04-30T00:00:00""]","[""TOTAL_EQUITY""]","[""fact_balance_sheet""]","[""600438|balance_sheet|2026-03-31|net_assets""]","[""df86486a-9a54-4920-a4db-2553f907af92""]","[""66bebf1c-8b64-42a6-a970-1dbf1ecb395f""]","[""47e34329454e35f32a2802348be8c4aa625d8e2e50e66f917e29fcac407b037b""]","[""CNY""]","[""Q1""]","[{""announcement_date"": ""2026-04-30T00:00:00"", ""canonical_key"": ""600438|balance_sheet|2026-03-31|net_assets"", ""canonical_name"": ""net_assets"", ""clean_run_id"": ""66bebf1c-8b64-42a6-a970-1dbf1ecb395f"", ""currency"": ""CNY"", ""fiscal_period"": ""Q1"", ""pit_status"": ""PIT_ELIGIBLE"", ""report_date"": ""2026-03-31T00:00:00"", ""source_field"": ""TOTAL_EQUITY"", ""source_run_id"": ""df86486a-9a54-4920-a4db-2553f907af92"", ""source_sha256"": ""47e34329454e35f32a2802348be8c4aa625d8e2e50e66f917e29fcac407b037b"", ""source_table"": ""fact_balance_sheet"", ""update_date"": ""2026-04-30T00:00:00""}]",fundamental_feature_long_v1,AVAILABLE
1bc599a7-17eb-4cc8-a543-8c0baaa7c3b8,600763,A,2026-07-27,debt_to_asset,0.23285747100902557,PASS,,total_liabilities/total_assets at same report period,ratio,same_report_period stock values,2026-03-31,2026-04-18,2026-04-18,"[""2026-03-31T00:00:00""]","[""2026-04-18T00:00:00""]","[""2026-04-18T00:00:00""]","[""TOTAL_ASSETS"", ""TOTAL_LIABILITIES""]","[""fact_balance_sheet""]","[""600763|balance_sheet|2026-03-31|total_assets"", ""600763|balance_sheet|2026-03-31|total_liabilities""]","[""df86486a-9a54-4920-a4db-2553f907af92""]","[""66bebf1c-8b64-42a6-a970-1dbf1ecb395f""]","[""4809d9a4f7b80d2a549d6663c157b054fa59ff0fcb96896f36d40b3e3f4ce2b0""]","[""CNY""]","[""Q1""]","[{""announcement_date"": ""2026-04-18T00:00:00"", ""canonical_key"": ""600763|balance_sheet|2026-03-31|total_liabilities"", ""canonical_name"": ""total_liabilities"", ""clean_run_id"": ""66bebf1c-8b64-42a6-a970-1dbf1ecb395f"", ""currency"": ""CNY"", ""fiscal_period"": ""Q1"", ""pit_status"": ""PIT_ELIGIBLE"", ""report_date"": ""2026-03-31T00:00:00"", ""source_field"": ""TOTAL_LIABILITIES"", ""source_run_id"": ""df86486a-9a54-4920-a4db-2553f907af92"", ""source_sha256"": ""4809d9a4f7b80d2a549d6663c157b054fa59ff0fcb96896f36d40b3e3f4ce2b0"", ""source_table"": ""fact_balance_sheet"", ""update_date"": ""2026-04-18T00:00:00""}, {""announcement_date"": ""2026-04-18T00:00:00"", ""canonical_key"": ""600763|balance_sheet|2026-03-31|total_assets"", ""canonical_name"": ""total_assets"", ""clean_run_id"": ""66bebf1c-8b64-42a6-a970-1dbf1ecb395f"", ""currency"": ""CNY"", ""fiscal_period"": ""Q1"", ""pit_status"": ""PIT_ELIGIBLE"", ""report_date"": ""2026-03-31T00:00:00"", ""source_field"": ""TOTAL_ASSETS"", ""source_run_id"": ""df86486a-9a54-4920-a4db-2553f907af92"", ""source_sha256"": ""4809d9a4f7b80d2a549d6663c157b054fa59ff0fcb96896f36d40b3e3f4ce2b0"", ""source_table"": ""fact_balance_sheet"", ""update_date"": ""2026-04-18T00:00:00""}]",fundamental_feature_long_v1,AVAILABLE
1bc599a7-17eb-4cc8-a543-8c0baaa7c3b8,600763,A,2026-07-27,net_margin,0.29204724583469766,PASS,,net_profit/revenue at same report period,ratio,same_report_period cumulative,2026-03-31,2026-04-18,2026-04-18,"[""2026-03-31T00:00:00""]","[""2026-04-18T00:00:00""]","[""2026-04-18T00:00:00""]","[""NETPROFIT"", ""TOTAL_OPERATE_INCOME""]","[""fact_income_statement""]","[""600763|income_statement|2026-03-31|net_profit"", ""600763|income_statement|2026-03-31|revenue""]","[""df86486a-9a54-4920-a4db-2553f907af92""]","[""66bebf1c-8b64-42a6-a970-1dbf1ecb395f""]","[""2cc247e662fce735b52c4e1c416fe5cdc0732803ea5260bb5efdb29023c4e84f""]","[""CNY""]","[""Q1""]","[{""announcement_date"": ""2026-04-18T00:00:00"", ""canonical_key"": ""600763|income_statement|2026-03-31|net_profit"", ""canonical_name"": ""net_profit"", ""clean_run_id"": ""66bebf1c-8b64-42a6-a970-1dbf1ecb395f"", ""currency"": ""CNY"", ""fiscal_period"": ""Q1"", ""pit_status"": ""PIT_ELIGIBLE"", ""report_date"": ""2026-03-31T00:00:00"", ""source_field"": ""NETPROFIT"", ""source_run_id"": ""df86486a-9a54-4920-a4db-2553f907af92"", ""source_sha256"": ""2cc247e662fce735b52c4e1c416fe5cdc0732803ea5260bb5efdb29023c4e84f"", ""source_table"": ""fact_income_statement"", ""update_date"": ""2026-04-18T00:00:00""}, {""announcement_date"": ""2026-04-18T00:00:00"", ""canonical_key"": ""600763|income_statement|2026-03-31|revenue"", ""canonical_name"": ""revenue"", ""clean_run_id"": ""66bebf1c-8b64-42a6-a970-1dbf1ecb395f"", ""currency"": ""CNY"", ""fiscal_period"": ""Q1"", ""pit_status"": ""PIT_ELIGIBLE"", ""report_date"": ""2026-03-31T00:00:00"", ""source_field"": ""TOTAL_OPERATE_INCOME"", ""source_run_id"": ""df86486a-9a54-4920-a4db-2553f907af92"", ""source_sha256"": ""2cc247e662fce735b52c4e1c416fe5cdc0732803ea5260bb5efdb29023c4e84f"", ""source_table"": ""fact_income_statement"", ""update_date"": ""2026-04-18T00:00:00""}]",fundamental_feature_long_v1,AVAILABLE
1bc599a7-17eb-4cc8-a543-8c0baaa7c3b8,600763,A,2026-07-27,net_profit,220580134.55,PASS,,latest PIT net_profit normalized_value,currency,latest_available_report_period,2026-03-31,2026-04-18,2026-04-18,"[""2026-03-31T00:00:00""]","[""2026-04-18T00:00:00""]","[""2026-04-18T00:00:00""]","[""NETPROFIT""]","[""fact_income_statement""]","[""600763|income_statement|2026-03-31|net_profit""]","[""df86486a-9a54-4920-a4db-2553f907af92""]","[""66bebf1c-8b64-42a6-a970-1dbf1ecb395f""]","[""2cc247e662fce735b52c4e1c416fe5cdc0732803ea5260bb5efdb29023c4e84f""]","[""CNY""]","[""Q1""]","[{""announcement_date"": ""2026-04-18T00:00:00"", ""canonical_key"": ""600763|income_statement|2026-03-31|net_profit"", ""canonical_name"": ""net_profit"", ""clean_run_id"": ""66bebf1c-8b64-42a6-a970-1dbf1ecb395f"", ""currency"": ""CNY"", ""fiscal_period"": ""Q1"", ""pit_status"": ""PIT_ELIGIBLE"", ""report_date"": ""2026-03-31T00:00:00"", ""source_field"": ""NETPROFIT"", ""source_run_id"": ""df86486a-9a54-4920-a4db-2553f907af92"", ""source_sha256"": ""2cc247e662fce735b52c4e1c416fe5cdc0732803ea5260bb5efdb29023c4e84f"", ""source_table"": ""fact_income_statement"", ""update_date"": ""2026-04-18T00:00:00""}]",fundamental_feature_long_v1,AVAILABLE
1bc599a7-17eb-4cc8-a543-8c0baaa7c3b8,600763,A,2026-07-27,net_profit_yoy,0.02117685715201989,PASS,,net_profit(t)/net_profit(t-1 same fiscal_period)-1,ratio,same_fiscal_period_prior_year,2026-03-31,2026-04-18,2026-04-18,"[""2025-03-31T00:00:00"", ""2026-03-31T00:00:00""]","[""2025-04-26T00:00:00"", ""2026-04-18T00:00:00""]","[""2026-04-18T00:00:00""]","[""NETPROFIT""]","[""fact_income_statement""]","[""600763|income_statement|2025-03-31|net_profit"", ""600763|income_statement|2026-03-31|net_profit""]","[""df86486a-9a54-4920-a4db-2553f907af92""]","[""66bebf1c-8b64-42a6-a970-1dbf1ecb395f""]","[""2cc247e662fce735b52c4e1c416fe5cdc0732803ea5260bb5efdb29023c4e84f""]","[""CNY""]","[""Q1""]","[{""announcement_date"": ""2026-04-18T00:00:00"", ""canonical_key"": ""600763|income_statement|2026-03-31|net_profit"", ""canonical_name"": ""net_profit"", ""clean_run_id"": ""66bebf1c-8b64-42a6-a970-1dbf1ecb395f"", ""currency"": ""CNY"", ""fiscal_period"": ""Q1"", ""pit_status"": ""PIT_ELIGIBLE"", ""report_date"": ""2026-03-31T00:00:00"", ""source_field"": ""NETPROFIT"", ""source_run_id"": ""df86486a-9a54-4920-a4db-2553f907af92"", ""source_sha256"": ""2cc247e662fce735b52c4e1c416fe5cdc0732803ea5260bb5efdb29023c4e84f"", ""source_table"": ""fact_income_statement"", ""update_date"": ""2026-04-18T00:00:00""}, {""announcement_date"": ""2025-04-26T00:00:00"", ""canonical_key"": ""600763|income_statement|2025-03-31|net_profit"", ""canonical_name"": ""net_profit"", ""clean_run_id"": ""66bebf1c-8b64-42a6-a970-1dbf1ecb395f"", ""currency"": ""CNY"", ""fiscal_period"": ""Q1"", ""pit_status"": ""PIT_ELIGIBLE"", ""report_date"": ""2025-03-31T00:00:00"", ""source_field"": ""NETPROFIT"", ""source_run_id"": ""df86486a-9a54-4920-a4db-2553f907af92"", ""source_sha256"": ""2cc247e662fce735b52c4e1c416fe5cdc0732803ea5260bb5efdb29023c4e84f"", ""source_table"": ""fact_income_statement"", ""update_date"": ""2026-04-18T00:00:00""}]",fundamental_feature_long_v1,AVAILABLE
1bc599a7-17eb-4cc8-a543-8c0baaa7c3b8,600763,A,2026-07-27,ocf_to_net_profit,0.729728396659009,PASS,,operating_cash_flow/net_profit at same report period,ratio,same_report_period cumulative,2026-03-31,2026-04-18,2026-04-18,"[""2026-03-31T00:00:00""]","[""2026-04-18T00:00:00""]","[""2026-04-18T00:00:00""]","[""NETCASH_OPERATE"", ""NETPROFIT""]","[""fact_cash_flow_statement"", ""fact_income_statement""]","[""600763|cash_flow_statement|2026-03-31|operating_cash_flow"", ""600763|income_statement|2026-03-31|net_profit""]","[""df86486a-9a54-4920-a4db-2553f907af92""]","[""66bebf1c-8b64-42a6-a970-1dbf1ecb395f""]","[""2cc247e662fce735b52c4e1c416fe5cdc0732803ea5260bb5efdb29023c4e84f"", ""8ca2c443d332d146273972784d19e7e778ac126176fe5e9592a8d5fcb485cb8a""]","[""CNY""]","[""Q1""]","[{""announcement_date"": ""2026-04-18T00:00:00"", ""canonical_key"": ""600763|cash_flow_statement|2026-03-31|operating_cash_flow"", ""canonical_name"": ""operating_cash_flow"", ""clean_run_id"": ""66bebf1c-8b64-42a6-a970-1dbf1ecb395f"", ""currency"": ""CNY"", ""fiscal_period"": ""Q1"", ""pit_status"": ""PIT_ELIGIBLE"", ""report_date"": ""2026-03-31T00:00:00"", ""source_field"": ""NETCASH_OPERATE"", ""source_run_id"": ""df86486a-9a54-4920-a4db-2553f907af92"", ""source_sha256"": ""8ca2c443d332d146273972784d19e7e778ac126176fe5e9592a8d5fcb485cb8a"", ""source_table"": ""fact_cash_flow_statement"", ""update_date"": ""2026-04-18T00:00:00""}, {""announcement_date"": ""2026-04-18T00:00:00"", ""canonical_key"": ""600763|income_statement|2026-03-31|net_profit"", ""canonical_name"": ""net_profit"", ""clean_run_id"": ""66bebf1c-8b64-42a6-a970-1dbf1ecb395f"", ""currency"": ""CNY"", ""fiscal_period"": ""Q1"", ""pit_status"": ""PIT_ELIGIBLE"", ""report_date"": ""2026-03-31T00:00:00"", ""source_field"": ""NETPROFIT"", ""source_run_id"": ""df86486a-9a54-4920-a4db-2553f907af92"", ""source_sha256"": ""2cc247e662fce735b52c4e1c416fe5cdc0732803ea5260bb5efdb29023c4e84f"", ""source_table"": ""fact_income_statement"", ""update_date"": ""2026-04-18T00:00:00""}]",fundamental_feature_long_v1,AVAILABLE
1bc599a7-17eb-4cc8-a543-8c0baaa7c3b8,600763,A,2026-07-27,operating_cash_flow,160963587.92,PASS,,latest PIT operating_cash_flow normalized_value,currency,latest_available_report_period cumulative,2026-03-31,2026-04-18,2026-04-18,"[""2026-03-31T00:00:00""]","[""2026-04-18T00:00:00""]","[""2026-04-18T00:00:00""]","[""NETCASH_OPERATE""]","[""fact_cash_flow_statement""]","[""600763|cash_flow_statement|2026-03-31|operating_cash_flow""]","[""df86486a-9a54-4920-a4db-2553f907af92""]","[""66bebf1c-8b64-42a6-a970-1dbf1ecb395f""]","[""8ca2c443d332d146273972784d19e7e778ac126176fe5e9592a8d5fcb485cb8a""]","[""CNY""]","[""Q1""]","[{""announcement_date"": ""2026-04-18T00:00:00"", ""canonical_key"": ""600763|cash_flow_statement|2026-03-31|operating_cash_flow"", ""canonical_name"": ""operating_cash_flow"", ""clean_run_id"": ""66bebf1c-8b64-42a6-a970-1dbf1ecb395f"", ""currency"": ""CNY"", ""fiscal_period"": ""Q1"", ""pit_status"": ""PIT_ELIGIBLE"", ""report_date"": ""2026-03-31T00:00:00"", ""source_field"": ""NETCASH_OPERATE"", ""source_run_id"": ""df86486a-9a54-4920-a4db-2553f907af92"", ""source_sha256"": ""8ca2c443d332d146273972784d19e7e778ac126176fe5e9592a8d5fcb485cb8a"", ""source_table"": ""fact_cash_flow_statement"", ""update_date"": ""2026-04-18T00:00:00""}]",fundamental_feature_long_v1,AVAILABLE
1bc599a7-17eb-4cc8-a543-8c0baaa7c3b8,600763,A,2026-07-27,revenue,755289213.29,PASS,,latest PIT revenue normalized_value,currency,latest_available_report_period,2026-03-31,2026-04-18,2026-04-18,"[""2026-03-31T00:00:00""]","[""2026-04-18T00:00:00""]","[""2026-04-18T00:00:00""]","[""TOTAL_OPERATE_INCOME""]","[""fact_income_statement""]","[""600763|income_statement|2026-03-31|revenue""]","[""df86486a-9a54-4920-a4db-2553f907af92""]","[""66bebf1c-8b64-42a6-a970-1dbf1ecb395f""]","[""2cc247e662fce735b52c4e1c416fe5cdc0732803ea5260bb5efdb29023c4e84f""]","[""CNY""]","[""Q1""]","[{""announcement_date"": ""2026-04-18T00:00:00"", ""canonical_key"": ""600763|income_statement|2026-03-31|revenue"", ""canonical_name"": ""revenue"", ""clean_run_id"": ""66bebf1c-8b64-42a6-a970-1dbf1ecb395f"", ""currency"": ""CNY"", ""fiscal_period"": ""Q1"", ""pit_status"": ""PIT_ELIGIBLE"", ""report_date"": ""2026-03-31T00:00:00"", ""source_field"": ""TOTAL_OPERATE_INCOME"", ""source_run_id"": ""df86486a-9a54-4920-a4db-2553f907af92"", ""source_sha256"": ""2cc247e662fce735b52c4e1c416fe5cdc0732803ea5260bb5efdb29023c4e84f"", ""source_table"": ""fact_income_statement"", ""update_date"": ""2026-04-18T00:00:00""}]",fundamental_feature_long_v1,AVAILABLE
1bc599a7-17eb-4cc8-a543-8c0baaa7c3b8,600763,A,2026-07-27,revenue_yoy,0.014339700485369145,PASS,,revenue(t)/revenue(t-1 same fiscal_period)-1,ratio,same_fiscal_period_prior_year,2026-03-31,2026-04-18,2026-04-18,"[""2025-03-31T00:00:00"", ""2026-03-31T00:00:00""]","[""2025-04-26T00:00:00"", ""2026-04-18T00:00:00""]","[""2026-04-18T00:00:00""]","[""TOTAL_OPERATE_INCOME""]","[""fact_income_statement""]","[""600763|income_statement|2025-03-31|revenue"", ""600763|income_statement|2026-03-31|revenue""]","[""df86486a-9a54-4920-a4db-2553f907af92""]","[""66bebf1c-8b64-42a6-a970-1dbf1ecb395f""]","[""2cc247e662fce735b52c4e1c416fe5cdc0732803ea5260bb5efdb29023c4e84f""]","[""CNY""]","[""Q1""]","[{""announcement_date"": ""2026-04-18T00:00:00"", ""canonical_key"": ""600763|income_statement|2026-03-31|revenue"", ""canonical_name"": ""revenue"", ""clean_run_id"": ""66bebf1c-8b64-42a6-a970-1dbf1ecb395f"", ""currency"": ""CNY"", ""fiscal_period"": ""Q1"", ""pit_status"": ""PIT_ELIGIBLE"", ""report_date"": ""2026-03-31T00:00:00"", ""source_field"": ""TOTAL_OPERATE_INCOME"", ""source_run_id"": ""df86486a-9a54-4920-a4db-2553f907af92"", ""source_sha256"": ""2cc247e662fce735b52c4e1c416fe5cdc0732803ea5260bb5efdb29023c4e84f"", ""source_table"": ""fact_income_statement"", ""update_date"": ""2026-04-18T00:00:00""}, {""announcement_date"": ""2025-04-26T00:00:00"", ""canonical_key"": ""600763|income_statement|2025-03-31|revenue"", ""canonical_name"": ""revenue"", ""clean_run_id"": ""66bebf1c-8b64-42a6-a970-1dbf1ecb395f"", ""currency"": ""CNY"", ""fiscal_period"": ""Q1"", ""pit_status"": ""PIT_ELIGIBLE"", ""report_date"": ""2025-03-31T00:00:00"", ""source_field"": ""TOTAL_OPERATE_INCOME"", ""source_run_id"": ""df86486a-9a54-4920-a4db-2553f907af92"", ""source_sha256"": ""2cc247e662fce735b52c4e1c416fe5cdc0732803ea5260bb5efdb29023c4e84f"", ""source_table"": ""fact_income_statement"", ""update_date"": ""2026-04-18T00:00:00""}]",fundamental_feature_long_v1,AVAILABLE
1bc599a7-17eb-4cc8-a543-8c0baaa7c3b8,600763,A,2026-07-27,roa,,UNAVAILABLE,ANNUAL_OR_PRIOR_BALANCE_UNAVAILABLE,"annual net_profit/average(current FY total_assets,prior FY total_assets)",ratio,latest FY with prior comparable FY balance,2025-12-31,2026-04-18,2026-04-18,"[""2025-12-31T00:00:00""]","[""2026-04-18T00:00:00""]","[""2026-04-18T00:00:00""]","[""NETPROFIT""]","[""fact_income_statement""]","[""600763|income_statement|2025-12-31|net_profit""]","[""df86486a-9a54-4920-a4db-2553f907af92""]","[""66bebf1c-8b64-42a6-a970-1dbf1ecb395f""]","[""2cc247e662fce735b52c4e1c416fe5cdc0732803ea5260bb5efdb29023c4e84f""]","[""CNY""]","[""FY""]","[{""announcement_date"": ""2026-04-18T00:00:00"", ""canonical_key"": ""600763|income_statement|2025-12-31|net_profit"", ""canonical_name"": ""net_profit"", ""clean_run_id"": ""66bebf1c-8b64-42a6-a970-1dbf1ecb395f"", ""currency"": ""CNY"", ""fiscal_period"": ""FY"", ""pit_status"": ""PIT_ELIGIBLE"", ""report_date"": ""2025-12-31T00:00:00"", ""source_field"": ""NETPROFIT"", ""source_run_id"": ""df86486a-9a54-4920-a4db-2553f907af92"", ""source_sha256"": ""2cc247e662fce735b52c4e1c416fe5cdc0732803ea5260bb5efdb29023c4e84f"", ""source_table"": ""fact_income_statement"", ""update_date"": ""2026-04-18T00:00:00""}]",fundamental_feature_long_v1,PRESERVE_NULL_UNAVAILABLE
1bc599a7-17eb-4cc8-a543-8c0baaa7c3b8,600763,A,2026-07-27,roe,,UNAVAILABLE,ANNUAL_OR_PRIOR_BALANCE_UNAVAILABLE,"annual parent_net_profit/average(current FY parent_equity,prior FY parent_equity)",ratio,latest FY with prior comparable FY balance,2025-12-31,2026-04-18,2026-04-18,"[""2025-12-31T00:00:00""]","[""2026-04-18T00:00:00""]","[""2026-04-18T00:00:00""]","[""PARENT_NETPROFIT""]","[""fact_income_statement""]","[""600763|income_statement|2025-12-31|parent_net_profit""]","[""df86486a-9a54-4920-a4db-2553f907af92""]","[""66bebf1c-8b64-42a6-a970-1dbf1ecb395f""]","[""2cc247e662fce735b52c4e1c416fe5cdc0732803ea5260bb5efdb29023c4e84f""]","[""CNY""]","[""FY""]","[{""announcement_date"": ""2026-04-18T00:00:00"", ""canonical_key"": ""600763|income_statement|2025-12-31|parent_net_profit"", ""canonical_name"": ""parent_net_profit"", ""clean_run_id"": ""66bebf1c-8b64-42a6-a970-1dbf1ecb395f"", ""currency"": ""CNY"", ""fiscal_period"": ""FY"", ""pit_status"": ""PIT_ELIGIBLE"", ""report_date"": ""2025-12-31T00:00:00"", ""source_field"": ""PARENT_NETPROFIT"", ""source_run_id"": ""df86486a-9a54-4920-a4db-2553f907af92"", ""source_sha256"": ""2cc247e662fce735b52c4e1c416fe5cdc0732803ea5260bb5efdb29023c4e84f"", ""source_table"": ""fact_income_statement"", ""update_date"": ""2026-04-18T00:00:00""}]",fundamental_feature_long_v1,PRESERVE_NULL_UNAVAILABLE
1bc599a7-17eb-4cc8-a543-8c0baaa7c3b8,600763,A,2026-07-27,total_assets,6239065268.83,PASS,,latest PIT total_assets normalized_value,currency,latest_available_report_period,2026-03-31,2026-04-18,2026-04-18,"[""2026-03-31T00:00:00""]","[""2026-04-18T00:00:00""]","[""2026-04-18T00:00:00""]","[""TOTAL_ASSETS""]","[""fact_balance_sheet""]","[""600763|balance_sheet|2026-03-31|total_assets""]","[""df86486a-9a54-4920-a4db-2553f907af92""]","[""66bebf1c-8b64-42a6-a970-1dbf1ecb395f""]","[""4809d9a4f7b80d2a549d6663c157b054fa59ff0fcb96896f36d40b3e3f4ce2b0""]","[""CNY""]","[""Q1""]","[{""announcement_date"": ""2026-04-18T00:00:00"", ""canonical_key"": ""600763|balance_sheet|2026-03-31|total_assets"", ""canonical_name"": ""total_assets"", ""clean_run_id"": ""66bebf1c-8b64-42a6-a970-1dbf1ecb395f"", ""currency"": ""CNY"", ""fiscal_period"": ""Q1"", ""pit_status"": ""PIT_ELIGIBLE"", ""report_date"": ""2026-03-31T00:00:00"", ""source_field"": ""TOTAL_ASSETS"", ""source_run_id"": ""df86486a-9a54-4920-a4db-2553f907af92"", ""source_sha256"": ""4809d9a4f7b80d2a549d6663c157b054fa59ff0fcb96896f36d40b3e3f4ce2b0"", ""source_table"": ""fact_balance_sheet"", ""update_date"": ""2026-04-18T00:00:00""}]",fundamental_feature_long_v1,AVAILABLE
1bc599a7-17eb-4cc8-a543-8c0baaa7c3b8,600763,A,2026-07-27,total_equity,4786252308.87,PASS,,latest PIT net_assets normalized_value,currency,latest_available_report_period,2026-03-31,2026-04-18,2026-04-18,"[""2026-03-31T00:00:00""]","[""2026-04-18T00:00:00""]","[""2026-04-18T00:00:00""]","[""TOTAL_EQUITY""]","[""fact_balance_sheet""]","[""600763|balance_sheet|2026-03-31|net_assets""]","[""df86486a-9a54-4920-a4db-2553f907af92""]","[""66bebf1c-8b64-42a6-a970-1dbf1ecb395f""]","[""4809d9a4f7b80d2a549d6663c157b054fa59ff0fcb96896f36d40b3e3f4ce2b0""]","[""CNY""]","[""Q1""]","[{""announcement_date"": ""2026-04-18T00:00:00"", ""canonical_key"": ""600763|balance_sheet|2026-03-31|net_assets"", ""canonical_name"": ""net_assets"", ""clean_run_id"": ""66bebf1c-8b64-42a6-a970-1dbf1ecb395f"", ""currency"": ""CNY"", ""fiscal_period"": ""Q1"", ""pit_status"": ""PIT_ELIGIBLE"", ""report_date"": ""2026-03-31T00:00:00"", ""source_field"": ""TOTAL_EQUITY"", ""source_run_id"": ""df86486a-9a54-4920-a4db-2553f907af92"", ""source_sha256"": ""4809d9a4f7b80d2a549d6663c157b054fa59ff0fcb96896f36d40b3e3f4ce2b0"", ""source_table"": ""fact_balance_sheet"", ""update_date"": ""2026-04-18T00:00:00""}]",fundamental_feature_long_v1,AVAILABLE
1bc599a7-17eb-4cc8-a543-8c0baaa7c3b8,601012,A,2026-07-27,debt_to_asset,0.6607775111549168,PASS,,total_liabilities/total_assets at same report period,ratio,same_report_period stock values,2026-03-31,2026-04-29,2026-04-29,"[""2026-03-31T00:00:00""]","[""2026-04-29T00:00:00""]","[""2026-04-29T00:00:00""]","[""TOTAL_ASSETS"", ""TOTAL_LIABILITIES""]","[""fact_balance_sheet""]","[""601012|balance_sheet|2026-03-31|total_assets"", ""601012|balance_sheet|2026-03-31|total_liabilities""]","[""df86486a-9a54-4920-a4db-2553f907af92""]","[""66bebf1c-8b64-42a6-a970-1dbf1ecb395f""]","[""a885f394331f07ae46110a55ebfa4d1427e2ee8594bd02c2d35b42364dd2a14e""]","[""CNY""]","[""Q1""]","[{""announcement_date"": ""2026-04-29T00:00:00"", ""canonical_key"": ""601012|balance_sheet|2026-03-31|total_liabilities"", ""canonical_name"": ""total_liabilities"", ""clean_run_id"": ""66bebf1c-8b64-42a6-a970-1dbf1ecb395f"", ""currency"": ""CNY"", ""fiscal_period"": ""Q1"", ""pit_status"": ""PIT_ELIGIBLE"", ""report_date"": ""2026-03-31T00:00:00"", ""source_field"": ""TOTAL_LIABILITIES"", ""source_run_id"": ""df86486a-9a54-4920-a4db-2553f907af92"", ""source_sha256"": ""a885f394331f07ae46110a55ebfa4d1427e2ee8594bd02c2d35b42364dd2a14e"", ""source_table"": ""fact_balance_sheet"", ""update_date"": ""2026-04-29T00:00:00""}, {""announcement_date"": ""2026-04-29T00:00:00"", ""canonical_key"": ""601012|balance_sheet|2026-03-31|total_assets"", ""canonical_name"": ""total_assets"", ""clean_run_id"": ""66bebf1c-8b64-42a6-a970-1dbf1ecb395f"", ""currency"": ""CNY"", ""fiscal_period"": ""Q1"", ""pit_status"": ""PIT_ELIGIBLE"", ""report_date"": ""2026-03-31T00:00:00"", ""source_field"": ""TOTAL_ASSETS"", ""source_run_id"": ""df86486a-9a54-4920-a4db-2553f907af92"", ""source_sha256"": ""a885f394331f07ae46110a55ebfa4d1427e2ee8594bd02c2d35b42364dd2a14e"", ""source_table"": ""fact_balance_sheet"", ""update_date"": ""2026-04-29T00:00:00""}]",fundamental_feature_long_v1,AVAILABLE
1bc599a7-17eb-4cc8-a543-8c0baaa7c3b8,601012,A,2026-07-27,net_margin,-0.17756139301788074,PASS,,net_profit/revenue at same report period,ratio,same_report_period cumulative,2026-03-31,2026-04-29,2026-04-29,"[""2026-03-31T00:00:00""]","[""2026-04-29T00:00:00""]","[""2026-04-29T00:00:00""]","[""NETPROFIT"", ""TOTAL_OPERATE_INCOME""]","[""fact_income_statement""]","[""601012|income_statement|2026-03-31|net_profit"", ""601012|income_statement|2026-03-31|revenue""]","[""df86486a-9a54-4920-a4db-2553f907af92""]","[""66bebf1c-8b64-42a6-a970-1dbf1ecb395f""]","[""0ab57daab4419013353d0aa53dd6e8257af5154ba08e315f506d3d274395fbbc""]","[""CNY""]","[""Q1""]","[{""announcement_date"": ""2026-04-29T00:00:00"", ""canonical_key"": ""601012|income_statement|2026-03-31|net_profit"", ""canonical_name"": ""net_profit"", ""clean_run_id"": ""66bebf1c-8b64-42a6-a970-1dbf1ecb395f"", ""currency"": ""CNY"", ""fiscal_period"": ""Q1"", ""pit_status"": ""PIT_ELIGIBLE"", ""report_date"": ""2026-03-31T00:00:00"", ""source_field"": ""NETPROFIT"", ""source_run_id"": ""df86486a-9a54-4920-a4db-2553f907af92"", ""source_sha256"": ""0ab57daab4419013353d0aa53dd6e8257af5154ba08e315f506d3d274395fbbc"", ""source_table"": ""fact_income_statement"", ""update_date"": ""2026-04-29T00:00:00""}, {""announcement_date"": ""2026-04-29T00:00:00"", ""canonical_key"": ""601012|income_statement|2026-03-31|revenue"", ""canonical_name"": ""revenue"", ""clean_run_id"": ""66bebf1c-8b64-42a6-a970-1dbf1ecb395f"", ""currency"": ""CNY"", ""fiscal_period"": ""Q1"", ""pit_status"": ""PIT_ELIGIBLE"", ""report_date"": ""2026-03-31T00:00:00"", ""source_field"": ""TOTAL_OPERATE_INCOME"", ""source_run_id"": ""df86486a-9a54-4920-a4db-2553f907af92"", ""source_sha256"": ""0ab57daab4419013353d0aa53dd6e8257af5154ba08e315f506d3d274395fbbc"", ""source_table"": ""fact_income_statement"", ""update_date"": ""2026-04-29T00:00:00""}]",fundamental_feature_long_v1,AVAILABLE
1bc599a7-17eb-4cc8-a543-8c0baaa7c3b8,601012,A,2026-07-27,net_profit,-1987187612.61,PASS,,latest PIT net_profit normalized_value,currency,latest_available_report_period,2026-03-31,2026-04-29,2026-04-29,"[""2026-03-31T00:00:00""]","[""2026-04-29T00:00:00""]","[""2026-04-29T00:00:00""]","[""NETPROFIT""]","[""fact_income_statement""]","[""601012|income_statement|2026-03-31|net_profit""]","[""df86486a-9a54-4920-a4db-2553f907af92""]","[""66bebf1c-8b64-42a6-a970-1dbf1ecb395f""]","[""0ab57daab4419013353d0aa53dd6e8257af5154ba08e315f506d3d274395fbbc""]","[""CNY""]","[""Q1""]","[{""announcement_date"": ""2026-04-29T00:00:00"", ""canonical_key"": ""601012|income_statement|2026-03-31|net_profit"", ""canonical_name"": ""net_profit"", ""clean_run_id"": ""66bebf1c-8b64-42a6-a970-1dbf1ecb395f"", ""currency"": ""CNY"", ""fiscal_period"": ""Q1"", ""pit_status"": ""PIT_ELIGIBLE"", ""report_date"": ""2026-03-31T00:00:00"", ""source_field"": ""NETPROFIT"", ""source_run_id"": ""df86486a-9a54-4920-a4db-2553f907af92"", ""source_sha256"": ""0ab57daab4419013353d0aa53dd6e8257af5154ba08e315f506d3d274395fbbc"", ""source_table"": ""fact_income_statement"", ""update_date"": ""2026-04-29T00:00:00""}]",fundamental_feature_long_v1,AVAILABLE
1bc599a7-17eb-4cc8-a543-8c0baaa7c3b8,601012,A,2026-07-27,net_profit_yoy,0.3752925389373474,PASS,,net_profit(t)/net_profit(t-1 same fiscal_period)-1,ratio,same_fiscal_period_prior_year,2026-03-31,2026-04-29,2026-04-29,"[""2025-03-31T00:00:00"", ""2026-03-31T00:00:00""]","[""2025-04-30T00:00:00"", ""2026-04-29T00:00:00""]","[""2026-04-29T00:00:00""]","[""NETPROFIT""]","[""fact_income_statement""]","[""601012|income_statement|2025-03-31|net_profit"", ""601012|income_statement|2026-03-31|net_profit""]","[""df86486a-9a54-4920-a4db-2553f907af92""]","[""66bebf1c-8b64-42a6-a970-1dbf1ecb395f""]","[""0ab57daab4419013353d0aa53dd6e8257af5154ba08e315f506d3d274395fbbc""]","[""CNY""]","[""Q1""]","[{""announcement_date"": ""2026-04-29T00:00:00"", ""canonical_key"": ""601012|income_statement|2026-03-31|net_profit"", ""canonical_name"": ""net_profit"", ""clean_run_id"": ""66bebf1c-8b64-42a6-a970-1dbf1ecb395f"", ""currency"": ""CNY"", ""fiscal_period"": ""Q1"", ""pit_status"": ""PIT_ELIGIBLE"", ""report_date"": ""2026-03-31T00:00:00"", ""source_field"": ""NETPROFIT"", ""source_run_id"": ""df86486a-9a54-4920-a4db-2553f907af92"", ""source_sha256"": ""0ab57daab4419013353d0aa53dd6e8257af5154ba08e315f506d3d274395fbbc"", ""source_table"": ""fact_income_statement"", ""update_date"": ""2026-04-29T00:00:00""}, {""announcement_date"": ""2025-04-30T00:00:00"", ""canonical_key"": ""601012|income_statement|2025-03-31|net_profit"", ""canonical_name"": ""net_profit"", ""clean_run_id"": ""66bebf1c-8b64-42a6-a970-1dbf1ecb395f"", ""currency"": ""CNY"", ""fiscal_period"": ""Q1"", ""pit_status"": ""PIT_ELIGIBLE"", ""report_date"": ""2025-03-31T00:00:00"", ""source_field"": ""NETPROFIT"", ""source_run_id"": ""df86486a-9a54-4920-a4db-2553f907af92"", ""source_sha256"": ""0ab57daab4419013353d0aa53dd6e8257af5154ba08e315f506d3d274395fbbc"", ""source_table"": ""fact_income_statement"", ""update_date"": ""2026-04-29T00:00:00""}]",fundamental_feature_long_v1,AVAILABLE
1bc599a7-17eb-4cc8-a543-8c0baaa7c3b8,601012,A,2026-07-27,ocf_to_net_profit,1.232205184730366,PASS,,operating_cash_flow/net_profit at same report period,ratio,same_report_period cumulative,2026-03-31,2026-04-29,2026-04-29,"[""2026-03-31T00:00:00""]","[""2026-04-29T00:00:00""]","[""2026-04-29T00:00:00""]","[""NETCASH_OPERATE"", ""NETPROFIT""]","[""fact_cash_flow_statement"", ""fact_income_statement""]","[""601012|cash_flow_statement|2026-03-31|operating_cash_flow"", ""601012|income_statement|2026-03-31|net_profit""]","[""df86486a-9a54-4920-a4db-2553f907af92""]","[""66bebf1c-8b64-42a6-a970-1dbf1ecb395f""]","[""0ab57daab4419013353d0aa53dd6e8257af5154ba08e315f506d3d274395fbbc"", ""54b7e06df64ca391488971d9c7a2a702ff34a393fe1d2ef54f2d042940500bf0""]","[""CNY""]","[""Q1""]","[{""announcement_date"": ""2026-04-29T00:00:00"", ""canonical_key"": ""601012|cash_flow_statement|2026-03-31|operating_cash_flow"", ""canonical_name"": ""operating_cash_flow"", ""clean_run_id"": ""66bebf1c-8b64-42a6-a970-1dbf1ecb395f"", ""currency"": ""CNY"", ""fiscal_period"": ""Q1"", ""pit_status"": ""PIT_ELIGIBLE"", ""report_date"": ""2026-03-31T00:00:00"", ""source_field"": ""NETCASH_OPERATE"", ""source_run_id"": ""df86486a-9a54-4920-a4db-2553f907af92"", ""source_sha256"": ""54b7e06df64ca391488971d9c7a2a702ff34a393fe1d2ef54f2d042940500bf0"", ""source_table"": ""fact_cash_flow_statement"", ""update_date"": ""2026-04-29T00:00:00""}, {""announcement_date"": ""2026-04-29T00:00:00"", ""canonical_key"": ""601012|income_statement|2026-03-31|net_profit"", ""canonical_name"": ""net_profit"", ""clean_run_id"": ""66bebf1c-8b64-42a6-a970-1dbf1ecb395f"", ""currency"": ""CNY"", ""fiscal_period"": ""Q1"", ""pit_status"": ""PIT_ELIGIBLE"", ""report_date"": ""2026-03-31T00:00:00"", ""source_field"": ""NETPROFIT"", ""source_run_id"": ""df86486a-9a54-4920-a4db-2553f907af92"", ""source_sha256"": ""0ab57daab4419013353d0aa53dd6e8257af5154ba08e315f506d3d274395fbbc"", ""source_table"": ""fact_income_statement"", ""update_date"": ""2026-04-29T00:00:00""}]",fundamental_feature_long_v1,AVAILABLE
1bc599a7-17eb-4cc8-a543-8c0baaa7c3b8,601012,A,2026-07-27,operating_cash_flow,-2448622879.29,PASS,,latest PIT operating_cash_flow normalized_value,currency,latest_available_report_period cumulative,2026-03-31,2026-04-29,2026-04-29,"[""2026-03-31T00:00:00""]","[""2026-04-29T00:00:00""]","[""2026-04-29T00:00:00""]","[""NETCASH_OPERATE""]","[""fact_cash_flow_statement""]","[""601012|cash_flow_statement|2026-03-31|operating_cash_flow""]","[""df86486a-9a54-4920-a4db-2553f907af92""]","[""66bebf1c-8b64-42a6-a970-1dbf1ecb395f""]","[""54b7e06df64ca391488971d9c7a2a702ff34a393fe1d2ef54f2d042940500bf0""]","[""CNY""]","[""Q1""]","[{""announcement_date"": ""2026-04-29T00:00:00"", ""canonical_key"": ""601012|cash_flow_statement|2026-03-31|operating_cash_flow"", ""canonical_name"": ""operating_cash_flow"", ""clean_run_id"": ""66bebf1c-8b64-42a6-a970-1dbf1ecb395f"", ""currency"": ""CNY"", ""fiscal_period"": ""Q1"", ""pit_status"": ""PIT_ELIGIBLE"", ""report_date"": ""2026-03-31T00:00:00"", ""source_field"": ""NETCASH_OPERATE"", ""source_run_id"": ""df86486a-9a54-4920-a4db-2553f907af92"", ""source_sha256"": ""54b7e06df64ca391488971d9c7a2a702ff34a393fe1d2ef54f2d042940500bf0"", ""source_table"": ""fact_cash_flow_statement"", ""update_date"": ""2026-04-29T00:00:00""}]",fundamental_feature_long_v1,AVAILABLE
1bc599a7-17eb-4cc8-a543-8c0baaa7c3b8,601012,A,2026-07-27,revenue,11191552278.54,PASS,,latest PIT revenue normalized_value,currency,latest_available_report_period,2026-03-31,2026-04-29,2026-04-29,"[""2026-03-31T00:00:00""]","[""2026-04-29T00:00:00""]","[""2026-04-29T00:00:00""]","[""TOTAL_OPERATE_INCOME""]","[""fact_income_statement""]","[""601012|income_statement|2026-03-31|revenue""]","[""df86486a-9a54-4920-a4db-2553f907af92""]","[""66bebf1c-8b64-42a6-a970-1dbf1ecb395f""]","[""0ab57daab4419013353d0aa53dd6e8257af5154ba08e315f506d3d274395fbbc""]","[""CNY""]","[""Q1""]","[{""announcement_date"": ""2026-04-29T00:00:00"", ""canonical_key"": ""601012|income_statement|2026-03-31|revenue"", ""canonical_name"": ""revenue"", ""clean_run_id"": ""66bebf1c-8b64-42a6-a970-1dbf1ecb395f"", ""currency"": ""CNY"", ""fiscal_period"": ""Q1"", ""pit_status"": ""PIT_ELIGIBLE"", ""report_date"": ""2026-03-31T00:00:00"", ""source_field"": ""TOTAL_OPERATE_INCOME"", ""source_run_id"": ""df86486a-9a54-4920-a4db-2553f907af92"", ""source_sha256"": ""0ab57daab4419013353d0aa53dd6e8257af5154ba08e315f506d3d274395fbbc"", ""source_table"": ""fact_income_statement"", ""update_date"": ""2026-04-29T00:00:00""}]",fundamental_feature_long_v1,AVAILABLE
1bc599a7-17eb-4cc8-a543-8c0baaa7c3b8,601012,A,2026-07-27,revenue_yoy,-0.1802546120150258,PASS,,revenue(t)/revenue(t-1 same fiscal_period)-1,ratio,same_fiscal_period_prior_year,2026-03-31,2026-04-29,2026-04-29,"[""2025-03-31T00:00:00"", ""2026-03-31T00:00:00""]","[""2025-04-30T00:00:00"", ""2026-04-29T00:00:00""]","[""2026-04-29T00:00:00""]","[""TOTAL_OPERATE_INCOME""]","[""fact_income_statement""]","[""601012|income_statement|2025-03-31|revenue"", ""601012|income_statement|2026-03-31|revenue""]","[""df86486a-9a54-4920-a4db-2553f907af92""]","[""66bebf1c-8b64-42a6-a970-1dbf1ecb395f""]","[""0ab57daab4419013353d0aa53dd6e8257af5154ba08e315f506d3d274395fbbc""]","[""CNY""]","[""Q1""]","[{""announcement_date"": ""2026-04-29T00:00:00"", ""canonical_key"": ""601012|income_statement|2026-03-31|revenue"", ""canonical_name"": ""revenue"", ""clean_run_id"": ""66bebf1c-8b64-42a6-a970-1dbf1ecb395f"", ""currency"": ""CNY"", ""fiscal_period"": ""Q1"", ""pit_status"": ""PIT_ELIGIBLE"", ""report_date"": ""2026-03-31T00:00:00"", ""source_field"": ""TOTAL_OPERATE_INCOME"", ""source_run_id"": ""df86486a-9a54-4920-a4db-2553f907af92"", ""source_sha256"": ""0ab57daab4419013353d0aa53dd6e8257af5154ba08e315f506d3d274395fbbc"", ""source_table"": ""fact_income_statement"", ""update_date"": ""2026-04-29T00:00:00""}, {""announcement_date"": ""2025-04-30T00:00:00"", ""canonical_key"": ""601012|income_statement|2025-03-31|revenue"", ""canonical_name"": ""revenue"", ""clean_run_id"": ""66bebf1c-8b64-42a6-a970-1dbf1ecb395f"", ""currency"": ""CNY"", ""fiscal_period"": ""Q1"", ""pit_status"": ""PIT_ELIGIBLE"", ""report_date"": ""2025-03-31T00:00:00"", ""source_field"": ""TOTAL_OPERATE_INCOME"", ""source_run_id"": ""df86486a-9a54-4920-a4db-2553f907af92"", ""source_sha256"": ""0ab57daab4419013353d0aa53dd6e8257af5154ba08e315f506d3d274395fbbc"", ""source_table"": ""fact_income_statement"", ""update_date"": ""2026-04-29T00:00:00""}]",fundamental_feature_long_v1,AVAILABLE
1bc599a7-17eb-4cc8-a543-8c0baaa7c3b8,601012,A,2026-07-27,roa,-0.04245766292609294,PASS,,"annual net_profit/average(current FY total_assets,prior FY total_assets)",ratio,latest FY with prior comparable FY balance,2025-12-31,2026-04-29,2026-04-29,"[""2024-12-31T00:00:00"", ""2025-12-31T00:00:00""]","[""2025-04-30T00:00:00"", ""2026-04-29T00:00:00""]","[""2026-04-29T00:00:00""]","[""NETPROFIT"", ""TOTAL_ASSETS""]","[""fact_balance_sheet"", ""fact_income_statement""]","[""601012|balance_sheet|2024-12-31|total_assets"", ""601012|balance_sheet|2025-12-31|total_assets"", ""601012|income_statement|2025-12-31|net_profit""]","[""df86486a-9a54-4920-a4db-2553f907af92""]","[""66bebf1c-8b64-42a6-a970-1dbf1ecb395f""]","[""0ab57daab4419013353d0aa53dd6e8257af5154ba08e315f506d3d274395fbbc"", ""a885f394331f07ae46110a55ebfa4d1427e2ee8594bd02c2d35b42364dd2a14e""]","[""CNY""]","[""FY""]","[{""announcement_date"": ""2026-04-29T00:00:00"", ""canonical_key"": ""601012|income_statement|2025-12-31|net_profit"", ""canonical_name"": ""net_profit"", ""clean_run_id"": ""66bebf1c-8b64-42a6-a970-1dbf1ecb395f"", ""currency"": ""CNY"", ""fiscal_period"": ""FY"", ""pit_status"": ""PIT_ELIGIBLE"", ""report_date"": ""2025-12-31T00:00:00"", ""source_field"": ""NETPROFIT"", ""source_run_id"": ""df86486a-9a54-4920-a4db-2553f907af92"", ""source_sha256"": ""0ab57daab4419013353d0aa53dd6e8257af5154ba08e315f506d3d274395fbbc"", ""source_table"": ""fact_income_statement"", ""update_date"": ""2026-04-29T00:00:00""}, {""announcement_date"": ""2026-04-29T00:00:00"", ""canonical_key"": ""601012|balance_sheet|2025-12-31|total_assets"", ""canonical_name"": ""total_assets"", ""clean_run_id"": ""66bebf1c-8b64-42a6-a970-1dbf1ecb395f"", ""currency"": ""CNY"", ""fiscal_period"": ""FY"", ""pit_status"": ""PIT_ELIGIBLE"", ""report_date"": ""2025-12-31T00:00:00"", ""source_field"": ""TOTAL_ASSETS"", ""source_run_id"": ""df86486a-9a54-4920-a4db-2553f907af92"", ""source_sha256"": ""a885f394331f07ae46110a55ebfa4d1427e2ee8594bd02c2d35b42364dd2a14e"", ""source_table"": ""fact_balance_sheet"", ""update_date"": ""2026-04-29T00:00:00""}, {""announcement_date"": ""2025-04-30T00:00:00"", ""canonical_key"": ""601012|balance_sheet|2024-12-31|total_assets"", ""canonical_name"": ""total_assets"", ""clean_run_id"": ""66bebf1c-8b64-42a6-a970-1dbf1ecb395f"", ""currency"": ""CNY"", ""fiscal_period"": ""FY"", ""pit_status"": ""PIT_ELIGIBLE"", ""report_date"": ""2024-12-31T00:00:00"", ""source_field"": ""TOTAL_ASSETS"", ""source_run_id"": ""df86486a-9a54-4920-a4db-2553f907af92"", ""source_sha256"": ""a885f394331f07ae46110a55ebfa4d1427e2ee8594bd02c2d35b42364dd2a14e"", ""source_table"": ""fact_balance_sheet"", ""update_date"": ""2026-04-29T00:00:00""}]",fundamental_feature_long_v1,AVAILABLE
1bc599a7-17eb-4cc8-a543-8c0baaa7c3b8,601012,A,2026-07-27,roe,-0.11148190902888551,PASS,,"annual parent_net_profit/average(current FY parent_equity,prior FY parent_equity)",ratio,latest FY with prior comparable FY balance,2025-12-31,2026-04-29,2026-04-29,"[""2024-12-31T00:00:00"", ""2025-12-31T00:00:00""]","[""2025-04-30T00:00:00"", ""2026-04-29T00:00:00""]","[""2026-04-29T00:00:00""]","[""PARENT_NETPROFIT"", ""TOTAL_PARENT_EQUITY""]","[""fact_balance_sheet"", ""fact_income_statement""]","[""601012|balance_sheet|2024-12-31|parent_equity"", ""601012|balance_sheet|2025-12-31|parent_equity"", ""601012|income_statement|2025-12-31|parent_net_profit""]","[""df86486a-9a54-4920-a4db-2553f907af92""]","[""66bebf1c-8b64-42a6-a970-1dbf1ecb395f""]","[""0ab57daab4419013353d0aa53dd6e8257af5154ba08e315f506d3d274395fbbc"", ""a885f394331f07ae46110a55ebfa4d1427e2ee8594bd02c2d35b42364dd2a14e""]","[""CNY""]","[""FY""]","[{""announcement_date"": ""2026-04-29T00:00:00"", ""canonical_key"": ""601012|income_statement|2025-12-31|parent_net_profit"", ""canonical_name"": ""parent_net_profit"", ""clean_run_id"": ""66bebf1c-8b64-42a6-a970-1dbf1ecb395f"", ""currency"": ""CNY"", ""fiscal_period"": ""FY"", ""pit_status"": ""PIT_ELIGIBLE"", ""report_date"": ""2025-12-31T00:00:00"", ""source_field"": ""PARENT_NETPROFIT"", ""source_run_id"": ""df86486a-9a54-4920-a4db-2553f907af92"", ""source_sha256"": ""0ab57daab4419013353d0aa53dd6e8257af5154ba08e315f506d3d274395fbbc"", ""source_table"": ""fact_income_statement"", ""update_date"": ""2026-04-29T00:00:00""}, {""announcement_date"": ""2026-04-29T00:00:00"", ""canonical_key"": ""601012|balance_sheet|2025-12-31|parent_equity"", ""canonical_name"": ""parent_equity"", ""clean_run_id"": ""66bebf1c-8b64-42a6-a970-1dbf1ecb395f"", ""currency"": ""CNY"", ""fiscal_period"": ""FY"", ""pit_status"": ""PIT_ELIGIBLE"", ""report_date"": ""2025-12-31T00:00:00"", ""source_field"": ""TOTAL_PARENT_EQUITY"", ""source_run_id"": ""df86486a-9a54-4920-a4db-2553f907af92"", ""source_sha256"": ""a885f394331f07ae46110a55ebfa4d1427e2ee8594bd02c2d35b42364dd2a14e"", ""source_table"": ""fact_balance_sheet"", ""update_date"": ""2026-04-29T00:00:00""}, {""announcement_date"": ""2025-04-30T00:00:00"", ""canonical_key"": ""601012|balance_sheet|2024-12-31|parent_equity"", ""canonical_name"": ""parent_equity"", ""clean_run_id"": ""66bebf1c-8b64-42a6-a970-1dbf1ecb395f"", ""currency"": ""CNY"", ""fiscal_period"": ""FY"", ""pit_status"": ""PIT_ELIGIBLE"", ""report_date"": ""2024-12-31T00:00:00"", ""source_field"": ""TOTAL_PARENT_EQUITY"", ""source_run_id"": ""df86486a-9a54-4920-a4db-2553f907af92"", ""source_sha256"": ""a885f394331f07ae46110a55ebfa4d1427e2ee8594bd02c2d35b42364dd2a14e"", ""source_table"": ""fact_balance_sheet"", ""update_date"": ""2026-04-29T00:00:00""}]",fundamental_feature_long_v1,AVAILABLE
1bc599a7-17eb-4cc8-a543-8c0baaa7c3b8,601012,A,2026-07-27,total_assets,153157536060.49,PASS,,latest PIT total_assets normalized_value,currency,latest_available_report_period,2026-03-31,2026-04-29,2026-04-29,"[""2026-03-31T00:00:00""]","[""2026-04-29T00:00:00""]","[""2026-04-29T00:00:00""]","[""TOTAL_ASSETS""]","[""fact_balance_sheet""]","[""601012|balance_sheet|2026-03-31|total_assets""]","[""df86486a-9a54-4920-a4db-2553f907af92""]","[""66bebf1c-8b64-42a6-a970-1dbf1ecb395f""]","[""a885f394331f07ae46110a55ebfa4d1427e2ee8594bd02c2d35b42364dd2a14e""]","[""CNY""]","[""Q1""]","[{""announcement_date"": ""2026-04-29T00:00:00"", ""canonical_key"": ""601012|balance_sheet|2026-03-31|total_assets"", ""canonical_name"": ""total_assets"", ""clean_run_id"": ""66bebf1c-8b64-42a6-a970-1dbf1ecb395f"", ""currency"": ""CNY"", ""fiscal_period"": ""Q1"", ""pit_status"": ""PIT_ELIGIBLE"", ""report_date"": ""2026-03-31T00:00:00"", ""source_field"": ""TOTAL_ASSETS"", ""source_run_id"": ""df86486a-9a54-4920-a4db-2553f907af92"", ""source_sha256"": ""a885f394331f07ae46110a55ebfa4d1427e2ee8594bd02c2d35b42364dd2a14e"", ""source_table"": ""fact_balance_sheet"", ""update_date"": ""2026-04-29T00:00:00""}]",fundamental_feature_long_v1,AVAILABLE
1bc599a7-17eb-4cc8-a543-8c0baaa7c3b8,601012,A,2026-07-27,total_equity,51954480567.82,PASS,,latest PIT net_assets normalized_value,currency,latest_available_report_period,2026-03-31,2026-04-29,2026-04-29,"[""2026-03-31T00:00:00""]","[""2026-04-29T00:00:00""]","[""2026-04-29T00:00:00""]","[""TOTAL_EQUITY""]","[""fact_balance_sheet""]","[""601012|balance_sheet|2026-03-31|net_assets""]","[""df86486a-9a54-4920-a4db-2553f907af92""]","[""66bebf1c-8b64-42a6-a970-1dbf1ecb395f""]","[""a885f394331f07ae46110a55ebfa4d1427e2ee8594bd02c2d35b42364dd2a14e""]","[""CNY""]","[""Q1""]","[{""announcement_date"": ""2026-04-29T00:00:00"", ""canonical_key"": ""601012|balance_sheet|2026-03-31|net_assets"", ""canonical_name"": ""net_assets"", ""clean_run_id"": ""66bebf1c-8b64-42a6-a970-1dbf1ecb395f"", ""currency"": ""CNY"", ""fiscal_period"": ""Q1"", ""pit_status"": ""PIT_ELIGIBLE"", ""report_date"": ""2026-03-31T00:00:00"", ""source_field"": ""TOTAL_EQUITY"", ""source_run_id"": ""df86486a-9a54-4920-a4db-2553f907af92"", ""source_sha256"": ""a885f394331f07ae46110a55ebfa4d1427e2ee8594bd02c2d35b42364dd2a14e"", ""source_table"": ""fact_balance_sheet"", ""update_date"": ""2026-04-29T00:00:00""}]",fundamental_feature_long_v1,AVAILABLE
1bc599a7-17eb-4cc8-a543-8c0baaa7c3b8,601500,A,2026-07-27,debt_to_asset,0.5776099971282845,PASS,,total_liabilities/total_assets at same report period,ratio,same_report_period stock values,2026-03-31,2026-04-30,2026-04-30,"[""2026-03-31T00:00:00""]","[""2026-04-30T00:00:00""]","[""2026-04-30T00:00:00""]","[""TOTAL_ASSETS"", ""TOTAL_LIABILITIES""]","[""fact_balance_sheet""]","[""601500|balance_sheet|2026-03-31|total_assets"", ""601500|balance_sheet|2026-03-31|total_liabilities""]","[""df86486a-9a54-4920-a4db-2553f907af92""]","[""66bebf1c-8b64-42a6-a970-1dbf1ecb395f""]","[""bf61703684e2d07dda53269dde2b2a8d0768ffc165b7011d47e5e633f8d618d9""]","[""CNY""]","[""Q1""]","[{""announcement_date"": ""2026-04-30T00:00:00"", ""canonical_key"": ""601500|balance_sheet|2026-03-31|total_liabilities"", ""canonical_name"": ""total_liabilities"", ""clean_run_id"": ""66bebf1c-8b64-42a6-a970-1dbf1ecb395f"", ""currency"": ""CNY"", ""fiscal_period"": ""Q1"", ""pit_status"": ""PIT_ELIGIBLE"", ""report_date"": ""2026-03-31T00:00:00"", ""source_field"": ""TOTAL_LIABILITIES"", ""source_run_id"": ""df86486a-9a54-4920-a4db-2553f907af92"", ""source_sha256"": ""bf61703684e2d07dda53269dde2b2a8d0768ffc165b7011d47e5e633f8d618d9"", ""source_table"": ""fact_balance_sheet"", ""update_date"": ""2026-04-30T00:00:00""}, {""announcement_date"": ""2026-04-30T00:00:00"", ""canonical_key"": ""601500|balance_sheet|2026-03-31|total_assets"", ""canonical_name"": ""total_assets"", ""clean_run_id"": ""66bebf1c-8b64-42a6-a970-1dbf1ecb395f"", ""currency"": ""CNY"", ""fiscal_period"": ""Q1"", ""pit_status"": ""PIT_ELIGIBLE"", ""report_date"": ""2026-03-31T00:00:00"", ""source_field"": ""TOTAL_ASSETS"", ""source_run_id"": ""df86486a-9a54-4920-a4db-2553f907af92"", ""source_sha256"": ""bf61703684e2d07dda53269dde2b2a8d0768ffc165b7011d47e5e633f8d618d9"", ""source_table"": ""fact_balance_sheet"", ""update_date"": ""2026-04-30T00:00:00""}]",fundamental_feature_long_v1,AVAILABLE
1bc599a7-17eb-4cc8-a543-8c0baaa7c3b8,601500,A,2026-07-27,net_margin,0.05918797559437037,PASS,,net_profit/revenue at same report period,ratio,same_report_period cumulative,2026-03-31,2026-04-30,2026-04-30,"[""2026-03-31T00:00:00""]","[""2026-04-30T00:00:00""]","[""2026-04-30T00:00:00""]","[""NETPROFIT"", ""TOTAL_OPERATE_INCOME""]","[""fact_income_statement""]","[""601500|income_statement|2026-03-31|net_profit"", ""601500|income_statement|2026-03-31|revenue""]","[""df86486a-9a54-4920-a4db-2553f907af92""]","[""66bebf1c-8b64-42a6-a970-1dbf1ecb395f""]","[""72580cc41c33f0d721b53b67954263461db9fa70c82cbd01b190d634f52bb277""]","[""CNY""]","[""Q1""]","[{""announcement_date"": ""2026-04-30T00:00:00"", ""canonical_key"": ""601500|income_statement|2026-03-31|net_profit"", ""canonical_name"": ""net_profit"", ""clean_run_id"": ""66bebf1c-8b64-42a6-a970-1dbf1ecb395f"", ""currency"": ""CNY"", ""fiscal_period"": ""Q1"", ""pit_status"": ""PIT_ELIGIBLE"", ""report_date"": ""2026-03-31T00:00:00"", ""source_field"": ""NETPROFIT"", ""source_run_id"": ""df86486a-9a54-4920-a4db-2553f907af92"", ""source_sha256"": ""72580cc41c33f0d721b53b67954263461db9fa70c82cbd01b190d634f52bb277"", ""source_table"": ""fact_income_statement"", ""update_date"": ""2026-04-30T00:00:00""}, {""announcement_date"": ""2026-04-30T00:00:00"", ""canonical_key"": ""601500|income_statement|2026-03-31|revenue"", ""canonical_name"": ""revenue"", ""clean_run_id"": ""66bebf1c-8b64-42a6-a970-1dbf1ecb395f"", ""currency"": ""CNY"", ""fiscal_period"": ""Q1"", ""pit_status"": ""PIT_ELIGIBLE"", ""report_date"": ""2026-03-31T00:00:00"", ""source_field"": ""TOTAL_OPERATE_INCOME"", ""source_run_id"": ""df86486a-9a54-4920-a4db-2553f907af92"", ""source_sha256"": ""72580cc41c33f0d721b53b67954263461db9fa70c82cbd01b190d634f52bb277"", ""source_table"": ""fact_income_statement"", ""update_date"": ""2026-04-30T00:00:00""}]",fundamental_feature_long_v1,AVAILABLE
1bc599a7-17eb-4cc8-a543-8c0baaa7c3b8,601500,A,2026-07-27,net_profit,126464834.06,PASS,,latest PIT net_profit normalized_value,currency,latest_available_report_period,2026-03-31,2026-04-30,2026-04-30,"[""2026-03-31T00:00:00""]","[""2026-04-30T00:00:00""]","[""2026-04-30T00:00:00""]","[""NETPROFIT""]","[""fact_income_statement""]","[""601500|income_statement|2026-03-31|net_profit""]","[""df86486a-9a54-4920-a4db-2553f907af92""]","[""66bebf1c-8b64-42a6-a970-1dbf1ecb395f""]","[""72580cc41c33f0d721b53b67954263461db9fa70c82cbd01b190d634f52bb277""]","[""CNY""]","[""Q1""]","[{""announcement_date"": ""2026-04-30T00:00:00"", ""canonical_key"": ""601500|income_statement|2026-03-31|net_profit"", ""canonical_name"": ""net_profit"", ""clean_run_id"": ""66bebf1c-8b64-42a6-a970-1dbf1ecb395f"", ""currency"": ""CNY"", ""fiscal_period"": ""Q1"", ""pit_status"": ""PIT_ELIGIBLE"", ""report_date"": ""2026-03-31T00:00:00"", ""source_field"": ""NETPROFIT"", ""source_run_id"": ""df86486a-9a54-4920-a4db-2553f907af92"", ""source_sha256"": ""72580cc41c33f0d721b53b67954263461db9fa70c82cbd01b190d634f52bb277"", ""source_table"": ""fact_income_statement"", ""update_date"": ""2026-04-30T00:00:00""}]",fundamental_feature_long_v1,AVAILABLE
1bc599a7-17eb-4cc8-a543-8c0baaa7c3b8,601500,A,2026-07-27,net_profit_yoy,0.22307952894436678,PASS,,net_profit(t)/net_profit(t-1 same fiscal_period)-1,ratio,same_fiscal_period_prior_year,2026-03-31,2026-04-30,2026-04-30,"[""2025-03-31T00:00:00"", ""2026-03-31T00:00:00""]","[""2025-04-30T00:00:00"", ""2026-04-30T00:00:00""]","[""2026-04-30T00:00:00""]","[""NETPROFIT""]","[""fact_income_statement""]","[""601500|income_statement|2025-03-31|net_profit"", ""601500|income_statement|2026-03-31|net_profit""]","[""df86486a-9a54-4920-a4db-2553f907af92""]","[""66bebf1c-8b64-42a6-a970-1dbf1ecb395f""]","[""72580cc41c33f0d721b53b67954263461db9fa70c82cbd01b190d634f52bb277""]","[""CNY""]","[""Q1""]","[{""announcement_date"": ""2026-04-30T00:00:00"", ""canonical_key"": ""601500|income_statement|2026-03-31|net_profit"", ""canonical_name"": ""net_profit"", ""clean_run_id"": ""66bebf1c-8b64-42a6-a970-1dbf1ecb395f"", ""currency"": ""CNY"", ""fiscal_period"": ""Q1"", ""pit_status"": ""PIT_ELIGIBLE"", ""report_date"": ""2026-03-31T00:00:00"", ""source_field"": ""NETPROFIT"", ""source_run_id"": ""df86486a-9a54-4920-a4db-2553f907af92"", ""source_sha256"": ""72580cc41c33f0d721b53b67954263461db9fa70c82cbd01b190d634f52bb277"", ""source_table"": ""fact_income_statement"", ""update_date"": ""2026-04-30T00:00:00""}, {""announcement_date"": ""2025-04-30T00:00:00"", ""canonical_key"": ""601500|income_statement|2025-03-31|net_profit"", ""canonical_name"": ""net_profit"", ""clean_run_id"": ""66bebf1c-8b64-42a6-a970-1dbf1ecb395f"", ""currency"": ""CNY"", ""fiscal_period"": ""Q1"", ""pit_status"": ""PIT_ELIGIBLE"", ""report_date"": ""2025-03-31T00:00:00"", ""source_field"": ""NETPROFIT"", ""source_run_id"": ""df86486a-9a54-4920-a4db-2553f907af92"", ""source_sha256"": ""72580cc41c33f0d721b53b67954263461db9fa70c82cbd01b190d634f52bb277"", ""source_table"": ""fact_income_statement"", ""update_date"": ""2026-04-30T00:00:00""}]",fundamental_feature_long_v1,AVAILABLE
1bc599a7-17eb-4cc8-a543-8c0baaa7c3b8,601500,A,2026-07-27,ocf_to_net_profit,2.678694951667578,PASS,,operating_cash_flow/net_profit at same report period,ratio,same_report_period cumulative,2026-03-31,2026-04-30,2026-04-30,"[""2026-03-31T00:00:00""]","[""2026-04-30T00:00:00""]","[""2026-04-30T00:00:00""]","[""NETCASH_OPERATE"", ""NETPROFIT""]","[""fact_cash_flow_statement"", ""fact_income_statement""]","[""601500|cash_flow_statement|2026-03-31|operating_cash_flow"", ""601500|income_statement|2026-03-31|net_profit""]","[""df86486a-9a54-4920-a4db-2553f907af92""]","[""66bebf1c-8b64-42a6-a970-1dbf1ecb395f""]","[""72580cc41c33f0d721b53b67954263461db9fa70c82cbd01b190d634f52bb277"", ""ee9327afce3a3e074ad70333f3789add9755e679a7bf94351b251f5f805bb7f5""]","[""CNY""]","[""Q1""]","[{""announcement_date"": ""2026-04-30T00:00:00"", ""canonical_key"": ""601500|cash_flow_statement|2026-03-31|operating_cash_flow"", ""canonical_name"": ""operating_cash_flow"", ""clean_run_id"": ""66bebf1c-8b64-42a6-a970-1dbf1ecb395f"", ""currency"": ""CNY"", ""fiscal_period"": ""Q1"", ""pit_status"": ""PIT_ELIGIBLE"", ""report_date"": ""2026-03-31T00:00:00"", ""source_field"": ""NETCASH_OPERATE"", ""source_run_id"": ""df86486a-9a54-4920-a4db-2553f907af92"", ""source_sha256"": ""ee9327afce3a3e074ad70333f3789add9755e679a7bf94351b251f5f805bb7f5"", ""source_table"": ""fact_cash_flow_statement"", ""update_date"": ""2026-04-30T00:00:00""}, {""announcement_date"": ""2026-04-30T00:00:00"", ""canonical_key"": ""601500|income_statement|2026-03-31|net_profit"", ""canonical_name"": ""net_profit"", ""clean_run_id"": ""66bebf1c-8b64-42a6-a970-1dbf1ecb395f"", ""currency"": ""CNY"", ""fiscal_period"": ""Q1"", ""pit_status"": ""PIT_ELIGIBLE"", ""report_date"": ""2026-03-31T00:00:00"", ""source_field"": ""NETPROFIT"", ""source_run_id"": ""df86486a-9a54-4920-a4db-2553f907af92"", ""source_sha256"": ""72580cc41c33f0d721b53b67954263461db9fa70c82cbd01b190d634f52bb277"", ""source_table"": ""fact_income_statement"", ""update_date"": ""2026-04-30T00:00:00""}]",fundamental_feature_long_v1,AVAILABLE
1bc599a7-17eb-4cc8-a543-8c0baaa7c3b8,601500,A,2026-07-27,operating_cash_flow,338760712.56,PASS,,latest PIT operating_cash_flow normalized_value,currency,latest_available_report_period cumulative,2026-03-31,2026-04-30,2026-04-30,"[""2026-03-31T00:00:00""]","[""2026-04-30T00:00:00""]","[""2026-04-30T00:00:00""]","[""NETCASH_OPERATE""]","[""fact_cash_flow_statement""]","[""601500|cash_flow_statement|2026-03-31|operating_cash_flow""]","[""df86486a-9a54-4920-a4db-2553f907af92""]","[""66bebf1c-8b64-42a6-a970-1dbf1ecb395f""]","[""ee9327afce3a3e074ad70333f3789add9755e679a7bf94351b251f5f805bb7f5""]","[""CNY""]","[""Q1""]","[{""announcement_date"": ""2026-04-30T00:00:00"", ""canonical_key"": ""601500|cash_flow_statement|2026-03-31|operating_cash_flow"", ""canonical_name"": ""operating_cash_flow"", ""clean_run_id"": ""66bebf1c-8b64-42a6-a970-1dbf1ecb395f"", ""currency"": ""CNY"", ""fiscal_period"": ""Q1"", ""pit_status"": ""PIT_ELIGIBLE"", ""report_date"": ""2026-03-31T00:00:00"", ""source_field"": ""NETCASH_OPERATE"", ""source_run_id"": ""df86486a-9a54-4920-a4db-2553f907af92"", ""source_sha256"": ""ee9327afce3a3e074ad70333f3789add9755e679a7bf94351b251f5f805bb7f5"", ""source_table"": ""fact_cash_flow_statement"", ""update_date"": ""2026-04-30T00:00:00""}]",fundamental_feature_long_v1,AVAILABLE
1bc599a7-17eb-4cc8-a543-8c0baaa7c3b8,601500,A,2026-07-27,revenue,2136664293.55,PASS,,latest PIT revenue normalized_value,currency,latest_available_report_period,2026-03-31,2026-04-30,2026-04-30,"[""2026-03-31T00:00:00""]","[""2026-04-30T00:00:00""]","[""2026-04-30T00:00:00""]","[""TOTAL_OPERATE_INCOME""]","[""fact_income_statement""]","[""601500|income_statement|2026-03-31|revenue""]","[""df86486a-9a54-4920-a4db-2553f907af92""]","[""66bebf1c-8b64-42a6-a970-1dbf1ecb395f""]","[""72580cc41c33f0d721b53b67954263461db9fa70c82cbd01b190d634f52bb277""]","[""CNY""]","[""Q1""]","[{""announcement_date"": ""2026-04-30T00:00:00"", ""canonical_key"": ""601500|income_statement|2026-03-31|revenue"", ""canonical_name"": ""revenue"", ""clean_run_id"": ""66bebf1c-8b64-42a6-a970-1dbf1ecb395f"", ""currency"": ""CNY"", ""fiscal_period"": ""Q1"", ""pit_status"": ""PIT_ELIGIBLE"", ""report_date"": ""2026-03-31T00:00:00"", ""source_field"": ""TOTAL_OPERATE_INCOME"", ""source_run_id"": ""df86486a-9a54-4920-a4db-2553f907af92"", ""source_sha256"": ""72580cc41c33f0d721b53b67954263461db9fa70c82cbd01b190d634f52bb277"", ""source_table"": ""fact_income_statement"", ""update_date"": ""2026-04-30T00:00:00""}]",fundamental_feature_long_v1,AVAILABLE
1bc599a7-17eb-4cc8-a543-8c0baaa7c3b8,601500,A,2026-07-27,revenue_yoy,0.0070946101467441736,PASS,,revenue(t)/revenue(t-1 same fiscal_period)-1,ratio,same_fiscal_period_prior_year,2026-03-31,2026-04-30,2026-04-30,"[""2025-03-31T00:00:00"", ""2026-03-31T00:00:00""]","[""2025-04-30T00:00:00"", ""2026-04-30T00:00:00""]","[""2026-04-30T00:00:00""]","[""TOTAL_OPERATE_INCOME""]","[""fact_income_statement""]","[""601500|income_statement|2025-03-31|revenue"", ""601500|income_statement|2026-03-31|revenue""]","[""df86486a-9a54-4920-a4db-2553f907af92""]","[""66bebf1c-8b64-42a6-a970-1dbf1ecb395f""]","[""72580cc41c33f0d721b53b67954263461db9fa70c82cbd01b190d634f52bb277""]","[""CNY""]","[""Q1""]","[{""announcement_date"": ""2026-04-30T00:00:00"", ""canonical_key"": ""601500|income_statement|2026-03-31|revenue"", ""canonical_name"": ""revenue"", ""clean_run_id"": ""66bebf1c-8b64-42a6-a970-1dbf1ecb395f"", ""currency"": ""CNY"", ""fiscal_period"": ""Q1"", ""pit_status"": ""PIT_ELIGIBLE"", ""report_date"": ""2026-03-31T00:00:00"", ""source_field"": ""TOTAL_OPERATE_INCOME"", ""source_run_id"": ""df86486a-9a54-4920-a4db-2553f907af92"", ""source_sha256"": ""72580cc41c33f0d721b53b67954263461db9fa70c82cbd01b190d634f52bb277"", ""source_table"": ""fact_income_statement"", ""update_date"": ""2026-04-30T00:00:00""}, {""announcement_date"": ""2025-04-30T00:00:00"", ""canonical_key"": ""601500|income_statement|2025-03-31|revenue"", ""canonical_name"": ""revenue"", ""clean_run_id"": ""66bebf1c-8b64-42a6-a970-1dbf1ecb395f"", ""currency"": ""CNY"", ""fiscal_period"": ""Q1"", ""pit_status"": ""PIT_ELIGIBLE"", ""report_date"": ""2025-03-31T00:00:00"", ""source_field"": ""TOTAL_OPERATE_INCOME"", ""source_run_id"": ""df86486a-9a54-4920-a4db-2553f907af92"", ""source_sha256"": ""72580cc41c33f0d721b53b67954263461db9fa70c82cbd01b190d634f52bb277"", ""source_table"": ""fact_income_statement"", ""update_date"": ""2026-04-30T00:00:00""}]",fundamental_feature_long_v1,AVAILABLE
1bc599a7-17eb-4cc8-a543-8c0baaa7c3b8,601500,A,2026-07-27,roa,,UNAVAILABLE,ANNUAL_OR_PRIOR_BALANCE_UNAVAILABLE,"annual net_profit/average(current FY total_assets,prior FY total_assets)",ratio,latest FY with prior comparable FY balance,2025-12-31,2026-04-30,2026-04-30,"[""2025-12-31T00:00:00""]","[""2026-04-30T00:00:00""]","[""2026-04-30T00:00:00""]","[""NETPROFIT""]","[""fact_income_statement""]","[""601500|income_statement|2025-12-31|net_profit""]","[""df86486a-9a54-4920-a4db-2553f907af92""]","[""66bebf1c-8b64-42a6-a970-1dbf1ecb395f""]","[""72580cc41c33f0d721b53b67954263461db9fa70c82cbd01b190d634f52bb277""]","[""CNY""]","[""FY""]","[{""announcement_date"": ""2026-04-30T00:00:00"", ""canonical_key"": ""601500|income_statement|2025-12-31|net_profit"", ""canonical_name"": ""net_profit"", ""clean_run_id"": ""66bebf1c-8b64-42a6-a970-1dbf1ecb395f"", ""currency"": ""CNY"", ""fiscal_period"": ""FY"", ""pit_status"": ""PIT_ELIGIBLE"", ""report_date"": ""2025-12-31T00:00:00"", ""source_field"": ""NETPROFIT"", ""source_run_id"": ""df86486a-9a54-4920-a4db-2553f907af92"", ""source_sha256"": ""72580cc41c33f0d721b53b67954263461db9fa70c82cbd01b190d634f52bb277"", ""source_table"": ""fact_income_statement"", ""update_date"": ""2026-04-30T00:00:00""}]",fundamental_feature_long_v1,PRESERVE_NULL_UNAVAILABLE
1bc599a7-17eb-4cc8-a543-8c0baaa7c3b8,601500,A,2026-07-27,roe,,UNAVAILABLE,ANNUAL_OR_PRIOR_BALANCE_UNAVAILABLE,"annual parent_net_profit/average(current FY parent_equity,prior FY parent_equity)",ratio,latest FY with prior comparable FY balance,2025-12-31,2026-04-30,2026-04-30,"[""2025-12-31T00:00:00""]","[""2026-04-30T00:00:00""]","[""2026-04-30T00:00:00""]","[""PARENT_NETPROFIT""]","[""fact_income_statement""]","[""601500|income_statement|2025-12-31|parent_net_profit""]","[""df86486a-9a54-4920-a4db-2553f907af92""]","[""66bebf1c-8b64-42a6-a970-1dbf1ecb395f""]","[""72580cc41c33f0d721b53b67954263461db9fa70c82cbd01b190d634f52bb277""]","[""CNY""]","[""FY""]","[{""announcement_date"": ""2026-04-30T00:00:00"", ""canonical_key"": ""601500|income_statement|2025-12-31|parent_net_profit"", ""canonical_name"": ""parent_net_profit"", ""clean_run_id"": ""66bebf1c-8b64-42a6-a970-1dbf1ecb395f"", ""currency"": ""CNY"", ""fiscal_period"": ""FY"", ""pit_status"": ""PIT_ELIGIBLE"", ""report_date"": ""2025-12-31T00:00:00"", ""source_field"": ""PARENT_NETPROFIT"", ""source_run_id"": ""df86486a-9a54-4920-a4db-2553f907af92"", ""source_sha256"": ""72580cc41c33f0d721b53b67954263461db9fa70c82cbd01b190d634f52bb277"", ""source_table"": ""fact_income_statement"", ""update_date"": ""2026-04-30T00:00:00""}]",fundamental_feature_long_v1,PRESERVE_NULL_UNAVAILABLE
1bc599a7-17eb-4cc8-a543-8c0baaa7c3b8,601500,A,2026-07-27,total_assets,14661408305.61,PASS,,latest PIT total_assets normalized_value,currency,latest_available_report_period,2026-03-31,2026-04-30,2026-04-30,"[""2026-03-31T00:00:00""]","[""2026-04-30T00:00:00""]","[""2026-04-30T00:00:00""]","[""TOTAL_ASSETS""]","[""fact_balance_sheet""]","[""601500|balance_sheet|2026-03-31|total_assets""]","[""df86486a-9a54-4920-a4db-2553f907af92""]","[""66bebf1c-8b64-42a6-a970-1dbf1ecb395f""]","[""bf61703684e2d07dda53269dde2b2a8d0768ffc165b7011d47e5e633f8d618d9""]","[""CNY""]","[""Q1""]","[{""announcement_date"": ""2026-04-30T00:00:00"", ""canonical_key"": ""601500|balance_sheet|2026-03-31|total_assets"", ""canonical_name"": ""total_assets"", ""clean_run_id"": ""66bebf1c-8b64-42a6-a970-1dbf1ecb395f"", ""currency"": ""CNY"", ""fiscal_period"": ""Q1"", ""pit_status"": ""PIT_ELIGIBLE"", ""report_date"": ""2026-03-31T00:00:00"", ""source_field"": ""TOTAL_ASSETS"", ""source_run_id"": ""df86486a-9a54-4920-a4db-2553f907af92"", ""source_sha256"": ""bf61703684e2d07dda53269dde2b2a8d0768ffc165b7011d47e5e633f8d618d9"", ""source_table"": ""fact_balance_sheet"", ""update_date"": ""2026-04-30T00:00:00""}]",fundamental_feature_long_v1,AVAILABLE
1bc599a7-17eb-4cc8-a543-8c0baaa7c3b8,601500,A,2026-07-27,total_equity,6192832296.31,PASS,,latest PIT net_assets normalized_value,currency,latest_available_report_period,2026-03-31,2026-04-30,2026-04-30,"[""2026-03-31T00:00:00""]","[""2026-04-30T00:00:00""]","[""2026-04-30T00:00:00""]","[""TOTAL_EQUITY""]","[""fact_balance_sheet""]","[""601500|balance_sheet|2026-03-31|net_assets""]","[""df86486a-9a54-4920-a4db-2553f907af92""]","[""66bebf1c-8b64-42a6-a970-1dbf1ecb395f""]","[""bf61703684e2d07dda53269dde2b2a8d0768ffc165b7011d47e5e633f8d618d9""]","[""CNY""]","[""Q1""]","[{""announcement_date"": ""2026-04-30T00:00:00"", ""canonical_key"": ""601500|balance_sheet|2026-03-31|net_assets"", ""canonical_name"": ""net_assets"", ""clean_run_id"": ""66bebf1c-8b64-42a6-a970-1dbf1ecb395f"", ""currency"": ""CNY"", ""fiscal_period"": ""Q1"", ""pit_status"": ""PIT_ELIGIBLE"", ""report_date"": ""2026-03-31T00:00:00"", ""source_field"": ""TOTAL_EQUITY"", ""source_run_id"": ""df86486a-9a54-4920-a4db-2553f907af92"", ""source_sha256"": ""bf61703684e2d07dda53269dde2b2a8d0768ffc165b7011d47e5e633f8d618d9"", ""source_table"": ""fact_balance_sheet"", ""update_date"": ""2026-04-30T00:00:00""}]",fundamental_feature_long_v1,AVAILABLE
1bc599a7-17eb-4cc8-a543-8c0baaa7c3b8,601636,A,2026-07-27,debt_to_asset,0.54539345909126,PASS,,total_liabilities/total_assets at same report period,ratio,same_report_period stock values,2026-03-31,2026-04-23,2026-04-23,"[""2026-03-31T00:00:00""]","[""2026-04-23T00:00:00""]","[""2026-04-23T00:00:00""]","[""TOTAL_ASSETS"", ""TOTAL_LIABILITIES""]","[""fact_balance_sheet""]","[""601636|balance_sheet|2026-03-31|total_assets"", ""601636|balance_sheet|2026-03-31|total_liabilities""]","[""df86486a-9a54-4920-a4db-2553f907af92""]","[""66bebf1c-8b64-42a6-a970-1dbf1ecb395f""]","[""8ff759493719be6d55e9476c3b347a091567ff0f59b450e5e1e6315d4dd48d88""]","[""CNY""]","[""Q1""]","[{""announcement_date"": ""2026-04-23T00:00:00"", ""canonical_key"": ""601636|balance_sheet|2026-03-31|total_liabilities"", ""canonical_name"": ""total_liabilities"", ""clean_run_id"": ""66bebf1c-8b64-42a6-a970-1dbf1ecb395f"", ""currency"": ""CNY"", ""fiscal_period"": ""Q1"", ""pit_status"": ""PIT_ELIGIBLE"", ""report_date"": ""2026-03-31T00:00:00"", ""source_field"": ""TOTAL_LIABILITIES"", ""source_run_id"": ""df86486a-9a54-4920-a4db-2553f907af92"", ""source_sha256"": ""8ff759493719be6d55e9476c3b347a091567ff0f59b450e5e1e6315d4dd48d88"", ""source_table"": ""fact_balance_sheet"", ""update_date"": ""2026-04-23T00:00:00""}, {""announcement_date"": ""2026-04-23T00:00:00"", ""canonical_key"": ""601636|balance_sheet|2026-03-31|total_assets"", ""canonical_name"": ""total_assets"", ""clean_run_id"": ""66bebf1c-8b64-42a6-a970-1dbf1ecb395f"", ""currency"": ""CNY"", ""fiscal_period"": ""Q1"", ""pit_status"": ""PIT_ELIGIBLE"", ""report_date"": ""2026-03-31T00:00:00"", ""source_field"": ""TOTAL_ASSETS"", ""source_run_id"": ""df86486a-9a54-4920-a4db-2553f907af92"", ""source_sha256"": ""8ff759493719be6d55e9476c3b347a091567ff0f59b450e5e1e6315d4dd48d88"", ""source_table"": ""fact_balance_sheet"", ""update_date"": ""2026-04-23T00:00:00""}]",fundamental_feature_long_v1,AVAILABLE
1bc599a7-17eb-4cc8-a543-8c0baaa7c3b8,601636,A,2026-07-27,net_margin,0.009121423695832067,PASS,,net_profit/revenue at same report period,ratio,same_report_period cumulative,2026-03-31,2026-04-23,2026-04-23,"[""2026-03-31T00:00:00""]","[""2026-04-23T00:00:00""]","[""2026-04-23T00:00:00""]","[""NETPROFIT"", ""TOTAL_OPERATE_INCOME""]","[""fact_income_statement""]","[""601636|income_statement|2026-03-31|net_profit"", ""601636|income_statement|2026-03-31|revenue""]","[""df86486a-9a54-4920-a4db-2553f907af92""]","[""66bebf1c-8b64-42a6-a970-1dbf1ecb395f""]","[""656bd68ceea79c99297c3f32788c137c0786bf2fdcc7e6709877cd6951379036""]","[""CNY""]","[""Q1""]","[{""announcement_date"": ""2026-04-23T00:00:00"", ""canonical_key"": ""601636|income_statement|2026-03-31|net_profit"", ""canonical_name"": ""net_profit"", ""clean_run_id"": ""66bebf1c-8b64-42a6-a970-1dbf1ecb395f"", ""currency"": ""CNY"", ""fiscal_period"": ""Q1"", ""pit_status"": ""PIT_ELIGIBLE"", ""report_date"": ""2026-03-31T00:00:00"", ""source_field"": ""NETPROFIT"", ""source_run_id"": ""df86486a-9a54-4920-a4db-2553f907af92"", ""source_sha256"": ""656bd68ceea79c99297c3f32788c137c0786bf2fdcc7e6709877cd6951379036"", ""source_table"": ""fact_income_statement"", ""update_date"": ""2026-04-23T00:00:00""}, {""announcement_date"": ""2026-04-23T00:00:00"", ""canonical_key"": ""601636|income_statement|2026-03-31|revenue"", ""canonical_name"": ""revenue"", ""clean_run_id"": ""66bebf1c-8b64-42a6-a970-1dbf1ecb395f"", ""currency"": ""CNY"", ""fiscal_period"": ""Q1"", ""pit_status"": ""PIT_ELIGIBLE"", ""report_date"": ""2026-03-31T00:00:00"", ""source_field"": ""TOTAL_OPERATE_INCOME"", ""source_run_id"": ""df86486a-9a54-4920-a4db-2553f907af92"", ""source_sha256"": ""656bd68ceea79c99297c3f32788c137c0786bf2fdcc7e6709877cd6951379036"", ""source_table"": ""fact_income_statement"", ""update_date"": ""2026-04-23T00:00:00""}]",fundamental_feature_long_v1,AVAILABLE
1bc599a7-17eb-4cc8-a543-8c0baaa7c3b8,601636,A,2026-07-27,net_profit,32545137.57,PASS,,latest PIT net_profit normalized_value,currency,latest_available_report_period,2026-03-31,2026-04-23,2026-04-23,"[""2026-03-31T00:00:00""]","[""2026-04-23T00:00:00""]","[""2026-04-23T00:00:00""]","[""NETPROFIT""]","[""fact_income_statement""]","[""601636|income_statement|2026-03-31|net_profit""]","[""df86486a-9a54-4920-a4db-2553f907af92""]","[""66bebf1c-8b64-42a6-a970-1dbf1ecb395f""]","[""656bd68ceea79c99297c3f32788c137c0786bf2fdcc7e6709877cd6951379036""]","[""CNY""]","[""Q1""]","[{""announcement_date"": ""2026-04-23T00:00:00"", ""canonical_key"": ""601636|income_statement|2026-03-31|net_profit"", ""canonical_name"": ""net_profit"", ""clean_run_id"": ""66bebf1c-8b64-42a6-a970-1dbf1ecb395f"", ""currency"": ""CNY"", ""fiscal_period"": ""Q1"", ""pit_status"": ""PIT_ELIGIBLE"", ""report_date"": ""2026-03-31T00:00:00"", ""source_field"": ""NETPROFIT"", ""source_run_id"": ""df86486a-9a54-4920-a4db-2553f907af92"", ""source_sha256"": ""656bd68ceea79c99297c3f32788c137c0786bf2fdcc7e6709877cd6951379036"", ""source_table"": ""fact_income_statement"", ""update_date"": ""2026-04-23T00:00:00""}]",fundamental_feature_long_v1,AVAILABLE
1bc599a7-17eb-4cc8-a543-8c0baaa7c3b8,601636,A,2026-07-27,net_profit_yoy,-0.9256830628021018,PASS,,net_profit(t)/net_profit(t-1 same fiscal_period)-1,ratio,same_fiscal_period_prior_year,2026-03-31,2026-04-23,2026-04-23,"[""2025-03-31T00:00:00"", ""2026-03-31T00:00:00""]","[""2025-04-25T00:00:00"", ""2026-04-23T00:00:00""]","[""2026-04-23T00:00:00""]","[""NETPROFIT""]","[""fact_income_statement""]","[""601636|income_statement|2025-03-31|net_profit"", ""601636|income_statement|2026-03-31|net_profit""]","[""df86486a-9a54-4920-a4db-2553f907af92""]","[""66bebf1c-8b64-42a6-a970-1dbf1ecb395f""]","[""656bd68ceea79c99297c3f32788c137c0786bf2fdcc7e6709877cd6951379036""]","[""CNY""]","[""Q1""]","[{""announcement_date"": ""2026-04-23T00:00:00"", ""canonical_key"": ""601636|income_statement|2026-03-31|net_profit"", ""canonical_name"": ""net_profit"", ""clean_run_id"": ""66bebf1c-8b64-42a6-a970-1dbf1ecb395f"", ""currency"": ""CNY"", ""fiscal_period"": ""Q1"", ""pit_status"": ""PIT_ELIGIBLE"", ""report_date"": ""2026-03-31T00:00:00"", ""source_field"": ""NETPROFIT"", ""source_run_id"": ""df86486a-9a54-4920-a4db-2553f907af92"", ""source_sha256"": ""656bd68ceea79c99297c3f32788c137c0786bf2fdcc7e6709877cd6951379036"", ""source_table"": ""fact_income_statement"", ""update_date"": ""2026-04-23T00:00:00""}, {""announcement_date"": ""2025-04-25T00:00:00"", ""canonical_key"": ""601636|income_statement|2025-03-31|net_profit"", ""canonical_name"": ""net_profit"", ""clean_run_id"": ""66bebf1c-8b64-42a6-a970-1dbf1ecb395f"", ""currency"": ""CNY"", ""fiscal_period"": ""Q1"", ""pit_status"": ""PIT_ELIGIBLE"", ""report_date"": ""2025-03-31T00:00:00"", ""source_field"": ""NETPROFIT"", ""source_run_id"": ""df86486a-9a54-4920-a4db-2553f907af92"", ""source_sha256"": ""656bd68ceea79c99297c3f32788c137c0786bf2fdcc7e6709877cd6951379036"", ""source_table"": ""fact_income_statement"", ""update_date"": ""2026-04-23T00:00:00""}]",fundamental_feature_long_v1,AVAILABLE
1bc599a7-17eb-4cc8-a543-8c0baaa7c3b8,601636,A,2026-07-27,ocf_to_net_profit,-4.371767268888518,PASS,,operating_cash_flow/net_profit at same report period,ratio,same_report_period cumulative,2026-03-31,2026-04-23,2026-04-23,"[""2026-03-31T00:00:00""]","[""2026-04-23T00:00:00""]","[""2026-04-23T00:00:00""]","[""NETCASH_OPERATE"", ""NETPROFIT""]","[""fact_cash_flow_statement"", ""fact_income_statement""]","[""601636|cash_flow_statement|2026-03-31|operating_cash_flow"", ""601636|income_statement|2026-03-31|net_profit""]","[""df86486a-9a54-4920-a4db-2553f907af92""]","[""66bebf1c-8b64-42a6-a970-1dbf1ecb395f""]","[""656bd68ceea79c99297c3f32788c137c0786bf2fdcc7e6709877cd6951379036"", ""be70e431e728aeef2b8c4e6a1488d09cb24c135d5f6a81b00e51eaf6124f4426""]","[""CNY""]","[""Q1""]","[{""announcement_date"": ""2026-04-23T00:00:00"", ""canonical_key"": ""601636|cash_flow_statement|2026-03-31|operating_cash_flow"", ""canonical_name"": ""operating_cash_flow"", ""clean_run_id"": ""66bebf1c-8b64-42a6-a970-1dbf1ecb395f"", ""currency"": ""CNY"", ""fiscal_period"": ""Q1"", ""pit_status"": ""PIT_ELIGIBLE"", ""report_date"": ""2026-03-31T00:00:00"", ""source_field"": ""NETCASH_OPERATE"", ""source_run_id"": ""df86486a-9a54-4920-a4db-2553f907af92"", ""source_sha256"": ""be70e431e728aeef2b8c4e6a1488d09cb24c135d5f6a81b00e51eaf6124f4426"", ""source_table"": ""fact_cash_flow_statement"", ""update_date"": ""2026-04-23T00:00:00""}, {""announcement_date"": ""2026-04-23T00:00:00"", ""canonical_key"": ""601636|income_statement|2026-03-31|net_profit"", ""canonical_name"": ""net_profit"", ""clean_run_id"": ""66bebf1c-8b64-42a6-a970-1dbf1ecb395f"", ""currency"": ""CNY"", ""fiscal_period"": ""Q1"", ""pit_status"": ""PIT_ELIGIBLE"", ""report_date"": ""2026-03-31T00:00:00"", ""source_field"": ""NETPROFIT"", ""source_run_id"": ""df86486a-9a54-4920-a4db-2553f907af92"", ""source_sha256"": ""656bd68ceea79c99297c3f32788c137c0786bf2fdcc7e6709877cd6951379036"", ""source_table"": ""fact_income_statement"", ""update_date"": ""2026-04-23T00:00:00""}]",fundamental_feature_long_v1,AVAILABLE
1bc599a7-17eb-4cc8-a543-8c0baaa7c3b8,601636,A,2026-07-27,operating_cash_flow,-142279767.19,PASS,,latest PIT operating_cash_flow normalized_value,currency,latest_available_report_period cumulative,2026-03-31,2026-04-23,2026-04-23,"[""2026-03-31T00:00:00""]","[""2026-04-23T00:00:00""]","[""2026-04-23T00:00:00""]","[""NETCASH_OPERATE""]","[""fact_cash_flow_statement""]","[""601636|cash_flow_statement|2026-03-31|operating_cash_flow""]","[""df86486a-9a54-4920-a4db-2553f907af92""]","[""66bebf1c-8b64-42a6-a970-1dbf1ecb395f""]","[""be70e431e728aeef2b8c4e6a1488d09cb24c135d5f6a81b00e51eaf6124f4426""]","[""CNY""]","[""Q1""]","[{""announcement_date"": ""2026-04-23T00:00:00"", ""canonical_key"": ""601636|cash_flow_statement|2026-03-31|operating_cash_flow"", ""canonical_name"": ""operating_cash_flow"", ""clean_run_id"": ""66bebf1c-8b64-42a6-a970-1dbf1ecb395f"", ""currency"": ""CNY"", ""fiscal_period"": ""Q1"", ""pit_status"": ""PIT_ELIGIBLE"", ""report_date"": ""2026-03-31T00:00:00"", ""source_field"": ""NETCASH_OPERATE"", ""source_run_id"": ""df86486a-9a54-4920-a4db-2553f907af92"", ""source_sha256"": ""be70e431e728aeef2b8c4e6a1488d09cb24c135d5f6a81b00e51eaf6124f4426"", ""source_table"": ""fact_cash_flow_statement"", ""update_date"": ""2026-04-23T00:00:00""}]",fundamental_feature_long_v1,AVAILABLE
1bc599a7-17eb-4cc8-a543-8c0baaa7c3b8,601636,A,2026-07-27,revenue,3567988798.16,PASS,,latest PIT revenue normalized_value,currency,latest_available_report_period,2026-03-31,2026-04-23,2026-04-23,"[""2026-03-31T00:00:00""]","[""2026-04-23T00:00:00""]","[""2026-04-23T00:00:00""]","[""TOTAL_OPERATE_INCOME""]","[""fact_income_statement""]","[""601636|income_statement|2026-03-31|revenue""]","[""df86486a-9a54-4920-a4db-2553f907af92""]","[""66bebf1c-8b64-42a6-a970-1dbf1ecb395f""]","[""656bd68ceea79c99297c3f32788c137c0786bf2fdcc7e6709877cd6951379036""]","[""CNY""]","[""Q1""]","[{""announcement_date"": ""2026-04-23T00:00:00"", ""canonical_key"": ""601636|income_statement|2026-03-31|revenue"", ""canonical_name"": ""revenue"", ""clean_run_id"": ""66bebf1c-8b64-42a6-a970-1dbf1ecb395f"", ""currency"": ""CNY"", ""fiscal_period"": ""Q1"", ""pit_status"": ""PIT_ELIGIBLE"", ""report_date"": ""2026-03-31T00:00:00"", ""source_field"": ""TOTAL_OPERATE_INCOME"", ""source_run_id"": ""df86486a-9a54-4920-a4db-2553f907af92"", ""source_sha256"": ""656bd68ceea79c99297c3f32788c137c0786bf2fdcc7e6709877cd6951379036"", ""source_table"": ""fact_income_statement"", ""update_date"": ""2026-04-23T00:00:00""}]",fundamental_feature_long_v1,AVAILABLE
1bc599a7-17eb-4cc8-a543-8c0baaa7c3b8,601636,A,2026-07-27,revenue_yoy,0.02411114947286097,PASS,,revenue(t)/revenue(t-1 same fiscal_period)-1,ratio,same_fiscal_period_prior_year,2026-03-31,2026-04-23,2026-04-23,"[""2025-03-31T00:00:00"", ""2026-03-31T00:00:00""]","[""2025-04-25T00:00:00"", ""2026-04-23T00:00:00""]","[""2026-04-23T00:00:00""]","[""TOTAL_OPERATE_INCOME""]","[""fact_income_statement""]","[""601636|income_statement|2025-03-31|revenue"", ""601636|income_statement|2026-03-31|revenue""]","[""df86486a-9a54-4920-a4db-2553f907af92""]","[""66bebf1c-8b64-42a6-a970-1dbf1ecb395f""]","[""656bd68ceea79c99297c3f32788c137c0786bf2fdcc7e6709877cd6951379036""]","[""CNY""]","[""Q1""]","[{""announcement_date"": ""2026-04-23T00:00:00"", ""canonical_key"": ""601636|income_statement|2026-03-31|revenue"", ""canonical_name"": ""revenue"", ""clean_run_id"": ""66bebf1c-8b64-42a6-a970-1dbf1ecb395f"", ""currency"": ""CNY"", ""fiscal_period"": ""Q1"", ""pit_status"": ""PIT_ELIGIBLE"", ""report_date"": ""2026-03-31T00:00:00"", ""source_field"": ""TOTAL_OPERATE_INCOME"", ""source_run_id"": ""df86486a-9a54-4920-a4db-2553f907af92"", ""source_sha256"": ""656bd68ceea79c99297c3f32788c137c0786bf2fdcc7e6709877cd6951379036"", ""source_table"": ""fact_income_statement"", ""update_date"": ""2026-04-23T00:00:00""}, {""announcement_date"": ""2025-04-25T00:00:00"", ""canonical_key"": ""601636|income_statement|2025-03-31|revenue"", ""canonical_name"": ""revenue"", ""clean_run_id"": ""66bebf1c-8b64-42a6-a970-1dbf1ecb395f"", ""currency"": ""CNY"", ""fiscal_period"": ""Q1"", ""pit_status"": ""PIT_ELIGIBLE"", ""report_date"": ""2025-03-31T00:00:00"", ""source_field"": ""TOTAL_OPERATE_INCOME"", ""source_run_id"": ""df86486a-9a54-4920-a4db-2553f907af92"", ""source_sha256"": ""656bd68ceea79c99297c3f32788c137c0786bf2fdcc7e6709877cd6951379036"", ""source_table"": ""fact_income_statement"", ""update_date"": ""2026-04-23T00:00:00""}]",fundamental_feature_long_v1,AVAILABLE
1bc599a7-17eb-4cc8-a543-8c0baaa7c3b8,601636,A,2026-07-27,roa,0.06111112536362082,PASS,,"annual net_profit/average(current FY total_assets,prior FY total_assets)",ratio,latest FY with prior comparable FY balance,2023-12-31,2024-04-25,2025-04-25,"[""2022-12-31T00:00:00"", ""2023-12-31T00:00:00""]","[""2023-04-26T00:00:00"", ""2024-04-25T00:00:00""]","[""2024-04-25T00:00:00"", ""2025-04-25T00:00:00""]","[""NETPROFIT"", ""TOTAL_ASSETS""]","[""fact_balance_sheet"", ""fact_income_statement""]","[""601636|balance_sheet|2022-12-31|total_assets"", ""601636|balance_sheet|2023-12-31|total_assets"", ""601636|income_statement|2023-12-31|net_profit""]","[""df86486a-9a54-4920-a4db-2553f907af92""]","[""66bebf1c-8b64-42a6-a970-1dbf1ecb395f""]","[""656bd68ceea79c99297c3f32788c137c0786bf2fdcc7e6709877cd6951379036"", ""8ff759493719be6d55e9476c3b347a091567ff0f59b450e5e1e6315d4dd48d88""]","[""CNY""]","[""FY""]","[{""announcement_date"": ""2024-04-25T00:00:00"", ""canonical_key"": ""601636|income_statement|2023-12-31|net_profit"", ""canonical_name"": ""net_profit"", ""clean_run_id"": ""66bebf1c-8b64-42a6-a970-1dbf1ecb395f"", ""currency"": ""CNY"", ""fiscal_period"": ""FY"", ""pit_status"": ""PIT_ELIGIBLE"", ""report_date"": ""2023-12-31T00:00:00"", ""source_field"": ""NETPROFIT"", ""source_run_id"": ""df86486a-9a54-4920-a4db-2553f907af92"", ""source_sha256"": ""656bd68ceea79c99297c3f32788c137c0786bf2fdcc7e6709877cd6951379036"", ""source_table"": ""fact_income_statement"", ""update_date"": ""2025-04-25T00:00:00""}, {""announcement_date"": ""2024-04-25T00:00:00"", ""canonical_key"": ""601636|balance_sheet|2023-12-31|total_assets"", ""canonical_name"": ""total_assets"", ""clean_run_id"": ""66bebf1c-8b64-42a6-a970-1dbf1ecb395f"", ""currency"": ""CNY"", ""fiscal_period"": ""FY"", ""pit_status"": ""PIT_ELIGIBLE"", ""report_date"": ""2023-12-31T00:00:00"", ""source_field"": ""TOTAL_ASSETS"", ""source_run_id"": ""df86486a-9a54-4920-a4db-2553f907af92"", ""source_sha256"": ""8ff759493719be6d55e9476c3b347a091567ff0f59b450e5e1e6315d4dd48d88"", ""source_table"": ""fact_balance_sheet"", ""update_date"": ""2025-04-25T00:00:00""}, {""announcement_date"": ""2023-04-26T00:00:00"", ""canonical_key"": ""601636|balance_sheet|2022-12-31|total_assets"", ""canonical_name"": ""total_assets"", ""clean_run_id"": ""66bebf1c-8b64-42a6-a970-1dbf1ecb395f"", ""currency"": ""CNY"", ""fiscal_period"": ""FY"", ""pit_status"": ""PIT_ELIGIBLE"", ""report_date"": ""2022-12-31T00:00:00"", ""source_field"": ""TOTAL_ASSETS"", ""source_run_id"": ""df86486a-9a54-4920-a4db-2553f907af92"", ""source_sha256"": ""8ff759493719be6d55e9476c3b347a091567ff0f59b450e5e1e6315d4dd48d88"", ""source_table"": ""fact_balance_sheet"", ""update_date"": ""2024-04-25T00:00:00""}]",fundamental_feature_long_v1,AVAILABLE
1bc599a7-17eb-4cc8-a543-8c0baaa7c3b8,601636,A,2026-07-27,roe,0.13392112367183792,PASS,,"annual parent_net_profit/average(current FY parent_equity,prior FY parent_equity)",ratio,latest FY with prior comparable FY balance,2023-12-31,2024-04-25,2025-04-25,"[""2022-12-31T00:00:00"", ""2023-12-31T00:00:00""]","[""2023-04-26T00:00:00"", ""2024-04-25T00:00:00""]","[""2024-04-25T00:00:00"", ""2025-04-25T00:00:00""]","[""PARENT_NETPROFIT"", ""TOTAL_PARENT_EQUITY""]","[""fact_balance_sheet"", ""fact_income_statement""]","[""601636|balance_sheet|2022-12-31|parent_equity"", ""601636|balance_sheet|2023-12-31|parent_equity"", ""601636|income_statement|2023-12-31|parent_net_profit""]","[""df86486a-9a54-4920-a4db-2553f907af92""]","[""66bebf1c-8b64-42a6-a970-1dbf1ecb395f""]","[""656bd68ceea79c99297c3f32788c137c0786bf2fdcc7e6709877cd6951379036"", ""8ff759493719be6d55e9476c3b347a091567ff0f59b450e5e1e6315d4dd48d88""]","[""CNY""]","[""FY""]","[{""announcement_date"": ""2024-04-25T00:00:00"", ""canonical_key"": ""601636|income_statement|2023-12-31|parent_net_profit"", ""canonical_name"": ""parent_net_profit"", ""clean_run_id"": ""66bebf1c-8b64-42a6-a970-1dbf1ecb395f"", ""currency"": ""CNY"", ""fiscal_period"": ""FY"", ""pit_status"": ""PIT_ELIGIBLE"", ""report_date"": ""2023-12-31T00:00:00"", ""source_field"": ""PARENT_NETPROFIT"", ""source_run_id"": ""df86486a-9a54-4920-a4db-2553f907af92"", ""source_sha256"": ""656bd68ceea79c99297c3f32788c137c0786bf2fdcc7e6709877cd6951379036"", ""source_table"": ""fact_income_statement"", ""update_date"": ""2025-04-25T00:00:00""}, {""announcement_date"": ""2024-04-25T00:00:00"", ""canonical_key"": ""601636|balance_sheet|2023-12-31|parent_equity"", ""canonical_name"": ""parent_equity"", ""clean_run_id"": ""66bebf1c-8b64-42a6-a970-1dbf1ecb395f"", ""currency"": ""CNY"", ""fiscal_period"": ""FY"", ""pit_status"": ""PIT_ELIGIBLE"", ""report_date"": ""2023-12-31T00:00:00"", ""source_field"": ""TOTAL_PARENT_EQUITY"", ""source_run_id"": ""df86486a-9a54-4920-a4db-2553f907af92"", ""source_sha256"": ""8ff759493719be6d55e9476c3b347a091567ff0f59b450e5e1e6315d4dd48d88"", ""source_table"": ""fact_balance_sheet"", ""update_date"": ""2025-04-25T00:00:00""}, {""announcement_date"": ""2023-04-26T00:00:00"", ""canonical_key"": ""601636|balance_sheet|2022-12-31|parent_equity"", ""canonical_name"": ""parent_equity"", ""clean_run_id"": ""66bebf1c-8b64-42a6-a970-1dbf1ecb395f"", ""currency"": ""CNY"", ""fiscal_period"": ""FY"", ""pit_status"": ""PIT_ELIGIBLE"", ""report_date"": ""2022-12-31T00:00:00"", ""source_field"": ""TOTAL_PARENT_EQUITY"", ""source_run_id"": ""df86486a-9a54-4920-a4db-2553f907af92"", ""source_sha256"": ""8ff759493719be6d55e9476c3b347a091567ff0f59b450e5e1e6315d4dd48d88"", ""source_table"": ""fact_balance_sheet"", ""update_date"": ""2024-04-25T00:00:00""}]",fundamental_feature_long_v1,AVAILABLE
1bc599a7-17eb-4cc8-a543-8c0baaa7c3b8,601636,A,2026-07-27,total_assets,35197333128.83,PASS,,latest PIT total_assets normalized_value,currency,latest_available_report_period,2026-03-31,2026-04-23,2026-04-23,"[""2026-03-31T00:00:00""]","[""2026-04-23T00:00:00""]","[""2026-04-23T00:00:00""]","[""TOTAL_ASSETS""]","[""fact_balance_sheet""]","[""601636|balance_sheet|2026-03-31|total_assets""]","[""df86486a-9a54-4920-a4db-2553f907af92""]","[""66bebf1c-8b64-42a6-a970-1dbf1ecb395f""]","[""8ff759493719be6d55e9476c3b347a091567ff0f59b450e5e1e6315d4dd48d88""]","[""CNY""]","[""Q1""]","[{""announcement_date"": ""2026-04-23T00:00:00"", ""canonical_key"": ""601636|balance_sheet|2026-03-31|total_assets"", ""canonical_name"": ""total_assets"", ""clean_run_id"": ""66bebf1c-8b64-42a6-a970-1dbf1ecb395f"", ""currency"": ""CNY"", ""fiscal_period"": ""Q1"", ""pit_status"": ""PIT_ELIGIBLE"", ""report_date"": ""2026-03-31T00:00:00"", ""source_field"": ""TOTAL_ASSETS"", ""source_run_id"": ""df86486a-9a54-4920-a4db-2553f907af92"", ""source_sha256"": ""8ff759493719be6d55e9476c3b347a091567ff0f59b450e5e1e6315d4dd48d88"", ""source_table"": ""fact_balance_sheet"", ""update_date"": ""2026-04-23T00:00:00""}]",fundamental_feature_long_v1,AVAILABLE
1bc599a7-17eb-4cc8-a543-8c0baaa7c3b8,601636,A,2026-07-27,total_equity,16000937862.91,PASS,,latest PIT net_assets normalized_value,currency,latest_available_report_period,2026-03-31,2026-04-23,2026-04-23,"[""2026-03-31T00:00:00""]","[""2026-04-23T00:00:00""]","[""2026-04-23T00:00:00""]","[""TOTAL_EQUITY""]","[""fact_balance_sheet""]","[""601636|balance_sheet|2026-03-31|net_assets""]","[""df86486a-9a54-4920-a4db-2553f907af92""]","[""66bebf1c-8b64-42a6-a970-1dbf1ecb395f""]","[""8ff759493719be6d55e9476c3b347a091567ff0f59b450e5e1e6315d4dd48d88""]","[""CNY""]","[""Q1""]","[{""announcement_date"": ""2026-04-23T00:00:00"", ""canonical_key"": ""601636|balance_sheet|2026-03-31|net_assets"", ""canonical_name"": ""net_assets"", ""clean_run_id"": ""66bebf1c-8b64-42a6-a970-1dbf1ecb395f"", ""currency"": ""CNY"", ""fiscal_period"": ""Q1"", ""pit_status"": ""PIT_ELIGIBLE"", ""report_date"": ""2026-03-31T00:00:00"", ""source_field"": ""TOTAL_EQUITY"", ""source_run_id"": ""df86486a-9a54-4920-a4db-2553f907af92"", ""source_sha256"": ""8ff759493719be6d55e9476c3b347a091567ff0f59b450e5e1e6315d4dd48d88"", ""source_table"": ""fact_balance_sheet"", ""update_date"": ""2026-04-23T00:00:00""}]",fundamental_feature_long_v1,AVAILABLE
1bc599a7-17eb-4cc8-a543-8c0baaa7c3b8,603259,A,2026-07-27,debt_to_asset,0.21079887599526625,PASS,,total_liabilities/total_assets at same report period,ratio,same_report_period stock values,2026-03-31,2026-04-28,2026-04-28,"[""2026-03-31T00:00:00""]","[""2026-04-28T00:00:00""]","[""2026-04-28T00:00:00""]","[""TOTAL_ASSETS"", ""TOTAL_LIABILITIES""]","[""fact_balance_sheet""]","[""603259|balance_sheet|2026-03-31|total_assets"", ""603259|balance_sheet|2026-03-31|total_liabilities""]","[""df86486a-9a54-4920-a4db-2553f907af92""]","[""66bebf1c-8b64-42a6-a970-1dbf1ecb395f""]","[""43ad42273b13a7a9c7e0ab49e9c155fe67e65bc13217482bde74960c1dd306da""]","[""CNY""]","[""Q1""]","[{""announcement_date"": ""2026-04-28T00:00:00"", ""canonical_key"": ""603259|balance_sheet|2026-03-31|total_liabilities"", ""canonical_name"": ""total_liabilities"", ""clean_run_id"": ""66bebf1c-8b64-42a6-a970-1dbf1ecb395f"", ""currency"": ""CNY"", ""fiscal_period"": ""Q1"", ""pit_status"": ""PIT_ELIGIBLE"", ""report_date"": ""2026-03-31T00:00:00"", ""source_field"": ""TOTAL_LIABILITIES"", ""source_run_id"": ""df86486a-9a54-4920-a4db-2553f907af92"", ""source_sha256"": ""43ad42273b13a7a9c7e0ab49e9c155fe67e65bc13217482bde74960c1dd306da"", ""source_table"": ""fact_balance_sheet"", ""update_date"": ""2026-04-28T00:00:00""}, {""announcement_date"": ""2026-04-28T00:00:00"", ""canonical_key"": ""603259|balance_sheet|2026-03-31|total_assets"", ""canonical_name"": ""total_assets"", ""clean_run_id"": ""66bebf1c-8b64-42a6-a970-1dbf1ecb395f"", ""currency"": ""CNY"", ""fiscal_period"": ""Q1"", ""pit_status"": ""PIT_ELIGIBLE"", ""report_date"": ""2026-03-31T00:00:00"", ""source_field"": ""TOTAL_ASSETS"", ""source_run_id"": ""df86486a-9a54-4920-a4db-2553f907af92"", ""source_sha256"": ""43ad42273b13a7a9c7e0ab49e9c155fe67e65bc13217482bde74960c1dd306da"", ""source_table"": ""fact_balance_sheet"", ""update_date"": ""2026-04-28T00:00:00""}]",fundamental_feature_long_v1,AVAILABLE
1bc599a7-17eb-4cc8-a543-8c0baaa7c3b8,603259,A,2026-07-27,net_margin,0.37557075391973094,PASS,,net_profit/revenue at same report period,ratio,same_report_period cumulative,2026-03-31,2026-04-28,2026-04-28,"[""2026-03-31T00:00:00""]","[""2026-04-28T00:00:00""]","[""2026-04-28T00:00:00""]","[""NETPROFIT"", ""TOTAL_OPERATE_INCOME""]","[""fact_income_statement""]","[""603259|income_statement|2026-03-31|net_profit"", ""603259|income_statement|2026-03-31|revenue""]","[""df86486a-9a54-4920-a4db-2553f907af92""]","[""66bebf1c-8b64-42a6-a970-1dbf1ecb395f""]","[""f87b4b5f285a38d6c8b11233612fd284584b0eaccff7913f02356ea25a727e89""]","[""CNY""]","[""Q1""]","[{""announcement_date"": ""2026-04-28T00:00:00"", ""canonical_key"": ""603259|income_statement|2026-03-31|net_profit"", ""canonical_name"": ""net_profit"", ""clean_run_id"": ""66bebf1c-8b64-42a6-a970-1dbf1ecb395f"", ""currency"": ""CNY"", ""fiscal_period"": ""Q1"", ""pit_status"": ""PIT_ELIGIBLE"", ""report_date"": ""2026-03-31T00:00:00"", ""source_field"": ""NETPROFIT"", ""source_run_id"": ""df86486a-9a54-4920-a4db-2553f907af92"", ""source_sha256"": ""f87b4b5f285a38d6c8b11233612fd284584b0eaccff7913f02356ea25a727e89"", ""source_table"": ""fact_income_statement"", ""update_date"": ""2026-04-28T00:00:00""}, {""announcement_date"": ""2026-04-28T00:00:00"", ""canonical_key"": ""603259|income_statement|2026-03-31|revenue"", ""canonical_name"": ""revenue"", ""clean_run_id"": ""66bebf1c-8b64-42a6-a970-1dbf1ecb395f"", ""currency"": ""CNY"", ""fiscal_period"": ""Q1"", ""pit_status"": ""PIT_ELIGIBLE"", ""report_date"": ""2026-03-31T00:00:00"", ""source_field"": ""TOTAL_OPERATE_INCOME"", ""source_run_id"": ""df86486a-9a54-4920-a4db-2553f907af92"", ""source_sha256"": ""f87b4b5f285a38d6c8b11233612fd284584b0eaccff7913f02356ea25a727e89"", ""source_table"": ""fact_income_statement"", ""update_date"": ""2026-04-28T00:00:00""}]",fundamental_feature_long_v1,AVAILABLE
1bc599a7-17eb-4cc8-a543-8c0baaa7c3b8,603259,A,2026-07-27,net_profit,4670513981.33,PASS,,latest PIT net_profit normalized_value,currency,latest_available_report_period,2026-03-31,2026-04-28,2026-04-28,"[""2026-03-31T00:00:00""]","[""2026-04-28T00:00:00""]","[""2026-04-28T00:00:00""]","[""NETPROFIT""]","[""fact_income_statement""]","[""603259|income_statement|2026-03-31|net_profit""]","[""df86486a-9a54-4920-a4db-2553f907af92""]","[""66bebf1c-8b64-42a6-a970-1dbf1ecb395f""]","[""f87b4b5f285a38d6c8b11233612fd284584b0eaccff7913f02356ea25a727e89""]","[""CNY""]","[""Q1""]","[{""announcement_date"": ""2026-04-28T00:00:00"", ""canonical_key"": ""603259|income_statement|2026-03-31|net_profit"", ""canonical_name"": ""net_profit"", ""clean_run_id"": ""66bebf1c-8b64-42a6-a970-1dbf1ecb395f"", ""currency"": ""CNY"", ""fiscal_period"": ""Q1"", ""pit_status"": ""PIT_ELIGIBLE"", ""report_date"": ""2026-03-31T00:00:00"", ""source_field"": ""NETPROFIT"", ""source_run_id"": ""df86486a-9a54-4920-a4db-2553f907af92"", ""source_sha256"": ""f87b4b5f285a38d6c8b11233612fd284584b0eaccff7913f02356ea25a727e89"", ""source_table"": ""fact_income_statement"", ""update_date"": ""2026-04-28T00:00:00""}]",fundamental_feature_long_v1,AVAILABLE
1bc599a7-17eb-4cc8-a543-8c0baaa7c3b8,603259,A,2026-07-27,net_profit_yoy,0.25704565995570894,PASS,,net_profit(t)/net_profit(t-1 same fiscal_period)-1,ratio,same_fiscal_period_prior_year,2026-03-31,2026-04-28,2026-04-28,"[""2025-03-31T00:00:00"", ""2026-03-31T00:00:00""]","[""2025-04-29T00:00:00"", ""2026-04-28T00:00:00""]","[""2026-04-28T00:00:00""]","[""NETPROFIT""]","[""fact_income_statement""]","[""603259|income_statement|2025-03-31|net_profit"", ""603259|income_statement|2026-03-31|net_profit""]","[""df86486a-9a54-4920-a4db-2553f907af92""]","[""66bebf1c-8b64-42a6-a970-1dbf1ecb395f""]","[""f87b4b5f285a38d6c8b11233612fd284584b0eaccff7913f02356ea25a727e89""]","[""CNY""]","[""Q1""]","[{""announcement_date"": ""2026-04-28T00:00:00"", ""canonical_key"": ""603259|income_statement|2026-03-31|net_profit"", ""canonical_name"": ""net_profit"", ""clean_run_id"": ""66bebf1c-8b64-42a6-a970-1dbf1ecb395f"", ""currency"": ""CNY"", ""fiscal_period"": ""Q1"", ""pit_status"": ""PIT_ELIGIBLE"", ""report_date"": ""2026-03-31T00:00:00"", ""source_field"": ""NETPROFIT"", ""source_run_id"": ""df86486a-9a54-4920-a4db-2553f907af92"", ""source_sha256"": ""f87b4b5f285a38d6c8b11233612fd284584b0eaccff7913f02356ea25a727e89"", ""source_table"": ""fact_income_statement"", ""update_date"": ""2026-04-28T00:00:00""}, {""announcement_date"": ""2025-04-29T00:00:00"", ""canonical_key"": ""603259|income_statement|2025-03-31|net_profit"", ""canonical_name"": ""net_profit"", ""clean_run_id"": ""66bebf1c-8b64-42a6-a970-1dbf1ecb395f"", ""currency"": ""CNY"", ""fiscal_period"": ""Q1"", ""pit_status"": ""PIT_ELIGIBLE"", ""report_date"": ""2025-03-31T00:00:00"", ""source_field"": ""NETPROFIT"", ""source_run_id"": ""df86486a-9a54-4920-a4db-2553f907af92"", ""source_sha256"": ""f87b4b5f285a38d6c8b11233612fd284584b0eaccff7913f02356ea25a727e89"", ""source_table"": ""fact_income_statement"", ""update_date"": ""2026-04-28T00:00:00""}]",fundamental_feature_long_v1,AVAILABLE
1bc599a7-17eb-4cc8-a543-8c0baaa7c3b8,603259,A,2026-07-27,ocf_to_net_profit,0.7698960630251744,PASS,,operating_cash_flow/net_profit at same report period,ratio,same_report_period cumulative,2026-03-31,2026-04-28,2026-04-28,"[""2026-03-31T00:00:00""]","[""2026-04-28T00:00:00""]","[""2026-04-28T00:00:00""]","[""NETCASH_OPERATE"", ""NETPROFIT""]","[""fact_cash_flow_statement"", ""fact_income_statement""]","[""603259|cash_flow_statement|2026-03-31|operating_cash_flow"", ""603259|income_statement|2026-03-31|net_profit""]","[""df86486a-9a54-4920-a4db-2553f907af92""]","[""66bebf1c-8b64-42a6-a970-1dbf1ecb395f""]","[""baf3f36eb2dfe1bd5d8e4b9643491f0e894ee20a547a465f783a141a75e93d31"", ""f87b4b5f285a38d6c8b11233612fd284584b0eaccff7913f02356ea25a727e89""]","[""CNY""]","[""Q1""]","[{""announcement_date"": ""2026-04-28T00:00:00"", ""canonical_key"": ""603259|cash_flow_statement|2026-03-31|operating_cash_flow"", ""canonical_name"": ""operating_cash_flow"", ""clean_run_id"": ""66bebf1c-8b64-42a6-a970-1dbf1ecb395f"", ""currency"": ""CNY"", ""fiscal_period"": ""Q1"", ""pit_status"": ""PIT_ELIGIBLE"", ""report_date"": ""2026-03-31T00:00:00"", ""source_field"": ""NETCASH_OPERATE"", ""source_run_id"": ""df86486a-9a54-4920-a4db-2553f907af92"", ""source_sha256"": ""baf3f36eb2dfe1bd5d8e4b9643491f0e894ee20a547a465f783a141a75e93d31"", ""source_table"": ""fact_cash_flow_statement"", ""update_date"": ""2026-04-28T00:00:00""}, {""announcement_date"": ""2026-04-28T00:00:00"", ""canonical_key"": ""603259|income_statement|2026-03-31|net_profit"", ""canonical_name"": ""net_profit"", ""clean_run_id"": ""66bebf1c-8b64-42a6-a970-1dbf1ecb395f"", ""currency"": ""CNY"", ""fiscal_period"": ""Q1"", ""pit_status"": ""PIT_ELIGIBLE"", ""report_date"": ""2026-03-31T00:00:00"", ""source_field"": ""NETPROFIT"", ""source_run_id"": ""df86486a-9a54-4920-a4db-2553f907af92"", ""source_sha256"": ""f87b4b5f285a38d6c8b11233612fd284584b0eaccff7913f02356ea25a727e89"", ""source_table"": ""fact_income_statement"", ""update_date"": ""2026-04-28T00:00:00""}]",fundamental_feature_long_v1,AVAILABLE
1bc599a7-17eb-4cc8-a543-8c0baaa7c3b8,603259,A,2026-07-27,operating_cash_flow,3595810326.53,PASS,,latest PIT operating_cash_flow normalized_value,currency,latest_available_report_period cumulative,2026-03-31,2026-04-28,2026-04-28,"[""2026-03-31T00:00:00""]","[""2026-04-28T00:00:00""]","[""2026-04-28T00:00:00""]","[""NETCASH_OPERATE""]","[""fact_cash_flow_statement""]","[""603259|cash_flow_statement|2026-03-31|operating_cash_flow""]","[""df86486a-9a54-4920-a4db-2553f907af92""]","[""66bebf1c-8b64-42a6-a970-1dbf1ecb395f""]","[""baf3f36eb2dfe1bd5d8e4b9643491f0e894ee20a547a465f783a141a75e93d31""]","[""CNY""]","[""Q1""]","[{""announcement_date"": ""2026-04-28T00:00:00"", ""canonical_key"": ""603259|cash_flow_statement|2026-03-31|operating_cash_flow"", ""canonical_name"": ""operating_cash_flow"", ""clean_run_id"": ""66bebf1c-8b64-42a6-a970-1dbf1ecb395f"", ""currency"": ""CNY"", ""fiscal_period"": ""Q1"", ""pit_status"": ""PIT_ELIGIBLE"", ""report_date"": ""2026-03-31T00:00:00"", ""source_field"": ""NETCASH_OPERATE"", ""source_run_id"": ""df86486a-9a54-4920-a4db-2553f907af92"", ""source_sha256"": ""baf3f36eb2dfe1bd5d8e4b9643491f0e894ee20a547a465f783a141a75e93d31"", ""source_table"": ""fact_cash_flow_statement"", ""update_date"": ""2026-04-28T00:00:00""}]",fundamental_feature_long_v1,AVAILABLE
1bc599a7-17eb-4cc8-a543-8c0baaa7c3b8,603259,A,2026-07-27,revenue,12435776568.29,PASS,,latest PIT revenue normalized_value,currency,latest_available_report_period,2026-03-31,2026-04-28,2026-04-28,"[""2026-03-31T00:00:00""]","[""2026-04-28T00:00:00""]","[""2026-04-28T00:00:00""]","[""TOTAL_OPERATE_INCOME""]","[""fact_income_statement""]","[""603259|income_statement|2026-03-31|revenue""]","[""df86486a-9a54-4920-a4db-2553f907af92""]","[""66bebf1c-8b64-42a6-a970-1dbf1ecb395f""]","[""f87b4b5f285a38d6c8b11233612fd284584b0eaccff7913f02356ea25a727e89""]","[""CNY""]","[""Q1""]","[{""announcement_date"": ""2026-04-28T00:00:00"", ""canonical_key"": ""603259|income_statement|2026-03-31|revenue"", ""canonical_name"": ""revenue"", ""clean_run_id"": ""66bebf1c-8b64-42a6-a970-1dbf1ecb395f"", ""currency"": ""CNY"", ""fiscal_period"": ""Q1"", ""pit_status"": ""PIT_ELIGIBLE"", ""report_date"": ""2026-03-31T00:00:00"", ""source_field"": ""TOTAL_OPERATE_INCOME"", ""source_run_id"": ""df86486a-9a54-4920-a4db-2553f907af92"", ""source_sha256"": ""f87b4b5f285a38d6c8b11233612fd284584b0eaccff7913f02356ea25a727e89"", ""source_table"": ""fact_income_statement"", ""update_date"": ""2026-04-28T00:00:00""}]",fundamental_feature_long_v1,AVAILABLE
1bc599a7-17eb-4cc8-a543-8c0baaa7c3b8,603259,A,2026-07-27,revenue_yoy,0.2880681350545131,PASS,,revenue(t)/revenue(t-1 same fiscal_period)-1,ratio,same_fiscal_period_prior_year,2026-03-31,2026-04-28,2026-04-28,"[""2025-03-31T00:00:00"", ""2026-03-31T00:00:00""]","[""2025-04-29T00:00:00"", ""2026-04-28T00:00:00""]","[""2026-04-28T00:00:00""]","[""TOTAL_OPERATE_INCOME""]","[""fact_income_statement""]","[""603259|income_statement|2025-03-31|revenue"", ""603259|income_statement|2026-03-31|revenue""]","[""df86486a-9a54-4920-a4db-2553f907af92""]","[""66bebf1c-8b64-42a6-a970-1dbf1ecb395f""]","[""f87b4b5f285a38d6c8b11233612fd284584b0eaccff7913f02356ea25a727e89""]","[""CNY""]","[""Q1""]","[{""announcement_date"": ""2026-04-28T00:00:00"", ""canonical_key"": ""603259|income_statement|2026-03-31|revenue"", ""canonical_name"": ""revenue"", ""clean_run_id"": ""66bebf1c-8b64-42a6-a970-1dbf1ecb395f"", ""currency"": ""CNY"", ""fiscal_period"": ""Q1"", ""pit_status"": ""PIT_ELIGIBLE"", ""report_date"": ""2026-03-31T00:00:00"", ""source_field"": ""TOTAL_OPERATE_INCOME"", ""source_run_id"": ""df86486a-9a54-4920-a4db-2553f907af92"", ""source_sha256"": ""f87b4b5f285a38d6c8b11233612fd284584b0eaccff7913f02356ea25a727e89"", ""source_table"": ""fact_income_statement"", ""update_date"": ""2026-04-28T00:00:00""}, {""announcement_date"": ""2025-04-29T00:00:00"", ""canonical_key"": ""603259|income_statement|2025-03-31|revenue"", ""canonical_name"": ""revenue"", ""clean_run_id"": ""66bebf1c-8b64-42a6-a970-1dbf1ecb395f"", ""currency"": ""CNY"", ""fiscal_period"": ""Q1"", ""pit_status"": ""PIT_ELIGIBLE"", ""report_date"": ""2025-03-31T00:00:00"", ""source_field"": ""TOTAL_OPERATE_INCOME"", ""source_run_id"": ""df86486a-9a54-4920-a4db-2553f907af92"", ""source_sha256"": ""f87b4b5f285a38d6c8b11233612fd284584b0eaccff7913f02356ea25a727e89"", ""source_table"": ""fact_income_statement"", ""update_date"": ""2026-04-28T00:00:00""}]",fundamental_feature_long_v1,AVAILABLE
1bc599a7-17eb-4cc8-a543-8c0baaa7c3b8,603259,A,2026-07-27,roa,,UNAVAILABLE,ANNUAL_OR_PRIOR_BALANCE_UNAVAILABLE,"annual net_profit/average(current FY total_assets,prior FY total_assets)",ratio,latest FY with prior comparable FY balance,2025-12-31,2026-03-24,2026-03-24,"[""2025-12-31T00:00:00""]","[""2026-03-24T00:00:00""]","[""2026-03-24T00:00:00""]","[""NETPROFIT""]","[""fact_income_statement""]","[""603259|income_statement|2025-12-31|net_profit""]","[""df86486a-9a54-4920-a4db-2553f907af92""]","[""66bebf1c-8b64-42a6-a970-1dbf1ecb395f""]","[""f87b4b5f285a38d6c8b11233612fd284584b0eaccff7913f02356ea25a727e89""]","[""CNY""]","[""FY""]","[{""announcement_date"": ""2026-03-24T00:00:00"", ""canonical_key"": ""603259|income_statement|2025-12-31|net_profit"", ""canonical_name"": ""net_profit"", ""clean_run_id"": ""66bebf1c-8b64-42a6-a970-1dbf1ecb395f"", ""currency"": ""CNY"", ""fiscal_period"": ""FY"", ""pit_status"": ""PIT_ELIGIBLE"", ""report_date"": ""2025-12-31T00:00:00"", ""source_field"": ""NETPROFIT"", ""source_run_id"": ""df86486a-9a54-4920-a4db-2553f907af92"", ""source_sha256"": ""f87b4b5f285a38d6c8b11233612fd284584b0eaccff7913f02356ea25a727e89"", ""source_table"": ""fact_income_statement"", ""update_date"": ""2026-03-24T00:00:00""}]",fundamental_feature_long_v1,PRESERVE_NULL_UNAVAILABLE
1bc599a7-17eb-4cc8-a543-8c0baaa7c3b8,603259,A,2026-07-27,roe,,UNAVAILABLE,ANNUAL_OR_PRIOR_BALANCE_UNAVAILABLE,"annual parent_net_profit/average(current FY parent_equity,prior FY parent_equity)",ratio,latest FY with prior comparable FY balance,2025-12-31,2026-03-24,2026-03-24,"[""2025-12-31T00:00:00""]","[""2026-03-24T00:00:00""]","[""2026-03-24T00:00:00""]","[""PARENT_NETPROFIT""]","[""fact_income_statement""]","[""603259|income_statement|2025-12-31|parent_net_profit""]","[""df86486a-9a54-4920-a4db-2553f907af92""]","[""66bebf1c-8b64-42a6-a970-1dbf1ecb395f""]","[""f87b4b5f285a38d6c8b11233612fd284584b0eaccff7913f02356ea25a727e89""]","[""CNY""]","[""FY""]","[{""announcement_date"": ""2026-03-24T00:00:00"", ""canonical_key"": ""603259|income_statement|2025-12-31|parent_net_profit"", ""canonical_name"": ""parent_net_profit"", ""clean_run_id"": ""66bebf1c-8b64-42a6-a970-1dbf1ecb395f"", ""currency"": ""CNY"", ""fiscal_period"": ""FY"", ""pit_status"": ""PIT_ELIGIBLE"", ""report_date"": ""2025-12-31T00:00:00"", ""source_field"": ""PARENT_NETPROFIT"", ""source_run_id"": ""df86486a-9a54-4920-a4db-2553f907af92"", ""source_sha256"": ""f87b4b5f285a38d6c8b11233612fd284584b0eaccff7913f02356ea25a727e89"", ""source_table"": ""fact_income_statement"", ""update_date"": ""2026-03-24T00:00:00""}]",fundamental_feature_long_v1,PRESERVE_NULL_UNAVAILABLE
1bc599a7-17eb-4cc8-a543-8c0baaa7c3b8,603259,A,2026-07-27,total_assets,107414481341.25,PASS,,latest PIT total_assets normalized_value,currency,latest_available_report_period,2026-03-31,2026-04-28,2026-04-28,"[""2026-03-31T00:00:00""]","[""2026-04-28T00:00:00""]","[""2026-04-28T00:00:00""]","[""TOTAL_ASSETS""]","[""fact_balance_sheet""]","[""603259|balance_sheet|2026-03-31|total_assets""]","[""df86486a-9a54-4920-a4db-2553f907af92""]","[""66bebf1c-8b64-42a6-a970-1dbf1ecb395f""]","[""43ad42273b13a7a9c7e0ab49e9c155fe67e65bc13217482bde74960c1dd306da""]","[""CNY""]","[""Q1""]","[{""announcement_date"": ""2026-04-28T00:00:00"", ""canonical_key"": ""603259|balance_sheet|2026-03-31|total_assets"", ""canonical_name"": ""total_assets"", ""clean_run_id"": ""66bebf1c-8b64-42a6-a970-1dbf1ecb395f"", ""currency"": ""CNY"", ""fiscal_period"": ""Q1"", ""pit_status"": ""PIT_ELIGIBLE"", ""report_date"": ""2026-03-31T00:00:00"", ""source_field"": ""TOTAL_ASSETS"", ""source_run_id"": ""df86486a-9a54-4920-a4db-2553f907af92"", ""source_sha256"": ""43ad42273b13a7a9c7e0ab49e9c155fe67e65bc13217482bde74960c1dd306da"", ""source_table"": ""fact_balance_sheet"", ""update_date"": ""2026-04-28T00:00:00""}]",fundamental_feature_long_v1,AVAILABLE
1bc599a7-17eb-4cc8-a543-8c0baaa7c3b8,603259,A,2026-07-27,total_equity,84771629408.9,PASS,,latest PIT net_assets normalized_value,currency,latest_available_report_period,2026-03-31,2026-04-28,2026-04-28,"[""2026-03-31T00:00:00""]","[""2026-04-28T00:00:00""]","[""2026-04-28T00:00:00""]","[""TOTAL_EQUITY""]","[""fact_balance_sheet""]","[""603259|balance_sheet|2026-03-31|net_assets""]","[""df86486a-9a54-4920-a4db-2553f907af92""]","[""66bebf1c-8b64-42a6-a970-1dbf1ecb395f""]","[""43ad42273b13a7a9c7e0ab49e9c155fe67e65bc13217482bde74960c1dd306da""]","[""CNY""]","[""Q1""]","[{""announcement_date"": ""2026-04-28T00:00:00"", ""canonical_key"": ""603259|balance_sheet|2026-03-31|net_assets"", ""canonical_name"": ""net_assets"", ""clean_run_id"": ""66bebf1c-8b64-42a6-a970-1dbf1ecb395f"", ""currency"": ""CNY"", ""fiscal_period"": ""Q1"", ""pit_status"": ""PIT_ELIGIBLE"", ""report_date"": ""2026-03-31T00:00:00"", ""source_field"": ""TOTAL_EQUITY"", ""source_run_id"": ""df86486a-9a54-4920-a4db-2553f907af92"", ""source_sha256"": ""43ad42273b13a7a9c7e0ab49e9c155fe67e65bc13217482bde74960c1dd306da"", ""source_table"": ""fact_balance_sheet"", ""update_date"": ""2026-04-28T00:00:00""}]",fundamental_feature_long_v1,AVAILABLE
1bc599a7-17eb-4cc8-a543-8c0baaa7c3b8,603799,A,2026-07-27,debt_to_asset,0.6357038618587016,PASS,,total_liabilities/total_assets at same report period,ratio,same_report_period stock values,2026-03-31,2026-04-17,2026-04-17,"[""2026-03-31T00:00:00""]","[""2026-04-17T00:00:00""]","[""2026-04-17T00:00:00""]","[""TOTAL_ASSETS"", ""TOTAL_LIABILITIES""]","[""fact_balance_sheet""]","[""603799|balance_sheet|2026-03-31|total_assets"", ""603799|balance_sheet|2026-03-31|total_liabilities""]","[""df86486a-9a54-4920-a4db-2553f907af92""]","[""66bebf1c-8b64-42a6-a970-1dbf1ecb395f""]","[""25dd6a5828dda402b4b093c69c4e69f390559179bf0ab5fd39f70279f64527cc""]","[""CNY""]","[""Q1""]","[{""announcement_date"": ""2026-04-17T00:00:00"", ""canonical_key"": ""603799|balance_sheet|2026-03-31|total_liabilities"", ""canonical_name"": ""total_liabilities"", ""clean_run_id"": ""66bebf1c-8b64-42a6-a970-1dbf1ecb395f"", ""currency"": ""CNY"", ""fiscal_period"": ""Q1"", ""pit_status"": ""PIT_ELIGIBLE"", ""report_date"": ""2026-03-31T00:00:00"", ""source_field"": ""TOTAL_LIABILITIES"", ""source_run_id"": ""df86486a-9a54-4920-a4db-2553f907af92"", ""source_sha256"": ""25dd6a5828dda402b4b093c69c4e69f390559179bf0ab5fd39f70279f64527cc"", ""source_table"": ""fact_balance_sheet"", ""update_date"": ""2026-04-17T00:00:00""}, {""announcement_date"": ""2026-04-17T00:00:00"", ""canonical_key"": ""603799|balance_sheet|2026-03-31|total_assets"", ""canonical_name"": ""total_assets"", ""clean_run_id"": ""66bebf1c-8b64-42a6-a970-1dbf1ecb395f"", ""currency"": ""CNY"", ""fiscal_period"": ""Q1"", ""pit_status"": ""PIT_ELIGIBLE"", ""report_date"": ""2026-03-31T00:00:00"", ""source_field"": ""TOTAL_ASSETS"", ""source_run_id"": ""df86486a-9a54-4920-a4db-2553f907af92"", ""source_sha256"": ""25dd6a5828dda402b4b093c69c4e69f390559179bf0ab5fd39f70279f64527cc"", ""source_table"": ""fact_balance_sheet"", ""update_date"": ""2026-04-17T00:00:00""}]",fundamental_feature_long_v1,AVAILABLE
1bc599a7-17eb-4cc8-a543-8c0baaa7c3b8,603799,A,2026-07-27,net_margin,0.12216012961221441,PASS,,net_profit/revenue at same report period,ratio,same_report_period cumulative,2026-03-31,2026-04-17,2026-04-17,"[""2026-03-31T00:00:00""]","[""2026-04-17T00:00:00""]","[""2026-04-17T00:00:00""]","[""NETPROFIT"", ""TOTAL_OPERATE_INCOME""]","[""fact_income_statement""]","[""603799|income_statement|2026-03-31|net_profit"", ""603799|income_statement|2026-03-31|revenue""]","[""df86486a-9a54-4920-a4db-2553f907af92""]","[""66bebf1c-8b64-42a6-a970-1dbf1ecb395f""]","[""487e4e76f4edfc311c220d9dce9d8db64300d8303f6ac60ddc6f60cdb511efd6""]","[""CNY""]","[""Q1""]","[{""announcement_date"": ""2026-04-17T00:00:00"", ""canonical_key"": ""603799|income_statement|2026-03-31|net_profit"", ""canonical_name"": ""net_profit"", ""clean_run_id"": ""66bebf1c-8b64-42a6-a970-1dbf1ecb395f"", ""currency"": ""CNY"", ""fiscal_period"": ""Q1"", ""pit_status"": ""PIT_ELIGIBLE"", ""report_date"": ""2026-03-31T00:00:00"", ""source_field"": ""NETPROFIT"", ""source_run_id"": ""df86486a-9a54-4920-a4db-2553f907af92"", ""source_sha256"": ""487e4e76f4edfc311c220d9dce9d8db64300d8303f6ac60ddc6f60cdb511efd6"", ""source_table"": ""fact_income_statement"", ""update_date"": ""2026-04-17T00:00:00""}, {""announcement_date"": ""2026-04-17T00:00:00"", ""canonical_key"": ""603799|income_statement|2026-03-31|revenue"", ""canonical_name"": ""revenue"", ""clean_run_id"": ""66bebf1c-8b64-42a6-a970-1dbf1ecb395f"", ""currency"": ""CNY"", ""fiscal_period"": ""Q1"", ""pit_status"": ""PIT_ELIGIBLE"", ""report_date"": ""2026-03-31T00:00:00"", ""source_field"": ""TOTAL_OPERATE_INCOME"", ""source_run_id"": ""df86486a-9a54-4920-a4db-2553f907af92"", ""source_sha256"": ""487e4e76f4edfc311c220d9dce9d8db64300d8303f6ac60ddc6f60cdb511efd6"", ""source_table"": ""fact_income_statement"", ""update_date"": ""2026-04-17T00:00:00""}]",fundamental_feature_long_v1,AVAILABLE
1bc599a7-17eb-4cc8-a543-8c0baaa7c3b8,603799,A,2026-07-27,net_profit,3152190011.0,PASS,,latest PIT net_profit normalized_value,currency,latest_available_report_period,2026-03-31,2026-04-17,2026-04-17,"[""2026-03-31T00:00:00""]","[""2026-04-17T00:00:00""]","[""2026-04-17T00:00:00""]","[""NETPROFIT""]","[""fact_income_statement""]","[""603799|income_statement|2026-03-31|net_profit""]","[""df86486a-9a54-4920-a4db-2553f907af92""]","[""66bebf1c-8b64-42a6-a970-1dbf1ecb395f""]","[""487e4e76f4edfc311c220d9dce9d8db64300d8303f6ac60ddc6f60cdb511efd6""]","[""CNY""]","[""Q1""]","[{""announcement_date"": ""2026-04-17T00:00:00"", ""canonical_key"": ""603799|income_statement|2026-03-31|net_profit"", ""canonical_name"": ""net_profit"", ""clean_run_id"": ""66bebf1c-8b64-42a6-a970-1dbf1ecb395f"", ""currency"": ""CNY"", ""fiscal_period"": ""Q1"", ""pit_status"": ""PIT_ELIGIBLE"", ""report_date"": ""2026-03-31T00:00:00"", ""source_field"": ""NETPROFIT"", ""source_run_id"": ""df86486a-9a54-4920-a4db-2553f907af92"", ""source_sha256"": ""487e4e76f4edfc311c220d9dce9d8db64300d8303f6ac60ddc6f60cdb511efd6"", ""source_table"": ""fact_income_statement"", ""update_date"": ""2026-04-17T00:00:00""}]",fundamental_feature_long_v1,AVAILABLE
1bc599a7-17eb-4cc8-a543-8c0baaa7c3b8,603799,A,2026-07-27,net_profit_yoy,0.8156097235645803,PASS,,net_profit(t)/net_profit(t-1 same fiscal_period)-1,ratio,same_fiscal_period_prior_year,2026-03-31,2026-04-17,2026-04-17,"[""2025-03-31T00:00:00"", ""2026-03-31T00:00:00""]","[""2025-04-19T00:00:00"", ""2026-04-17T00:00:00""]","[""2026-04-17T00:00:00""]","[""NETPROFIT""]","[""fact_income_statement""]","[""603799|income_statement|2025-03-31|net_profit"", ""603799|income_statement|2026-03-31|net_profit""]","[""df86486a-9a54-4920-a4db-2553f907af92""]","[""66bebf1c-8b64-42a6-a970-1dbf1ecb395f""]","[""487e4e76f4edfc311c220d9dce9d8db64300d8303f6ac60ddc6f60cdb511efd6""]","[""CNY""]","[""Q1""]","[{""announcement_date"": ""2026-04-17T00:00:00"", ""canonical_key"": ""603799|income_statement|2026-03-31|net_profit"", ""canonical_name"": ""net_profit"", ""clean_run_id"": ""66bebf1c-8b64-42a6-a970-1dbf1ecb395f"", ""currency"": ""CNY"", ""fiscal_period"": ""Q1"", ""pit_status"": ""PIT_ELIGIBLE"", ""report_date"": ""2026-03-31T00:00:00"", ""source_field"": ""NETPROFIT"", ""source_run_id"": ""df86486a-9a54-4920-a4db-2553f907af92"", ""source_sha256"": ""487e4e76f4edfc311c220d9dce9d8db64300d8303f6ac60ddc6f60cdb511efd6"", ""source_table"": ""fact_income_statement"", ""update_date"": ""2026-04-17T00:00:00""}, {""announcement_date"": ""2025-04-19T00:00:00"", ""canonical_key"": ""603799|income_statement|2025-03-31|net_profit"", ""canonical_name"": ""net_profit"", ""clean_run_id"": ""66bebf1c-8b64-42a6-a970-1dbf1ecb395f"", ""currency"": ""CNY"", ""fiscal_period"": ""Q1"", ""pit_status"": ""PIT_ELIGIBLE"", ""report_date"": ""2025-03-31T00:00:00"", ""source_field"": ""NETPROFIT"", ""source_run_id"": ""df86486a-9a54-4920-a4db-2553f907af92"", ""source_sha256"": ""487e4e76f4edfc311c220d9dce9d8db64300d8303f6ac60ddc6f60cdb511efd6"", ""source_table"": ""fact_income_statement"", ""update_date"": ""2026-04-17T00:00:00""}]",fundamental_feature_long_v1,AVAILABLE
1bc599a7-17eb-4cc8-a543-8c0baaa7c3b8,603799,A,2026-07-27,ocf_to_net_profit,0.3726663645943519,PASS,,operating_cash_flow/net_profit at same report period,ratio,same_report_period cumulative,2026-03-31,2026-04-17,2026-04-17,"[""2026-03-31T00:00:00""]","[""2026-04-17T00:00:00""]","[""2026-04-17T00:00:00""]","[""NETCASH_OPERATE"", ""NETPROFIT""]","[""fact_cash_flow_statement"", ""fact_income_statement""]","[""603799|cash_flow_statement|2026-03-31|operating_cash_flow"", ""603799|income_statement|2026-03-31|net_profit""]","[""df86486a-9a54-4920-a4db-2553f907af92""]","[""66bebf1c-8b64-42a6-a970-1dbf1ecb395f""]","[""487e4e76f4edfc311c220d9dce9d8db64300d8303f6ac60ddc6f60cdb511efd6"", ""8db49b9947dd56888031ef574e44db9d1ce3b52bb3d69f23360bbaec0a54eff0""]","[""CNY""]","[""Q1""]","[{""announcement_date"": ""2026-04-17T00:00:00"", ""canonical_key"": ""603799|cash_flow_statement|2026-03-31|operating_cash_flow"", ""canonical_name"": ""operating_cash_flow"", ""clean_run_id"": ""66bebf1c-8b64-42a6-a970-1dbf1ecb395f"", ""currency"": ""CNY"", ""fiscal_period"": ""Q1"", ""pit_status"": ""PIT_ELIGIBLE"", ""report_date"": ""2026-03-31T00:00:00"", ""source_field"": ""NETCASH_OPERATE"", ""source_run_id"": ""df86486a-9a54-4920-a4db-2553f907af92"", ""source_sha256"": ""8db49b9947dd56888031ef574e44db9d1ce3b52bb3d69f23360bbaec0a54eff0"", ""source_table"": ""fact_cash_flow_statement"", ""update_date"": ""2026-04-17T00:00:00""}, {""announcement_date"": ""2026-04-17T00:00:00"", ""canonical_key"": ""603799|income_statement|2026-03-31|net_profit"", ""canonical_name"": ""net_profit"", ""clean_run_id"": ""66bebf1c-8b64-42a6-a970-1dbf1ecb395f"", ""currency"": ""CNY"", ""fiscal_period"": ""Q1"", ""pit_status"": ""PIT_ELIGIBLE"", ""report_date"": ""2026-03-31T00:00:00"", ""source_field"": ""NETPROFIT"", ""source_run_id"": ""df86486a-9a54-4920-a4db-2553f907af92"", ""source_sha256"": ""487e4e76f4edfc311c220d9dce9d8db64300d8303f6ac60ddc6f60cdb511efd6"", ""source_table"": ""fact_income_statement"", ""update_date"": ""2026-04-17T00:00:00""}]",fundamental_feature_long_v1,AVAILABLE
1bc599a7-17eb-4cc8-a543-8c0baaa7c3b8,603799,A,2026-07-27,operating_cash_flow,1174715191.91,PASS,,latest PIT operating_cash_flow normalized_value,currency,latest_available_report_period cumulative,2026-03-31,2026-04-17,2026-04-17,"[""2026-03-31T00:00:00""]","[""2026-04-17T00:00:00""]","[""2026-04-17T00:00:00""]","[""NETCASH_OPERATE""]","[""fact_cash_flow_statement""]","[""603799|cash_flow_statement|2026-03-31|operating_cash_flow""]","[""df86486a-9a54-4920-a4db-2553f907af92""]","[""66bebf1c-8b64-42a6-a970-1dbf1ecb395f""]","[""8db49b9947dd56888031ef574e44db9d1ce3b52bb3d69f23360bbaec0a54eff0""]","[""CNY""]","[""Q1""]","[{""announcement_date"": ""2026-04-17T00:00:00"", ""canonical_key"": ""603799|cash_flow_statement|2026-03-31|operating_cash_flow"", ""canonical_name"": ""operating_cash_flow"", ""clean_run_id"": ""66bebf1c-8b64-42a6-a970-1dbf1ecb395f"", ""currency"": ""CNY"", ""fiscal_period"": ""Q1"", ""pit_status"": ""PIT_ELIGIBLE"", ""report_date"": ""2026-03-31T00:00:00"", ""source_field"": ""NETCASH_OPERATE"", ""source_run_id"": ""df86486a-9a54-4920-a4db-2553f907af92"", ""source_sha256"": ""8db49b9947dd56888031ef574e44db9d1ce3b52bb3d69f23360bbaec0a54eff0"", ""source_table"": ""fact_cash_flow_statement"", ""update_date"": ""2026-04-17T00:00:00""}]",fundamental_feature_long_v1,AVAILABLE
1bc599a7-17eb-4cc8-a543-8c0baaa7c3b8,603799,A,2026-07-27,revenue,25803754637.51,PASS,,latest PIT revenue normalized_value,currency,latest_available_report_period,2026-03-31,2026-04-17,2026-04-17,"[""2026-03-31T00:00:00""]","[""2026-04-17T00:00:00""]","[""2026-04-17T00:00:00""]","[""TOTAL_OPERATE_INCOME""]","[""fact_income_statement""]","[""603799|income_statement|2026-03-31|revenue""]","[""df86486a-9a54-4920-a4db-2553f907af92""]","[""66bebf1c-8b64-42a6-a970-1dbf1ecb395f""]","[""487e4e76f4edfc311c220d9dce9d8db64300d8303f6ac60ddc6f60cdb511efd6""]","[""CNY""]","[""Q1""]","[{""announcement_date"": ""2026-04-17T00:00:00"", ""canonical_key"": ""603799|income_statement|2026-03-31|revenue"", ""canonical_name"": ""revenue"", ""clean_run_id"": ""66bebf1c-8b64-42a6-a970-1dbf1ecb395f"", ""currency"": ""CNY"", ""fiscal_period"": ""Q1"", ""pit_status"": ""PIT_ELIGIBLE"", ""report_date"": ""2026-03-31T00:00:00"", ""source_field"": ""TOTAL_OPERATE_INCOME"", ""source_run_id"": ""df86486a-9a54-4920-a4db-2553f907af92"", ""source_sha256"": ""487e4e76f4edfc311c220d9dce9d8db64300d8303f6ac60ddc6f60cdb511efd6"", ""source_table"": ""fact_income_statement"", ""update_date"": ""2026-04-17T00:00:00""}]",fundamental_feature_long_v1,AVAILABLE
1bc599a7-17eb-4cc8-a543-8c0baaa7c3b8,603799,A,2026-07-27,revenue_yoy,0.4462378543185055,PASS,,revenue(t)/revenue(t-1 same fiscal_period)-1,ratio,same_fiscal_period_prior_year,2026-03-31,2026-04-17,2026-04-17,"[""2025-03-31T00:00:00"", ""2026-03-31T00:00:00""]","[""2025-04-19T00:00:00"", ""2026-04-17T00:00:00""]","[""2026-04-17T00:00:00""]","[""TOTAL_OPERATE_INCOME""]","[""fact_income_statement""]","[""603799|income_statement|2025-03-31|revenue"", ""603799|income_statement|2026-03-31|revenue""]","[""df86486a-9a54-4920-a4db-2553f907af92""]","[""66bebf1c-8b64-42a6-a970-1dbf1ecb395f""]","[""487e4e76f4edfc311c220d9dce9d8db64300d8303f6ac60ddc6f60cdb511efd6""]","[""CNY""]","[""Q1""]","[{""announcement_date"": ""2026-04-17T00:00:00"", ""canonical_key"": ""603799|income_statement|2026-03-31|revenue"", ""canonical_name"": ""revenue"", ""clean_run_id"": ""66bebf1c-8b64-42a6-a970-1dbf1ecb395f"", ""currency"": ""CNY"", ""fiscal_period"": ""Q1"", ""pit_status"": ""PIT_ELIGIBLE"", ""report_date"": ""2026-03-31T00:00:00"", ""source_field"": ""TOTAL_OPERATE_INCOME"", ""source_run_id"": ""df86486a-9a54-4920-a4db-2553f907af92"", ""source_sha256"": ""487e4e76f4edfc311c220d9dce9d8db64300d8303f6ac60ddc6f60cdb511efd6"", ""source_table"": ""fact_income_statement"", ""update_date"": ""2026-04-17T00:00:00""}, {""announcement_date"": ""2025-04-19T00:00:00"", ""canonical_key"": ""603799|income_statement|2025-03-31|revenue"", ""canonical_name"": ""revenue"", ""clean_run_id"": ""66bebf1c-8b64-42a6-a970-1dbf1ecb395f"", ""currency"": ""CNY"", ""fiscal_period"": ""Q1"", ""pit_status"": ""PIT_ELIGIBLE"", ""report_date"": ""2025-03-31T00:00:00"", ""source_field"": ""TOTAL_OPERATE_INCOME"", ""source_run_id"": ""df86486a-9a54-4920-a4db-2553f907af92"", ""source_sha256"": ""487e4e76f4edfc311c220d9dce9d8db64300d8303f6ac60ddc6f60cdb511efd6"", ""source_table"": ""fact_income_statement"", ""update_date"": ""2026-04-17T00:00:00""}]",fundamental_feature_long_v1,AVAILABLE
1bc599a7-17eb-4cc8-a543-8c0baaa7c3b8,603799,A,2026-07-27,roa,,UNAVAILABLE,ANNUAL_OR_PRIOR_BALANCE_UNAVAILABLE,"annual net_profit/average(current FY total_assets,prior FY total_assets)",ratio,latest FY with prior comparable FY balance,2025-12-31,2026-04-08,2026-04-08,"[""2025-12-31T00:00:00""]","[""2026-04-08T00:00:00""]","[""2026-04-08T00:00:00""]","[""NETPROFIT""]","[""fact_income_statement""]","[""603799|income_statement|2025-12-31|net_profit""]","[""df86486a-9a54-4920-a4db-2553f907af92""]","[""66bebf1c-8b64-42a6-a970-1dbf1ecb395f""]","[""487e4e76f4edfc311c220d9dce9d8db64300d8303f6ac60ddc6f60cdb511efd6""]","[""CNY""]","[""FY""]","[{""announcement_date"": ""2026-04-08T00:00:00"", ""canonical_key"": ""603799|income_statement|2025-12-31|net_profit"", ""canonical_name"": ""net_profit"", ""clean_run_id"": ""66bebf1c-8b64-42a6-a970-1dbf1ecb395f"", ""currency"": ""CNY"", ""fiscal_period"": ""FY"", ""pit_status"": ""PIT_ELIGIBLE"", ""report_date"": ""2025-12-31T00:00:00"", ""source_field"": ""NETPROFIT"", ""source_run_id"": ""df86486a-9a54-4920-a4db-2553f907af92"", ""source_sha256"": ""487e4e76f4edfc311c220d9dce9d8db64300d8303f6ac60ddc6f60cdb511efd6"", ""source_table"": ""fact_income_statement"", ""update_date"": ""2026-04-08T00:00:00""}]",fundamental_feature_long_v1,PRESERVE_NULL_UNAVAILABLE
1bc599a7-17eb-4cc8-a543-8c0baaa7c3b8,603799,A,2026-07-27,roe,,UNAVAILABLE,ANNUAL_OR_PRIOR_BALANCE_UNAVAILABLE,"annual parent_net_profit/average(current FY parent_equity,prior FY parent_equity)",ratio,latest FY with prior comparable FY balance,2025-12-31,2026-04-08,2026-04-08,"[""2025-12-31T00:00:00""]","[""2026-04-08T00:00:00""]","[""2026-04-08T00:00:00""]","[""PARENT_NETPROFIT""]","[""fact_income_statement""]","[""603799|income_statement|2025-12-31|parent_net_profit""]","[""df86486a-9a54-4920-a4db-2553f907af92""]","[""66bebf1c-8b64-42a6-a970-1dbf1ecb395f""]","[""487e4e76f4edfc311c220d9dce9d8db64300d8303f6ac60ddc6f60cdb511efd6""]","[""CNY""]","[""FY""]","[{""announcement_date"": ""2026-04-08T00:00:00"", ""canonical_key"": ""603799|income_statement|2025-12-31|parent_net_profit"", ""canonical_name"": ""parent_net_profit"", ""clean_run_id"": ""66bebf1c-8b64-42a6-a970-1dbf1ecb395f"", ""currency"": ""CNY"", ""fiscal_period"": ""FY"", ""pit_status"": ""PIT_ELIGIBLE"", ""report_date"": ""2025-12-31T00:00:00"", ""source_field"": ""PARENT_NETPROFIT"", ""source_run_id"": ""df86486a-9a54-4920-a4db-2553f907af92"", ""source_sha256"": ""487e4e76f4edfc311c220d9dce9d8db64300d8303f6ac60ddc6f60cdb511efd6"", ""source_table"": ""fact_income_statement"", ""update_date"": ""2026-04-08T00:00:00""}]",fundamental_feature_long_v1,PRESERVE_NULL_UNAVAILABLE
1bc599a7-17eb-4cc8-a543-8c0baaa7c3b8,603799,A,2026-07-27,total_assets,174669109293.96,PASS,,latest PIT total_assets normalized_value,currency,latest_available_report_period,2026-03-31,2026-04-17,2026-04-17,"[""2026-03-31T00:00:00""]","[""2026-04-17T00:00:00""]","[""2026-04-17T00:00:00""]","[""TOTAL_ASSETS""]","[""fact_balance_sheet""]","[""603799|balance_sheet|2026-03-31|total_assets""]","[""df86486a-9a54-4920-a4db-2553f907af92""]","[""66bebf1c-8b64-42a6-a970-1dbf1ecb395f""]","[""25dd6a5828dda402b4b093c69c4e69f390559179bf0ab5fd39f70279f64527cc""]","[""CNY""]","[""Q1""]","[{""announcement_date"": ""2026-04-17T00:00:00"", ""canonical_key"": ""603799|balance_sheet|2026-03-31|total_assets"", ""canonical_name"": ""total_assets"", ""clean_run_id"": ""66bebf1c-8b64-42a6-a970-1dbf1ecb395f"", ""currency"": ""CNY"", ""fiscal_period"": ""Q1"", ""pit_status"": ""PIT_ELIGIBLE"", ""report_date"": ""2026-03-31T00:00:00"", ""source_field"": ""TOTAL_ASSETS"", ""source_run_id"": ""df86486a-9a54-4920-a4db-2553f907af92"", ""source_sha256"": ""25dd6a5828dda402b4b093c69c4e69f390559179bf0ab5fd39f70279f64527cc"", ""source_table"": ""fact_balance_sheet"", ""update_date"": ""2026-04-17T00:00:00""}]",fundamental_feature_long_v1,AVAILABLE
1bc599a7-17eb-4cc8-a543-8c0baaa7c3b8,603799,A,2026-07-27,total_equity,63631281968.37,PASS,,latest PIT net_assets normalized_value,currency,latest_available_report_period,2026-03-31,2026-04-17,2026-04-17,"[""2026-03-31T00:00:00""]","[""2026-04-17T00:00:00""]","[""2026-04-17T00:00:00""]","[""TOTAL_EQUITY""]","[""fact_balance_sheet""]","[""603799|balance_sheet|2026-03-31|net_assets""]","[""df86486a-9a54-4920-a4db-2553f907af92""]","[""66bebf1c-8b64-42a6-a970-1dbf1ecb395f""]","[""25dd6a5828dda402b4b093c69c4e69f390559179bf0ab5fd39f70279f64527cc""]","[""CNY""]","[""Q1""]","[{""announcement_date"": ""2026-04-17T00:00:00"", ""canonical_key"": ""603799|balance_sheet|2026-03-31|net_assets"", ""canonical_name"": ""net_assets"", ""clean_run_id"": ""66bebf1c-8b64-42a6-a970-1dbf1ecb395f"", ""currency"": ""CNY"", ""fiscal_period"": ""Q1"", ""pit_status"": ""PIT_ELIGIBLE"", ""report_date"": ""2026-03-31T00:00:00"", ""source_field"": ""TOTAL_EQUITY"", ""source_run_id"": ""df86486a-9a54-4920-a4db-2553f907af92"", ""source_sha256"": ""25dd6a5828dda402b4b093c69c4e69f390559179bf0ab5fd39f70279f64527cc"", ""source_table"": ""fact_balance_sheet"", ""update_date"": ""2026-04-17T00:00:00""}]",fundamental_feature_long_v1,AVAILABLE
1bc599a7-17eb-4cc8-a543-8c0baaa7c3b8,02076.HK,HK,2026-07-27,debt_to_asset,,UNAVAILABLE,NO_COMMON_PIT_REPORT_PERIOD,total_liabilities/total_assets at same report period,ratio,same_report_period stock values,,,,[],[],[],[],[],[],[],[],[],[],[],[],fundamental_feature_long_v1,PRESERVE_NULL_UNAVAILABLE
1bc599a7-17eb-4cc8-a543-8c0baaa7c3b8,02076.HK,HK,2026-07-27,net_margin,,UNAVAILABLE,NO_COMMON_PIT_REPORT_PERIOD,net_profit/revenue at same report period,ratio,same_report_period cumulative,,,,[],[],[],[],[],[],[],[],[],[],[],[],fundamental_feature_long_v1,PRESERVE_NULL_UNAVAILABLE
1bc599a7-17eb-4cc8-a543-8c0baaa7c3b8,02076.HK,HK,2026-07-27,net_profit,,UNAVAILABLE,NO_PIT_ELIGIBLE_INPUT,latest PIT net_profit normalized_value,currency,latest_available_report_period,,,,[],[],[],[],[],[],[],[],[],[],[],[],fundamental_feature_long_v1,PRESERVE_NULL_UNAVAILABLE
1bc599a7-17eb-4cc8-a543-8c0baaa7c3b8,02076.HK,HK,2026-07-27,net_profit_yoy,,UNAVAILABLE,NO_PIT_ELIGIBLE_INPUT,net_profit(t)/net_profit(t-1 same fiscal_period)-1,ratio,same_fiscal_period_prior_year,,,,[],[],[],[],[],[],[],[],[],[],[],[],fundamental_feature_long_v1,PRESERVE_NULL_UNAVAILABLE
1bc599a7-17eb-4cc8-a543-8c0baaa7c3b8,02076.HK,HK,2026-07-27,ocf_to_net_profit,,UNAVAILABLE,NO_COMMON_PIT_REPORT_PERIOD,operating_cash_flow/net_profit at same report period,ratio,same_report_period cumulative,,,,[],[],[],[],[],[],[],[],[],[],[],[],fundamental_feature_long_v1,PRESERVE_NULL_UNAVAILABLE
1bc599a7-17eb-4cc8-a543-8c0baaa7c3b8,02076.HK,HK,2026-07-27,operating_cash_flow,,UNAVAILABLE,NO_PIT_ELIGIBLE_INPUT,latest PIT operating_cash_flow normalized_value,currency,latest_available_report_period cumulative,,,,[],[],[],[],[],[],[],[],[],[],[],[],fundamental_feature_long_v1,PRESERVE_NULL_UNAVAILABLE
1bc599a7-17eb-4cc8-a543-8c0baaa7c3b8,02076.HK,HK,2026-07-27,revenue,,UNAVAILABLE,NO_PIT_ELIGIBLE_INPUT,latest PIT revenue normalized_value,currency,latest_available_report_period,,,,[],[],[],[],[],[],[],[],[],[],[],[],fundamental_feature_long_v1,PRESERVE_NULL_UNAVAILABLE
1bc599a7-17eb-4cc8-a543-8c0baaa7c3b8,02076.HK,HK,2026-07-27,revenue_yoy,,UNAVAILABLE,NO_PIT_ELIGIBLE_INPUT,revenue(t)/revenue(t-1 same fiscal_period)-1,ratio,same_fiscal_period_prior_year,,,,[],[],[],[],[],[],[],[],[],[],[],[],fundamental_feature_long_v1,PRESERVE_NULL_UNAVAILABLE
1bc599a7-17eb-4cc8-a543-8c0baaa7c3b8,02076.HK,HK,2026-07-27,roa,,UNAVAILABLE,ANNUAL_OR_PRIOR_BALANCE_UNAVAILABLE,"annual net_profit/average(current FY total_assets,prior FY total_assets)",ratio,latest FY with prior comparable FY balance,,,,[],[],[],[],[],[],[],[],[],[],[],[],fundamental_feature_long_v1,PRESERVE_NULL_UNAVAILABLE
1bc599a7-17eb-4cc8-a543-8c0baaa7c3b8,02076.HK,HK,2026-07-27,roe,,UNAVAILABLE,ANNUAL_OR_PRIOR_BALANCE_UNAVAILABLE,"annual parent_net_profit/average(current FY parent_equity,prior FY parent_equity)",ratio,latest FY with prior comparable FY balance,,,,[],[],[],[],[],[],[],[],[],[],[],[],fundamental_feature_long_v1,PRESERVE_NULL_UNAVAILABLE
1bc599a7-17eb-4cc8-a543-8c0baaa7c3b8,02076.HK,HK,2026-07-27,total_assets,,UNAVAILABLE,NO_PIT_ELIGIBLE_INPUT,latest PIT total_assets normalized_value,currency,latest_available_report_period,,,,[],[],[],[],[],[],[],[],[],[],[],[],fundamental_feature_long_v1,PRESERVE_NULL_UNAVAILABLE
1bc599a7-17eb-4cc8-a543-8c0baaa7c3b8,02076.HK,HK,2026-07-27,total_equity,,UNAVAILABLE,NO_PIT_ELIGIBLE_INPUT,latest PIT net_assets normalized_value,currency,latest_available_report_period,,,,[],[],[],[],[],[],[],[],[],[],[],[],fundamental_feature_long_v1,PRESERVE_NULL_UNAVAILABLE
1bc599a7-17eb-4cc8-a543-8c0baaa7c3b8,02180.HK,HK,2026-07-27,debt_to_asset,,UNAVAILABLE,NO_COMMON_PIT_REPORT_PERIOD,total_liabilities/total_assets at same report period,ratio,same_report_period stock values,,,,[],[],[],[],[],[],[],[],[],[],[],[],fundamental_feature_long_v1,PRESERVE_NULL_UNAVAILABLE
1bc599a7-17eb-4cc8-a543-8c0baaa7c3b8,02180.HK,HK,2026-07-27,net_margin,,UNAVAILABLE,NO_COMMON_PIT_REPORT_PERIOD,net_profit/revenue at same report period,ratio,same_report_period cumulative,,,,[],[],[],[],[],[],[],[],[],[],[],[],fundamental_feature_long_v1,PRESERVE_NULL_UNAVAILABLE
1bc599a7-17eb-4cc8-a543-8c0baaa7c3b8,02180.HK,HK,2026-07-27,net_profit,,UNAVAILABLE,NO_PIT_ELIGIBLE_INPUT,latest PIT net_profit normalized_value,currency,latest_available_report_period,,,,[],[],[],[],[],[],[],[],[],[],[],[],fundamental_feature_long_v1,PRESERVE_NULL_UNAVAILABLE
1bc599a7-17eb-4cc8-a543-8c0baaa7c3b8,02180.HK,HK,2026-07-27,net_profit_yoy,,UNAVAILABLE,NO_PIT_ELIGIBLE_INPUT,net_profit(t)/net_profit(t-1 same fiscal_period)-1,ratio,same_fiscal_period_prior_year,,,,[],[],[],[],[],[],[],[],[],[],[],[],fundamental_feature_long_v1,PRESERVE_NULL_UNAVAILABLE
1bc599a7-17eb-4cc8-a543-8c0baaa7c3b8,02180.HK,HK,2026-07-27,ocf_to_net_profit,,UNAVAILABLE,NO_COMMON_PIT_REPORT_PERIOD,operating_cash_flow/net_profit at same report period,ratio,same_report_period cumulative,,,,[],[],[],[],[],[],[],[],[],[],[],[],fundamental_feature_long_v1,PRESERVE_NULL_UNAVAILABLE
1bc599a7-17eb-4cc8-a543-8c0baaa7c3b8,02180.HK,HK,2026-07-27,operating_cash_flow,,UNAVAILABLE,NO_PIT_ELIGIBLE_INPUT,latest PIT operating_cash_flow normalized_value,currency,latest_available_report_period cumulative,,,,[],[],[],[],[],[],[],[],[],[],[],[],fundamental_feature_long_v1,PRESERVE_NULL_UNAVAILABLE
1bc599a7-17eb-4cc8-a543-8c0baaa7c3b8,02180.HK,HK,2026-07-27,revenue,,UNAVAILABLE,NO_PIT_ELIGIBLE_INPUT,latest PIT revenue normalized_value,currency,latest_available_report_period,,,,[],[],[],[],[],[],[],[],[],[],[],[],fundamental_feature_long_v1,PRESERVE_NULL_UNAVAILABLE
1bc599a7-17eb-4cc8-a543-8c0baaa7c3b8,02180.HK,HK,2026-07-27,revenue_yoy,,UNAVAILABLE,NO_PIT_ELIGIBLE_INPUT,revenue(t)/revenue(t-1 same fiscal_period)-1,ratio,same_fiscal_period_prior_year,,,,[],[],[],[],[],[],[],[],[],[],[],[],fundamental_feature_long_v1,PRESERVE_NULL_UNAVAILABLE
1bc599a7-17eb-4cc8-a543-8c0baaa7c3b8,02180.HK,HK,2026-07-27,roa,,UNAVAILABLE,ANNUAL_OR_PRIOR_BALANCE_UNAVAILABLE,"annual net_profit/average(current FY total_assets,prior FY total_assets)",ratio,latest FY with prior comparable FY balance,,,,[],[],[],[],[],[],[],[],[],[],[],[],fundamental_feature_long_v1,PRESERVE_NULL_UNAVAILABLE
1bc599a7-17eb-4cc8-a543-8c0baaa7c3b8,02180.HK,HK,2026-07-27,roe,,UNAVAILABLE,ANNUAL_OR_PRIOR_BALANCE_UNAVAILABLE,"annual parent_net_profit/average(current FY parent_equity,prior FY parent_equity)",ratio,latest FY with prior comparable FY balance,,,,[],[],[],[],[],[],[],[],[],[],[],[],fundamental_feature_long_v1,PRESERVE_NULL_UNAVAILABLE
1bc599a7-17eb-4cc8-a543-8c0baaa7c3b8,02180.HK,HK,2026-07-27,total_assets,,UNAVAILABLE,NO_PIT_ELIGIBLE_INPUT,latest PIT total_assets normalized_value,currency,latest_available_report_period,,,,[],[],[],[],[],[],[],[],[],[],[],[],fundamental_feature_long_v1,PRESERVE_NULL_UNAVAILABLE
1bc599a7-17eb-4cc8-a543-8c0baaa7c3b8,02180.HK,HK,2026-07-27,total_equity,,UNAVAILABLE,NO_PIT_ELIGIBLE_INPUT,latest PIT net_assets normalized_value,currency,latest_available_report_period,,,,[],[],[],[],[],[],[],[],[],[],[],[],fundamental_feature_long_v1,PRESERVE_NULL_UNAVAILABLE
1bc599a7-17eb-4cc8-a543-8c0baaa7c3b8,06100.HK,HK,2026-07-27,debt_to_asset,,UNAVAILABLE,NO_COMMON_PIT_REPORT_PERIOD,total_liabilities/total_assets at same report period,ratio,same_report_period stock values,,,,[],[],[],[],[],[],[],[],[],[],[],[],fundamental_feature_long_v1,PRESERVE_NULL_UNAVAILABLE
1bc599a7-17eb-4cc8-a543-8c0baaa7c3b8,06100.HK,HK,2026-07-27,net_margin,,UNAVAILABLE,NO_COMMON_PIT_REPORT_PERIOD,net_profit/revenue at same report period,ratio,same_report_period cumulative,,,,[],[],[],[],[],[],[],[],[],[],[],[],fundamental_feature_long_v1,PRESERVE_NULL_UNAVAILABLE
1bc599a7-17eb-4cc8-a543-8c0baaa7c3b8,06100.HK,HK,2026-07-27,net_profit,,UNAVAILABLE,NO_PIT_ELIGIBLE_INPUT,latest PIT net_profit normalized_value,currency,latest_available_report_period,,,,[],[],[],[],[],[],[],[],[],[],[],[],fundamental_feature_long_v1,PRESERVE_NULL_UNAVAILABLE
1bc599a7-17eb-4cc8-a543-8c0baaa7c3b8,06100.HK,HK,2026-07-27,net_profit_yoy,,UNAVAILABLE,NO_PIT_ELIGIBLE_INPUT,net_profit(t)/net_profit(t-1 same fiscal_period)-1,ratio,same_fiscal_period_prior_year,,,,[],[],[],[],[],[],[],[],[],[],[],[],fundamental_feature_long_v1,PRESERVE_NULL_UNAVAILABLE
1bc599a7-17eb-4cc8-a543-8c0baaa7c3b8,06100.HK,HK,2026-07-27,ocf_to_net_profit,,UNAVAILABLE,NO_COMMON_PIT_REPORT_PERIOD,operating_cash_flow/net_profit at same report period,ratio,same_report_period cumulative,,,,[],[],[],[],[],[],[],[],[],[],[],[],fundamental_feature_long_v1,PRESERVE_NULL_UNAVAILABLE
1bc599a7-17eb-4cc8-a543-8c0baaa7c3b8,06100.HK,HK,2026-07-27,operating_cash_flow,,UNAVAILABLE,NO_PIT_ELIGIBLE_INPUT,latest PIT operating_cash_flow normalized_value,currency,latest_available_report_period cumulative,,,,[],[],[],[],[],[],[],[],[],[],[],[],fundamental_feature_long_v1,PRESERVE_NULL_UNAVAILABLE
1bc599a7-17eb-4cc8-a543-8c0baaa7c3b8,06100.HK,HK,2026-07-27,revenue,,UNAVAILABLE,NO_PIT_ELIGIBLE_INPUT,latest PIT revenue normalized_value,currency,latest_available_report_period,,,,[],[],[],[],[],[],[],[],[],[],[],[],fundamental_feature_long_v1,PRESERVE_NULL_UNAVAILABLE
1bc599a7-17eb-4cc8-a543-8c0baaa7c3b8,06100.HK,HK,2026-07-27,revenue_yoy,,UNAVAILABLE,NO_PIT_ELIGIBLE_INPUT,revenue(t)/revenue(t-1 same fiscal_period)-1,ratio,same_fiscal_period_prior_year,,,,[],[],[],[],[],[],[],[],[],[],[],[],fundamental_feature_long_v1,PRESERVE_NULL_UNAVAILABLE
1bc599a7-17eb-4cc8-a543-8c0baaa7c3b8,06100.HK,HK,2026-07-27,roa,,UNAVAILABLE,ANNUAL_OR_PRIOR_BALANCE_UNAVAILABLE,"annual net_profit/average(current FY total_assets,prior FY total_assets)",ratio,latest FY with prior comparable FY balance,,,,[],[],[],[],[],[],[],[],[],[],[],[],fundamental_feature_long_v1,PRESERVE_NULL_UNAVAILABLE
1bc599a7-17eb-4cc8-a543-8c0baaa7c3b8,06100.HK,HK,2026-07-27,roe,,UNAVAILABLE,ANNUAL_OR_PRIOR_BALANCE_UNAVAILABLE,"annual parent_net_profit/average(current FY parent_equity,prior FY parent_equity)",ratio,latest FY with prior comparable FY balance,,,,[],[],[],[],[],[],[],[],[],[],[],[],fundamental_feature_long_v1,PRESERVE_NULL_UNAVAILABLE
1bc599a7-17eb-4cc8-a543-8c0baaa7c3b8,06100.HK,HK,2026-07-27,total_assets,,UNAVAILABLE,NO_PIT_ELIGIBLE_INPUT,latest PIT total_assets normalized_value,currency,latest_available_report_period,,,,[],[],[],[],[],[],[],[],[],[],[],[],fundamental_feature_long_v1,PRESERVE_NULL_UNAVAILABLE
1bc599a7-17eb-4cc8-a543-8c0baaa7c3b8,06100.HK,HK,2026-07-27,total_equity,,UNAVAILABLE,NO_PIT_ELIGIBLE_INPUT,latest PIT net_assets normalized_value,currency,latest_available_report_period,,,,[],[],[],[],[],[],[],[],[],[],[],[],fundamental_feature_long_v1,PRESERVE_NULL_UNAVAILABLE
1bc599a7-17eb-4cc8-a543-8c0baaa7c3b8,06919.HK,HK,2026-07-27,debt_to_asset,,UNAVAILABLE,NO_COMMON_PIT_REPORT_PERIOD,total_liabilities/total_assets at same report period,ratio,same_report_period stock values,,,,[],[],[],[],[],[],[],[],[],[],[],[],fundamental_feature_long_v1,PRESERVE_NULL_UNAVAILABLE
1bc599a7-17eb-4cc8-a543-8c0baaa7c3b8,06919.HK,HK,2026-07-27,net_margin,,UNAVAILABLE,NO_COMMON_PIT_REPORT_PERIOD,net_profit/revenue at same report period,ratio,same_report_period cumulative,,,,[],[],[],[],[],[],[],[],[],[],[],[],fundamental_feature_long_v1,PRESERVE_NULL_UNAVAILABLE
1bc599a7-17eb-4cc8-a543-8c0baaa7c3b8,06919.HK,HK,2026-07-27,net_profit,,UNAVAILABLE,NO_PIT_ELIGIBLE_INPUT,latest PIT net_profit normalized_value,currency,latest_available_report_period,,,,[],[],[],[],[],[],[],[],[],[],[],[],fundamental_feature_long_v1,PRESERVE_NULL_UNAVAILABLE
1bc599a7-17eb-4cc8-a543-8c0baaa7c3b8,06919.HK,HK,2026-07-27,net_profit_yoy,,UNAVAILABLE,NO_PIT_ELIGIBLE_INPUT,net_profit(t)/net_profit(t-1 same fiscal_period)-1,ratio,same_fiscal_period_prior_year,,,,[],[],[],[],[],[],[],[],[],[],[],[],fundamental_feature_long_v1,PRESERVE_NULL_UNAVAILABLE
1bc599a7-17eb-4cc8-a543-8c0baaa7c3b8,06919.HK,HK,2026-07-27,ocf_to_net_profit,,UNAVAILABLE,NO_COMMON_PIT_REPORT_PERIOD,operating_cash_flow/net_profit at same report period,ratio,same_report_period cumulative,,,,[],[],[],[],[],[],[],[],[],[],[],[],fundamental_feature_long_v1,PRESERVE_NULL_UNAVAILABLE
1bc599a7-17eb-4cc8-a543-8c0baaa7c3b8,06919.HK,HK,2026-07-27,operating_cash_flow,,UNAVAILABLE,NO_PIT_ELIGIBLE_INPUT,latest PIT operating_cash_flow normalized_value,currency,latest_available_report_period cumulative,,,,[],[],[],[],[],[],[],[],[],[],[],[],fundamental_feature_long_v1,PRESERVE_NULL_UNAVAILABLE
1bc599a7-17eb-4cc8-a543-8c0baaa7c3b8,06919.HK,HK,2026-07-27,revenue,,UNAVAILABLE,NO_PIT_ELIGIBLE_INPUT,latest PIT revenue normalized_value,currency,latest_available_report_period,,,,[],[],[],[],[],[],[],[],[],[],[],[],fundamental_feature_long_v1,PRESERVE_NULL_UNAVAILABLE
1bc599a7-17eb-4cc8-a543-8c0baaa7c3b8,06919.HK,HK,2026-07-27,revenue_yoy,,UNAVAILABLE,NO_PIT_ELIGIBLE_INPUT,revenue(t)/revenue(t-1 same fiscal_period)-1,ratio,same_fiscal_period_prior_year,,,,[],[],[],[],[],[],[],[],[],[],[],[],fundamental_feature_long_v1,PRESERVE_NULL_UNAVAILABLE
1bc599a7-17eb-4cc8-a543-8c0baaa7c3b8,06919.HK,HK,2026-07-27,roa,,UNAVAILABLE,ANNUAL_OR_PRIOR_BALANCE_UNAVAILABLE,"annual net_profit/average(current FY total_assets,prior FY total_assets)",ratio,latest FY with prior comparable FY balance,,,,[],[],[],[],[],[],[],[],[],[],[],[],fundamental_feature_long_v1,PRESERVE_NULL_UNAVAILABLE
1bc599a7-17eb-4cc8-a543-8c0baaa7c3b8,06919.HK,HK,2026-07-27,roe,,UNAVAILABLE,ANNUAL_OR_PRIOR_BALANCE_UNAVAILABLE,"annual parent_net_profit/average(current FY parent_equity,prior FY parent_equity)",ratio,latest FY with prior comparable FY balance,,,,[],[],[],[],[],[],[],[],[],[],[],[],fundamental_feature_long_v1,PRESERVE_NULL_UNAVAILABLE
1bc599a7-17eb-4cc8-a543-8c0baaa7c3b8,06919.HK,HK,2026-07-27,total_assets,,UNAVAILABLE,NO_PIT_ELIGIBLE_INPUT,latest PIT total_assets normalized_value,currency,latest_available_report_period,,,,[],[],[],[],[],[],[],[],[],[],[],[],fundamental_feature_long_v1,PRESERVE_NULL_UNAVAILABLE
1bc599a7-17eb-4cc8-a543-8c0baaa7c3b8,06919.HK,HK,2026-07-27,total_equity,,UNAVAILABLE,NO_PIT_ELIGIBLE_INPUT,latest PIT net_assets normalized_value,currency,latest_available_report_period,,,,[],[],[],[],[],[],[],[],[],[],[],[],fundamental_feature_long_v1,PRESERVE_NULL_UNAVAILABLE
1bc599a7-17eb-4cc8-a543-8c0baaa7c3b8,08365.HK,HK,2026-07-27,debt_to_asset,,UNAVAILABLE,NO_COMMON_PIT_REPORT_PERIOD,total_liabilities/total_assets at same report period,ratio,same_report_period stock values,,,,[],[],[],[],[],[],[],[],[],[],[],[],fundamental_feature_long_v1,PRESERVE_NULL_UNAVAILABLE
1bc599a7-17eb-4cc8-a543-8c0baaa7c3b8,08365.HK,HK,2026-07-27,net_margin,,UNAVAILABLE,NO_COMMON_PIT_REPORT_PERIOD,net_profit/revenue at same report period,ratio,same_report_period cumulative,,,,[],[],[],[],[],[],[],[],[],[],[],[],fundamental_feature_long_v1,PRESERVE_NULL_UNAVAILABLE
1bc599a7-17eb-4cc8-a543-8c0baaa7c3b8,08365.HK,HK,2026-07-27,net_profit,,UNAVAILABLE,NO_PIT_ELIGIBLE_INPUT,latest PIT net_profit normalized_value,currency,latest_available_report_period,,,,[],[],[],[],[],[],[],[],[],[],[],[],fundamental_feature_long_v1,PRESERVE_NULL_UNAVAILABLE
1bc599a7-17eb-4cc8-a543-8c0baaa7c3b8,08365.HK,HK,2026-07-27,net_profit_yoy,,UNAVAILABLE,NO_PIT_ELIGIBLE_INPUT,net_profit(t)/net_profit(t-1 same fiscal_period)-1,ratio,same_fiscal_period_prior_year,,,,[],[],[],[],[],[],[],[],[],[],[],[],fundamental_feature_long_v1,PRESERVE_NULL_UNAVAILABLE
1bc599a7-17eb-4cc8-a543-8c0baaa7c3b8,08365.HK,HK,2026-07-27,ocf_to_net_profit,,UNAVAILABLE,NO_COMMON_PIT_REPORT_PERIOD,operating_cash_flow/net_profit at same report period,ratio,same_report_period cumulative,,,,[],[],[],[],[],[],[],[],[],[],[],[],fundamental_feature_long_v1,PRESERVE_NULL_UNAVAILABLE
1bc599a7-17eb-4cc8-a543-8c0baaa7c3b8,08365.HK,HK,2026-07-27,operating_cash_flow,,UNAVAILABLE,NO_PIT_ELIGIBLE_INPUT,latest PIT operating_cash_flow normalized_value,currency,latest_available_report_period cumulative,,,,[],[],[],[],[],[],[],[],[],[],[],[],fundamental_feature_long_v1,PRESERVE_NULL_UNAVAILABLE
1bc599a7-17eb-4cc8-a543-8c0baaa7c3b8,08365.HK,HK,2026-07-27,revenue,,UNAVAILABLE,NO_PIT_ELIGIBLE_INPUT,latest PIT revenue normalized_value,currency,latest_available_report_period,,,,[],[],[],[],[],[],[],[],[],[],[],[],fundamental_feature_long_v1,PRESERVE_NULL_UNAVAILABLE
1bc599a7-17eb-4cc8-a543-8c0baaa7c3b8,08365.HK,HK,2026-07-27,revenue_yoy,,UNAVAILABLE,NO_PIT_ELIGIBLE_INPUT,revenue(t)/revenue(t-1 same fiscal_period)-1,ratio,same_fiscal_period_prior_year,,,,[],[],[],[],[],[],[],[],[],[],[],[],fundamental_feature_long_v1,PRESERVE_NULL_UNAVAILABLE
1bc599a7-17eb-4cc8-a543-8c0baaa7c3b8,08365.HK,HK,2026-07-27,roa,,UNAVAILABLE,ANNUAL_OR_PRIOR_BALANCE_UNAVAILABLE,"annual net_profit/average(current FY total_assets,prior FY total_assets)",ratio,latest FY with prior comparable FY balance,,,,[],[],[],[],[],[],[],[],[],[],[],[],fundamental_feature_long_v1,PRESERVE_NULL_UNAVAILABLE
1bc599a7-17eb-4cc8-a543-8c0baaa7c3b8,08365.HK,HK,2026-07-27,roe,,UNAVAILABLE,ANNUAL_OR_PRIOR_BALANCE_UNAVAILABLE,"annual parent_net_profit/average(current FY parent_equity,prior FY parent_equity)",ratio,latest FY with prior comparable FY balance,,,,[],[],[],[],[],[],[],[],[],[],[],[],fundamental_feature_long_v1,PRESERVE_NULL_UNAVAILABLE
1bc599a7-17eb-4cc8-a543-8c0baaa7c3b8,08365.HK,HK,2026-07-27,total_assets,,UNAVAILABLE,NO_PIT_ELIGIBLE_INPUT,latest PIT total_assets normalized_value,currency,latest_available_report_period,,,,[],[],[],[],[],[],[],[],[],[],[],[],fundamental_feature_long_v1,PRESERVE_NULL_UNAVAILABLE
1bc599a7-17eb-4cc8-a543-8c0baaa7c3b8,08365.HK,HK,2026-07-27,total_equity,,UNAVAILABLE,NO_PIT_ELIGIBLE_INPUT,latest PIT net_assets normalized_value,currency,latest_available_report_period,,,,[],[],[],[],[],[],[],[],[],[],[],[],fundamental_feature_long_v1,PRESERVE_NULL_UNAVAILABLE
1bc599a7-17eb-4cc8-a543-8c0baaa7c3b8,08462.HK,HK,2026-07-27,debt_to_asset,,UNAVAILABLE,NO_COMMON_PIT_REPORT_PERIOD,total_liabilities/total_assets at same report period,ratio,same_report_period stock values,,,,[],[],[],[],[],[],[],[],[],[],[],[],fundamental_feature_long_v1,PRESERVE_NULL_UNAVAILABLE
1bc599a7-17eb-4cc8-a543-8c0baaa7c3b8,08462.HK,HK,2026-07-27,net_margin,,UNAVAILABLE,NO_COMMON_PIT_REPORT_PERIOD,net_profit/revenue at same report period,ratio,same_report_period cumulative,,,,[],[],[],[],[],[],[],[],[],[],[],[],fundamental_feature_long_v1,PRESERVE_NULL_UNAVAILABLE
1bc599a7-17eb-4cc8-a543-8c0baaa7c3b8,08462.HK,HK,2026-07-27,net_profit,,UNAVAILABLE,NO_PIT_ELIGIBLE_INPUT,latest PIT net_profit normalized_value,currency,latest_available_report_period,,,,[],[],[],[],[],[],[],[],[],[],[],[],fundamental_feature_long_v1,PRESERVE_NULL_UNAVAILABLE
1bc599a7-17eb-4cc8-a543-8c0baaa7c3b8,08462.HK,HK,2026-07-27,net_profit_yoy,,UNAVAILABLE,NO_PIT_ELIGIBLE_INPUT,net_profit(t)/net_profit(t-1 same fiscal_period)-1,ratio,same_fiscal_period_prior_year,,,,[],[],[],[],[],[],[],[],[],[],[],[],fundamental_feature_long_v1,PRESERVE_NULL_UNAVAILABLE
1bc599a7-17eb-4cc8-a543-8c0baaa7c3b8,08462.HK,HK,2026-07-27,ocf_to_net_profit,,UNAVAILABLE,NO_COMMON_PIT_REPORT_PERIOD,operating_cash_flow/net_profit at same report period,ratio,same_report_period cumulative,,,,[],[],[],[],[],[],[],[],[],[],[],[],fundamental_feature_long_v1,PRESERVE_NULL_UNAVAILABLE
1bc599a7-17eb-4cc8-a543-8c0baaa7c3b8,08462.HK,HK,2026-07-27,operating_cash_flow,,UNAVAILABLE,NO_PIT_ELIGIBLE_INPUT,latest PIT operating_cash_flow normalized_value,currency,latest_available_report_period cumulative,,,,[],[],[],[],[],[],[],[],[],[],[],[],fundamental_feature_long_v1,PRESERVE_NULL_UNAVAILABLE
1bc599a7-17eb-4cc8-a543-8c0baaa7c3b8,08462.HK,HK,2026-07-27,revenue,,UNAVAILABLE,NO_PIT_ELIGIBLE_INPUT,latest PIT revenue normalized_value,currency,latest_available_report_period,,,,[],[],[],[],[],[],[],[],[],[],[],[],fundamental_feature_long_v1,PRESERVE_NULL_UNAVAILABLE
1bc599a7-17eb-4cc8-a543-8c0baaa7c3b8,08462.HK,HK,2026-07-27,revenue_yoy,,UNAVAILABLE,NO_PIT_ELIGIBLE_INPUT,revenue(t)/revenue(t-1 same fiscal_period)-1,ratio,same_fiscal_period_prior_year,,,,[],[],[],[],[],[],[],[],[],[],[],[],fundamental_feature_long_v1,PRESERVE_NULL_UNAVAILABLE
1bc599a7-17eb-4cc8-a543-8c0baaa7c3b8,08462.HK,HK,2026-07-27,roa,,UNAVAILABLE,ANNUAL_OR_PRIOR_BALANCE_UNAVAILABLE,"annual net_profit/average(current FY total_assets,prior FY total_assets)",ratio,latest FY with prior comparable FY balance,,,,[],[],[],[],[],[],[],[],[],[],[],[],fundamental_feature_long_v1,PRESERVE_NULL_UNAVAILABLE
1bc599a7-17eb-4cc8-a543-8c0baaa7c3b8,08462.HK,HK,2026-07-27,roe,,UNAVAILABLE,ANNUAL_OR_PRIOR_BALANCE_UNAVAILABLE,"annual parent_net_profit/average(current FY parent_equity,prior FY parent_equity)",ratio,latest FY with prior comparable FY balance,,,,[],[],[],[],[],[],[],[],[],[],[],[],fundamental_feature_long_v1,PRESERVE_NULL_UNAVAILABLE
1bc599a7-17eb-4cc8-a543-8c0baaa7c3b8,08462.HK,HK,2026-07-27,total_assets,,UNAVAILABLE,NO_PIT_ELIGIBLE_INPUT,latest PIT total_assets normalized_value,currency,latest_available_report_period,,,,[],[],[],[],[],[],[],[],[],[],[],[],fundamental_feature_long_v1,PRESERVE_NULL_UNAVAILABLE
1bc599a7-17eb-4cc8-a543-8c0baaa7c3b8,08462.HK,HK,2026-07-27,total_equity,,UNAVAILABLE,NO_PIT_ELIGIBLE_INPUT,latest PIT net_assets normalized_value,currency,latest_available_report_period,,,,[],[],[],[],[],[],[],[],[],[],[],[],fundamental_feature_long_v1,PRESERVE_NULL_UNAVAILABLE
1bc599a7-17eb-4cc8-a543-8c0baaa7c3b8,09669.HK,HK,2026-07-27,debt_to_asset,,UNAVAILABLE,NO_COMMON_PIT_REPORT_PERIOD,total_liabilities/total_assets at same report period,ratio,same_report_period stock values,,,,[],[],[],[],[],[],[],[],[],[],[],[],fundamental_feature_long_v1,PRESERVE_NULL_UNAVAILABLE
1bc599a7-17eb-4cc8-a543-8c0baaa7c3b8,09669.HK,HK,2026-07-27,net_margin,,UNAVAILABLE,NO_COMMON_PIT_REPORT_PERIOD,net_profit/revenue at same report period,ratio,same_report_period cumulative,,,,[],[],[],[],[],[],[],[],[],[],[],[],fundamental_feature_long_v1,PRESERVE_NULL_UNAVAILABLE
1bc599a7-17eb-4cc8-a543-8c0baaa7c3b8,09669.HK,HK,2026-07-27,net_profit,,UNAVAILABLE,NO_PIT_ELIGIBLE_INPUT,latest PIT net_profit normalized_value,currency,latest_available_report_period,,,,[],[],[],[],[],[],[],[],[],[],[],[],fundamental_feature_long_v1,PRESERVE_NULL_UNAVAILABLE
1bc599a7-17eb-4cc8-a543-8c0baaa7c3b8,09669.HK,HK,2026-07-27,net_profit_yoy,,UNAVAILABLE,NO_PIT_ELIGIBLE_INPUT,net_profit(t)/net_profit(t-1 same fiscal_period)-1,ratio,same_fiscal_period_prior_year,,,,[],[],[],[],[],[],[],[],[],[],[],[],fundamental_feature_long_v1,PRESERVE_NULL_UNAVAILABLE
1bc599a7-17eb-4cc8-a543-8c0baaa7c3b8,09669.HK,HK,2026-07-27,ocf_to_net_profit,,UNAVAILABLE,NO_COMMON_PIT_REPORT_PERIOD,operating_cash_flow/net_profit at same report period,ratio,same_report_period cumulative,,,,[],[],[],[],[],[],[],[],[],[],[],[],fundamental_feature_long_v1,PRESERVE_NULL_UNAVAILABLE
1bc599a7-17eb-4cc8-a543-8c0baaa7c3b8,09669.HK,HK,2026-07-27,operating_cash_flow,,UNAVAILABLE,NO_PIT_ELIGIBLE_INPUT,latest PIT operating_cash_flow normalized_value,currency,latest_available_report_period cumulative,,,,[],[],[],[],[],[],[],[],[],[],[],[],fundamental_feature_long_v1,PRESERVE_NULL_UNAVAILABLE
1bc599a7-17eb-4cc8-a543-8c0baaa7c3b8,09669.HK,HK,2026-07-27,revenue,,UNAVAILABLE,NO_PIT_ELIGIBLE_INPUT,latest PIT revenue normalized_value,currency,latest_available_report_period,,,,[],[],[],[],[],[],[],[],[],[],[],[],fundamental_feature_long_v1,PRESERVE_NULL_UNAVAILABLE
1bc599a7-17eb-4cc8-a543-8c0baaa7c3b8,09669.HK,HK,2026-07-27,revenue_yoy,,UNAVAILABLE,NO_PIT_ELIGIBLE_INPUT,revenue(t)/revenue(t-1 same fiscal_period)-1,ratio,same_fiscal_period_prior_year,,,,[],[],[],[],[],[],[],[],[],[],[],[],fundamental_feature_long_v1,PRESERVE_NULL_UNAVAILABLE
1bc599a7-17eb-4cc8-a543-8c0baaa7c3b8,09669.HK,HK,2026-07-27,roa,,UNAVAILABLE,ANNUAL_OR_PRIOR_BALANCE_UNAVAILABLE,"annual net_profit/average(current FY total_assets,prior FY total_assets)",ratio,latest FY with prior comparable FY balance,,,,[],[],[],[],[],[],[],[],[],[],[],[],fundamental_feature_long_v1,PRESERVE_NULL_UNAVAILABLE
1bc599a7-17eb-4cc8-a543-8c0baaa7c3b8,09669.HK,HK,2026-07-27,roe,,UNAVAILABLE,ANNUAL_OR_PRIOR_BALANCE_UNAVAILABLE,"annual parent_net_profit/average(current FY parent_equity,prior FY parent_equity)",ratio,latest FY with prior comparable FY balance,,,,[],[],[],[],[],[],[],[],[],[],[],[],fundamental_feature_long_v1,PRESERVE_NULL_UNAVAILABLE
1bc599a7-17eb-4cc8-a543-8c0baaa7c3b8,09669.HK,HK,2026-07-27,total_assets,,UNAVAILABLE,NO_PIT_ELIGIBLE_INPUT,latest PIT total_assets normalized_value,currency,latest_available_report_period,,,,[],[],[],[],[],[],[],[],[],[],[],[],fundamental_feature_long_v1,PRESERVE_NULL_UNAVAILABLE
1bc599a7-17eb-4cc8-a543-8c0baaa7c3b8,09669.HK,HK,2026-07-27,total_equity,,UNAVAILABLE,NO_PIT_ELIGIBLE_INPUT,latest PIT net_assets normalized_value,currency,latest_available_report_period,,,,[],[],[],[],[],[],[],[],[],[],[],[],fundamental_feature_long_v1,PRESERVE_NULL_UNAVAILABLE
