run_id,symbol,interface_id,report_period,announcement_date,as_of_date,potential_lookahead,announcement_date_status,raw_path,notes
62bbe9df-6ed8-48d5-a06b-10fb90171ee0,002067,financial_abstract,,,2026-07-27,False,unavailable,data/raw/stock_financial_abstract/run_id=62bbe9df-6ed8-48d5-a06b-10fb90171ee0/symbol=002067/data.parquet,WARN: report/announcement date could not be paired
62bbe9df-6ed8-48d5-a06b-10fb90171ee0,002067,financial_indicator,,,2026-07-27,False,unavailable,data/raw/stock_financial_analysis_indicator/run_id=62bbe9df-6ed8-48d5-a06b-10fb90171ee0/symbol=002067/data.parquet,WARN: report/announcement date could not be paired
62bbe9df-6ed8-48d5-a06b-10fb90171ee0,002067,balance_sheet_report,2026-03-31,2026-04-29,2026-07-27,False,available,data/raw/stock_balance_sheet_by_report_em/run_id=62bbe9df-6ed8-48d5-a06b-10fb90171ee0/symbol=002067/data.parquet,
62bbe9df-6ed8-48d5-a06b-10fb90171ee0,002067,balance_sheet_report,2025-12-31,2026-04-25,2026-07-27,False,available,data/raw/stock_balance_sheet_by_report_em/run_id=62bbe9df-6ed8-48d5-a06b-10fb90171ee0/symbol=002067/data.parquet,
62bbe9df-6ed8-48d5-a06b-10fb90171ee0,002067,balance_sheet_report,2025-09-30,2025-10-31,2026-07-27,False,available,data/raw/stock_balance_sheet_by_report_em/run_id=62bbe9df-6ed8-48d5-a06b-10fb90171ee0/symbol=002067/data.parquet,
62bbe9df-6ed8-48d5-a06b-10fb90171ee0,002067,balance_sheet_report,2025-06-30,2025-08-27,2026-07-27,False,available,data/raw/stock_balance_sheet_by_report_em/run_id=62bbe9df-6ed8-48d5-a06b-10fb90171ee0/symbol=002067/data.parquet,
62bbe9df-6ed8-48d5-a06b-10fb90171ee0,002067,balance_sheet_report,2025-03-31,2025-04-30,2026-07-27,False,available,data/raw/stock_balance_sheet_by_report_em/run_id=62bbe9df-6ed8-48d5-a06b-10fb90171ee0/symbol=002067/data.parquet,
62bbe9df-6ed8-48d5-a06b-10fb90171ee0,002067,balance_sheet_report,2024-12-31,2025-04-29,2026-07-27,False,available,data/raw/stock_balance_sheet_by_report_em/run_id=62bbe9df-6ed8-48d5-a06b-10fb90171ee0/symbol=002067/data.parquet,
62bbe9df-6ed8-48d5-a06b-10fb90171ee0,002067,balance_sheet_report,2024-09-30,2024-10-31,2026-07-27,False,available,data/raw/stock_balance_sheet_by_report_em/run_id=62bbe9df-6ed8-48d5-a06b-10fb90171ee0/symbol=002067/data.parquet,
62bbe9df-6ed8-48d5-a06b-10fb90171ee0,002067,balance_sheet_report,2024-06-30,2024-08-31,2026-07-27,False,available,data/raw/stock_balance_sheet_by_report_em/run_id=62bbe9df-6ed8-48d5-a06b-10fb90171ee0/symbol=002067/data.parquet,
62bbe9df-6ed8-48d5-a06b-10fb90171ee0,002067,balance_sheet_report,2024-03-31,2024-04-27,2026-07-27,False,available,data/raw/stock_balance_sheet_by_report_em/run_id=62bbe9df-6ed8-48d5-a06b-10fb90171ee0/symbol=002067/data.parquet,
62bbe9df-6ed8-48d5-a06b-10fb90171ee0,002067,balance_sheet_report,2023-12-31,2024-04-27,2026-07-27,False,available,data/raw/stock_balance_sheet_by_report_em/run_id=62bbe9df-6ed8-48d5-a06b-10fb90171ee0/symbol=002067/data.parquet,
62bbe9df-6ed8-48d5-a06b-10fb90171ee0,002067,balance_sheet_report,2023-09-30,2023-10-31,2026-07-27,False,available,data/raw/stock_balance_sheet_by_report_em/run_id=62bbe9df-6ed8-48d5-a06b-10fb90171ee0/symbol=002067/data.parquet,
62bbe9df-6ed8-48d5-a06b-10fb90171ee0,002067,balance_sheet_report,2023-06-30,2023-08-30,2026-07-27,False,available,data/raw/stock_balance_sheet_by_report_em/run_id=62bbe9df-6ed8-48d5-a06b-10fb90171ee0/symbol=002067/data.parquet,
62bbe9df-6ed8-48d5-a06b-10fb90171ee0,002067,balance_sheet_report,2023-03-31,2023-04-29,2026-07-27,False,available,data/raw/stock_balance_sheet_by_report_em/run_id=62bbe9df-6ed8-48d5-a06b-10fb90171ee0/symbol=002067/data.parquet,
62bbe9df-6ed8-48d5-a06b-10fb90171ee0,002067,balance_sheet_report,2022-12-31,2023-04-29,2026-07-27,False,available,data/raw/stock_balance_sheet_by_report_em/run_id=62bbe9df-6ed8-48d5-a06b-10fb90171ee0/symbol=002067/data.parquet,
62bbe9df-6ed8-48d5-a06b-10fb90171ee0,002067,balance_sheet_report,2022-09-30,2022-10-29,2026-07-27,False,available,data/raw/stock_balance_sheet_by_report_em/run_id=62bbe9df-6ed8-48d5-a06b-10fb90171ee0/symbol=002067/data.parquet,
62bbe9df-6ed8-48d5-a06b-10fb90171ee0,002067,balance_sheet_report,2022-06-30,2022-08-31,2026-07-27,False,available,data/raw/stock_balance_sheet_by_report_em/run_id=62bbe9df-6ed8-48d5-a06b-10fb90171ee0/symbol=002067/data.parquet,
62bbe9df-6ed8-48d5-a06b-10fb90171ee0,002067,balance_sheet_report,2022-03-31,2022-04-30,2026-07-27,False,available,data/raw/stock_balance_sheet_by_report_em/run_id=62bbe9df-6ed8-48d5-a06b-10fb90171ee0/symbol=002067/data.parquet,
62bbe9df-6ed8-48d5-a06b-10fb90171ee0,002067,balance_sheet_report,2021-12-31,2022-04-16,2026-07-27,False,available,data/raw/stock_balance_sheet_by_report_em/run_id=62bbe9df-6ed8-48d5-a06b-10fb90171ee0/symbol=002067/data.parquet,
62bbe9df-6ed8-48d5-a06b-10fb90171ee0,002067,balance_sheet_report,2021-09-30,2021-10-30,2026-07-27,False,available,data/raw/stock_balance_sheet_by_report_em/run_id=62bbe9df-6ed8-48d5-a06b-10fb90171ee0/symbol=002067/data.parquet,
62bbe9df-6ed8-48d5-a06b-10fb90171ee0,002067,balance_sheet_report,2021-06-30,2021-08-31,2026-07-27,False,available,data/raw/stock_balance_sheet_by_report_em/run_id=62bbe9df-6ed8-48d5-a06b-10fb90171ee0/symbol=002067/data.parquet,
62bbe9df-6ed8-48d5-a06b-10fb90171ee0,002067,balance_sheet_report,2021-03-31,2021-04-29,2026-07-27,False,available,data/raw/stock_balance_sheet_by_report_em/run_id=62bbe9df-6ed8-48d5-a06b-10fb90171ee0/symbol=002067/data.parquet,
62bbe9df-6ed8-48d5-a06b-10fb90171ee0,002067,balance_sheet_report,2020-12-31,2021-04-22,2026-07-27,False,available,data/raw/stock_balance_sheet_by_report_em/run_id=62bbe9df-6ed8-48d5-a06b-10fb90171ee0/symbol=002067/data.parquet,
62bbe9df-6ed8-48d5-a06b-10fb90171ee0,002067,balance_sheet_report,2020-09-30,2020-10-31,2026-07-27,False,available,data/raw/stock_balance_sheet_by_report_em/run_id=62bbe9df-6ed8-48d5-a06b-10fb90171ee0/symbol=002067/data.parquet,
62bbe9df-6ed8-48d5-a06b-10fb90171ee0,002067,balance_sheet_report,2020-06-30,2020-08-31,2026-07-27,False,available,data/raw/stock_balance_sheet_by_report_em/run_id=62bbe9df-6ed8-48d5-a06b-10fb90171ee0/symbol=002067/data.parquet,
62bbe9df-6ed8-48d5-a06b-10fb90171ee0,002067,balance_sheet_report,2020-03-31,2020-04-25,2026-07-27,False,available,data/raw/stock_balance_sheet_by_report_em/run_id=62bbe9df-6ed8-48d5-a06b-10fb90171ee0/symbol=002067/data.parquet,
62bbe9df-6ed8-48d5-a06b-10fb90171ee0,002067,balance_sheet_report,2019-12-31,2020-04-03,2026-07-27,False,available,data/raw/stock_balance_sheet_by_report_em/run_id=62bbe9df-6ed8-48d5-a06b-10fb90171ee0/symbol=002067/data.parquet,
62bbe9df-6ed8-48d5-a06b-10fb90171ee0,002067,balance_sheet_report,2019-09-30,2019-10-30,2026-07-27,False,available,data/raw/stock_balance_sheet_by_report_em/run_id=62bbe9df-6ed8-48d5-a06b-10fb90171ee0/symbol=002067/data.parquet,
62bbe9df-6ed8-48d5-a06b-10fb90171ee0,002067,balance_sheet_report,2019-06-30,2019-08-30,2026-07-27,False,available,data/raw/stock_balance_sheet_by_report_em/run_id=62bbe9df-6ed8-48d5-a06b-10fb90171ee0/symbol=002067/data.parquet,
62bbe9df-6ed8-48d5-a06b-10fb90171ee0,002067,balance_sheet_report,2019-03-31,2019-04-27,2026-07-27,False,available,data/raw/stock_balance_sheet_by_report_em/run_id=62bbe9df-6ed8-48d5-a06b-10fb90171ee0/symbol=002067/data.parquet,
62bbe9df-6ed8-48d5-a06b-10fb90171ee0,002067,balance_sheet_report,2018-12-31,2019-04-27,2026-07-27,False,available,data/raw/stock_balance_sheet_by_report_em/run_id=62bbe9df-6ed8-48d5-a06b-10fb90171ee0/symbol=002067/data.parquet,
62bbe9df-6ed8-48d5-a06b-10fb90171ee0,002067,balance_sheet_report,2018-09-30,2018-10-23,2026-07-27,False,available,data/raw/stock_balance_sheet_by_report_em/run_id=62bbe9df-6ed8-48d5-a06b-10fb90171ee0/symbol=002067/data.parquet,
62bbe9df-6ed8-48d5-a06b-10fb90171ee0,002067,balance_sheet_report,2018-06-30,2018-08-27,2026-07-27,False,available,data/raw/stock_balance_sheet_by_report_em/run_id=62bbe9df-6ed8-48d5-a06b-10fb90171ee0/symbol=002067/data.parquet,
62bbe9df-6ed8-48d5-a06b-10fb90171ee0,002067,balance_sheet_report,2018-03-31,2018-04-28,2026-07-27,False,available,data/raw/stock_balance_sheet_by_report_em/run_id=62bbe9df-6ed8-48d5-a06b-10fb90171ee0/symbol=002067/data.parquet,
62bbe9df-6ed8-48d5-a06b-10fb90171ee0,002067,balance_sheet_report,2017-12-31,2018-04-26,2026-07-27,False,available,data/raw/stock_balance_sheet_by_report_em/run_id=62bbe9df-6ed8-48d5-a06b-10fb90171ee0/symbol=002067/data.parquet,
62bbe9df-6ed8-48d5-a06b-10fb90171ee0,002067,balance_sheet_report,2017-09-30,2017-10-27,2026-07-27,False,available,data/raw/stock_balance_sheet_by_report_em/run_id=62bbe9df-6ed8-48d5-a06b-10fb90171ee0/symbol=002067/data.parquet,
62bbe9df-6ed8-48d5-a06b-10fb90171ee0,002067,balance_sheet_report,2017-06-30,2017-08-26,2026-07-27,False,available,data/raw/stock_balance_sheet_by_report_em/run_id=62bbe9df-6ed8-48d5-a06b-10fb90171ee0/symbol=002067/data.parquet,
62bbe9df-6ed8-48d5-a06b-10fb90171ee0,002067,balance_sheet_report,2017-03-31,2017-04-26,2026-07-27,False,available,data/raw/stock_balance_sheet_by_report_em/run_id=62bbe9df-6ed8-48d5-a06b-10fb90171ee0/symbol=002067/data.parquet,
62bbe9df-6ed8-48d5-a06b-10fb90171ee0,002067,balance_sheet_report,2016-12-31,2017-04-26,2026-07-27,False,available,data/raw/stock_balance_sheet_by_report_em/run_id=62bbe9df-6ed8-48d5-a06b-10fb90171ee0/symbol=002067/data.parquet,
62bbe9df-6ed8-48d5-a06b-10fb90171ee0,002067,balance_sheet_report,2016-09-30,2016-10-29,2026-07-27,False,available,data/raw/stock_balance_sheet_by_report_em/run_id=62bbe9df-6ed8-48d5-a06b-10fb90171ee0/symbol=002067/data.parquet,
62bbe9df-6ed8-48d5-a06b-10fb90171ee0,002067,balance_sheet_report,2016-06-30,2016-08-25,2026-07-27,False,available,data/raw/stock_balance_sheet_by_report_em/run_id=62bbe9df-6ed8-48d5-a06b-10fb90171ee0/symbol=002067/data.parquet,
62bbe9df-6ed8-48d5-a06b-10fb90171ee0,002067,balance_sheet_report,2016-03-31,2016-04-30,2026-07-27,False,available,data/raw/stock_balance_sheet_by_report_em/run_id=62bbe9df-6ed8-48d5-a06b-10fb90171ee0/symbol=002067/data.parquet,
62bbe9df-6ed8-48d5-a06b-10fb90171ee0,002067,balance_sheet_report,2015-12-31,2016-03-31,2026-07-27,False,available,data/raw/stock_balance_sheet_by_report_em/run_id=62bbe9df-6ed8-48d5-a06b-10fb90171ee0/symbol=002067/data.parquet,
62bbe9df-6ed8-48d5-a06b-10fb90171ee0,002067,balance_sheet_report,2015-09-30,2015-10-28,2026-07-27,False,available,data/raw/stock_balance_sheet_by_report_em/run_id=62bbe9df-6ed8-48d5-a06b-10fb90171ee0/symbol=002067/data.parquet,
62bbe9df-6ed8-48d5-a06b-10fb90171ee0,002067,balance_sheet_report,2015-06-30,2015-08-25,2026-07-27,False,available,data/raw/stock_balance_sheet_by_report_em/run_id=62bbe9df-6ed8-48d5-a06b-10fb90171ee0/symbol=002067/data.parquet,
62bbe9df-6ed8-48d5-a06b-10fb90171ee0,002067,balance_sheet_report,2015-03-31,2015-04-28,2026-07-27,False,available,data/raw/stock_balance_sheet_by_report_em/run_id=62bbe9df-6ed8-48d5-a06b-10fb90171ee0/symbol=002067/data.parquet,
62bbe9df-6ed8-48d5-a06b-10fb90171ee0,002067,balance_sheet_report,2014-12-31,2015-04-25,2026-07-27,False,available,data/raw/stock_balance_sheet_by_report_em/run_id=62bbe9df-6ed8-48d5-a06b-10fb90171ee0/symbol=002067/data.parquet,
62bbe9df-6ed8-48d5-a06b-10fb90171ee0,002067,balance_sheet_report,2014-09-30,2014-10-29,2026-07-27,False,available,data/raw/stock_balance_sheet_by_report_em/run_id=62bbe9df-6ed8-48d5-a06b-10fb90171ee0/symbol=002067/data.parquet,
62bbe9df-6ed8-48d5-a06b-10fb90171ee0,002067,balance_sheet_report,2014-06-30,2014-08-28,2026-07-27,False,available,data/raw/stock_balance_sheet_by_report_em/run_id=62bbe9df-6ed8-48d5-a06b-10fb90171ee0/symbol=002067/data.parquet,
62bbe9df-6ed8-48d5-a06b-10fb90171ee0,002067,balance_sheet_report,2014-03-31,2014-04-25,2026-07-27,False,available,data/raw/stock_balance_sheet_by_report_em/run_id=62bbe9df-6ed8-48d5-a06b-10fb90171ee0/symbol=002067/data.parquet,
62bbe9df-6ed8-48d5-a06b-10fb90171ee0,002067,balance_sheet_report,2013-12-31,2014-04-25,2026-07-27,False,available,data/raw/stock_balance_sheet_by_report_em/run_id=62bbe9df-6ed8-48d5-a06b-10fb90171ee0/symbol=002067/data.parquet,
62bbe9df-6ed8-48d5-a06b-10fb90171ee0,002067,balance_sheet_report,2013-09-30,2013-10-29,2026-07-27,False,available,data/raw/stock_balance_sheet_by_report_em/run_id=62bbe9df-6ed8-48d5-a06b-10fb90171ee0/symbol=002067/data.parquet,
62bbe9df-6ed8-48d5-a06b-10fb90171ee0,002067,balance_sheet_report,2013-06-30,2013-08-27,2026-07-27,False,available,data/raw/stock_balance_sheet_by_report_em/run_id=62bbe9df-6ed8-48d5-a06b-10fb90171ee0/symbol=002067/data.parquet,
62bbe9df-6ed8-48d5-a06b-10fb90171ee0,002067,balance_sheet_report,2013-03-31,2013-04-24,2026-07-27,False,available,data/raw/stock_balance_sheet_by_report_em/run_id=62bbe9df-6ed8-48d5-a06b-10fb90171ee0/symbol=002067/data.parquet,
62bbe9df-6ed8-48d5-a06b-10fb90171ee0,002067,balance_sheet_report,2012-12-31,2013-04-23,2026-07-27,False,available,data/raw/stock_balance_sheet_by_report_em/run_id=62bbe9df-6ed8-48d5-a06b-10fb90171ee0/symbol=002067/data.parquet,
62bbe9df-6ed8-48d5-a06b-10fb90171ee0,002067,balance_sheet_report,2012-09-30,2012-10-27,2026-07-27,False,available,data/raw/stock_balance_sheet_by_report_em/run_id=62bbe9df-6ed8-48d5-a06b-10fb90171ee0/symbol=002067/data.parquet,
62bbe9df-6ed8-48d5-a06b-10fb90171ee0,002067,balance_sheet_report,2012-06-30,2012-08-11,2026-07-27,False,available,data/raw/stock_balance_sheet_by_report_em/run_id=62bbe9df-6ed8-48d5-a06b-10fb90171ee0/symbol=002067/data.parquet,
62bbe9df-6ed8-48d5-a06b-10fb90171ee0,002067,balance_sheet_report,2012-03-31,2012-04-21,2026-07-27,False,available,data/raw/stock_balance_sheet_by_report_em/run_id=62bbe9df-6ed8-48d5-a06b-10fb90171ee0/symbol=002067/data.parquet,
62bbe9df-6ed8-48d5-a06b-10fb90171ee0,002067,balance_sheet_report,2011-12-31,2012-03-03,2026-07-27,False,available,data/raw/stock_balance_sheet_by_report_em/run_id=62bbe9df-6ed8-48d5-a06b-10fb90171ee0/symbol=002067/data.parquet,
62bbe9df-6ed8-48d5-a06b-10fb90171ee0,002067,balance_sheet_report,2011-09-30,2011-10-25,2026-07-27,False,available,data/raw/stock_balance_sheet_by_report_em/run_id=62bbe9df-6ed8-48d5-a06b-10fb90171ee0/symbol=002067/data.parquet,
62bbe9df-6ed8-48d5-a06b-10fb90171ee0,002067,balance_sheet_report,2011-06-30,2011-08-26,2026-07-27,False,available,data/raw/stock_balance_sheet_by_report_em/run_id=62bbe9df-6ed8-48d5-a06b-10fb90171ee0/symbol=002067/data.parquet,
62bbe9df-6ed8-48d5-a06b-10fb90171ee0,002067,balance_sheet_report,2011-03-31,2011-04-26,2026-07-27,False,available,data/raw/stock_balance_sheet_by_report_em/run_id=62bbe9df-6ed8-48d5-a06b-10fb90171ee0/symbol=002067/data.parquet,
62bbe9df-6ed8-48d5-a06b-10fb90171ee0,002067,balance_sheet_report,2010-12-31,2011-02-17,2026-07-27,False,available,data/raw/stock_balance_sheet_by_report_em/run_id=62bbe9df-6ed8-48d5-a06b-10fb90171ee0/symbol=002067/data.parquet,
62bbe9df-6ed8-48d5-a06b-10fb90171ee0,002067,balance_sheet_report,2010-09-30,2010-10-19,2026-07-27,False,available,data/raw/stock_balance_sheet_by_report_em/run_id=62bbe9df-6ed8-48d5-a06b-10fb90171ee0/symbol=002067/data.parquet,
62bbe9df-6ed8-48d5-a06b-10fb90171ee0,002067,balance_sheet_report,2010-06-30,2010-08-07,2026-07-27,False,available,data/raw/stock_balance_sheet_by_report_em/run_id=62bbe9df-6ed8-48d5-a06b-10fb90171ee0/symbol=002067/data.parquet,
62bbe9df-6ed8-48d5-a06b-10fb90171ee0,002067,balance_sheet_report,2010-03-31,2010-04-23,2026-07-27,False,available,data/raw/stock_balance_sheet_by_report_em/run_id=62bbe9df-6ed8-48d5-a06b-10fb90171ee0/symbol=002067/data.parquet,
62bbe9df-6ed8-48d5-a06b-10fb90171ee0,002067,balance_sheet_report,2009-12-31,2011-02-17,2026-07-27,False,available,data/raw/stock_balance_sheet_by_report_em/run_id=62bbe9df-6ed8-48d5-a06b-10fb90171ee0/symbol=002067/data.parquet,
62bbe9df-6ed8-48d5-a06b-10fb90171ee0,002067,balance_sheet_report,2009-09-30,2009-10-23,2026-07-27,False,available,data/raw/stock_balance_sheet_by_report_em/run_id=62bbe9df-6ed8-48d5-a06b-10fb90171ee0/symbol=002067/data.parquet,
62bbe9df-6ed8-48d5-a06b-10fb90171ee0,002067,balance_sheet_report,2009-06-30,2009-08-08,2026-07-27,False,available,data/raw/stock_balance_sheet_by_report_em/run_id=62bbe9df-6ed8-48d5-a06b-10fb90171ee0/symbol=002067/data.parquet,
62bbe9df-6ed8-48d5-a06b-10fb90171ee0,002067,balance_sheet_report,2009-03-31,2009-04-28,2026-07-27,False,available,data/raw/stock_balance_sheet_by_report_em/run_id=62bbe9df-6ed8-48d5-a06b-10fb90171ee0/symbol=002067/data.parquet,
62bbe9df-6ed8-48d5-a06b-10fb90171ee0,002067,balance_sheet_report,2008-12-31,2010-04-08,2026-07-27,False,available,data/raw/stock_balance_sheet_by_report_em/run_id=62bbe9df-6ed8-48d5-a06b-10fb90171ee0/symbol=002067/data.parquet,
62bbe9df-6ed8-48d5-a06b-10fb90171ee0,002067,balance_sheet_report,2008-09-30,2008-10-25,2026-07-27,False,available,data/raw/stock_balance_sheet_by_report_em/run_id=62bbe9df-6ed8-48d5-a06b-10fb90171ee0/symbol=002067/data.parquet,
62bbe9df-6ed8-48d5-a06b-10fb90171ee0,002067,balance_sheet_report,2008-06-30,2008-08-30,2026-07-27,False,available,data/raw/stock_balance_sheet_by_report_em/run_id=62bbe9df-6ed8-48d5-a06b-10fb90171ee0/symbol=002067/data.parquet,
62bbe9df-6ed8-48d5-a06b-10fb90171ee0,002067,balance_sheet_report,2008-03-31,2008-04-26,2026-07-27,False,available,data/raw/stock_balance_sheet_by_report_em/run_id=62bbe9df-6ed8-48d5-a06b-10fb90171ee0/symbol=002067/data.parquet,
62bbe9df-6ed8-48d5-a06b-10fb90171ee0,002067,balance_sheet_report,2007-12-31,2009-04-24,2026-07-27,False,available,data/raw/stock_balance_sheet_by_report_em/run_id=62bbe9df-6ed8-48d5-a06b-10fb90171ee0/symbol=002067/data.parquet,
62bbe9df-6ed8-48d5-a06b-10fb90171ee0,002067,balance_sheet_report,2007-09-30,2007-10-30,2026-07-27,False,available,data/raw/stock_balance_sheet_by_report_em/run_id=62bbe9df-6ed8-48d5-a06b-10fb90171ee0/symbol=002067/data.parquet,
62bbe9df-6ed8-48d5-a06b-10fb90171ee0,002067,balance_sheet_report,2007-06-30,2007-08-21,2026-07-27,False,available,data/raw/stock_balance_sheet_by_report_em/run_id=62bbe9df-6ed8-48d5-a06b-10fb90171ee0/symbol=002067/data.parquet,
62bbe9df-6ed8-48d5-a06b-10fb90171ee0,002067,balance_sheet_report,2007-03-31,2007-04-27,2026-07-27,False,available,data/raw/stock_balance_sheet_by_report_em/run_id=62bbe9df-6ed8-48d5-a06b-10fb90171ee0/symbol=002067/data.parquet,
62bbe9df-6ed8-48d5-a06b-10fb90171ee0,002067,balance_sheet_report,2006-12-31,2008-04-09,2026-07-27,False,available,data/raw/stock_balance_sheet_by_report_em/run_id=62bbe9df-6ed8-48d5-a06b-10fb90171ee0/symbol=002067/data.parquet,
62bbe9df-6ed8-48d5-a06b-10fb90171ee0,002067,balance_sheet_report,2006-09-30,2006-10-27,2026-07-27,False,available,data/raw/stock_balance_sheet_by_report_em/run_id=62bbe9df-6ed8-48d5-a06b-10fb90171ee0/symbol=002067/data.parquet,
62bbe9df-6ed8-48d5-a06b-10fb90171ee0,002067,balance_sheet_report,2006-06-30,2006-08-18,2026-07-27,False,available,data/raw/stock_balance_sheet_by_report_em/run_id=62bbe9df-6ed8-48d5-a06b-10fb90171ee0/symbol=002067/data.parquet,
62bbe9df-6ed8-48d5-a06b-10fb90171ee0,002067,balance_sheet_report,2005-12-31,2007-04-16,2026-07-27,False,available,data/raw/stock_balance_sheet_by_report_em/run_id=62bbe9df-6ed8-48d5-a06b-10fb90171ee0/symbol=002067/data.parquet,
62bbe9df-6ed8-48d5-a06b-10fb90171ee0,002067,balance_sheet_report,2004-12-31,2006-08-18,2026-07-27,False,available,data/raw/stock_balance_sheet_by_report_em/run_id=62bbe9df-6ed8-48d5-a06b-10fb90171ee0/symbol=002067/data.parquet,
62bbe9df-6ed8-48d5-a06b-10fb90171ee0,002067,balance_sheet_report,2003-12-31,2006-08-18,2026-07-27,False,available,data/raw/stock_balance_sheet_by_report_em/run_id=62bbe9df-6ed8-48d5-a06b-10fb90171ee0/symbol=002067/data.parquet,
62bbe9df-6ed8-48d5-a06b-10fb90171ee0,002067,profit_sheet_report,2026-03-31,2026-04-29,2026-07-27,False,available,data/raw/stock_profit_sheet_by_report_em/run_id=62bbe9df-6ed8-48d5-a06b-10fb90171ee0/symbol=002067/data.parquet,
62bbe9df-6ed8-48d5-a06b-10fb90171ee0,002067,profit_sheet_report,2025-12-31,2026-04-25,2026-07-27,False,available,data/raw/stock_profit_sheet_by_report_em/run_id=62bbe9df-6ed8-48d5-a06b-10fb90171ee0/symbol=002067/data.parquet,
62bbe9df-6ed8-48d5-a06b-10fb90171ee0,002067,profit_sheet_report,2025-09-30,2025-10-31,2026-07-27,False,available,data/raw/stock_profit_sheet_by_report_em/run_id=62bbe9df-6ed8-48d5-a06b-10fb90171ee0/symbol=002067/data.parquet,
62bbe9df-6ed8-48d5-a06b-10fb90171ee0,002067,profit_sheet_report,2025-06-30,2025-08-27,2026-07-27,False,available,data/raw/stock_profit_sheet_by_report_em/run_id=62bbe9df-6ed8-48d5-a06b-10fb90171ee0/symbol=002067/data.parquet,
62bbe9df-6ed8-48d5-a06b-10fb90171ee0,002067,profit_sheet_report,2025-03-31,2025-04-30,2026-07-27,False,available,data/raw/stock_profit_sheet_by_report_em/run_id=62bbe9df-6ed8-48d5-a06b-10fb90171ee0/symbol=002067/data.parquet,
62bbe9df-6ed8-48d5-a06b-10fb90171ee0,002067,profit_sheet_report,2024-12-31,2025-04-29,2026-07-27,False,available,data/raw/stock_profit_sheet_by_report_em/run_id=62bbe9df-6ed8-48d5-a06b-10fb90171ee0/symbol=002067/data.parquet,
62bbe9df-6ed8-48d5-a06b-10fb90171ee0,002067,profit_sheet_report,2024-09-30,2024-10-31,2026-07-27,False,available,data/raw/stock_profit_sheet_by_report_em/run_id=62bbe9df-6ed8-48d5-a06b-10fb90171ee0/symbol=002067/data.parquet,
62bbe9df-6ed8-48d5-a06b-10fb90171ee0,002067,profit_sheet_report,2024-06-30,2024-08-31,2026-07-27,False,available,data/raw/stock_profit_sheet_by_report_em/run_id=62bbe9df-6ed8-48d5-a06b-10fb90171ee0/symbol=002067/data.parquet,
62bbe9df-6ed8-48d5-a06b-10fb90171ee0,002067,profit_sheet_report,2024-03-31,2024-04-27,2026-07-27,False,available,data/raw/stock_profit_sheet_by_report_em/run_id=62bbe9df-6ed8-48d5-a06b-10fb90171ee0/symbol=002067/data.parquet,
62bbe9df-6ed8-48d5-a06b-10fb90171ee0,002067,profit_sheet_report,2023-12-31,2024-04-27,2026-07-27,False,available,data/raw/stock_profit_sheet_by_report_em/run_id=62bbe9df-6ed8-48d5-a06b-10fb90171ee0/symbol=002067/data.parquet,
62bbe9df-6ed8-48d5-a06b-10fb90171ee0,002067,profit_sheet_report,2023-09-30,2023-10-31,2026-07-27,False,available,data/raw/stock_profit_sheet_by_report_em/run_id=62bbe9df-6ed8-48d5-a06b-10fb90171ee0/symbol=002067/data.parquet,
62bbe9df-6ed8-48d5-a06b-10fb90171ee0,002067,profit_sheet_report,2023-06-30,2023-08-30,2026-07-27,False,available,data/raw/stock_profit_sheet_by_report_em/run_id=62bbe9df-6ed8-48d5-a06b-10fb90171ee0/symbol=002067/data.parquet,
62bbe9df-6ed8-48d5-a06b-10fb90171ee0,002067,profit_sheet_report,2023-03-31,2023-04-29,2026-07-27,False,available,data/raw/stock_profit_sheet_by_report_em/run_id=62bbe9df-6ed8-48d5-a06b-10fb90171ee0/symbol=002067/data.parquet,
62bbe9df-6ed8-48d5-a06b-10fb90171ee0,002067,profit_sheet_report,2022-12-31,2023-04-29,2026-07-27,False,available,data/raw/stock_profit_sheet_by_report_em/run_id=62bbe9df-6ed8-48d5-a06b-10fb90171ee0/symbol=002067/data.parquet,
62bbe9df-6ed8-48d5-a06b-10fb90171ee0,002067,profit_sheet_report,2022-09-30,2022-10-29,2026-07-27,False,available,data/raw/stock_profit_sheet_by_report_em/run_id=62bbe9df-6ed8-48d5-a06b-10fb90171ee0/symbol=002067/data.parquet,
62bbe9df-6ed8-48d5-a06b-10fb90171ee0,002067,profit_sheet_report,2022-06-30,2022-08-31,2026-07-27,False,available,data/raw/stock_profit_sheet_by_report_em/run_id=62bbe9df-6ed8-48d5-a06b-10fb90171ee0/symbol=002067/data.parquet,
62bbe9df-6ed8-48d5-a06b-10fb90171ee0,002067,profit_sheet_report,2022-03-31,2022-04-30,2026-07-27,False,available,data/raw/stock_profit_sheet_by_report_em/run_id=62bbe9df-6ed8-48d5-a06b-10fb90171ee0/symbol=002067/data.parquet,
62bbe9df-6ed8-48d5-a06b-10fb90171ee0,002067,profit_sheet_report,2021-12-31,2022-04-16,2026-07-27,False,available,data/raw/stock_profit_sheet_by_report_em/run_id=62bbe9df-6ed8-48d5-a06b-10fb90171ee0/symbol=002067/data.parquet,
62bbe9df-6ed8-48d5-a06b-10fb90171ee0,002067,profit_sheet_report,2021-09-30,2021-10-30,2026-07-27,False,available,data/raw/stock_profit_sheet_by_report_em/run_id=62bbe9df-6ed8-48d5-a06b-10fb90171ee0/symbol=002067/data.parquet,
62bbe9df-6ed8-48d5-a06b-10fb90171ee0,002067,profit_sheet_report,2021-06-30,2021-08-31,2026-07-27,False,available,data/raw/stock_profit_sheet_by_report_em/run_id=62bbe9df-6ed8-48d5-a06b-10fb90171ee0/symbol=002067/data.parquet,
62bbe9df-6ed8-48d5-a06b-10fb90171ee0,002067,profit_sheet_report,2021-03-31,2021-04-29,2026-07-27,False,available,data/raw/stock_profit_sheet_by_report_em/run_id=62bbe9df-6ed8-48d5-a06b-10fb90171ee0/symbol=002067/data.parquet,
62bbe9df-6ed8-48d5-a06b-10fb90171ee0,002067,profit_sheet_report,2020-12-31,2021-04-22,2026-07-27,False,available,data/raw/stock_profit_sheet_by_report_em/run_id=62bbe9df-6ed8-48d5-a06b-10fb90171ee0/symbol=002067/data.parquet,
62bbe9df-6ed8-48d5-a06b-10fb90171ee0,002067,profit_sheet_report,2020-09-30,2020-10-31,2026-07-27,False,available,data/raw/stock_profit_sheet_by_report_em/run_id=62bbe9df-6ed8-48d5-a06b-10fb90171ee0/symbol=002067/data.parquet,
62bbe9df-6ed8-48d5-a06b-10fb90171ee0,002067,profit_sheet_report,2020-06-30,2020-08-31,2026-07-27,False,available,data/raw/stock_profit_sheet_by_report_em/run_id=62bbe9df-6ed8-48d5-a06b-10fb90171ee0/symbol=002067/data.parquet,
62bbe9df-6ed8-48d5-a06b-10fb90171ee0,002067,profit_sheet_report,2020-03-31,2020-04-25,2026-07-27,False,available,data/raw/stock_profit_sheet_by_report_em/run_id=62bbe9df-6ed8-48d5-a06b-10fb90171ee0/symbol=002067/data.parquet,
62bbe9df-6ed8-48d5-a06b-10fb90171ee0,002067,profit_sheet_report,2019-12-31,2020-04-03,2026-07-27,False,available,data/raw/stock_profit_sheet_by_report_em/run_id=62bbe9df-6ed8-48d5-a06b-10fb90171ee0/symbol=002067/data.parquet,
62bbe9df-6ed8-48d5-a06b-10fb90171ee0,002067,profit_sheet_report,2019-09-30,2019-10-30,2026-07-27,False,available,data/raw/stock_profit_sheet_by_report_em/run_id=62bbe9df-6ed8-48d5-a06b-10fb90171ee0/symbol=002067/data.parquet,
62bbe9df-6ed8-48d5-a06b-10fb90171ee0,002067,profit_sheet_report,2019-06-30,2019-08-30,2026-07-27,False,available,data/raw/stock_profit_sheet_by_report_em/run_id=62bbe9df-6ed8-48d5-a06b-10fb90171ee0/symbol=002067/data.parquet,
62bbe9df-6ed8-48d5-a06b-10fb90171ee0,002067,profit_sheet_report,2019-03-31,2019-04-27,2026-07-27,False,available,data/raw/stock_profit_sheet_by_report_em/run_id=62bbe9df-6ed8-48d5-a06b-10fb90171ee0/symbol=002067/data.parquet,
62bbe9df-6ed8-48d5-a06b-10fb90171ee0,002067,profit_sheet_report,2018-12-31,2019-04-27,2026-07-27,False,available,data/raw/stock_profit_sheet_by_report_em/run_id=62bbe9df-6ed8-48d5-a06b-10fb90171ee0/symbol=002067/data.parquet,
62bbe9df-6ed8-48d5-a06b-10fb90171ee0,002067,profit_sheet_report,2018-09-30,2018-10-23,2026-07-27,False,available,data/raw/stock_profit_sheet_by_report_em/run_id=62bbe9df-6ed8-48d5-a06b-10fb90171ee0/symbol=002067/data.parquet,
62bbe9df-6ed8-48d5-a06b-10fb90171ee0,002067,profit_sheet_report,2018-06-30,2018-08-27,2026-07-27,False,available,data/raw/stock_profit_sheet_by_report_em/run_id=62bbe9df-6ed8-48d5-a06b-10fb90171ee0/symbol=002067/data.parquet,
62bbe9df-6ed8-48d5-a06b-10fb90171ee0,002067,profit_sheet_report,2018-03-31,2018-04-28,2026-07-27,False,available,data/raw/stock_profit_sheet_by_report_em/run_id=62bbe9df-6ed8-48d5-a06b-10fb90171ee0/symbol=002067/data.parquet,
62bbe9df-6ed8-48d5-a06b-10fb90171ee0,002067,profit_sheet_report,2017-12-31,2018-04-26,2026-07-27,False,available,data/raw/stock_profit_sheet_by_report_em/run_id=62bbe9df-6ed8-48d5-a06b-10fb90171ee0/symbol=002067/data.parquet,
62bbe9df-6ed8-48d5-a06b-10fb90171ee0,002067,profit_sheet_report,2017-09-30,2017-10-27,2026-07-27,False,available,data/raw/stock_profit_sheet_by_report_em/run_id=62bbe9df-6ed8-48d5-a06b-10fb90171ee0/symbol=002067/data.parquet,
62bbe9df-6ed8-48d5-a06b-10fb90171ee0,002067,profit_sheet_report,2017-06-30,2017-08-26,2026-07-27,False,available,data/raw/stock_profit_sheet_by_report_em/run_id=62bbe9df-6ed8-48d5-a06b-10fb90171ee0/symbol=002067/data.parquet,
62bbe9df-6ed8-48d5-a06b-10fb90171ee0,002067,profit_sheet_report,2017-03-31,2017-04-26,2026-07-27,False,available,data/raw/stock_profit_sheet_by_report_em/run_id=62bbe9df-6ed8-48d5-a06b-10fb90171ee0/symbol=002067/data.parquet,
62bbe9df-6ed8-48d5-a06b-10fb90171ee0,002067,profit_sheet_report,2016-12-31,2017-04-26,2026-07-27,False,available,data/raw/stock_profit_sheet_by_report_em/run_id=62bbe9df-6ed8-48d5-a06b-10fb90171ee0/symbol=002067/data.parquet,
62bbe9df-6ed8-48d5-a06b-10fb90171ee0,002067,profit_sheet_report,2016-09-30,2016-10-29,2026-07-27,False,available,data/raw/stock_profit_sheet_by_report_em/run_id=62bbe9df-6ed8-48d5-a06b-10fb90171ee0/symbol=002067/data.parquet,
62bbe9df-6ed8-48d5-a06b-10fb90171ee0,002067,profit_sheet_report,2016-06-30,2016-08-25,2026-07-27,False,available,data/raw/stock_profit_sheet_by_report_em/run_id=62bbe9df-6ed8-48d5-a06b-10fb90171ee0/symbol=002067/data.parquet,
62bbe9df-6ed8-48d5-a06b-10fb90171ee0,002067,profit_sheet_report,2016-03-31,2016-04-30,2026-07-27,False,available,data/raw/stock_profit_sheet_by_report_em/run_id=62bbe9df-6ed8-48d5-a06b-10fb90171ee0/symbol=002067/data.parquet,
62bbe9df-6ed8-48d5-a06b-10fb90171ee0,002067,profit_sheet_report,2015-12-31,2016-03-31,2026-07-27,False,available,data/raw/stock_profit_sheet_by_report_em/run_id=62bbe9df-6ed8-48d5-a06b-10fb90171ee0/symbol=002067/data.parquet,
62bbe9df-6ed8-48d5-a06b-10fb90171ee0,002067,profit_sheet_report,2015-09-30,2015-10-28,2026-07-27,False,available,data/raw/stock_profit_sheet_by_report_em/run_id=62bbe9df-6ed8-48d5-a06b-10fb90171ee0/symbol=002067/data.parquet,
62bbe9df-6ed8-48d5-a06b-10fb90171ee0,002067,profit_sheet_report,2015-06-30,2015-08-25,2026-07-27,False,available,data/raw/stock_profit_sheet_by_report_em/run_id=62bbe9df-6ed8-48d5-a06b-10fb90171ee0/symbol=002067/data.parquet,
62bbe9df-6ed8-48d5-a06b-10fb90171ee0,002067,profit_sheet_report,2015-03-31,2015-04-28,2026-07-27,False,available,data/raw/stock_profit_sheet_by_report_em/run_id=62bbe9df-6ed8-48d5-a06b-10fb90171ee0/symbol=002067/data.parquet,
62bbe9df-6ed8-48d5-a06b-10fb90171ee0,002067,profit_sheet_report,2014-12-31,2015-04-25,2026-07-27,False,available,data/raw/stock_profit_sheet_by_report_em/run_id=62bbe9df-6ed8-48d5-a06b-10fb90171ee0/symbol=002067/data.parquet,
62bbe9df-6ed8-48d5-a06b-10fb90171ee0,002067,profit_sheet_report,2014-09-30,2014-10-29,2026-07-27,False,available,data/raw/stock_profit_sheet_by_report_em/run_id=62bbe9df-6ed8-48d5-a06b-10fb90171ee0/symbol=002067/data.parquet,
62bbe9df-6ed8-48d5-a06b-10fb90171ee0,002067,profit_sheet_report,2014-06-30,2014-08-28,2026-07-27,False,available,data/raw/stock_profit_sheet_by_report_em/run_id=62bbe9df-6ed8-48d5-a06b-10fb90171ee0/symbol=002067/data.parquet,
62bbe9df-6ed8-48d5-a06b-10fb90171ee0,002067,profit_sheet_report,2014-03-31,2014-04-25,2026-07-27,False,available,data/raw/stock_profit_sheet_by_report_em/run_id=62bbe9df-6ed8-48d5-a06b-10fb90171ee0/symbol=002067/data.parquet,
62bbe9df-6ed8-48d5-a06b-10fb90171ee0,002067,profit_sheet_report,2013-12-31,2014-04-25,2026-07-27,False,available,data/raw/stock_profit_sheet_by_report_em/run_id=62bbe9df-6ed8-48d5-a06b-10fb90171ee0/symbol=002067/data.parquet,
62bbe9df-6ed8-48d5-a06b-10fb90171ee0,002067,profit_sheet_report,2013-09-30,2013-10-29,2026-07-27,False,available,data/raw/stock_profit_sheet_by_report_em/run_id=62bbe9df-6ed8-48d5-a06b-10fb90171ee0/symbol=002067/data.parquet,
62bbe9df-6ed8-48d5-a06b-10fb90171ee0,002067,profit_sheet_report,2013-06-30,2013-08-27,2026-07-27,False,available,data/raw/stock_profit_sheet_by_report_em/run_id=62bbe9df-6ed8-48d5-a06b-10fb90171ee0/symbol=002067/data.parquet,
62bbe9df-6ed8-48d5-a06b-10fb90171ee0,002067,profit_sheet_report,2013-03-31,2013-04-24,2026-07-27,False,available,data/raw/stock_profit_sheet_by_report_em/run_id=62bbe9df-6ed8-48d5-a06b-10fb90171ee0/symbol=002067/data.parquet,
62bbe9df-6ed8-48d5-a06b-10fb90171ee0,002067,profit_sheet_report,2012-12-31,2013-04-23,2026-07-27,False,available,data/raw/stock_profit_sheet_by_report_em/run_id=62bbe9df-6ed8-48d5-a06b-10fb90171ee0/symbol=002067/data.parquet,
62bbe9df-6ed8-48d5-a06b-10fb90171ee0,002067,profit_sheet_report,2012-09-30,2012-10-27,2026-07-27,False,available,data/raw/stock_profit_sheet_by_report_em/run_id=62bbe9df-6ed8-48d5-a06b-10fb90171ee0/symbol=002067/data.parquet,
62bbe9df-6ed8-48d5-a06b-10fb90171ee0,002067,profit_sheet_report,2012-06-30,2012-08-11,2026-07-27,False,available,data/raw/stock_profit_sheet_by_report_em/run_id=62bbe9df-6ed8-48d5-a06b-10fb90171ee0/symbol=002067/data.parquet,
62bbe9df-6ed8-48d5-a06b-10fb90171ee0,002067,profit_sheet_report,2012-03-31,2012-04-21,2026-07-27,False,available,data/raw/stock_profit_sheet_by_report_em/run_id=62bbe9df-6ed8-48d5-a06b-10fb90171ee0/symbol=002067/data.parquet,
62bbe9df-6ed8-48d5-a06b-10fb90171ee0,002067,profit_sheet_report,2011-12-31,2012-03-03,2026-07-27,False,available,data/raw/stock_profit_sheet_by_report_em/run_id=62bbe9df-6ed8-48d5-a06b-10fb90171ee0/symbol=002067/data.parquet,
62bbe9df-6ed8-48d5-a06b-10fb90171ee0,002067,profit_sheet_report,2011-09-30,2011-10-25,2026-07-27,False,available,data/raw/stock_profit_sheet_by_report_em/run_id=62bbe9df-6ed8-48d5-a06b-10fb90171ee0/symbol=002067/data.parquet,
62bbe9df-6ed8-48d5-a06b-10fb90171ee0,002067,profit_sheet_report,2011-06-30,2011-08-26,2026-07-27,False,available,data/raw/stock_profit_sheet_by_report_em/run_id=62bbe9df-6ed8-48d5-a06b-10fb90171ee0/symbol=002067/data.parquet,
62bbe9df-6ed8-48d5-a06b-10fb90171ee0,002067,profit_sheet_report,2011-03-31,2011-04-26,2026-07-27,False,available,data/raw/stock_profit_sheet_by_report_em/run_id=62bbe9df-6ed8-48d5-a06b-10fb90171ee0/symbol=002067/data.parquet,
62bbe9df-6ed8-48d5-a06b-10fb90171ee0,002067,profit_sheet_report,2010-12-31,2011-02-17,2026-07-27,False,available,data/raw/stock_profit_sheet_by_report_em/run_id=62bbe9df-6ed8-48d5-a06b-10fb90171ee0/symbol=002067/data.parquet,
62bbe9df-6ed8-48d5-a06b-10fb90171ee0,002067,profit_sheet_report,2010-09-30,2010-10-19,2026-07-27,False,available,data/raw/stock_profit_sheet_by_report_em/run_id=62bbe9df-6ed8-48d5-a06b-10fb90171ee0/symbol=002067/data.parquet,
62bbe9df-6ed8-48d5-a06b-10fb90171ee0,002067,profit_sheet_report,2010-06-30,2010-08-07,2026-07-27,False,available,data/raw/stock_profit_sheet_by_report_em/run_id=62bbe9df-6ed8-48d5-a06b-10fb90171ee0/symbol=002067/data.parquet,
62bbe9df-6ed8-48d5-a06b-10fb90171ee0,002067,profit_sheet_report,2010-03-31,2010-04-23,2026-07-27,False,available,data/raw/stock_profit_sheet_by_report_em/run_id=62bbe9df-6ed8-48d5-a06b-10fb90171ee0/symbol=002067/data.parquet,
62bbe9df-6ed8-48d5-a06b-10fb90171ee0,002067,profit_sheet_report,2009-12-31,2011-02-17,2026-07-27,False,available,data/raw/stock_profit_sheet_by_report_em/run_id=62bbe9df-6ed8-48d5-a06b-10fb90171ee0/symbol=002067/data.parquet,
62bbe9df-6ed8-48d5-a06b-10fb90171ee0,002067,profit_sheet_report,2009-09-30,2010-10-19,2026-07-27,False,available,data/raw/stock_profit_sheet_by_report_em/run_id=62bbe9df-6ed8-48d5-a06b-10fb90171ee0/symbol=002067/data.parquet,
62bbe9df-6ed8-48d5-a06b-10fb90171ee0,002067,profit_sheet_report,2009-06-30,2010-08-07,2026-07-27,False,available,data/raw/stock_profit_sheet_by_report_em/run_id=62bbe9df-6ed8-48d5-a06b-10fb90171ee0/symbol=002067/data.parquet,
62bbe9df-6ed8-48d5-a06b-10fb90171ee0,002067,profit_sheet_report,2009-03-31,2010-04-23,2026-07-27,False,available,data/raw/stock_profit_sheet_by_report_em/run_id=62bbe9df-6ed8-48d5-a06b-10fb90171ee0/symbol=002067/data.parquet,
62bbe9df-6ed8-48d5-a06b-10fb90171ee0,002067,profit_sheet_report,2008-12-31,2010-04-08,2026-07-27,False,available,data/raw/stock_profit_sheet_by_report_em/run_id=62bbe9df-6ed8-48d5-a06b-10fb90171ee0/symbol=002067/data.parquet,
62bbe9df-6ed8-48d5-a06b-10fb90171ee0,002067,profit_sheet_report,2008-09-30,2009-10-23,2026-07-27,False,available,data/raw/stock_profit_sheet_by_report_em/run_id=62bbe9df-6ed8-48d5-a06b-10fb90171ee0/symbol=002067/data.parquet,
62bbe9df-6ed8-48d5-a06b-10fb90171ee0,002067,profit_sheet_report,2008-06-30,2009-08-08,2026-07-27,False,available,data/raw/stock_profit_sheet_by_report_em/run_id=62bbe9df-6ed8-48d5-a06b-10fb90171ee0/symbol=002067/data.parquet,
62bbe9df-6ed8-48d5-a06b-10fb90171ee0,002067,profit_sheet_report,2008-03-31,2009-04-28,2026-07-27,False,available,data/raw/stock_profit_sheet_by_report_em/run_id=62bbe9df-6ed8-48d5-a06b-10fb90171ee0/symbol=002067/data.parquet,
62bbe9df-6ed8-48d5-a06b-10fb90171ee0,002067,profit_sheet_report,2007-12-31,2009-04-24,2026-07-27,False,available,data/raw/stock_profit_sheet_by_report_em/run_id=62bbe9df-6ed8-48d5-a06b-10fb90171ee0/symbol=002067/data.parquet,
62bbe9df-6ed8-48d5-a06b-10fb90171ee0,002067,profit_sheet_report,2007-09-30,2008-10-25,2026-07-27,False,available,data/raw/stock_profit_sheet_by_report_em/run_id=62bbe9df-6ed8-48d5-a06b-10fb90171ee0/symbol=002067/data.parquet,
62bbe9df-6ed8-48d5-a06b-10fb90171ee0,002067,profit_sheet_report,2007-06-30,2008-08-30,2026-07-27,False,available,data/raw/stock_profit_sheet_by_report_em/run_id=62bbe9df-6ed8-48d5-a06b-10fb90171ee0/symbol=002067/data.parquet,
62bbe9df-6ed8-48d5-a06b-10fb90171ee0,002067,profit_sheet_report,2007-03-31,2008-04-26,2026-07-27,False,available,data/raw/stock_profit_sheet_by_report_em/run_id=62bbe9df-6ed8-48d5-a06b-10fb90171ee0/symbol=002067/data.parquet,
62bbe9df-6ed8-48d5-a06b-10fb90171ee0,002067,profit_sheet_report,2006-12-31,2008-04-09,2026-07-27,False,available,data/raw/stock_profit_sheet_by_report_em/run_id=62bbe9df-6ed8-48d5-a06b-10fb90171ee0/symbol=002067/data.parquet,
62bbe9df-6ed8-48d5-a06b-10fb90171ee0,002067,profit_sheet_report,2006-09-30,2007-10-30,2026-07-27,False,available,data/raw/stock_profit_sheet_by_report_em/run_id=62bbe9df-6ed8-48d5-a06b-10fb90171ee0/symbol=002067/data.parquet,
62bbe9df-6ed8-48d5-a06b-10fb90171ee0,002067,profit_sheet_report,2006-06-30,2007-08-21,2026-07-27,False,available,data/raw/stock_profit_sheet_by_report_em/run_id=62bbe9df-6ed8-48d5-a06b-10fb90171ee0/symbol=002067/data.parquet,
62bbe9df-6ed8-48d5-a06b-10fb90171ee0,002067,profit_sheet_report,2006-03-31,2007-04-27,2026-07-27,False,available,data/raw/stock_profit_sheet_by_report_em/run_id=62bbe9df-6ed8-48d5-a06b-10fb90171ee0/symbol=002067/data.parquet,
62bbe9df-6ed8-48d5-a06b-10fb90171ee0,002067,profit_sheet_report,2005-12-31,2007-04-16,2026-07-27,False,available,data/raw/stock_profit_sheet_by_report_em/run_id=62bbe9df-6ed8-48d5-a06b-10fb90171ee0/symbol=002067/data.parquet,
62bbe9df-6ed8-48d5-a06b-10fb90171ee0,002067,profit_sheet_report,2005-09-30,2006-10-27,2026-07-27,False,available,data/raw/stock_profit_sheet_by_report_em/run_id=62bbe9df-6ed8-48d5-a06b-10fb90171ee0/symbol=002067/data.parquet,
62bbe9df-6ed8-48d5-a06b-10fb90171ee0,002067,profit_sheet_report,2004-12-31,2006-08-18,2026-07-27,False,available,data/raw/stock_profit_sheet_by_report_em/run_id=62bbe9df-6ed8-48d5-a06b-10fb90171ee0/symbol=002067/data.parquet,
62bbe9df-6ed8-48d5-a06b-10fb90171ee0,002067,profit_sheet_report,2003-12-31,2006-08-18,2026-07-27,False,available,data/raw/stock_profit_sheet_by_report_em/run_id=62bbe9df-6ed8-48d5-a06b-10fb90171ee0/symbol=002067/data.parquet,
62bbe9df-6ed8-48d5-a06b-10fb90171ee0,002067,cashflow_sheet_report,2026-03-31,2026-04-29,2026-07-27,False,available,data/raw/stock_cash_flow_sheet_by_report_em/run_id=62bbe9df-6ed8-48d5-a06b-10fb90171ee0/symbol=002067/data.parquet,
62bbe9df-6ed8-48d5-a06b-10fb90171ee0,002067,cashflow_sheet_report,2025-12-31,2026-04-25,2026-07-27,False,available,data/raw/stock_cash_flow_sheet_by_report_em/run_id=62bbe9df-6ed8-48d5-a06b-10fb90171ee0/symbol=002067/data.parquet,
62bbe9df-6ed8-48d5-a06b-10fb90171ee0,002067,cashflow_sheet_report,2025-09-30,2025-10-31,2026-07-27,False,available,data/raw/stock_cash_flow_sheet_by_report_em/run_id=62bbe9df-6ed8-48d5-a06b-10fb90171ee0/symbol=002067/data.parquet,
62bbe9df-6ed8-48d5-a06b-10fb90171ee0,002067,cashflow_sheet_report,2025-06-30,2025-08-27,2026-07-27,False,available,data/raw/stock_cash_flow_sheet_by_report_em/run_id=62bbe9df-6ed8-48d5-a06b-10fb90171ee0/symbol=002067/data.parquet,
62bbe9df-6ed8-48d5-a06b-10fb90171ee0,002067,cashflow_sheet_report,2025-03-31,2025-04-30,2026-07-27,False,available,data/raw/stock_cash_flow_sheet_by_report_em/run_id=62bbe9df-6ed8-48d5-a06b-10fb90171ee0/symbol=002067/data.parquet,
62bbe9df-6ed8-48d5-a06b-10fb90171ee0,002067,cashflow_sheet_report,2024-12-31,2025-04-29,2026-07-27,False,available,data/raw/stock_cash_flow_sheet_by_report_em/run_id=62bbe9df-6ed8-48d5-a06b-10fb90171ee0/symbol=002067/data.parquet,
62bbe9df-6ed8-48d5-a06b-10fb90171ee0,002067,cashflow_sheet_report,2024-09-30,2024-10-31,2026-07-27,False,available,data/raw/stock_cash_flow_sheet_by_report_em/run_id=62bbe9df-6ed8-48d5-a06b-10fb90171ee0/symbol=002067/data.parquet,
62bbe9df-6ed8-48d5-a06b-10fb90171ee0,002067,cashflow_sheet_report,2024-06-30,2024-08-31,2026-07-27,False,available,data/raw/stock_cash_flow_sheet_by_report_em/run_id=62bbe9df-6ed8-48d5-a06b-10fb90171ee0/symbol=002067/data.parquet,
62bbe9df-6ed8-48d5-a06b-10fb90171ee0,002067,cashflow_sheet_report,2024-03-31,2024-04-27,2026-07-27,False,available,data/raw/stock_cash_flow_sheet_by_report_em/run_id=62bbe9df-6ed8-48d5-a06b-10fb90171ee0/symbol=002067/data.parquet,
62bbe9df-6ed8-48d5-a06b-10fb90171ee0,002067,cashflow_sheet_report,2023-12-31,2024-04-27,2026-07-27,False,available,data/raw/stock_cash_flow_sheet_by_report_em/run_id=62bbe9df-6ed8-48d5-a06b-10fb90171ee0/symbol=002067/data.parquet,
62bbe9df-6ed8-48d5-a06b-10fb90171ee0,002067,cashflow_sheet_report,2023-09-30,2023-10-31,2026-07-27,False,available,data/raw/stock_cash_flow_sheet_by_report_em/run_id=62bbe9df-6ed8-48d5-a06b-10fb90171ee0/symbol=002067/data.parquet,
62bbe9df-6ed8-48d5-a06b-10fb90171ee0,002067,cashflow_sheet_report,2023-06-30,2023-08-30,2026-07-27,False,available,data/raw/stock_cash_flow_sheet_by_report_em/run_id=62bbe9df-6ed8-48d5-a06b-10fb90171ee0/symbol=002067/data.parquet,
62bbe9df-6ed8-48d5-a06b-10fb90171ee0,002067,cashflow_sheet_report,2023-03-31,2023-04-29,2026-07-27,False,available,data/raw/stock_cash_flow_sheet_by_report_em/run_id=62bbe9df-6ed8-48d5-a06b-10fb90171ee0/symbol=002067/data.parquet,
62bbe9df-6ed8-48d5-a06b-10fb90171ee0,002067,cashflow_sheet_report,2022-12-31,2023-04-29,2026-07-27,False,available,data/raw/stock_cash_flow_sheet_by_report_em/run_id=62bbe9df-6ed8-48d5-a06b-10fb90171ee0/symbol=002067/data.parquet,
62bbe9df-6ed8-48d5-a06b-10fb90171ee0,002067,cashflow_sheet_report,2022-09-30,2022-10-29,2026-07-27,False,available,data/raw/stock_cash_flow_sheet_by_report_em/run_id=62bbe9df-6ed8-48d5-a06b-10fb90171ee0/symbol=002067/data.parquet,
62bbe9df-6ed8-48d5-a06b-10fb90171ee0,002067,cashflow_sheet_report,2022-06-30,2022-08-31,2026-07-27,False,available,data/raw/stock_cash_flow_sheet_by_report_em/run_id=62bbe9df-6ed8-48d5-a06b-10fb90171ee0/symbol=002067/data.parquet,
62bbe9df-6ed8-48d5-a06b-10fb90171ee0,002067,cashflow_sheet_report,2022-03-31,2022-04-30,2026-07-27,False,available,data/raw/stock_cash_flow_sheet_by_report_em/run_id=62bbe9df-6ed8-48d5-a06b-10fb90171ee0/symbol=002067/data.parquet,
62bbe9df-6ed8-48d5-a06b-10fb90171ee0,002067,cashflow_sheet_report,2021-12-31,2022-04-16,2026-07-27,False,available,data/raw/stock_cash_flow_sheet_by_report_em/run_id=62bbe9df-6ed8-48d5-a06b-10fb90171ee0/symbol=002067/data.parquet,
62bbe9df-6ed8-48d5-a06b-10fb90171ee0,002067,cashflow_sheet_report,2021-09-30,2021-10-30,2026-07-27,False,available,data/raw/stock_cash_flow_sheet_by_report_em/run_id=62bbe9df-6ed8-48d5-a06b-10fb90171ee0/symbol=002067/data.parquet,
62bbe9df-6ed8-48d5-a06b-10fb90171ee0,002067,cashflow_sheet_report,2021-06-30,2021-08-31,2026-07-27,False,available,data/raw/stock_cash_flow_sheet_by_report_em/run_id=62bbe9df-6ed8-48d5-a06b-10fb90171ee0/symbol=002067/data.parquet,
62bbe9df-6ed8-48d5-a06b-10fb90171ee0,002067,cashflow_sheet_report,2021-03-31,2021-04-29,2026-07-27,False,available,data/raw/stock_cash_flow_sheet_by_report_em/run_id=62bbe9df-6ed8-48d5-a06b-10fb90171ee0/symbol=002067/data.parquet,
62bbe9df-6ed8-48d5-a06b-10fb90171ee0,002067,cashflow_sheet_report,2020-12-31,2021-04-22,2026-07-27,False,available,data/raw/stock_cash_flow_sheet_by_report_em/run_id=62bbe9df-6ed8-48d5-a06b-10fb90171ee0/symbol=002067/data.parquet,
62bbe9df-6ed8-48d5-a06b-10fb90171ee0,002067,cashflow_sheet_report,2020-09-30,2020-10-31,2026-07-27,False,available,data/raw/stock_cash_flow_sheet_by_report_em/run_id=62bbe9df-6ed8-48d5-a06b-10fb90171ee0/symbol=002067/data.parquet,
62bbe9df-6ed8-48d5-a06b-10fb90171ee0,002067,cashflow_sheet_report,2020-06-30,2020-08-31,2026-07-27,False,available,data/raw/stock_cash_flow_sheet_by_report_em/run_id=62bbe9df-6ed8-48d5-a06b-10fb90171ee0/symbol=002067/data.parquet,
62bbe9df-6ed8-48d5-a06b-10fb90171ee0,002067,cashflow_sheet_report,2020-03-31,2020-04-25,2026-07-27,False,available,data/raw/stock_cash_flow_sheet_by_report_em/run_id=62bbe9df-6ed8-48d5-a06b-10fb90171ee0/symbol=002067/data.parquet,
62bbe9df-6ed8-48d5-a06b-10fb90171ee0,002067,cashflow_sheet_report,2019-12-31,2020-04-03,2026-07-27,False,available,data/raw/stock_cash_flow_sheet_by_report_em/run_id=62bbe9df-6ed8-48d5-a06b-10fb90171ee0/symbol=002067/data.parquet,
62bbe9df-6ed8-48d5-a06b-10fb90171ee0,002067,cashflow_sheet_report,2019-09-30,2019-10-30,2026-07-27,False,available,data/raw/stock_cash_flow_sheet_by_report_em/run_id=62bbe9df-6ed8-48d5-a06b-10fb90171ee0/symbol=002067/data.parquet,
62bbe9df-6ed8-48d5-a06b-10fb90171ee0,002067,cashflow_sheet_report,2019-06-30,2019-08-30,2026-07-27,False,available,data/raw/stock_cash_flow_sheet_by_report_em/run_id=62bbe9df-6ed8-48d5-a06b-10fb90171ee0/symbol=002067/data.parquet,
62bbe9df-6ed8-48d5-a06b-10fb90171ee0,002067,cashflow_sheet_report,2019-03-31,2019-04-27,2026-07-27,False,available,data/raw/stock_cash_flow_sheet_by_report_em/run_id=62bbe9df-6ed8-48d5-a06b-10fb90171ee0/symbol=002067/data.parquet,
62bbe9df-6ed8-48d5-a06b-10fb90171ee0,002067,cashflow_sheet_report,2018-12-31,2019-04-27,2026-07-27,False,available,data/raw/stock_cash_flow_sheet_by_report_em/run_id=62bbe9df-6ed8-48d5-a06b-10fb90171ee0/symbol=002067/data.parquet,
62bbe9df-6ed8-48d5-a06b-10fb90171ee0,002067,cashflow_sheet_report,2018-09-30,2018-10-23,2026-07-27,False,available,data/raw/stock_cash_flow_sheet_by_report_em/run_id=62bbe9df-6ed8-48d5-a06b-10fb90171ee0/symbol=002067/data.parquet,
62bbe9df-6ed8-48d5-a06b-10fb90171ee0,002067,cashflow_sheet_report,2018-06-30,2018-08-27,2026-07-27,False,available,data/raw/stock_cash_flow_sheet_by_report_em/run_id=62bbe9df-6ed8-48d5-a06b-10fb90171ee0/symbol=002067/data.parquet,
62bbe9df-6ed8-48d5-a06b-10fb90171ee0,002067,cashflow_sheet_report,2018-03-31,2018-04-28,2026-07-27,False,available,data/raw/stock_cash_flow_sheet_by_report_em/run_id=62bbe9df-6ed8-48d5-a06b-10fb90171ee0/symbol=002067/data.parquet,
62bbe9df-6ed8-48d5-a06b-10fb90171ee0,002067,cashflow_sheet_report,2017-12-31,2018-04-26,2026-07-27,False,available,data/raw/stock_cash_flow_sheet_by_report_em/run_id=62bbe9df-6ed8-48d5-a06b-10fb90171ee0/symbol=002067/data.parquet,
62bbe9df-6ed8-48d5-a06b-10fb90171ee0,002067,cashflow_sheet_report,2017-09-30,2017-10-27,2026-07-27,False,available,data/raw/stock_cash_flow_sheet_by_report_em/run_id=62bbe9df-6ed8-48d5-a06b-10fb90171ee0/symbol=002067/data.parquet,
62bbe9df-6ed8-48d5-a06b-10fb90171ee0,002067,cashflow_sheet_report,2017-06-30,2017-08-26,2026-07-27,False,available,data/raw/stock_cash_flow_sheet_by_report_em/run_id=62bbe9df-6ed8-48d5-a06b-10fb90171ee0/symbol=002067/data.parquet,
62bbe9df-6ed8-48d5-a06b-10fb90171ee0,002067,cashflow_sheet_report,2017-03-31,2017-04-26,2026-07-27,False,available,data/raw/stock_cash_flow_sheet_by_report_em/run_id=62bbe9df-6ed8-48d5-a06b-10fb90171ee0/symbol=002067/data.parquet,
62bbe9df-6ed8-48d5-a06b-10fb90171ee0,002067,cashflow_sheet_report,2016-12-31,2017-04-26,2026-07-27,False,available,data/raw/stock_cash_flow_sheet_by_report_em/run_id=62bbe9df-6ed8-48d5-a06b-10fb90171ee0/symbol=002067/data.parquet,
62bbe9df-6ed8-48d5-a06b-10fb90171ee0,002067,cashflow_sheet_report,2016-09-30,2016-10-29,2026-07-27,False,available,data/raw/stock_cash_flow_sheet_by_report_em/run_id=62bbe9df-6ed8-48d5-a06b-10fb90171ee0/symbol=002067/data.parquet,
62bbe9df-6ed8-48d5-a06b-10fb90171ee0,002067,cashflow_sheet_report,2016-06-30,2016-08-25,2026-07-27,False,available,data/raw/stock_cash_flow_sheet_by_report_em/run_id=62bbe9df-6ed8-48d5-a06b-10fb90171ee0/symbol=002067/data.parquet,
62bbe9df-6ed8-48d5-a06b-10fb90171ee0,002067,cashflow_sheet_report,2016-03-31,2016-04-30,2026-07-27,False,available,data/raw/stock_cash_flow_sheet_by_report_em/run_id=62bbe9df-6ed8-48d5-a06b-10fb90171ee0/symbol=002067/data.parquet,
62bbe9df-6ed8-48d5-a06b-10fb90171ee0,002067,cashflow_sheet_report,2015-12-31,2016-03-31,2026-07-27,False,available,data/raw/stock_cash_flow_sheet_by_report_em/run_id=62bbe9df-6ed8-48d5-a06b-10fb90171ee0/symbol=002067/data.parquet,
62bbe9df-6ed8-48d5-a06b-10fb90171ee0,002067,cashflow_sheet_report,2015-09-30,2015-10-28,2026-07-27,False,available,data/raw/stock_cash_flow_sheet_by_report_em/run_id=62bbe9df-6ed8-48d5-a06b-10fb90171ee0/symbol=002067/data.parquet,
62bbe9df-6ed8-48d5-a06b-10fb90171ee0,002067,cashflow_sheet_report,2015-06-30,2015-08-25,2026-07-27,False,available,data/raw/stock_cash_flow_sheet_by_report_em/run_id=62bbe9df-6ed8-48d5-a06b-10fb90171ee0/symbol=002067/data.parquet,
62bbe9df-6ed8-48d5-a06b-10fb90171ee0,002067,cashflow_sheet_report,2015-03-31,2015-04-28,2026-07-27,False,available,data/raw/stock_cash_flow_sheet_by_report_em/run_id=62bbe9df-6ed8-48d5-a06b-10fb90171ee0/symbol=002067/data.parquet,
62bbe9df-6ed8-48d5-a06b-10fb90171ee0,002067,cashflow_sheet_report,2014-12-31,2015-04-25,2026-07-27,False,available,data/raw/stock_cash_flow_sheet_by_report_em/run_id=62bbe9df-6ed8-48d5-a06b-10fb90171ee0/symbol=002067/data.parquet,
62bbe9df-6ed8-48d5-a06b-10fb90171ee0,002067,cashflow_sheet_report,2014-09-30,2014-10-29,2026-07-27,False,available,data/raw/stock_cash_flow_sheet_by_report_em/run_id=62bbe9df-6ed8-48d5-a06b-10fb90171ee0/symbol=002067/data.parquet,
62bbe9df-6ed8-48d5-a06b-10fb90171ee0,002067,cashflow_sheet_report,2014-06-30,2014-08-28,2026-07-27,False,available,data/raw/stock_cash_flow_sheet_by_report_em/run_id=62bbe9df-6ed8-48d5-a06b-10fb90171ee0/symbol=002067/data.parquet,
62bbe9df-6ed8-48d5-a06b-10fb90171ee0,002067,cashflow_sheet_report,2014-03-31,2014-04-25,2026-07-27,False,available,data/raw/stock_cash_flow_sheet_by_report_em/run_id=62bbe9df-6ed8-48d5-a06b-10fb90171ee0/symbol=002067/data.parquet,
62bbe9df-6ed8-48d5-a06b-10fb90171ee0,002067,cashflow_sheet_report,2013-12-31,2014-04-25,2026-07-27,False,available,data/raw/stock_cash_flow_sheet_by_report_em/run_id=62bbe9df-6ed8-48d5-a06b-10fb90171ee0/symbol=002067/data.parquet,
62bbe9df-6ed8-48d5-a06b-10fb90171ee0,002067,cashflow_sheet_report,2013-09-30,2013-10-29,2026-07-27,False,available,data/raw/stock_cash_flow_sheet_by_report_em/run_id=62bbe9df-6ed8-48d5-a06b-10fb90171ee0/symbol=002067/data.parquet,
62bbe9df-6ed8-48d5-a06b-10fb90171ee0,002067,cashflow_sheet_report,2013-06-30,2013-08-27,2026-07-27,False,available,data/raw/stock_cash_flow_sheet_by_report_em/run_id=62bbe9df-6ed8-48d5-a06b-10fb90171ee0/symbol=002067/data.parquet,
62bbe9df-6ed8-48d5-a06b-10fb90171ee0,002067,cashflow_sheet_report,2013-03-31,2013-04-24,2026-07-27,False,available,data/raw/stock_cash_flow_sheet_by_report_em/run_id=62bbe9df-6ed8-48d5-a06b-10fb90171ee0/symbol=002067/data.parquet,
62bbe9df-6ed8-48d5-a06b-10fb90171ee0,002067,cashflow_sheet_report,2012-12-31,2013-04-23,2026-07-27,False,available,data/raw/stock_cash_flow_sheet_by_report_em/run_id=62bbe9df-6ed8-48d5-a06b-10fb90171ee0/symbol=002067/data.parquet,
62bbe9df-6ed8-48d5-a06b-10fb90171ee0,002067,cashflow_sheet_report,2012-09-30,2012-10-27,2026-07-27,False,available,data/raw/stock_cash_flow_sheet_by_report_em/run_id=62bbe9df-6ed8-48d5-a06b-10fb90171ee0/symbol=002067/data.parquet,
62bbe9df-6ed8-48d5-a06b-10fb90171ee0,002067,cashflow_sheet_report,2012-06-30,2012-08-11,2026-07-27,False,available,data/raw/stock_cash_flow_sheet_by_report_em/run_id=62bbe9df-6ed8-48d5-a06b-10fb90171ee0/symbol=002067/data.parquet,
62bbe9df-6ed8-48d5-a06b-10fb90171ee0,002067,cashflow_sheet_report,2012-03-31,2012-04-21,2026-07-27,False,available,data/raw/stock_cash_flow_sheet_by_report_em/run_id=62bbe9df-6ed8-48d5-a06b-10fb90171ee0/symbol=002067/data.parquet,
62bbe9df-6ed8-48d5-a06b-10fb90171ee0,002067,cashflow_sheet_report,2011-12-31,2012-03-03,2026-07-27,False,available,data/raw/stock_cash_flow_sheet_by_report_em/run_id=62bbe9df-6ed8-48d5-a06b-10fb90171ee0/symbol=002067/data.parquet,
62bbe9df-6ed8-48d5-a06b-10fb90171ee0,002067,cashflow_sheet_report,2011-09-30,2011-10-25,2026-07-27,False,available,data/raw/stock_cash_flow_sheet_by_report_em/run_id=62bbe9df-6ed8-48d5-a06b-10fb90171ee0/symbol=002067/data.parquet,
62bbe9df-6ed8-48d5-a06b-10fb90171ee0,002067,cashflow_sheet_report,2011-06-30,2011-08-26,2026-07-27,False,available,data/raw/stock_cash_flow_sheet_by_report_em/run_id=62bbe9df-6ed8-48d5-a06b-10fb90171ee0/symbol=002067/data.parquet,
62bbe9df-6ed8-48d5-a06b-10fb90171ee0,002067,cashflow_sheet_report,2011-03-31,2011-04-26,2026-07-27,False,available,data/raw/stock_cash_flow_sheet_by_report_em/run_id=62bbe9df-6ed8-48d5-a06b-10fb90171ee0/symbol=002067/data.parquet,
62bbe9df-6ed8-48d5-a06b-10fb90171ee0,002067,cashflow_sheet_report,2010-12-31,2011-02-17,2026-07-27,False,available,data/raw/stock_cash_flow_sheet_by_report_em/run_id=62bbe9df-6ed8-48d5-a06b-10fb90171ee0/symbol=002067/data.parquet,
62bbe9df-6ed8-48d5-a06b-10fb90171ee0,002067,cashflow_sheet_report,2010-09-30,2010-10-19,2026-07-27,False,available,data/raw/stock_cash_flow_sheet_by_report_em/run_id=62bbe9df-6ed8-48d5-a06b-10fb90171ee0/symbol=002067/data.parquet,
62bbe9df-6ed8-48d5-a06b-10fb90171ee0,002067,cashflow_sheet_report,2010-06-30,2010-08-07,2026-07-27,False,available,data/raw/stock_cash_flow_sheet_by_report_em/run_id=62bbe9df-6ed8-48d5-a06b-10fb90171ee0/symbol=002067/data.parquet,
62bbe9df-6ed8-48d5-a06b-10fb90171ee0,002067,cashflow_sheet_report,2010-03-31,2010-04-23,2026-07-27,False,available,data/raw/stock_cash_flow_sheet_by_report_em/run_id=62bbe9df-6ed8-48d5-a06b-10fb90171ee0/symbol=002067/data.parquet,
62bbe9df-6ed8-48d5-a06b-10fb90171ee0,002067,cashflow_sheet_report,2009-12-31,2011-02-17,2026-07-27,False,available,data/raw/stock_cash_flow_sheet_by_report_em/run_id=62bbe9df-6ed8-48d5-a06b-10fb90171ee0/symbol=002067/data.parquet,
62bbe9df-6ed8-48d5-a06b-10fb90171ee0,002067,cashflow_sheet_report,2009-09-30,2010-10-19,2026-07-27,False,available,data/raw/stock_cash_flow_sheet_by_report_em/run_id=62bbe9df-6ed8-48d5-a06b-10fb90171ee0/symbol=002067/data.parquet,
62bbe9df-6ed8-48d5-a06b-10fb90171ee0,002067,cashflow_sheet_report,2009-06-30,2010-08-07,2026-07-27,False,available,data/raw/stock_cash_flow_sheet_by_report_em/run_id=62bbe9df-6ed8-48d5-a06b-10fb90171ee0/symbol=002067/data.parquet,
62bbe9df-6ed8-48d5-a06b-10fb90171ee0,002067,cashflow_sheet_report,2009-03-31,2010-04-23,2026-07-27,False,available,data/raw/stock_cash_flow_sheet_by_report_em/run_id=62bbe9df-6ed8-48d5-a06b-10fb90171ee0/symbol=002067/data.parquet,
62bbe9df-6ed8-48d5-a06b-10fb90171ee0,002067,cashflow_sheet_report,2008-12-31,2010-04-08,2026-07-27,False,available,data/raw/stock_cash_flow_sheet_by_report_em/run_id=62bbe9df-6ed8-48d5-a06b-10fb90171ee0/symbol=002067/data.parquet,
62bbe9df-6ed8-48d5-a06b-10fb90171ee0,002067,cashflow_sheet_report,2008-09-30,2009-10-23,2026-07-27,False,available,data/raw/stock_cash_flow_sheet_by_report_em/run_id=62bbe9df-6ed8-48d5-a06b-10fb90171ee0/symbol=002067/data.parquet,
62bbe9df-6ed8-48d5-a06b-10fb90171ee0,002067,cashflow_sheet_report,2008-06-30,2009-08-08,2026-07-27,False,available,data/raw/stock_cash_flow_sheet_by_report_em/run_id=62bbe9df-6ed8-48d5-a06b-10fb90171ee0/symbol=002067/data.parquet,
62bbe9df-6ed8-48d5-a06b-10fb90171ee0,002067,cashflow_sheet_report,2008-03-31,2009-04-28,2026-07-27,False,available,data/raw/stock_cash_flow_sheet_by_report_em/run_id=62bbe9df-6ed8-48d5-a06b-10fb90171ee0/symbol=002067/data.parquet,
62bbe9df-6ed8-48d5-a06b-10fb90171ee0,002067,cashflow_sheet_report,2007-12-31,2009-04-24,2026-07-27,False,available,data/raw/stock_cash_flow_sheet_by_report_em/run_id=62bbe9df-6ed8-48d5-a06b-10fb90171ee0/symbol=002067/data.parquet,
62bbe9df-6ed8-48d5-a06b-10fb90171ee0,002067,cashflow_sheet_report,2007-09-30,2008-10-25,2026-07-27,False,available,data/raw/stock_cash_flow_sheet_by_report_em/run_id=62bbe9df-6ed8-48d5-a06b-10fb90171ee0/symbol=002067/data.parquet,
62bbe9df-6ed8-48d5-a06b-10fb90171ee0,002067,cashflow_sheet_report,2007-06-30,2008-08-30,2026-07-27,False,available,data/raw/stock_cash_flow_sheet_by_report_em/run_id=62bbe9df-6ed8-48d5-a06b-10fb90171ee0/symbol=002067/data.parquet,
62bbe9df-6ed8-48d5-a06b-10fb90171ee0,002067,cashflow_sheet_report,2007-03-31,2008-04-26,2026-07-27,False,available,data/raw/stock_cash_flow_sheet_by_report_em/run_id=62bbe9df-6ed8-48d5-a06b-10fb90171ee0/symbol=002067/data.parquet,
62bbe9df-6ed8-48d5-a06b-10fb90171ee0,002067,cashflow_sheet_report,2006-12-31,2008-04-09,2026-07-27,False,available,data/raw/stock_cash_flow_sheet_by_report_em/run_id=62bbe9df-6ed8-48d5-a06b-10fb90171ee0/symbol=002067/data.parquet,
62bbe9df-6ed8-48d5-a06b-10fb90171ee0,002067,cashflow_sheet_report,2006-09-30,2007-10-30,2026-07-27,False,available,data/raw/stock_cash_flow_sheet_by_report_em/run_id=62bbe9df-6ed8-48d5-a06b-10fb90171ee0/symbol=002067/data.parquet,
62bbe9df-6ed8-48d5-a06b-10fb90171ee0,002067,cashflow_sheet_report,2006-06-30,2007-08-21,2026-07-27,False,available,data/raw/stock_cash_flow_sheet_by_report_em/run_id=62bbe9df-6ed8-48d5-a06b-10fb90171ee0/symbol=002067/data.parquet,
62bbe9df-6ed8-48d5-a06b-10fb90171ee0,002067,cashflow_sheet_report,2006-03-31,2007-04-27,2026-07-27,False,available,data/raw/stock_cash_flow_sheet_by_report_em/run_id=62bbe9df-6ed8-48d5-a06b-10fb90171ee0/symbol=002067/data.parquet,
62bbe9df-6ed8-48d5-a06b-10fb90171ee0,002067,cashflow_sheet_report,2005-12-31,2006-08-18,2026-07-27,False,available,data/raw/stock_cash_flow_sheet_by_report_em/run_id=62bbe9df-6ed8-48d5-a06b-10fb90171ee0/symbol=002067/data.parquet,
62bbe9df-6ed8-48d5-a06b-10fb90171ee0,002067,cashflow_sheet_report,2004-12-31,2006-08-18,2026-07-27,False,available,data/raw/stock_cash_flow_sheet_by_report_em/run_id=62bbe9df-6ed8-48d5-a06b-10fb90171ee0/symbol=002067/data.parquet,
62bbe9df-6ed8-48d5-a06b-10fb90171ee0,002067,cashflow_sheet_report,2003-12-31,2006-08-18,2026-07-27,False,available,data/raw/stock_cash_flow_sheet_by_report_em/run_id=62bbe9df-6ed8-48d5-a06b-10fb90171ee0/symbol=002067/data.parquet,
62bbe9df-6ed8-48d5-a06b-10fb90171ee0,002600,financial_abstract,,,2026-07-27,False,unavailable,data/raw/stock_financial_abstract/run_id=62bbe9df-6ed8-48d5-a06b-10fb90171ee0/symbol=002600/data.parquet,WARN: report/announcement date could not be paired
62bbe9df-6ed8-48d5-a06b-10fb90171ee0,002600,financial_indicator,,,2026-07-27,False,unavailable,data/raw/stock_financial_analysis_indicator/run_id=62bbe9df-6ed8-48d5-a06b-10fb90171ee0/symbol=002600/data.parquet,WARN: report/announcement date could not be paired
62bbe9df-6ed8-48d5-a06b-10fb90171ee0,002600,balance_sheet_report,2026-03-31,2026-04-30,2026-07-27,False,available,data/raw/stock_balance_sheet_by_report_em/run_id=62bbe9df-6ed8-48d5-a06b-10fb90171ee0/symbol=002600/data.parquet,
62bbe9df-6ed8-48d5-a06b-10fb90171ee0,002600,balance_sheet_report,2025-12-31,2026-03-28,2026-07-27,False,available,data/raw/stock_balance_sheet_by_report_em/run_id=62bbe9df-6ed8-48d5-a06b-10fb90171ee0/symbol=002600/data.parquet,
62bbe9df-6ed8-48d5-a06b-10fb90171ee0,002600,balance_sheet_report,2025-09-30,2025-10-30,2026-07-27,False,available,data/raw/stock_balance_sheet_by_report_em/run_id=62bbe9df-6ed8-48d5-a06b-10fb90171ee0/symbol=002600/data.parquet,
62bbe9df-6ed8-48d5-a06b-10fb90171ee0,002600,balance_sheet_report,2025-06-30,2025-08-30,2026-07-27,False,available,data/raw/stock_balance_sheet_by_report_em/run_id=62bbe9df-6ed8-48d5-a06b-10fb90171ee0/symbol=002600/data.parquet,
62bbe9df-6ed8-48d5-a06b-10fb90171ee0,002600,balance_sheet_report,2025-03-31,2025-04-29,2026-07-27,False,available,data/raw/stock_balance_sheet_by_report_em/run_id=62bbe9df-6ed8-48d5-a06b-10fb90171ee0/symbol=002600/data.parquet,
62bbe9df-6ed8-48d5-a06b-10fb90171ee0,002600,balance_sheet_report,2024-12-31,2025-03-29,2026-07-27,False,available,data/raw/stock_balance_sheet_by_report_em/run_id=62bbe9df-6ed8-48d5-a06b-10fb90171ee0/symbol=002600/data.parquet,
62bbe9df-6ed8-48d5-a06b-10fb90171ee0,002600,balance_sheet_report,2024-09-30,2024-10-31,2026-07-27,False,available,data/raw/stock_balance_sheet_by_report_em/run_id=62bbe9df-6ed8-48d5-a06b-10fb90171ee0/symbol=002600/data.parquet,
62bbe9df-6ed8-48d5-a06b-10fb90171ee0,002600,balance_sheet_report,2024-06-30,2024-08-30,2026-07-27,False,available,data/raw/stock_balance_sheet_by_report_em/run_id=62bbe9df-6ed8-48d5-a06b-10fb90171ee0/symbol=002600/data.parquet,
62bbe9df-6ed8-48d5-a06b-10fb90171ee0,002600,balance_sheet_report,2024-03-31,2024-04-30,2026-07-27,False,available,data/raw/stock_balance_sheet_by_report_em/run_id=62bbe9df-6ed8-48d5-a06b-10fb90171ee0/symbol=002600/data.parquet,
62bbe9df-6ed8-48d5-a06b-10fb90171ee0,002600,balance_sheet_report,2023-12-31,2024-04-30,2026-07-27,False,available,data/raw/stock_balance_sheet_by_report_em/run_id=62bbe9df-6ed8-48d5-a06b-10fb90171ee0/symbol=002600/data.parquet,
62bbe9df-6ed8-48d5-a06b-10fb90171ee0,002600,balance_sheet_report,2023-09-30,2023-10-28,2026-07-27,False,available,data/raw/stock_balance_sheet_by_report_em/run_id=62bbe9df-6ed8-48d5-a06b-10fb90171ee0/symbol=002600/data.parquet,
62bbe9df-6ed8-48d5-a06b-10fb90171ee0,002600,balance_sheet_report,2023-06-30,2023-08-25,2026-07-27,False,available,data/raw/stock_balance_sheet_by_report_em/run_id=62bbe9df-6ed8-48d5-a06b-10fb90171ee0/symbol=002600/data.parquet,
62bbe9df-6ed8-48d5-a06b-10fb90171ee0,002600,balance_sheet_report,2023-03-31,2023-04-29,2026-07-27,False,available,data/raw/stock_balance_sheet_by_report_em/run_id=62bbe9df-6ed8-48d5-a06b-10fb90171ee0/symbol=002600/data.parquet,
62bbe9df-6ed8-48d5-a06b-10fb90171ee0,002600,balance_sheet_report,2022-12-31,2023-04-29,2026-07-27,False,available,data/raw/stock_balance_sheet_by_report_em/run_id=62bbe9df-6ed8-48d5-a06b-10fb90171ee0/symbol=002600/data.parquet,
62bbe9df-6ed8-48d5-a06b-10fb90171ee0,002600,balance_sheet_report,2022-09-30,2022-10-29,2026-07-27,False,available,data/raw/stock_balance_sheet_by_report_em/run_id=62bbe9df-6ed8-48d5-a06b-10fb90171ee0/symbol=002600/data.parquet,
62bbe9df-6ed8-48d5-a06b-10fb90171ee0,002600,balance_sheet_report,2022-06-30,2022-08-26,2026-07-27,False,available,data/raw/stock_balance_sheet_by_report_em/run_id=62bbe9df-6ed8-48d5-a06b-10fb90171ee0/symbol=002600/data.parquet,
62bbe9df-6ed8-48d5-a06b-10fb90171ee0,002600,balance_sheet_report,2022-03-31,2022-04-28,2026-07-27,False,available,data/raw/stock_balance_sheet_by_report_em/run_id=62bbe9df-6ed8-48d5-a06b-10fb90171ee0/symbol=002600/data.parquet,
62bbe9df-6ed8-48d5-a06b-10fb90171ee0,002600,balance_sheet_report,2021-12-31,2022-04-08,2026-07-27,False,available,data/raw/stock_balance_sheet_by_report_em/run_id=62bbe9df-6ed8-48d5-a06b-10fb90171ee0/symbol=002600/data.parquet,
62bbe9df-6ed8-48d5-a06b-10fb90171ee0,002600,balance_sheet_report,2021-09-30,2021-10-29,2026-07-27,False,available,data/raw/stock_balance_sheet_by_report_em/run_id=62bbe9df-6ed8-48d5-a06b-10fb90171ee0/symbol=002600/data.parquet,
62bbe9df-6ed8-48d5-a06b-10fb90171ee0,002600,balance_sheet_report,2021-06-30,2021-08-27,2026-07-27,False,available,data/raw/stock_balance_sheet_by_report_em/run_id=62bbe9df-6ed8-48d5-a06b-10fb90171ee0/symbol=002600/data.parquet,
62bbe9df-6ed8-48d5-a06b-10fb90171ee0,002600,balance_sheet_report,2021-03-31,2021-04-28,2026-07-27,False,available,data/raw/stock_balance_sheet_by_report_em/run_id=62bbe9df-6ed8-48d5-a06b-10fb90171ee0/symbol=002600/data.parquet,
62bbe9df-6ed8-48d5-a06b-10fb90171ee0,002600,balance_sheet_report,2020-12-31,2021-03-31,2026-07-27,False,available,data/raw/stock_balance_sheet_by_report_em/run_id=62bbe9df-6ed8-48d5-a06b-10fb90171ee0/symbol=002600/data.parquet,
62bbe9df-6ed8-48d5-a06b-10fb90171ee0,002600,balance_sheet_report,2020-09-30,2020-10-28,2026-07-27,False,available,data/raw/stock_balance_sheet_by_report_em/run_id=62bbe9df-6ed8-48d5-a06b-10fb90171ee0/symbol=002600/data.parquet,
62bbe9df-6ed8-48d5-a06b-10fb90171ee0,002600,balance_sheet_report,2020-06-30,2020-07-31,2026-07-27,False,available,data/raw/stock_balance_sheet_by_report_em/run_id=62bbe9df-6ed8-48d5-a06b-10fb90171ee0/symbol=002600/data.parquet,
62bbe9df-6ed8-48d5-a06b-10fb90171ee0,002600,balance_sheet_report,2020-03-31,2020-04-30,2026-07-27,False,available,data/raw/stock_balance_sheet_by_report_em/run_id=62bbe9df-6ed8-48d5-a06b-10fb90171ee0/symbol=002600/data.parquet,
62bbe9df-6ed8-48d5-a06b-10fb90171ee0,002600,balance_sheet_report,2019-12-31,2020-04-30,2026-07-27,False,available,data/raw/stock_balance_sheet_by_report_em/run_id=62bbe9df-6ed8-48d5-a06b-10fb90171ee0/symbol=002600/data.parquet,
62bbe9df-6ed8-48d5-a06b-10fb90171ee0,002600,balance_sheet_report,2019-09-30,2019-10-29,2026-07-27,False,available,data/raw/stock_balance_sheet_by_report_em/run_id=62bbe9df-6ed8-48d5-a06b-10fb90171ee0/symbol=002600/data.parquet,
62bbe9df-6ed8-48d5-a06b-10fb90171ee0,002600,balance_sheet_report,2019-06-30,2019-08-26,2026-07-27,False,available,data/raw/stock_balance_sheet_by_report_em/run_id=62bbe9df-6ed8-48d5-a06b-10fb90171ee0/symbol=002600/data.parquet,
62bbe9df-6ed8-48d5-a06b-10fb90171ee0,002600,balance_sheet_report,2019-03-31,2019-04-20,2026-07-27,False,available,data/raw/stock_balance_sheet_by_report_em/run_id=62bbe9df-6ed8-48d5-a06b-10fb90171ee0/symbol=002600/data.parquet,
62bbe9df-6ed8-48d5-a06b-10fb90171ee0,002600,balance_sheet_report,2018-12-31,2019-04-20,2026-07-27,False,available,data/raw/stock_balance_sheet_by_report_em/run_id=62bbe9df-6ed8-48d5-a06b-10fb90171ee0/symbol=002600/data.parquet,
62bbe9df-6ed8-48d5-a06b-10fb90171ee0,002600,balance_sheet_report,2018-09-30,2018-10-30,2026-07-27,False,available,data/raw/stock_balance_sheet_by_report_em/run_id=62bbe9df-6ed8-48d5-a06b-10fb90171ee0/symbol=002600/data.parquet,
62bbe9df-6ed8-48d5-a06b-10fb90171ee0,002600,balance_sheet_report,2018-06-30,2018-08-27,2026-07-27,False,available,data/raw/stock_balance_sheet_by_report_em/run_id=62bbe9df-6ed8-48d5-a06b-10fb90171ee0/symbol=002600/data.parquet,
62bbe9df-6ed8-48d5-a06b-10fb90171ee0,002600,balance_sheet_report,2018-03-31,2018-04-28,2026-07-27,False,available,data/raw/stock_balance_sheet_by_report_em/run_id=62bbe9df-6ed8-48d5-a06b-10fb90171ee0/symbol=002600/data.parquet,
62bbe9df-6ed8-48d5-a06b-10fb90171ee0,002600,balance_sheet_report,2017-12-31,2018-04-28,2026-07-27,False,available,data/raw/stock_balance_sheet_by_report_em/run_id=62bbe9df-6ed8-48d5-a06b-10fb90171ee0/symbol=002600/data.parquet,
62bbe9df-6ed8-48d5-a06b-10fb90171ee0,002600,balance_sheet_report,2017-09-30,2017-10-30,2026-07-27,False,available,data/raw/stock_balance_sheet_by_report_em/run_id=62bbe9df-6ed8-48d5-a06b-10fb90171ee0/symbol=002600/data.parquet,
62bbe9df-6ed8-48d5-a06b-10fb90171ee0,002600,balance_sheet_report,2017-06-30,2017-08-29,2026-07-27,False,available,data/raw/stock_balance_sheet_by_report_em/run_id=62bbe9df-6ed8-48d5-a06b-10fb90171ee0/symbol=002600/data.parquet,
62bbe9df-6ed8-48d5-a06b-10fb90171ee0,002600,balance_sheet_report,2017-03-31,2017-04-28,2026-07-27,False,available,data/raw/stock_balance_sheet_by_report_em/run_id=62bbe9df-6ed8-48d5-a06b-10fb90171ee0/symbol=002600/data.parquet,
62bbe9df-6ed8-48d5-a06b-10fb90171ee0,002600,balance_sheet_report,2016-12-31,2017-04-28,2026-07-27,False,available,data/raw/stock_balance_sheet_by_report_em/run_id=62bbe9df-6ed8-48d5-a06b-10fb90171ee0/symbol=002600/data.parquet,
62bbe9df-6ed8-48d5-a06b-10fb90171ee0,002600,balance_sheet_report,2016-09-30,2016-10-25,2026-07-27,False,available,data/raw/stock_balance_sheet_by_report_em/run_id=62bbe9df-6ed8-48d5-a06b-10fb90171ee0/symbol=002600/data.parquet,
62bbe9df-6ed8-48d5-a06b-10fb90171ee0,002600,balance_sheet_report,2016-06-30,2016-08-29,2026-07-27,False,available,data/raw/stock_balance_sheet_by_report_em/run_id=62bbe9df-6ed8-48d5-a06b-10fb90171ee0/symbol=002600/data.parquet,
62bbe9df-6ed8-48d5-a06b-10fb90171ee0,002600,balance_sheet_report,2016-03-31,2016-04-29,2026-07-27,False,available,data/raw/stock_balance_sheet_by_report_em/run_id=62bbe9df-6ed8-48d5-a06b-10fb90171ee0/symbol=002600/data.parquet,
62bbe9df-6ed8-48d5-a06b-10fb90171ee0,002600,balance_sheet_report,2015-12-31,2016-04-22,2026-07-27,False,available,data/raw/stock_balance_sheet_by_report_em/run_id=62bbe9df-6ed8-48d5-a06b-10fb90171ee0/symbol=002600/data.parquet,
62bbe9df-6ed8-48d5-a06b-10fb90171ee0,002600,balance_sheet_report,2015-09-30,2015-10-30,2026-07-27,False,available,data/raw/stock_balance_sheet_by_report_em/run_id=62bbe9df-6ed8-48d5-a06b-10fb90171ee0/symbol=002600/data.parquet,
62bbe9df-6ed8-48d5-a06b-10fb90171ee0,002600,balance_sheet_report,2015-06-30,2015-08-28,2026-07-27,False,available,data/raw/stock_balance_sheet_by_report_em/run_id=62bbe9df-6ed8-48d5-a06b-10fb90171ee0/symbol=002600/data.parquet,
62bbe9df-6ed8-48d5-a06b-10fb90171ee0,002600,balance_sheet_report,2015-03-31,2015-04-27,2026-07-27,False,available,data/raw/stock_balance_sheet_by_report_em/run_id=62bbe9df-6ed8-48d5-a06b-10fb90171ee0/symbol=002600/data.parquet,
62bbe9df-6ed8-48d5-a06b-10fb90171ee0,002600,balance_sheet_report,2014-12-31,2015-03-10,2026-07-27,False,available,data/raw/stock_balance_sheet_by_report_em/run_id=62bbe9df-6ed8-48d5-a06b-10fb90171ee0/symbol=002600/data.parquet,
62bbe9df-6ed8-48d5-a06b-10fb90171ee0,002600,balance_sheet_report,2014-09-30,2014-10-30,2026-07-27,False,available,data/raw/stock_balance_sheet_by_report_em/run_id=62bbe9df-6ed8-48d5-a06b-10fb90171ee0/symbol=002600/data.parquet,
62bbe9df-6ed8-48d5-a06b-10fb90171ee0,002600,balance_sheet_report,2014-06-30,2014-08-18,2026-07-27,False,available,data/raw/stock_balance_sheet_by_report_em/run_id=62bbe9df-6ed8-48d5-a06b-10fb90171ee0/symbol=002600/data.parquet,
62bbe9df-6ed8-48d5-a06b-10fb90171ee0,002600,balance_sheet_report,2014-03-31,2014-04-25,2026-07-27,False,available,data/raw/stock_balance_sheet_by_report_em/run_id=62bbe9df-6ed8-48d5-a06b-10fb90171ee0/symbol=002600/data.parquet,
62bbe9df-6ed8-48d5-a06b-10fb90171ee0,002600,balance_sheet_report,2013-12-31,2014-04-25,2026-07-27,False,available,data/raw/stock_balance_sheet_by_report_em/run_id=62bbe9df-6ed8-48d5-a06b-10fb90171ee0/symbol=002600/data.parquet,
62bbe9df-6ed8-48d5-a06b-10fb90171ee0,002600,balance_sheet_report,2013-09-30,2013-10-29,2026-07-27,False,available,data/raw/stock_balance_sheet_by_report_em/run_id=62bbe9df-6ed8-48d5-a06b-10fb90171ee0/symbol=002600/data.parquet,
62bbe9df-6ed8-48d5-a06b-10fb90171ee0,002600,balance_sheet_report,2013-06-30,2013-08-28,2026-07-27,False,available,data/raw/stock_balance_sheet_by_report_em/run_id=62bbe9df-6ed8-48d5-a06b-10fb90171ee0/symbol=002600/data.parquet,
62bbe9df-6ed8-48d5-a06b-10fb90171ee0,002600,balance_sheet_report,2013-03-31,2013-04-23,2026-07-27,False,available,data/raw/stock_balance_sheet_by_report_em/run_id=62bbe9df-6ed8-48d5-a06b-10fb90171ee0/symbol=002600/data.parquet,
62bbe9df-6ed8-48d5-a06b-10fb90171ee0,002600,balance_sheet_report,2012-12-31,2013-04-23,2026-07-27,False,available,data/raw/stock_balance_sheet_by_report_em/run_id=62bbe9df-6ed8-48d5-a06b-10fb90171ee0/symbol=002600/data.parquet,
62bbe9df-6ed8-48d5-a06b-10fb90171ee0,002600,balance_sheet_report,2012-09-30,2012-10-25,2026-07-27,False,available,data/raw/stock_balance_sheet_by_report_em/run_id=62bbe9df-6ed8-48d5-a06b-10fb90171ee0/symbol=002600/data.parquet,
62bbe9df-6ed8-48d5-a06b-10fb90171ee0,002600,balance_sheet_report,2012-06-30,2012-08-23,2026-07-27,False,available,data/raw/stock_balance_sheet_by_report_em/run_id=62bbe9df-6ed8-48d5-a06b-10fb90171ee0/symbol=002600/data.parquet,
62bbe9df-6ed8-48d5-a06b-10fb90171ee0,002600,balance_sheet_report,2012-03-31,2012-04-25,2026-07-27,False,available,data/raw/stock_balance_sheet_by_report_em/run_id=62bbe9df-6ed8-48d5-a06b-10fb90171ee0/symbol=002600/data.parquet,
62bbe9df-6ed8-48d5-a06b-10fb90171ee0,002600,balance_sheet_report,2011-12-31,2012-04-25,2026-07-27,False,available,data/raw/stock_balance_sheet_by_report_em/run_id=62bbe9df-6ed8-48d5-a06b-10fb90171ee0/symbol=002600/data.parquet,
62bbe9df-6ed8-48d5-a06b-10fb90171ee0,002600,balance_sheet_report,2011-09-30,2011-10-26,2026-07-27,False,available,data/raw/stock_balance_sheet_by_report_em/run_id=62bbe9df-6ed8-48d5-a06b-10fb90171ee0/symbol=002600/data.parquet,
62bbe9df-6ed8-48d5-a06b-10fb90171ee0,002600,balance_sheet_report,2011-06-30,2011-08-24,2026-07-27,False,available,data/raw/stock_balance_sheet_by_report_em/run_id=62bbe9df-6ed8-48d5-a06b-10fb90171ee0/symbol=002600/data.parquet,
62bbe9df-6ed8-48d5-a06b-10fb90171ee0,002600,balance_sheet_report,2011-03-31,2011-07-14,2026-07-27,False,available,data/raw/stock_balance_sheet_by_report_em/run_id=62bbe9df-6ed8-48d5-a06b-10fb90171ee0/symbol=002600/data.parquet,
62bbe9df-6ed8-48d5-a06b-10fb90171ee0,002600,balance_sheet_report,2010-12-31,2012-04-25,2026-07-27,False,available,data/raw/stock_balance_sheet_by_report_em/run_id=62bbe9df-6ed8-48d5-a06b-10fb90171ee0/symbol=002600/data.parquet,
62bbe9df-6ed8-48d5-a06b-10fb90171ee0,002600,balance_sheet_report,2009-12-31,2011-06-28,2026-07-27,False,available,data/raw/stock_balance_sheet_by_report_em/run_id=62bbe9df-6ed8-48d5-a06b-10fb90171ee0/symbol=002600/data.parquet,
62bbe9df-6ed8-48d5-a06b-10fb90171ee0,002600,balance_sheet_report,2008-12-31,2011-06-28,2026-07-27,False,available,data/raw/stock_balance_sheet_by_report_em/run_id=62bbe9df-6ed8-48d5-a06b-10fb90171ee0/symbol=002600/data.parquet,
62bbe9df-6ed8-48d5-a06b-10fb90171ee0,002600,profit_sheet_report,2026-03-31,2026-04-30,2026-07-27,False,available,data/raw/stock_profit_sheet_by_report_em/run_id=62bbe9df-6ed8-48d5-a06b-10fb90171ee0/symbol=002600/data.parquet,
62bbe9df-6ed8-48d5-a06b-10fb90171ee0,002600,profit_sheet_report,2025-12-31,2026-03-28,2026-07-27,False,available,data/raw/stock_profit_sheet_by_report_em/run_id=62bbe9df-6ed8-48d5-a06b-10fb90171ee0/symbol=002600/data.parquet,
62bbe9df-6ed8-48d5-a06b-10fb90171ee0,002600,profit_sheet_report,2025-09-30,2025-10-30,2026-07-27,False,available,data/raw/stock_profit_sheet_by_report_em/run_id=62bbe9df-6ed8-48d5-a06b-10fb90171ee0/symbol=002600/data.parquet,
62bbe9df-6ed8-48d5-a06b-10fb90171ee0,002600,profit_sheet_report,2025-06-30,2025-08-30,2026-07-27,False,available,data/raw/stock_profit_sheet_by_report_em/run_id=62bbe9df-6ed8-48d5-a06b-10fb90171ee0/symbol=002600/data.parquet,
62bbe9df-6ed8-48d5-a06b-10fb90171ee0,002600,profit_sheet_report,2025-03-31,2025-04-29,2026-07-27,False,available,data/raw/stock_profit_sheet_by_report_em/run_id=62bbe9df-6ed8-48d5-a06b-10fb90171ee0/symbol=002600/data.parquet,
62bbe9df-6ed8-48d5-a06b-10fb90171ee0,002600,profit_sheet_report,2024-12-31,2025-03-29,2026-07-27,False,available,data/raw/stock_profit_sheet_by_report_em/run_id=62bbe9df-6ed8-48d5-a06b-10fb90171ee0/symbol=002600/data.parquet,
62bbe9df-6ed8-48d5-a06b-10fb90171ee0,002600,profit_sheet_report,2024-09-30,2024-10-31,2026-07-27,False,available,data/raw/stock_profit_sheet_by_report_em/run_id=62bbe9df-6ed8-48d5-a06b-10fb90171ee0/symbol=002600/data.parquet,
62bbe9df-6ed8-48d5-a06b-10fb90171ee0,002600,profit_sheet_report,2024-06-30,2024-08-30,2026-07-27,False,available,data/raw/stock_profit_sheet_by_report_em/run_id=62bbe9df-6ed8-48d5-a06b-10fb90171ee0/symbol=002600/data.parquet,
62bbe9df-6ed8-48d5-a06b-10fb90171ee0,002600,profit_sheet_report,2024-03-31,2024-04-30,2026-07-27,False,available,data/raw/stock_profit_sheet_by_report_em/run_id=62bbe9df-6ed8-48d5-a06b-10fb90171ee0/symbol=002600/data.parquet,
62bbe9df-6ed8-48d5-a06b-10fb90171ee0,002600,profit_sheet_report,2023-12-31,2024-04-30,2026-07-27,False,available,data/raw/stock_profit_sheet_by_report_em/run_id=62bbe9df-6ed8-48d5-a06b-10fb90171ee0/symbol=002600/data.parquet,
62bbe9df-6ed8-48d5-a06b-10fb90171ee0,002600,profit_sheet_report,2023-09-30,2023-10-28,2026-07-27,False,available,data/raw/stock_profit_sheet_by_report_em/run_id=62bbe9df-6ed8-48d5-a06b-10fb90171ee0/symbol=002600/data.parquet,
62bbe9df-6ed8-48d5-a06b-10fb90171ee0,002600,profit_sheet_report,2023-06-30,2023-08-25,2026-07-27,False,available,data/raw/stock_profit_sheet_by_report_em/run_id=62bbe9df-6ed8-48d5-a06b-10fb90171ee0/symbol=002600/data.parquet,
62bbe9df-6ed8-48d5-a06b-10fb90171ee0,002600,profit_sheet_report,2023-03-31,2023-04-29,2026-07-27,False,available,data/raw/stock_profit_sheet_by_report_em/run_id=62bbe9df-6ed8-48d5-a06b-10fb90171ee0/symbol=002600/data.parquet,
62bbe9df-6ed8-48d5-a06b-10fb90171ee0,002600,profit_sheet_report,2022-12-31,2023-04-29,2026-07-27,False,available,data/raw/stock_profit_sheet_by_report_em/run_id=62bbe9df-6ed8-48d5-a06b-10fb90171ee0/symbol=002600/data.parquet,
62bbe9df-6ed8-48d5-a06b-10fb90171ee0,002600,profit_sheet_report,2022-09-30,2022-10-29,2026-07-27,False,available,data/raw/stock_profit_sheet_by_report_em/run_id=62bbe9df-6ed8-48d5-a06b-10fb90171ee0/symbol=002600/data.parquet,
62bbe9df-6ed8-48d5-a06b-10fb90171ee0,002600,profit_sheet_report,2022-06-30,2022-08-26,2026-07-27,False,available,data/raw/stock_profit_sheet_by_report_em/run_id=62bbe9df-6ed8-48d5-a06b-10fb90171ee0/symbol=002600/data.parquet,
62bbe9df-6ed8-48d5-a06b-10fb90171ee0,002600,profit_sheet_report,2022-03-31,2022-04-28,2026-07-27,False,available,data/raw/stock_profit_sheet_by_report_em/run_id=62bbe9df-6ed8-48d5-a06b-10fb90171ee0/symbol=002600/data.parquet,
62bbe9df-6ed8-48d5-a06b-10fb90171ee0,002600,profit_sheet_report,2021-12-31,2022-04-08,2026-07-27,False,available,data/raw/stock_profit_sheet_by_report_em/run_id=62bbe9df-6ed8-48d5-a06b-10fb90171ee0/symbol=002600/data.parquet,
62bbe9df-6ed8-48d5-a06b-10fb90171ee0,002600,profit_sheet_report,2021-09-30,2021-10-29,2026-07-27,False,available,data/raw/stock_profit_sheet_by_report_em/run_id=62bbe9df-6ed8-48d5-a06b-10fb90171ee0/symbol=002600/data.parquet,
62bbe9df-6ed8-48d5-a06b-10fb90171ee0,002600,profit_sheet_report,2021-06-30,2021-08-27,2026-07-27,False,available,data/raw/stock_profit_sheet_by_report_em/run_id=62bbe9df-6ed8-48d5-a06b-10fb90171ee0/symbol=002600/data.parquet,
62bbe9df-6ed8-48d5-a06b-10fb90171ee0,002600,profit_sheet_report,2021-03-31,2021-04-28,2026-07-27,False,available,data/raw/stock_profit_sheet_by_report_em/run_id=62bbe9df-6ed8-48d5-a06b-10fb90171ee0/symbol=002600/data.parquet,
62bbe9df-6ed8-48d5-a06b-10fb90171ee0,002600,profit_sheet_report,2020-12-31,2021-03-31,2026-07-27,False,available,data/raw/stock_profit_sheet_by_report_em/run_id=62bbe9df-6ed8-48d5-a06b-10fb90171ee0/symbol=002600/data.parquet,
62bbe9df-6ed8-48d5-a06b-10fb90171ee0,002600,profit_sheet_report,2020-09-30,2020-10-28,2026-07-27,False,available,data/raw/stock_profit_sheet_by_report_em/run_id=62bbe9df-6ed8-48d5-a06b-10fb90171ee0/symbol=002600/data.parquet,
62bbe9df-6ed8-48d5-a06b-10fb90171ee0,002600,profit_sheet_report,2020-06-30,2020-07-31,2026-07-27,False,available,data/raw/stock_profit_sheet_by_report_em/run_id=62bbe9df-6ed8-48d5-a06b-10fb90171ee0/symbol=002600/data.parquet,
62bbe9df-6ed8-48d5-a06b-10fb90171ee0,002600,profit_sheet_report,2020-03-31,2020-04-30,2026-07-27,False,available,data/raw/stock_profit_sheet_by_report_em/run_id=62bbe9df-6ed8-48d5-a06b-10fb90171ee0/symbol=002600/data.parquet,
62bbe9df-6ed8-48d5-a06b-10fb90171ee0,002600,profit_sheet_report,2019-12-31,2020-04-30,2026-07-27,False,available,data/raw/stock_profit_sheet_by_report_em/run_id=62bbe9df-6ed8-48d5-a06b-10fb90171ee0/symbol=002600/data.parquet,
62bbe9df-6ed8-48d5-a06b-10fb90171ee0,002600,profit_sheet_report,2019-09-30,2019-10-29,2026-07-27,False,available,data/raw/stock_profit_sheet_by_report_em/run_id=62bbe9df-6ed8-48d5-a06b-10fb90171ee0/symbol=002600/data.parquet,
62bbe9df-6ed8-48d5-a06b-10fb90171ee0,002600,profit_sheet_report,2019-06-30,2019-08-26,2026-07-27,False,available,data/raw/stock_profit_sheet_by_report_em/run_id=62bbe9df-6ed8-48d5-a06b-10fb90171ee0/symbol=002600/data.parquet,
62bbe9df-6ed8-48d5-a06b-10fb90171ee0,002600,profit_sheet_report,2019-03-31,2019-04-20,2026-07-27,False,available,data/raw/stock_profit_sheet_by_report_em/run_id=62bbe9df-6ed8-48d5-a06b-10fb90171ee0/symbol=002600/data.parquet,
62bbe9df-6ed8-48d5-a06b-10fb90171ee0,002600,profit_sheet_report,2018-12-31,2019-04-20,2026-07-27,False,available,data/raw/stock_profit_sheet_by_report_em/run_id=62bbe9df-6ed8-48d5-a06b-10fb90171ee0/symbol=002600/data.parquet,
62bbe9df-6ed8-48d5-a06b-10fb90171ee0,002600,profit_sheet_report,2018-09-30,2018-10-30,2026-07-27,False,available,data/raw/stock_profit_sheet_by_report_em/run_id=62bbe9df-6ed8-48d5-a06b-10fb90171ee0/symbol=002600/data.parquet,
62bbe9df-6ed8-48d5-a06b-10fb90171ee0,002600,profit_sheet_report,2018-06-30,2018-08-27,2026-07-27,False,available,data/raw/stock_profit_sheet_by_report_em/run_id=62bbe9df-6ed8-48d5-a06b-10fb90171ee0/symbol=002600/data.parquet,
62bbe9df-6ed8-48d5-a06b-10fb90171ee0,002600,profit_sheet_report,2018-03-31,2018-04-28,2026-07-27,False,available,data/raw/stock_profit_sheet_by_report_em/run_id=62bbe9df-6ed8-48d5-a06b-10fb90171ee0/symbol=002600/data.parquet,
62bbe9df-6ed8-48d5-a06b-10fb90171ee0,002600,profit_sheet_report,2017-12-31,2018-04-28,2026-07-27,False,available,data/raw/stock_profit_sheet_by_report_em/run_id=62bbe9df-6ed8-48d5-a06b-10fb90171ee0/symbol=002600/data.parquet,
62bbe9df-6ed8-48d5-a06b-10fb90171ee0,002600,profit_sheet_report,2017-09-30,2017-10-30,2026-07-27,False,available,data/raw/stock_profit_sheet_by_report_em/run_id=62bbe9df-6ed8-48d5-a06b-10fb90171ee0/symbol=002600/data.parquet,
62bbe9df-6ed8-48d5-a06b-10fb90171ee0,002600,profit_sheet_report,2017-06-30,2017-08-29,2026-07-27,False,available,data/raw/stock_profit_sheet_by_report_em/run_id=62bbe9df-6ed8-48d5-a06b-10fb90171ee0/symbol=002600/data.parquet,
62bbe9df-6ed8-48d5-a06b-10fb90171ee0,002600,profit_sheet_report,2017-03-31,2017-04-28,2026-07-27,False,available,data/raw/stock_profit_sheet_by_report_em/run_id=62bbe9df-6ed8-48d5-a06b-10fb90171ee0/symbol=002600/data.parquet,
62bbe9df-6ed8-48d5-a06b-10fb90171ee0,002600,profit_sheet_report,2016-12-31,2017-04-28,2026-07-27,False,available,data/raw/stock_profit_sheet_by_report_em/run_id=62bbe9df-6ed8-48d5-a06b-10fb90171ee0/symbol=002600/data.parquet,
62bbe9df-6ed8-48d5-a06b-10fb90171ee0,002600,profit_sheet_report,2016-09-30,2016-10-25,2026-07-27,False,available,data/raw/stock_profit_sheet_by_report_em/run_id=62bbe9df-6ed8-48d5-a06b-10fb90171ee0/symbol=002600/data.parquet,
62bbe9df-6ed8-48d5-a06b-10fb90171ee0,002600,profit_sheet_report,2016-06-30,2016-08-29,2026-07-27,False,available,data/raw/stock_profit_sheet_by_report_em/run_id=62bbe9df-6ed8-48d5-a06b-10fb90171ee0/symbol=002600/data.parquet,
62bbe9df-6ed8-48d5-a06b-10fb90171ee0,002600,profit_sheet_report,2016-03-31,2016-04-29,2026-07-27,False,available,data/raw/stock_profit_sheet_by_report_em/run_id=62bbe9df-6ed8-48d5-a06b-10fb90171ee0/symbol=002600/data.parquet,
62bbe9df-6ed8-48d5-a06b-10fb90171ee0,002600,profit_sheet_report,2015-12-31,2016-04-22,2026-07-27,False,available,data/raw/stock_profit_sheet_by_report_em/run_id=62bbe9df-6ed8-48d5-a06b-10fb90171ee0/symbol=002600/data.parquet,
62bbe9df-6ed8-48d5-a06b-10fb90171ee0,002600,profit_sheet_report,2015-09-30,2015-10-30,2026-07-27,False,available,data/raw/stock_profit_sheet_by_report_em/run_id=62bbe9df-6ed8-48d5-a06b-10fb90171ee0/symbol=002600/data.parquet,
62bbe9df-6ed8-48d5-a06b-10fb90171ee0,002600,profit_sheet_report,2015-06-30,2015-08-28,2026-07-27,False,available,data/raw/stock_profit_sheet_by_report_em/run_id=62bbe9df-6ed8-48d5-a06b-10fb90171ee0/symbol=002600/data.parquet,
62bbe9df-6ed8-48d5-a06b-10fb90171ee0,002600,profit_sheet_report,2015-03-31,2015-04-27,2026-07-27,False,available,data/raw/stock_profit_sheet_by_report_em/run_id=62bbe9df-6ed8-48d5-a06b-10fb90171ee0/symbol=002600/data.parquet,
62bbe9df-6ed8-48d5-a06b-10fb90171ee0,002600,profit_sheet_report,2014-12-31,2015-03-10,2026-07-27,False,available,data/raw/stock_profit_sheet_by_report_em/run_id=62bbe9df-6ed8-48d5-a06b-10fb90171ee0/symbol=002600/data.parquet,
62bbe9df-6ed8-48d5-a06b-10fb90171ee0,002600,profit_sheet_report,2014-09-30,2014-10-30,2026-07-27,False,available,data/raw/stock_profit_sheet_by_report_em/run_id=62bbe9df-6ed8-48d5-a06b-10fb90171ee0/symbol=002600/data.parquet,
62bbe9df-6ed8-48d5-a06b-10fb90171ee0,002600,profit_sheet_report,2014-06-30,2014-08-18,2026-07-27,False,available,data/raw/stock_profit_sheet_by_report_em/run_id=62bbe9df-6ed8-48d5-a06b-10fb90171ee0/symbol=002600/data.parquet,
62bbe9df-6ed8-48d5-a06b-10fb90171ee0,002600,profit_sheet_report,2014-03-31,2014-04-25,2026-07-27,False,available,data/raw/stock_profit_sheet_by_report_em/run_id=62bbe9df-6ed8-48d5-a06b-10fb90171ee0/symbol=002600/data.parquet,
62bbe9df-6ed8-48d5-a06b-10fb90171ee0,002600,profit_sheet_report,2013-12-31,2014-04-25,2026-07-27,False,available,data/raw/stock_profit_sheet_by_report_em/run_id=62bbe9df-6ed8-48d5-a06b-10fb90171ee0/symbol=002600/data.parquet,
62bbe9df-6ed8-48d5-a06b-10fb90171ee0,002600,profit_sheet_report,2013-09-30,2013-10-29,2026-07-27,False,available,data/raw/stock_profit_sheet_by_report_em/run_id=62bbe9df-6ed8-48d5-a06b-10fb90171ee0/symbol=002600/data.parquet,
62bbe9df-6ed8-48d5-a06b-10fb90171ee0,002600,profit_sheet_report,2013-06-30,2013-08-28,2026-07-27,False,available,data/raw/stock_profit_sheet_by_report_em/run_id=62bbe9df-6ed8-48d5-a06b-10fb90171ee0/symbol=002600/data.parquet,
62bbe9df-6ed8-48d5-a06b-10fb90171ee0,002600,profit_sheet_report,2013-03-31,2013-04-23,2026-07-27,False,available,data/raw/stock_profit_sheet_by_report_em/run_id=62bbe9df-6ed8-48d5-a06b-10fb90171ee0/symbol=002600/data.parquet,
62bbe9df-6ed8-48d5-a06b-10fb90171ee0,002600,profit_sheet_report,2012-12-31,2013-04-23,2026-07-27,False,available,data/raw/stock_profit_sheet_by_report_em/run_id=62bbe9df-6ed8-48d5-a06b-10fb90171ee0/symbol=002600/data.parquet,
62bbe9df-6ed8-48d5-a06b-10fb90171ee0,002600,profit_sheet_report,2012-09-30,2012-10-25,2026-07-27,False,available,data/raw/stock_profit_sheet_by_report_em/run_id=62bbe9df-6ed8-48d5-a06b-10fb90171ee0/symbol=002600/data.parquet,
62bbe9df-6ed8-48d5-a06b-10fb90171ee0,002600,profit_sheet_report,2012-06-30,2012-08-23,2026-07-27,False,available,data/raw/stock_profit_sheet_by_report_em/run_id=62bbe9df-6ed8-48d5-a06b-10fb90171ee0/symbol=002600/data.parquet,
62bbe9df-6ed8-48d5-a06b-10fb90171ee0,002600,profit_sheet_report,2012-03-31,2012-04-25,2026-07-27,False,available,data/raw/stock_profit_sheet_by_report_em/run_id=62bbe9df-6ed8-48d5-a06b-10fb90171ee0/symbol=002600/data.parquet,
62bbe9df-6ed8-48d5-a06b-10fb90171ee0,002600,profit_sheet_report,2011-12-31,2012-04-25,2026-07-27,False,available,data/raw/stock_profit_sheet_by_report_em/run_id=62bbe9df-6ed8-48d5-a06b-10fb90171ee0/symbol=002600/data.parquet,
62bbe9df-6ed8-48d5-a06b-10fb90171ee0,002600,profit_sheet_report,2011-09-30,2011-10-26,2026-07-27,False,available,data/raw/stock_profit_sheet_by_report_em/run_id=62bbe9df-6ed8-48d5-a06b-10fb90171ee0/symbol=002600/data.parquet,
62bbe9df-6ed8-48d5-a06b-10fb90171ee0,002600,profit_sheet_report,2011-06-30,2011-08-24,2026-07-27,False,available,data/raw/stock_profit_sheet_by_report_em/run_id=62bbe9df-6ed8-48d5-a06b-10fb90171ee0/symbol=002600/data.parquet,
62bbe9df-6ed8-48d5-a06b-10fb90171ee0,002600,profit_sheet_report,2011-03-31,2012-04-25,2026-07-27,False,available,data/raw/stock_profit_sheet_by_report_em/run_id=62bbe9df-6ed8-48d5-a06b-10fb90171ee0/symbol=002600/data.parquet,
62bbe9df-6ed8-48d5-a06b-10fb90171ee0,002600,profit_sheet_report,2010-12-31,2012-04-25,2026-07-27,False,available,data/raw/stock_profit_sheet_by_report_em/run_id=62bbe9df-6ed8-48d5-a06b-10fb90171ee0/symbol=002600/data.parquet,
62bbe9df-6ed8-48d5-a06b-10fb90171ee0,002600,profit_sheet_report,2010-09-30,2011-10-26,2026-07-27,False,available,data/raw/stock_profit_sheet_by_report_em/run_id=62bbe9df-6ed8-48d5-a06b-10fb90171ee0/symbol=002600/data.parquet,
62bbe9df-6ed8-48d5-a06b-10fb90171ee0,002600,profit_sheet_report,2010-06-30,2011-08-24,2026-07-27,False,available,data/raw/stock_profit_sheet_by_report_em/run_id=62bbe9df-6ed8-48d5-a06b-10fb90171ee0/symbol=002600/data.parquet,
62bbe9df-6ed8-48d5-a06b-10fb90171ee0,002600,profit_sheet_report,2010-03-31,2011-07-14,2026-07-27,False,available,data/raw/stock_profit_sheet_by_report_em/run_id=62bbe9df-6ed8-48d5-a06b-10fb90171ee0/symbol=002600/data.parquet,
62bbe9df-6ed8-48d5-a06b-10fb90171ee0,002600,profit_sheet_report,2009-12-31,2011-06-28,2026-07-27,False,available,data/raw/stock_profit_sheet_by_report_em/run_id=62bbe9df-6ed8-48d5-a06b-10fb90171ee0/symbol=002600/data.parquet,
62bbe9df-6ed8-48d5-a06b-10fb90171ee0,002600,profit_sheet_report,2008-12-31,2011-06-28,2026-07-27,False,available,data/raw/stock_profit_sheet_by_report_em/run_id=62bbe9df-6ed8-48d5-a06b-10fb90171ee0/symbol=002600/data.parquet,
62bbe9df-6ed8-48d5-a06b-10fb90171ee0,002600,cashflow_sheet_report,2026-03-31,2026-04-30,2026-07-27,False,available,data/raw/stock_cash_flow_sheet_by_report_em/run_id=62bbe9df-6ed8-48d5-a06b-10fb90171ee0/symbol=002600/data.parquet,
62bbe9df-6ed8-48d5-a06b-10fb90171ee0,002600,cashflow_sheet_report,2025-12-31,2026-03-28,2026-07-27,False,available,data/raw/stock_cash_flow_sheet_by_report_em/run_id=62bbe9df-6ed8-48d5-a06b-10fb90171ee0/symbol=002600/data.parquet,
62bbe9df-6ed8-48d5-a06b-10fb90171ee0,002600,cashflow_sheet_report,2025-09-30,2025-10-30,2026-07-27,False,available,data/raw/stock_cash_flow_sheet_by_report_em/run_id=62bbe9df-6ed8-48d5-a06b-10fb90171ee0/symbol=002600/data.parquet,
62bbe9df-6ed8-48d5-a06b-10fb90171ee0,002600,cashflow_sheet_report,2025-06-30,2025-08-30,2026-07-27,False,available,data/raw/stock_cash_flow_sheet_by_report_em/run_id=62bbe9df-6ed8-48d5-a06b-10fb90171ee0/symbol=002600/data.parquet,
62bbe9df-6ed8-48d5-a06b-10fb90171ee0,002600,cashflow_sheet_report,2025-03-31,2025-04-29,2026-07-27,False,available,data/raw/stock_cash_flow_sheet_by_report_em/run_id=62bbe9df-6ed8-48d5-a06b-10fb90171ee0/symbol=002600/data.parquet,
62bbe9df-6ed8-48d5-a06b-10fb90171ee0,002600,cashflow_sheet_report,2024-12-31,2025-03-29,2026-07-27,False,available,data/raw/stock_cash_flow_sheet_by_report_em/run_id=62bbe9df-6ed8-48d5-a06b-10fb90171ee0/symbol=002600/data.parquet,
62bbe9df-6ed8-48d5-a06b-10fb90171ee0,002600,cashflow_sheet_report,2024-09-30,2024-10-31,2026-07-27,False,available,data/raw/stock_cash_flow_sheet_by_report_em/run_id=62bbe9df-6ed8-48d5-a06b-10fb90171ee0/symbol=002600/data.parquet,
62bbe9df-6ed8-48d5-a06b-10fb90171ee0,002600,cashflow_sheet_report,2024-06-30,2024-08-30,2026-07-27,False,available,data/raw/stock_cash_flow_sheet_by_report_em/run_id=62bbe9df-6ed8-48d5-a06b-10fb90171ee0/symbol=002600/data.parquet,
62bbe9df-6ed8-48d5-a06b-10fb90171ee0,002600,cashflow_sheet_report,2024-03-31,2024-04-30,2026-07-27,False,available,data/raw/stock_cash_flow_sheet_by_report_em/run_id=62bbe9df-6ed8-48d5-a06b-10fb90171ee0/symbol=002600/data.parquet,
62bbe9df-6ed8-48d5-a06b-10fb90171ee0,002600,cashflow_sheet_report,2023-12-31,2024-04-30,2026-07-27,False,available,data/raw/stock_cash_flow_sheet_by_report_em/run_id=62bbe9df-6ed8-48d5-a06b-10fb90171ee0/symbol=002600/data.parquet,
62bbe9df-6ed8-48d5-a06b-10fb90171ee0,002600,cashflow_sheet_report,2023-09-30,2023-10-28,2026-07-27,False,available,data/raw/stock_cash_flow_sheet_by_report_em/run_id=62bbe9df-6ed8-48d5-a06b-10fb90171ee0/symbol=002600/data.parquet,
62bbe9df-6ed8-48d5-a06b-10fb90171ee0,002600,cashflow_sheet_report,2023-06-30,2023-08-25,2026-07-27,False,available,data/raw/stock_cash_flow_sheet_by_report_em/run_id=62bbe9df-6ed8-48d5-a06b-10fb90171ee0/symbol=002600/data.parquet,
62bbe9df-6ed8-48d5-a06b-10fb90171ee0,002600,cashflow_sheet_report,2023-03-31,2023-04-29,2026-07-27,False,available,data/raw/stock_cash_flow_sheet_by_report_em/run_id=62bbe9df-6ed8-48d5-a06b-10fb90171ee0/symbol=002600/data.parquet,
62bbe9df-6ed8-48d5-a06b-10fb90171ee0,002600,cashflow_sheet_report,2022-12-31,2023-04-29,2026-07-27,False,available,data/raw/stock_cash_flow_sheet_by_report_em/run_id=62bbe9df-6ed8-48d5-a06b-10fb90171ee0/symbol=002600/data.parquet,
62bbe9df-6ed8-48d5-a06b-10fb90171ee0,002600,cashflow_sheet_report,2022-09-30,2022-10-29,2026-07-27,False,available,data/raw/stock_cash_flow_sheet_by_report_em/run_id=62bbe9df-6ed8-48d5-a06b-10fb90171ee0/symbol=002600/data.parquet,
62bbe9df-6ed8-48d5-a06b-10fb90171ee0,002600,cashflow_sheet_report,2022-06-30,2022-08-26,2026-07-27,False,available,data/raw/stock_cash_flow_sheet_by_report_em/run_id=62bbe9df-6ed8-48d5-a06b-10fb90171ee0/symbol=002600/data.parquet,
62bbe9df-6ed8-48d5-a06b-10fb90171ee0,002600,cashflow_sheet_report,2022-03-31,2022-04-28,2026-07-27,False,available,data/raw/stock_cash_flow_sheet_by_report_em/run_id=62bbe9df-6ed8-48d5-a06b-10fb90171ee0/symbol=002600/data.parquet,
62bbe9df-6ed8-48d5-a06b-10fb90171ee0,002600,cashflow_sheet_report,2021-12-31,2022-04-08,2026-07-27,False,available,data/raw/stock_cash_flow_sheet_by_report_em/run_id=62bbe9df-6ed8-48d5-a06b-10fb90171ee0/symbol=002600/data.parquet,
62bbe9df-6ed8-48d5-a06b-10fb90171ee0,002600,cashflow_sheet_report,2021-09-30,2021-10-29,2026-07-27,False,available,data/raw/stock_cash_flow_sheet_by_report_em/run_id=62bbe9df-6ed8-48d5-a06b-10fb90171ee0/symbol=002600/data.parquet,
62bbe9df-6ed8-48d5-a06b-10fb90171ee0,002600,cashflow_sheet_report,2021-06-30,2021-08-27,2026-07-27,False,available,data/raw/stock_cash_flow_sheet_by_report_em/run_id=62bbe9df-6ed8-48d5-a06b-10fb90171ee0/symbol=002600/data.parquet,
62bbe9df-6ed8-48d5-a06b-10fb90171ee0,002600,cashflow_sheet_report,2021-03-31,2021-04-28,2026-07-27,False,available,data/raw/stock_cash_flow_sheet_by_report_em/run_id=62bbe9df-6ed8-48d5-a06b-10fb90171ee0/symbol=002600/data.parquet,
62bbe9df-6ed8-48d5-a06b-10fb90171ee0,002600,cashflow_sheet_report,2020-12-31,2021-03-31,2026-07-27,False,available,data/raw/stock_cash_flow_sheet_by_report_em/run_id=62bbe9df-6ed8-48d5-a06b-10fb90171ee0/symbol=002600/data.parquet,
62bbe9df-6ed8-48d5-a06b-10fb90171ee0,002600,cashflow_sheet_report,2020-09-30,2020-10-28,2026-07-27,False,available,data/raw/stock_cash_flow_sheet_by_report_em/run_id=62bbe9df-6ed8-48d5-a06b-10fb90171ee0/symbol=002600/data.parquet,
62bbe9df-6ed8-48d5-a06b-10fb90171ee0,002600,cashflow_sheet_report,2020-06-30,2020-07-31,2026-07-27,False,available,data/raw/stock_cash_flow_sheet_by_report_em/run_id=62bbe9df-6ed8-48d5-a06b-10fb90171ee0/symbol=002600/data.parquet,
62bbe9df-6ed8-48d5-a06b-10fb90171ee0,002600,cashflow_sheet_report,2020-03-31,2020-04-30,2026-07-27,False,available,data/raw/stock_cash_flow_sheet_by_report_em/run_id=62bbe9df-6ed8-48d5-a06b-10fb90171ee0/symbol=002600/data.parquet,
62bbe9df-6ed8-48d5-a06b-10fb90171ee0,002600,cashflow_sheet_report,2019-12-31,2020-04-30,2026-07-27,False,available,data/raw/stock_cash_flow_sheet_by_report_em/run_id=62bbe9df-6ed8-48d5-a06b-10fb90171ee0/symbol=002600/data.parquet,
62bbe9df-6ed8-48d5-a06b-10fb90171ee0,002600,cashflow_sheet_report,2019-09-30,2019-10-29,2026-07-27,False,available,data/raw/stock_cash_flow_sheet_by_report_em/run_id=62bbe9df-6ed8-48d5-a06b-10fb90171ee0/symbol=002600/data.parquet,
62bbe9df-6ed8-48d5-a06b-10fb90171ee0,002600,cashflow_sheet_report,2019-06-30,2019-08-26,2026-07-27,False,available,data/raw/stock_cash_flow_sheet_by_report_em/run_id=62bbe9df-6ed8-48d5-a06b-10fb90171ee0/symbol=002600/data.parquet,
62bbe9df-6ed8-48d5-a06b-10fb90171ee0,002600,cashflow_sheet_report,2019-03-31,2019-04-20,2026-07-27,False,available,data/raw/stock_cash_flow_sheet_by_report_em/run_id=62bbe9df-6ed8-48d5-a06b-10fb90171ee0/symbol=002600/data.parquet,
62bbe9df-6ed8-48d5-a06b-10fb90171ee0,002600,cashflow_sheet_report,2018-12-31,2019-04-20,2026-07-27,False,available,data/raw/stock_cash_flow_sheet_by_report_em/run_id=62bbe9df-6ed8-48d5-a06b-10fb90171ee0/symbol=002600/data.parquet,
62bbe9df-6ed8-48d5-a06b-10fb90171ee0,002600,cashflow_sheet_report,2018-09-30,2018-10-30,2026-07-27,False,available,data/raw/stock_cash_flow_sheet_by_report_em/run_id=62bbe9df-6ed8-48d5-a06b-10fb90171ee0/symbol=002600/data.parquet,
62bbe9df-6ed8-48d5-a06b-10fb90171ee0,002600,cashflow_sheet_report,2018-06-30,2018-08-27,2026-07-27,False,available,data/raw/stock_cash_flow_sheet_by_report_em/run_id=62bbe9df-6ed8-48d5-a06b-10fb90171ee0/symbol=002600/data.parquet,
62bbe9df-6ed8-48d5-a06b-10fb90171ee0,002600,cashflow_sheet_report,2018-03-31,2018-04-28,2026-07-27,False,available,data/raw/stock_cash_flow_sheet_by_report_em/run_id=62bbe9df-6ed8-48d5-a06b-10fb90171ee0/symbol=002600/data.parquet,
62bbe9df-6ed8-48d5-a06b-10fb90171ee0,002600,cashflow_sheet_report,2017-12-31,2018-04-28,2026-07-27,False,available,data/raw/stock_cash_flow_sheet_by_report_em/run_id=62bbe9df-6ed8-48d5-a06b-10fb90171ee0/symbol=002600/data.parquet,
62bbe9df-6ed8-48d5-a06b-10fb90171ee0,002600,cashflow_sheet_report,2017-09-30,2017-10-30,2026-07-27,False,available,data/raw/stock_cash_flow_sheet_by_report_em/run_id=62bbe9df-6ed8-48d5-a06b-10fb90171ee0/symbol=002600/data.parquet,
62bbe9df-6ed8-48d5-a06b-10fb90171ee0,002600,cashflow_sheet_report,2017-06-30,2017-08-29,2026-07-27,False,available,data/raw/stock_cash_flow_sheet_by_report_em/run_id=62bbe9df-6ed8-48d5-a06b-10fb90171ee0/symbol=002600/data.parquet,
62bbe9df-6ed8-48d5-a06b-10fb90171ee0,002600,cashflow_sheet_report,2017-03-31,2017-04-28,2026-07-27,False,available,data/raw/stock_cash_flow_sheet_by_report_em/run_id=62bbe9df-6ed8-48d5-a06b-10fb90171ee0/symbol=002600/data.parquet,
62bbe9df-6ed8-48d5-a06b-10fb90171ee0,002600,cashflow_sheet_report,2016-12-31,2017-04-28,2026-07-27,False,available,data/raw/stock_cash_flow_sheet_by_report_em/run_id=62bbe9df-6ed8-48d5-a06b-10fb90171ee0/symbol=002600/data.parquet,
62bbe9df-6ed8-48d5-a06b-10fb90171ee0,002600,cashflow_sheet_report,2016-09-30,2016-10-25,2026-07-27,False,available,data/raw/stock_cash_flow_sheet_by_report_em/run_id=62bbe9df-6ed8-48d5-a06b-10fb90171ee0/symbol=002600/data.parquet,
62bbe9df-6ed8-48d5-a06b-10fb90171ee0,002600,cashflow_sheet_report,2016-06-30,2016-08-29,2026-07-27,False,available,data/raw/stock_cash_flow_sheet_by_report_em/run_id=62bbe9df-6ed8-48d5-a06b-10fb90171ee0/symbol=002600/data.parquet,
62bbe9df-6ed8-48d5-a06b-10fb90171ee0,002600,cashflow_sheet_report,2016-03-31,2016-04-29,2026-07-27,False,available,data/raw/stock_cash_flow_sheet_by_report_em/run_id=62bbe9df-6ed8-48d5-a06b-10fb90171ee0/symbol=002600/data.parquet,
62bbe9df-6ed8-48d5-a06b-10fb90171ee0,002600,cashflow_sheet_report,2015-12-31,2016-04-22,2026-07-27,False,available,data/raw/stock_cash_flow_sheet_by_report_em/run_id=62bbe9df-6ed8-48d5-a06b-10fb90171ee0/symbol=002600/data.parquet,
62bbe9df-6ed8-48d5-a06b-10fb90171ee0,002600,cashflow_sheet_report,2015-09-30,2015-10-30,2026-07-27,False,available,data/raw/stock_cash_flow_sheet_by_report_em/run_id=62bbe9df-6ed8-48d5-a06b-10fb90171ee0/symbol=002600/data.parquet,
62bbe9df-6ed8-48d5-a06b-10fb90171ee0,002600,cashflow_sheet_report,2015-06-30,2015-08-28,2026-07-27,False,available,data/raw/stock_cash_flow_sheet_by_report_em/run_id=62bbe9df-6ed8-48d5-a06b-10fb90171ee0/symbol=002600/data.parquet,
62bbe9df-6ed8-48d5-a06b-10fb90171ee0,002600,cashflow_sheet_report,2015-03-31,2015-04-27,2026-07-27,False,available,data/raw/stock_cash_flow_sheet_by_report_em/run_id=62bbe9df-6ed8-48d5-a06b-10fb90171ee0/symbol=002600/data.parquet,
62bbe9df-6ed8-48d5-a06b-10fb90171ee0,002600,cashflow_sheet_report,2014-12-31,2015-03-10,2026-07-27,False,available,data/raw/stock_cash_flow_sheet_by_report_em/run_id=62bbe9df-6ed8-48d5-a06b-10fb90171ee0/symbol=002600/data.parquet,
62bbe9df-6ed8-48d5-a06b-10fb90171ee0,002600,cashflow_sheet_report,2014-09-30,2014-10-30,2026-07-27,False,available,data/raw/stock_cash_flow_sheet_by_report_em/run_id=62bbe9df-6ed8-48d5-a06b-10fb90171ee0/symbol=002600/data.parquet,
62bbe9df-6ed8-48d5-a06b-10fb90171ee0,002600,cashflow_sheet_report,2014-06-30,2014-08-18,2026-07-27,False,available,data/raw/stock_cash_flow_sheet_by_report_em/run_id=62bbe9df-6ed8-48d5-a06b-10fb90171ee0/symbol=002600/data.parquet,
62bbe9df-6ed8-48d5-a06b-10fb90171ee0,002600,cashflow_sheet_report,2014-03-31,2014-04-25,2026-07-27,False,available,data/raw/stock_cash_flow_sheet_by_report_em/run_id=62bbe9df-6ed8-48d5-a06b-10fb90171ee0/symbol=002600/data.parquet,
62bbe9df-6ed8-48d5-a06b-10fb90171ee0,002600,cashflow_sheet_report,2013-12-31,2014-04-25,2026-07-27,False,available,data/raw/stock_cash_flow_sheet_by_report_em/run_id=62bbe9df-6ed8-48d5-a06b-10fb90171ee0/symbol=002600/data.parquet,
62bbe9df-6ed8-48d5-a06b-10fb90171ee0,002600,cashflow_sheet_report,2013-09-30,2013-10-29,2026-07-27,False,available,data/raw/stock_cash_flow_sheet_by_report_em/run_id=62bbe9df-6ed8-48d5-a06b-10fb90171ee0/symbol=002600/data.parquet,
62bbe9df-6ed8-48d5-a06b-10fb90171ee0,002600,cashflow_sheet_report,2013-06-30,2013-08-28,2026-07-27,False,available,data/raw/stock_cash_flow_sheet_by_report_em/run_id=62bbe9df-6ed8-48d5-a06b-10fb90171ee0/symbol=002600/data.parquet,
62bbe9df-6ed8-48d5-a06b-10fb90171ee0,002600,cashflow_sheet_report,2013-03-31,2013-04-23,2026-07-27,False,available,data/raw/stock_cash_flow_sheet_by_report_em/run_id=62bbe9df-6ed8-48d5-a06b-10fb90171ee0/symbol=002600/data.parquet,
62bbe9df-6ed8-48d5-a06b-10fb90171ee0,002600,cashflow_sheet_report,2012-12-31,2013-04-23,2026-07-27,False,available,data/raw/stock_cash_flow_sheet_by_report_em/run_id=62bbe9df-6ed8-48d5-a06b-10fb90171ee0/symbol=002600/data.parquet,
62bbe9df-6ed8-48d5-a06b-10fb90171ee0,002600,cashflow_sheet_report,2012-09-30,2012-10-25,2026-07-27,False,available,data/raw/stock_cash_flow_sheet_by_report_em/run_id=62bbe9df-6ed8-48d5-a06b-10fb90171ee0/symbol=002600/data.parquet,
62bbe9df-6ed8-48d5-a06b-10fb90171ee0,002600,cashflow_sheet_report,2012-06-30,2012-08-23,2026-07-27,False,available,data/raw/stock_cash_flow_sheet_by_report_em/run_id=62bbe9df-6ed8-48d5-a06b-10fb90171ee0/symbol=002600/data.parquet,
62bbe9df-6ed8-48d5-a06b-10fb90171ee0,002600,cashflow_sheet_report,2012-03-31,2012-04-25,2026-07-27,False,available,data/raw/stock_cash_flow_sheet_by_report_em/run_id=62bbe9df-6ed8-48d5-a06b-10fb90171ee0/symbol=002600/data.parquet,
62bbe9df-6ed8-48d5-a06b-10fb90171ee0,002600,cashflow_sheet_report,2011-12-31,2012-04-25,2026-07-27,False,available,data/raw/stock_cash_flow_sheet_by_report_em/run_id=62bbe9df-6ed8-48d5-a06b-10fb90171ee0/symbol=002600/data.parquet,
62bbe9df-6ed8-48d5-a06b-10fb90171ee0,002600,cashflow_sheet_report,2011-09-30,2011-10-26,2026-07-27,False,available,data/raw/stock_cash_flow_sheet_by_report_em/run_id=62bbe9df-6ed8-48d5-a06b-10fb90171ee0/symbol=002600/data.parquet,
62bbe9df-6ed8-48d5-a06b-10fb90171ee0,002600,cashflow_sheet_report,2011-06-30,2011-08-24,2026-07-27,False,available,data/raw/stock_cash_flow_sheet_by_report_em/run_id=62bbe9df-6ed8-48d5-a06b-10fb90171ee0/symbol=002600/data.parquet,
62bbe9df-6ed8-48d5-a06b-10fb90171ee0,002600,cashflow_sheet_report,2011-03-31,2012-04-25,2026-07-27,False,available,data/raw/stock_cash_flow_sheet_by_report_em/run_id=62bbe9df-6ed8-48d5-a06b-10fb90171ee0/symbol=002600/data.parquet,
62bbe9df-6ed8-48d5-a06b-10fb90171ee0,002600,cashflow_sheet_report,2010-12-31,2012-04-25,2026-07-27,False,available,data/raw/stock_cash_flow_sheet_by_report_em/run_id=62bbe9df-6ed8-48d5-a06b-10fb90171ee0/symbol=002600/data.parquet,
62bbe9df-6ed8-48d5-a06b-10fb90171ee0,002600,cashflow_sheet_report,2010-09-30,2011-10-26,2026-07-27,False,available,data/raw/stock_cash_flow_sheet_by_report_em/run_id=62bbe9df-6ed8-48d5-a06b-10fb90171ee0/symbol=002600/data.parquet,
62bbe9df-6ed8-48d5-a06b-10fb90171ee0,002600,cashflow_sheet_report,2010-06-30,2011-08-24,2026-07-27,False,available,data/raw/stock_cash_flow_sheet_by_report_em/run_id=62bbe9df-6ed8-48d5-a06b-10fb90171ee0/symbol=002600/data.parquet,
62bbe9df-6ed8-48d5-a06b-10fb90171ee0,002600,cashflow_sheet_report,2010-03-31,2011-07-14,2026-07-27,False,available,data/raw/stock_cash_flow_sheet_by_report_em/run_id=62bbe9df-6ed8-48d5-a06b-10fb90171ee0/symbol=002600/data.parquet,
62bbe9df-6ed8-48d5-a06b-10fb90171ee0,002600,cashflow_sheet_report,2009-12-31,2011-06-28,2026-07-27,False,available,data/raw/stock_cash_flow_sheet_by_report_em/run_id=62bbe9df-6ed8-48d5-a06b-10fb90171ee0/symbol=002600/data.parquet,
62bbe9df-6ed8-48d5-a06b-10fb90171ee0,002600,cashflow_sheet_report,2008-12-31,2011-06-28,2026-07-27,False,available,data/raw/stock_cash_flow_sheet_by_report_em/run_id=62bbe9df-6ed8-48d5-a06b-10fb90171ee0/symbol=002600/data.parquet,
62bbe9df-6ed8-48d5-a06b-10fb90171ee0,002230,financial_abstract,,,2026-07-27,False,unavailable,data/raw/stock_financial_abstract/run_id=62bbe9df-6ed8-48d5-a06b-10fb90171ee0/symbol=002230/data.parquet,WARN: report/announcement date could not be paired
62bbe9df-6ed8-48d5-a06b-10fb90171ee0,002230,financial_indicator,,,2026-07-27,False,unavailable,data/raw/stock_financial_analysis_indicator/run_id=62bbe9df-6ed8-48d5-a06b-10fb90171ee0/symbol=002230/data.parquet,WARN: report/announcement date could not be paired
62bbe9df-6ed8-48d5-a06b-10fb90171ee0,002230,balance_sheet_report,2026-03-31,2026-04-29,2026-07-27,False,available,data/raw/stock_balance_sheet_by_report_em/run_id=62bbe9df-6ed8-48d5-a06b-10fb90171ee0/symbol=002230/data.parquet,
62bbe9df-6ed8-48d5-a06b-10fb90171ee0,002230,balance_sheet_report,2025-12-31,2026-04-29,2026-07-27,False,available,data/raw/stock_balance_sheet_by_report_em/run_id=62bbe9df-6ed8-48d5-a06b-10fb90171ee0/symbol=002230/data.parquet,
62bbe9df-6ed8-48d5-a06b-10fb90171ee0,002230,balance_sheet_report,2025-09-30,2025-10-21,2026-07-27,False,available,data/raw/stock_balance_sheet_by_report_em/run_id=62bbe9df-6ed8-48d5-a06b-10fb90171ee0/symbol=002230/data.parquet,
62bbe9df-6ed8-48d5-a06b-10fb90171ee0,002230,balance_sheet_report,2025-06-30,2025-08-22,2026-07-27,False,available,data/raw/stock_balance_sheet_by_report_em/run_id=62bbe9df-6ed8-48d5-a06b-10fb90171ee0/symbol=002230/data.parquet,
62bbe9df-6ed8-48d5-a06b-10fb90171ee0,002230,balance_sheet_report,2025-03-31,2025-04-22,2026-07-27,False,available,data/raw/stock_balance_sheet_by_report_em/run_id=62bbe9df-6ed8-48d5-a06b-10fb90171ee0/symbol=002230/data.parquet,
62bbe9df-6ed8-48d5-a06b-10fb90171ee0,002230,balance_sheet_report,2024-12-31,2025-04-22,2026-07-27,False,available,data/raw/stock_balance_sheet_by_report_em/run_id=62bbe9df-6ed8-48d5-a06b-10fb90171ee0/symbol=002230/data.parquet,
62bbe9df-6ed8-48d5-a06b-10fb90171ee0,002230,balance_sheet_report,2024-09-30,2024-10-19,2026-07-27,False,available,data/raw/stock_balance_sheet_by_report_em/run_id=62bbe9df-6ed8-48d5-a06b-10fb90171ee0/symbol=002230/data.parquet,
62bbe9df-6ed8-48d5-a06b-10fb90171ee0,002230,balance_sheet_report,2024-06-30,2024-08-22,2026-07-27,False,available,data/raw/stock_balance_sheet_by_report_em/run_id=62bbe9df-6ed8-48d5-a06b-10fb90171ee0/symbol=002230/data.parquet,
62bbe9df-6ed8-48d5-a06b-10fb90171ee0,002230,balance_sheet_report,2024-03-31,2024-04-23,2026-07-27,False,available,data/raw/stock_balance_sheet_by_report_em/run_id=62bbe9df-6ed8-48d5-a06b-10fb90171ee0/symbol=002230/data.parquet,
62bbe9df-6ed8-48d5-a06b-10fb90171ee0,002230,balance_sheet_report,2023-12-31,2024-04-23,2026-07-27,False,available,data/raw/stock_balance_sheet_by_report_em/run_id=62bbe9df-6ed8-48d5-a06b-10fb90171ee0/symbol=002230/data.parquet,
62bbe9df-6ed8-48d5-a06b-10fb90171ee0,002230,balance_sheet_report,2023-09-30,2023-10-20,2026-07-27,False,available,data/raw/stock_balance_sheet_by_report_em/run_id=62bbe9df-6ed8-48d5-a06b-10fb90171ee0/symbol=002230/data.parquet,
62bbe9df-6ed8-48d5-a06b-10fb90171ee0,002230,balance_sheet_report,2023-06-30,2023-08-12,2026-07-27,False,available,data/raw/stock_balance_sheet_by_report_em/run_id=62bbe9df-6ed8-48d5-a06b-10fb90171ee0/symbol=002230/data.parquet,
62bbe9df-6ed8-48d5-a06b-10fb90171ee0,002230,balance_sheet_report,2023-03-31,2023-04-21,2026-07-27,False,available,data/raw/stock_balance_sheet_by_report_em/run_id=62bbe9df-6ed8-48d5-a06b-10fb90171ee0/symbol=002230/data.parquet,
62bbe9df-6ed8-48d5-a06b-10fb90171ee0,002230,balance_sheet_report,2022-12-31,2023-04-21,2026-07-27,False,available,data/raw/stock_balance_sheet_by_report_em/run_id=62bbe9df-6ed8-48d5-a06b-10fb90171ee0/symbol=002230/data.parquet,
62bbe9df-6ed8-48d5-a06b-10fb90171ee0,002230,balance_sheet_report,2022-09-30,2022-10-29,2026-07-27,False,available,data/raw/stock_balance_sheet_by_report_em/run_id=62bbe9df-6ed8-48d5-a06b-10fb90171ee0/symbol=002230/data.parquet,
62bbe9df-6ed8-48d5-a06b-10fb90171ee0,002230,balance_sheet_report,2022-06-30,2022-08-23,2026-07-27,False,available,data/raw/stock_balance_sheet_by_report_em/run_id=62bbe9df-6ed8-48d5-a06b-10fb90171ee0/symbol=002230/data.parquet,
62bbe9df-6ed8-48d5-a06b-10fb90171ee0,002230,balance_sheet_report,2022-03-31,2022-04-22,2026-07-27,False,available,data/raw/stock_balance_sheet_by_report_em/run_id=62bbe9df-6ed8-48d5-a06b-10fb90171ee0/symbol=002230/data.parquet,
62bbe9df-6ed8-48d5-a06b-10fb90171ee0,002230,balance_sheet_report,2021-12-31,2022-04-22,2026-07-27,False,available,data/raw/stock_balance_sheet_by_report_em/run_id=62bbe9df-6ed8-48d5-a06b-10fb90171ee0/symbol=002230/data.parquet,
62bbe9df-6ed8-48d5-a06b-10fb90171ee0,002230,balance_sheet_report,2021-09-30,2021-10-27,2026-07-27,False,available,data/raw/stock_balance_sheet_by_report_em/run_id=62bbe9df-6ed8-48d5-a06b-10fb90171ee0/symbol=002230/data.parquet,
62bbe9df-6ed8-48d5-a06b-10fb90171ee0,002230,balance_sheet_report,2021-06-30,2021-08-24,2026-07-27,False,available,data/raw/stock_balance_sheet_by_report_em/run_id=62bbe9df-6ed8-48d5-a06b-10fb90171ee0/symbol=002230/data.parquet,
62bbe9df-6ed8-48d5-a06b-10fb90171ee0,002230,balance_sheet_report,2021-03-31,2021-04-20,2026-07-27,False,available,data/raw/stock_balance_sheet_by_report_em/run_id=62bbe9df-6ed8-48d5-a06b-10fb90171ee0/symbol=002230/data.parquet,
62bbe9df-6ed8-48d5-a06b-10fb90171ee0,002230,balance_sheet_report,2020-12-31,2021-04-20,2026-07-27,False,available,data/raw/stock_balance_sheet_by_report_em/run_id=62bbe9df-6ed8-48d5-a06b-10fb90171ee0/symbol=002230/data.parquet,
62bbe9df-6ed8-48d5-a06b-10fb90171ee0,002230,balance_sheet_report,2020-09-30,2020-10-27,2026-07-27,False,available,data/raw/stock_balance_sheet_by_report_em/run_id=62bbe9df-6ed8-48d5-a06b-10fb90171ee0/symbol=002230/data.parquet,
62bbe9df-6ed8-48d5-a06b-10fb90171ee0,002230,balance_sheet_report,2020-06-30,2020-08-22,2026-07-27,False,available,data/raw/stock_balance_sheet_by_report_em/run_id=62bbe9df-6ed8-48d5-a06b-10fb90171ee0/symbol=002230/data.parquet,
62bbe9df-6ed8-48d5-a06b-10fb90171ee0,002230,balance_sheet_report,2020-03-31,2020-04-22,2026-07-27,False,available,data/raw/stock_balance_sheet_by_report_em/run_id=62bbe9df-6ed8-48d5-a06b-10fb90171ee0/symbol=002230/data.parquet,
62bbe9df-6ed8-48d5-a06b-10fb90171ee0,002230,balance_sheet_report,2019-12-31,2020-04-22,2026-07-27,False,available,data/raw/stock_balance_sheet_by_report_em/run_id=62bbe9df-6ed8-48d5-a06b-10fb90171ee0/symbol=002230/data.parquet,
62bbe9df-6ed8-48d5-a06b-10fb90171ee0,002230,balance_sheet_report,2019-09-30,2019-10-25,2026-07-27,False,available,data/raw/stock_balance_sheet_by_report_em/run_id=62bbe9df-6ed8-48d5-a06b-10fb90171ee0/symbol=002230/data.parquet,
62bbe9df-6ed8-48d5-a06b-10fb90171ee0,002230,balance_sheet_report,2019-06-30,2019-08-22,2026-07-27,False,available,data/raw/stock_balance_sheet_by_report_em/run_id=62bbe9df-6ed8-48d5-a06b-10fb90171ee0/symbol=002230/data.parquet,
62bbe9df-6ed8-48d5-a06b-10fb90171ee0,002230,balance_sheet_report,2019-03-31,2019-04-19,2026-07-27,False,available,data/raw/stock_balance_sheet_by_report_em/run_id=62bbe9df-6ed8-48d5-a06b-10fb90171ee0/symbol=002230/data.parquet,
62bbe9df-6ed8-48d5-a06b-10fb90171ee0,002230,balance_sheet_report,2018-12-31,2019-04-19,2026-07-27,False,available,data/raw/stock_balance_sheet_by_report_em/run_id=62bbe9df-6ed8-48d5-a06b-10fb90171ee0/symbol=002230/data.parquet,
62bbe9df-6ed8-48d5-a06b-10fb90171ee0,002230,balance_sheet_report,2018-09-30,2018-10-24,2026-07-27,False,available,data/raw/stock_balance_sheet_by_report_em/run_id=62bbe9df-6ed8-48d5-a06b-10fb90171ee0/symbol=002230/data.parquet,
62bbe9df-6ed8-48d5-a06b-10fb90171ee0,002230,balance_sheet_report,2018-06-30,2018-08-14,2026-07-27,False,available,data/raw/stock_balance_sheet_by_report_em/run_id=62bbe9df-6ed8-48d5-a06b-10fb90171ee0/symbol=002230/data.parquet,
62bbe9df-6ed8-48d5-a06b-10fb90171ee0,002230,balance_sheet_report,2018-03-31,2018-04-24,2026-07-27,False,available,data/raw/stock_balance_sheet_by_report_em/run_id=62bbe9df-6ed8-48d5-a06b-10fb90171ee0/symbol=002230/data.parquet,
62bbe9df-6ed8-48d5-a06b-10fb90171ee0,002230,balance_sheet_report,2017-12-31,2018-03-29,2026-07-27,False,available,data/raw/stock_balance_sheet_by_report_em/run_id=62bbe9df-6ed8-48d5-a06b-10fb90171ee0/symbol=002230/data.parquet,
62bbe9df-6ed8-48d5-a06b-10fb90171ee0,002230,balance_sheet_report,2017-09-30,2017-10-19,2026-07-27,False,available,data/raw/stock_balance_sheet_by_report_em/run_id=62bbe9df-6ed8-48d5-a06b-10fb90171ee0/symbol=002230/data.parquet,
62bbe9df-6ed8-48d5-a06b-10fb90171ee0,002230,balance_sheet_report,2017-06-30,2017-08-10,2026-07-27,False,available,data/raw/stock_balance_sheet_by_report_em/run_id=62bbe9df-6ed8-48d5-a06b-10fb90171ee0/symbol=002230/data.parquet,
62bbe9df-6ed8-48d5-a06b-10fb90171ee0,002230,balance_sheet_report,2017-03-31,2017-04-18,2026-07-27,False,available,data/raw/stock_balance_sheet_by_report_em/run_id=62bbe9df-6ed8-48d5-a06b-10fb90171ee0/symbol=002230/data.parquet,
62bbe9df-6ed8-48d5-a06b-10fb90171ee0,002230,balance_sheet_report,2016-12-31,2017-04-18,2026-07-27,False,available,data/raw/stock_balance_sheet_by_report_em/run_id=62bbe9df-6ed8-48d5-a06b-10fb90171ee0/symbol=002230/data.parquet,
62bbe9df-6ed8-48d5-a06b-10fb90171ee0,002230,balance_sheet_report,2016-09-30,2016-10-18,2026-07-27,False,available,data/raw/stock_balance_sheet_by_report_em/run_id=62bbe9df-6ed8-48d5-a06b-10fb90171ee0/symbol=002230/data.parquet,
62bbe9df-6ed8-48d5-a06b-10fb90171ee0,002230,balance_sheet_report,2016-06-30,2016-08-09,2026-07-27,False,available,data/raw/stock_balance_sheet_by_report_em/run_id=62bbe9df-6ed8-48d5-a06b-10fb90171ee0/symbol=002230/data.parquet,
62bbe9df-6ed8-48d5-a06b-10fb90171ee0,002230,balance_sheet_report,2016-03-31,2016-04-26,2026-07-27,False,available,data/raw/stock_balance_sheet_by_report_em/run_id=62bbe9df-6ed8-48d5-a06b-10fb90171ee0/symbol=002230/data.parquet,
62bbe9df-6ed8-48d5-a06b-10fb90171ee0,002230,balance_sheet_report,2015-12-31,2016-03-15,2026-07-27,False,available,data/raw/stock_balance_sheet_by_report_em/run_id=62bbe9df-6ed8-48d5-a06b-10fb90171ee0/symbol=002230/data.parquet,
62bbe9df-6ed8-48d5-a06b-10fb90171ee0,002230,balance_sheet_report,2015-09-30,2015-10-26,2026-07-27,False,available,data/raw/stock_balance_sheet_by_report_em/run_id=62bbe9df-6ed8-48d5-a06b-10fb90171ee0/symbol=002230/data.parquet,
62bbe9df-6ed8-48d5-a06b-10fb90171ee0,002230,balance_sheet_report,2015-06-30,2015-08-12,2026-07-27,False,available,data/raw/stock_balance_sheet_by_report_em/run_id=62bbe9df-6ed8-48d5-a06b-10fb90171ee0/symbol=002230/data.parquet,
62bbe9df-6ed8-48d5-a06b-10fb90171ee0,002230,balance_sheet_report,2015-03-31,2015-04-21,2026-07-27,False,available,data/raw/stock_balance_sheet_by_report_em/run_id=62bbe9df-6ed8-48d5-a06b-10fb90171ee0/symbol=002230/data.parquet,
62bbe9df-6ed8-48d5-a06b-10fb90171ee0,002230,balance_sheet_report,2014-12-31,2015-03-18,2026-07-27,False,available,data/raw/stock_balance_sheet_by_report_em/run_id=62bbe9df-6ed8-48d5-a06b-10fb90171ee0/symbol=002230/data.parquet,
62bbe9df-6ed8-48d5-a06b-10fb90171ee0,002230,balance_sheet_report,2014-09-30,2014-10-25,2026-07-27,False,available,data/raw/stock_balance_sheet_by_report_em/run_id=62bbe9df-6ed8-48d5-a06b-10fb90171ee0/symbol=002230/data.parquet,
62bbe9df-6ed8-48d5-a06b-10fb90171ee0,002230,balance_sheet_report,2014-06-30,2014-08-12,2026-07-27,False,available,data/raw/stock_balance_sheet_by_report_em/run_id=62bbe9df-6ed8-48d5-a06b-10fb90171ee0/symbol=002230/data.parquet,
62bbe9df-6ed8-48d5-a06b-10fb90171ee0,002230,balance_sheet_report,2014-03-31,2014-04-17,2026-07-27,False,available,data/raw/stock_balance_sheet_by_report_em/run_id=62bbe9df-6ed8-48d5-a06b-10fb90171ee0/symbol=002230/data.parquet,
62bbe9df-6ed8-48d5-a06b-10fb90171ee0,002230,balance_sheet_report,2013-12-31,2014-03-18,2026-07-27,False,available,data/raw/stock_balance_sheet_by_report_em/run_id=62bbe9df-6ed8-48d5-a06b-10fb90171ee0/symbol=002230/data.parquet,
62bbe9df-6ed8-48d5-a06b-10fb90171ee0,002230,balance_sheet_report,2013-09-30,2013-10-22,2026-07-27,False,available,data/raw/stock_balance_sheet_by_report_em/run_id=62bbe9df-6ed8-48d5-a06b-10fb90171ee0/symbol=002230/data.parquet,
62bbe9df-6ed8-48d5-a06b-10fb90171ee0,002230,balance_sheet_report,2013-06-30,2013-08-10,2026-07-27,False,available,data/raw/stock_balance_sheet_by_report_em/run_id=62bbe9df-6ed8-48d5-a06b-10fb90171ee0/symbol=002230/data.parquet,
62bbe9df-6ed8-48d5-a06b-10fb90171ee0,002230,balance_sheet_report,2013-03-31,2013-04-10,2026-07-27,False,available,data/raw/stock_balance_sheet_by_report_em/run_id=62bbe9df-6ed8-48d5-a06b-10fb90171ee0/symbol=002230/data.parquet,
62bbe9df-6ed8-48d5-a06b-10fb90171ee0,002230,balance_sheet_report,2012-12-31,2013-04-10,2026-07-27,False,available,data/raw/stock_balance_sheet_by_report_em/run_id=62bbe9df-6ed8-48d5-a06b-10fb90171ee0/symbol=002230/data.parquet,
62bbe9df-6ed8-48d5-a06b-10fb90171ee0,002230,balance_sheet_report,2012-09-30,2012-10-27,2026-07-27,False,available,data/raw/stock_balance_sheet_by_report_em/run_id=62bbe9df-6ed8-48d5-a06b-10fb90171ee0/symbol=002230/data.parquet,
62bbe9df-6ed8-48d5-a06b-10fb90171ee0,002230,balance_sheet_report,2012-06-30,2012-08-24,2026-07-27,False,available,data/raw/stock_balance_sheet_by_report_em/run_id=62bbe9df-6ed8-48d5-a06b-10fb90171ee0/symbol=002230/data.parquet,
62bbe9df-6ed8-48d5-a06b-10fb90171ee0,002230,balance_sheet_report,2012-03-31,2012-04-10,2026-07-27,False,available,data/raw/stock_balance_sheet_by_report_em/run_id=62bbe9df-6ed8-48d5-a06b-10fb90171ee0/symbol=002230/data.parquet,
62bbe9df-6ed8-48d5-a06b-10fb90171ee0,002230,balance_sheet_report,2011-12-31,2012-04-06,2026-07-27,False,available,data/raw/stock_balance_sheet_by_report_em/run_id=62bbe9df-6ed8-48d5-a06b-10fb90171ee0/symbol=002230/data.parquet,
62bbe9df-6ed8-48d5-a06b-10fb90171ee0,002230,balance_sheet_report,2011-09-30,2011-10-19,2026-07-27,False,available,data/raw/stock_balance_sheet_by_report_em/run_id=62bbe9df-6ed8-48d5-a06b-10fb90171ee0/symbol=002230/data.parquet,
62bbe9df-6ed8-48d5-a06b-10fb90171ee0,002230,balance_sheet_report,2011-06-30,2011-07-20,2026-07-27,False,available,data/raw/stock_balance_sheet_by_report_em/run_id=62bbe9df-6ed8-48d5-a06b-10fb90171ee0/symbol=002230/data.parquet,
62bbe9df-6ed8-48d5-a06b-10fb90171ee0,002230,balance_sheet_report,2011-03-31,2011-04-16,2026-07-27,False,available,data/raw/stock_balance_sheet_by_report_em/run_id=62bbe9df-6ed8-48d5-a06b-10fb90171ee0/symbol=002230/data.parquet,
62bbe9df-6ed8-48d5-a06b-10fb90171ee0,002230,balance_sheet_report,2010-12-31,2011-01-28,2026-07-27,False,available,data/raw/stock_balance_sheet_by_report_em/run_id=62bbe9df-6ed8-48d5-a06b-10fb90171ee0/symbol=002230/data.parquet,
62bbe9df-6ed8-48d5-a06b-10fb90171ee0,002230,balance_sheet_report,2010-09-30,2010-10-12,2026-07-27,False,available,data/raw/stock_balance_sheet_by_report_em/run_id=62bbe9df-6ed8-48d5-a06b-10fb90171ee0/symbol=002230/data.parquet,
62bbe9df-6ed8-48d5-a06b-10fb90171ee0,002230,balance_sheet_report,2010-06-30,2010-07-28,2026-07-27,False,available,data/raw/stock_balance_sheet_by_report_em/run_id=62bbe9df-6ed8-48d5-a06b-10fb90171ee0/symbol=002230/data.parquet,
62bbe9df-6ed8-48d5-a06b-10fb90171ee0,002230,balance_sheet_report,2010-03-31,2010-04-20,2026-07-27,False,available,data/raw/stock_balance_sheet_by_report_em/run_id=62bbe9df-6ed8-48d5-a06b-10fb90171ee0/symbol=002230/data.parquet,
62bbe9df-6ed8-48d5-a06b-10fb90171ee0,002230,balance_sheet_report,2009-12-31,2011-01-28,2026-07-27,False,available,data/raw/stock_balance_sheet_by_report_em/run_id=62bbe9df-6ed8-48d5-a06b-10fb90171ee0/symbol=002230/data.parquet,
62bbe9df-6ed8-48d5-a06b-10fb90171ee0,002230,balance_sheet_report,2009-09-30,2009-10-26,2026-07-27,False,available,data/raw/stock_balance_sheet_by_report_em/run_id=62bbe9df-6ed8-48d5-a06b-10fb90171ee0/symbol=002230/data.parquet,
62bbe9df-6ed8-48d5-a06b-10fb90171ee0,002230,balance_sheet_report,2009-06-30,2009-07-23,2026-07-27,False,available,data/raw/stock_balance_sheet_by_report_em/run_id=62bbe9df-6ed8-48d5-a06b-10fb90171ee0/symbol=002230/data.parquet,
62bbe9df-6ed8-48d5-a06b-10fb90171ee0,002230,balance_sheet_report,2009-03-31,2009-04-15,2026-07-27,False,available,data/raw/stock_balance_sheet_by_report_em/run_id=62bbe9df-6ed8-48d5-a06b-10fb90171ee0/symbol=002230/data.parquet,
62bbe9df-6ed8-48d5-a06b-10fb90171ee0,002230,balance_sheet_report,2008-12-31,2010-03-20,2026-07-27,False,available,data/raw/stock_balance_sheet_by_report_em/run_id=62bbe9df-6ed8-48d5-a06b-10fb90171ee0/symbol=002230/data.parquet,
62bbe9df-6ed8-48d5-a06b-10fb90171ee0,002230,balance_sheet_report,2008-09-30,2008-10-23,2026-07-27,False,available,data/raw/stock_balance_sheet_by_report_em/run_id=62bbe9df-6ed8-48d5-a06b-10fb90171ee0/symbol=002230/data.parquet,
62bbe9df-6ed8-48d5-a06b-10fb90171ee0,002230,balance_sheet_report,2008-06-30,2008-07-30,2026-07-27,False,available,data/raw/stock_balance_sheet_by_report_em/run_id=62bbe9df-6ed8-48d5-a06b-10fb90171ee0/symbol=002230/data.parquet,
62bbe9df-6ed8-48d5-a06b-10fb90171ee0,002230,balance_sheet_report,2008-03-31,2008-05-09,2026-07-27,False,available,data/raw/stock_balance_sheet_by_report_em/run_id=62bbe9df-6ed8-48d5-a06b-10fb90171ee0/symbol=002230/data.parquet,
62bbe9df-6ed8-48d5-a06b-10fb90171ee0,002230,balance_sheet_report,2007-12-31,2009-04-10,2026-07-27,False,available,data/raw/stock_balance_sheet_by_report_em/run_id=62bbe9df-6ed8-48d5-a06b-10fb90171ee0/symbol=002230/data.parquet,
62bbe9df-6ed8-48d5-a06b-10fb90171ee0,002230,balance_sheet_report,2006-12-31,2008-04-17,2026-07-27,False,available,data/raw/stock_balance_sheet_by_report_em/run_id=62bbe9df-6ed8-48d5-a06b-10fb90171ee0/symbol=002230/data.parquet,
62bbe9df-6ed8-48d5-a06b-10fb90171ee0,002230,balance_sheet_report,2005-12-31,2008-04-17,2026-07-27,False,available,data/raw/stock_balance_sheet_by_report_em/run_id=62bbe9df-6ed8-48d5-a06b-10fb90171ee0/symbol=002230/data.parquet,
62bbe9df-6ed8-48d5-a06b-10fb90171ee0,002230,profit_sheet_report,2026-03-31,2026-04-29,2026-07-27,False,available,data/raw/stock_profit_sheet_by_report_em/run_id=62bbe9df-6ed8-48d5-a06b-10fb90171ee0/symbol=002230/data.parquet,
62bbe9df-6ed8-48d5-a06b-10fb90171ee0,002230,profit_sheet_report,2025-12-31,2026-04-29,2026-07-27,False,available,data/raw/stock_profit_sheet_by_report_em/run_id=62bbe9df-6ed8-48d5-a06b-10fb90171ee0/symbol=002230/data.parquet,
62bbe9df-6ed8-48d5-a06b-10fb90171ee0,002230,profit_sheet_report,2025-09-30,2025-10-21,2026-07-27,False,available,data/raw/stock_profit_sheet_by_report_em/run_id=62bbe9df-6ed8-48d5-a06b-10fb90171ee0/symbol=002230/data.parquet,
62bbe9df-6ed8-48d5-a06b-10fb90171ee0,002230,profit_sheet_report,2025-06-30,2025-08-22,2026-07-27,False,available,data/raw/stock_profit_sheet_by_report_em/run_id=62bbe9df-6ed8-48d5-a06b-10fb90171ee0/symbol=002230/data.parquet,
62bbe9df-6ed8-48d5-a06b-10fb90171ee0,002230,profit_sheet_report,2025-03-31,2025-04-22,2026-07-27,False,available,data/raw/stock_profit_sheet_by_report_em/run_id=62bbe9df-6ed8-48d5-a06b-10fb90171ee0/symbol=002230/data.parquet,
62bbe9df-6ed8-48d5-a06b-10fb90171ee0,002230,profit_sheet_report,2024-12-31,2025-04-22,2026-07-27,False,available,data/raw/stock_profit_sheet_by_report_em/run_id=62bbe9df-6ed8-48d5-a06b-10fb90171ee0/symbol=002230/data.parquet,
62bbe9df-6ed8-48d5-a06b-10fb90171ee0,002230,profit_sheet_report,2024-09-30,2024-10-19,2026-07-27,False,available,data/raw/stock_profit_sheet_by_report_em/run_id=62bbe9df-6ed8-48d5-a06b-10fb90171ee0/symbol=002230/data.parquet,
62bbe9df-6ed8-48d5-a06b-10fb90171ee0,002230,profit_sheet_report,2024-06-30,2024-08-22,2026-07-27,False,available,data/raw/stock_profit_sheet_by_report_em/run_id=62bbe9df-6ed8-48d5-a06b-10fb90171ee0/symbol=002230/data.parquet,
62bbe9df-6ed8-48d5-a06b-10fb90171ee0,002230,profit_sheet_report,2024-03-31,2024-04-23,2026-07-27,False,available,data/raw/stock_profit_sheet_by_report_em/run_id=62bbe9df-6ed8-48d5-a06b-10fb90171ee0/symbol=002230/data.parquet,
62bbe9df-6ed8-48d5-a06b-10fb90171ee0,002230,profit_sheet_report,2023-12-31,2024-04-23,2026-07-27,False,available,data/raw/stock_profit_sheet_by_report_em/run_id=62bbe9df-6ed8-48d5-a06b-10fb90171ee0/symbol=002230/data.parquet,
62bbe9df-6ed8-48d5-a06b-10fb90171ee0,002230,profit_sheet_report,2023-09-30,2023-10-20,2026-07-27,False,available,data/raw/stock_profit_sheet_by_report_em/run_id=62bbe9df-6ed8-48d5-a06b-10fb90171ee0/symbol=002230/data.parquet,
62bbe9df-6ed8-48d5-a06b-10fb90171ee0,002230,profit_sheet_report,2023-06-30,2023-08-12,2026-07-27,False,available,data/raw/stock_profit_sheet_by_report_em/run_id=62bbe9df-6ed8-48d5-a06b-10fb90171ee0/symbol=002230/data.parquet,
62bbe9df-6ed8-48d5-a06b-10fb90171ee0,002230,profit_sheet_report,2023-03-31,2023-04-21,2026-07-27,False,available,data/raw/stock_profit_sheet_by_report_em/run_id=62bbe9df-6ed8-48d5-a06b-10fb90171ee0/symbol=002230/data.parquet,
62bbe9df-6ed8-48d5-a06b-10fb90171ee0,002230,profit_sheet_report,2022-12-31,2023-04-21,2026-07-27,False,available,data/raw/stock_profit_sheet_by_report_em/run_id=62bbe9df-6ed8-48d5-a06b-10fb90171ee0/symbol=002230/data.parquet,
62bbe9df-6ed8-48d5-a06b-10fb90171ee0,002230,profit_sheet_report,2022-09-30,2022-10-29,2026-07-27,False,available,data/raw/stock_profit_sheet_by_report_em/run_id=62bbe9df-6ed8-48d5-a06b-10fb90171ee0/symbol=002230/data.parquet,
62bbe9df-6ed8-48d5-a06b-10fb90171ee0,002230,profit_sheet_report,2022-06-30,2022-08-23,2026-07-27,False,available,data/raw/stock_profit_sheet_by_report_em/run_id=62bbe9df-6ed8-48d5-a06b-10fb90171ee0/symbol=002230/data.parquet,
62bbe9df-6ed8-48d5-a06b-10fb90171ee0,002230,profit_sheet_report,2022-03-31,2022-04-22,2026-07-27,False,available,data/raw/stock_profit_sheet_by_report_em/run_id=62bbe9df-6ed8-48d5-a06b-10fb90171ee0/symbol=002230/data.parquet,
62bbe9df-6ed8-48d5-a06b-10fb90171ee0,002230,profit_sheet_report,2021-12-31,2022-04-22,2026-07-27,False,available,data/raw/stock_profit_sheet_by_report_em/run_id=62bbe9df-6ed8-48d5-a06b-10fb90171ee0/symbol=002230/data.parquet,
62bbe9df-6ed8-48d5-a06b-10fb90171ee0,002230,profit_sheet_report,2021-09-30,2021-10-27,2026-07-27,False,available,data/raw/stock_profit_sheet_by_report_em/run_id=62bbe9df-6ed8-48d5-a06b-10fb90171ee0/symbol=002230/data.parquet,
62bbe9df-6ed8-48d5-a06b-10fb90171ee0,002230,profit_sheet_report,2021-06-30,2021-08-24,2026-07-27,False,available,data/raw/stock_profit_sheet_by_report_em/run_id=62bbe9df-6ed8-48d5-a06b-10fb90171ee0/symbol=002230/data.parquet,
62bbe9df-6ed8-48d5-a06b-10fb90171ee0,002230,profit_sheet_report,2021-03-31,2021-04-20,2026-07-27,False,available,data/raw/stock_profit_sheet_by_report_em/run_id=62bbe9df-6ed8-48d5-a06b-10fb90171ee0/symbol=002230/data.parquet,
62bbe9df-6ed8-48d5-a06b-10fb90171ee0,002230,profit_sheet_report,2020-12-31,2021-04-20,2026-07-27,False,available,data/raw/stock_profit_sheet_by_report_em/run_id=62bbe9df-6ed8-48d5-a06b-10fb90171ee0/symbol=002230/data.parquet,
62bbe9df-6ed8-48d5-a06b-10fb90171ee0,002230,profit_sheet_report,2020-09-30,2020-10-27,2026-07-27,False,available,data/raw/stock_profit_sheet_by_report_em/run_id=62bbe9df-6ed8-48d5-a06b-10fb90171ee0/symbol=002230/data.parquet,
62bbe9df-6ed8-48d5-a06b-10fb90171ee0,002230,profit_sheet_report,2020-06-30,2020-08-22,2026-07-27,False,available,data/raw/stock_profit_sheet_by_report_em/run_id=62bbe9df-6ed8-48d5-a06b-10fb90171ee0/symbol=002230/data.parquet,
62bbe9df-6ed8-48d5-a06b-10fb90171ee0,002230,profit_sheet_report,2020-03-31,2020-04-22,2026-07-27,False,available,data/raw/stock_profit_sheet_by_report_em/run_id=62bbe9df-6ed8-48d5-a06b-10fb90171ee0/symbol=002230/data.parquet,
62bbe9df-6ed8-48d5-a06b-10fb90171ee0,002230,profit_sheet_report,2019-12-31,2020-04-22,2026-07-27,False,available,data/raw/stock_profit_sheet_by_report_em/run_id=62bbe9df-6ed8-48d5-a06b-10fb90171ee0/symbol=002230/data.parquet,
62bbe9df-6ed8-48d5-a06b-10fb90171ee0,002230,profit_sheet_report,2019-09-30,2019-10-25,2026-07-27,False,available,data/raw/stock_profit_sheet_by_report_em/run_id=62bbe9df-6ed8-48d5-a06b-10fb90171ee0/symbol=002230/data.parquet,
62bbe9df-6ed8-48d5-a06b-10fb90171ee0,002230,profit_sheet_report,2019-06-30,2019-08-22,2026-07-27,False,available,data/raw/stock_profit_sheet_by_report_em/run_id=62bbe9df-6ed8-48d5-a06b-10fb90171ee0/symbol=002230/data.parquet,
62bbe9df-6ed8-48d5-a06b-10fb90171ee0,002230,profit_sheet_report,2019-03-31,2019-04-19,2026-07-27,False,available,data/raw/stock_profit_sheet_by_report_em/run_id=62bbe9df-6ed8-48d5-a06b-10fb90171ee0/symbol=002230/data.parquet,
62bbe9df-6ed8-48d5-a06b-10fb90171ee0,002230,profit_sheet_report,2018-12-31,2019-04-19,2026-07-27,False,available,data/raw/stock_profit_sheet_by_report_em/run_id=62bbe9df-6ed8-48d5-a06b-10fb90171ee0/symbol=002230/data.parquet,
62bbe9df-6ed8-48d5-a06b-10fb90171ee0,002230,profit_sheet_report,2018-09-30,2018-10-24,2026-07-27,False,available,data/raw/stock_profit_sheet_by_report_em/run_id=62bbe9df-6ed8-48d5-a06b-10fb90171ee0/symbol=002230/data.parquet,
62bbe9df-6ed8-48d5-a06b-10fb90171ee0,002230,profit_sheet_report,2018-06-30,2018-08-14,2026-07-27,False,available,data/raw/stock_profit_sheet_by_report_em/run_id=62bbe9df-6ed8-48d5-a06b-10fb90171ee0/symbol=002230/data.parquet,
62bbe9df-6ed8-48d5-a06b-10fb90171ee0,002230,profit_sheet_report,2018-03-31,2018-04-24,2026-07-27,False,available,data/raw/stock_profit_sheet_by_report_em/run_id=62bbe9df-6ed8-48d5-a06b-10fb90171ee0/symbol=002230/data.parquet,
62bbe9df-6ed8-48d5-a06b-10fb90171ee0,002230,profit_sheet_report,2017-12-31,2018-03-29,2026-07-27,False,available,data/raw/stock_profit_sheet_by_report_em/run_id=62bbe9df-6ed8-48d5-a06b-10fb90171ee0/symbol=002230/data.parquet,
62bbe9df-6ed8-48d5-a06b-10fb90171ee0,002230,profit_sheet_report,2017-09-30,2017-10-19,2026-07-27,False,available,data/raw/stock_profit_sheet_by_report_em/run_id=62bbe9df-6ed8-48d5-a06b-10fb90171ee0/symbol=002230/data.parquet,
62bbe9df-6ed8-48d5-a06b-10fb90171ee0,002230,profit_sheet_report,2017-06-30,2017-08-10,2026-07-27,False,available,data/raw/stock_profit_sheet_by_report_em/run_id=62bbe9df-6ed8-48d5-a06b-10fb90171ee0/symbol=002230/data.parquet,
62bbe9df-6ed8-48d5-a06b-10fb90171ee0,002230,profit_sheet_report,2017-03-31,2017-04-18,2026-07-27,False,available,data/raw/stock_profit_sheet_by_report_em/run_id=62bbe9df-6ed8-48d5-a06b-10fb90171ee0/symbol=002230/data.parquet,
62bbe9df-6ed8-48d5-a06b-10fb90171ee0,002230,profit_sheet_report,2016-12-31,2017-03-21,2026-07-27,False,available,data/raw/stock_profit_sheet_by_report_em/run_id=62bbe9df-6ed8-48d5-a06b-10fb90171ee0/symbol=002230/data.parquet,
62bbe9df-6ed8-48d5-a06b-10fb90171ee0,002230,profit_sheet_report,2016-09-30,2016-10-18,2026-07-27,False,available,data/raw/stock_profit_sheet_by_report_em/run_id=62bbe9df-6ed8-48d5-a06b-10fb90171ee0/symbol=002230/data.parquet,
62bbe9df-6ed8-48d5-a06b-10fb90171ee0,002230,profit_sheet_report,2016-06-30,2016-08-09,2026-07-27,False,available,data/raw/stock_profit_sheet_by_report_em/run_id=62bbe9df-6ed8-48d5-a06b-10fb90171ee0/symbol=002230/data.parquet,
62bbe9df-6ed8-48d5-a06b-10fb90171ee0,002230,profit_sheet_report,2016-03-31,2016-04-26,2026-07-27,False,available,data/raw/stock_profit_sheet_by_report_em/run_id=62bbe9df-6ed8-48d5-a06b-10fb90171ee0/symbol=002230/data.parquet,
62bbe9df-6ed8-48d5-a06b-10fb90171ee0,002230,profit_sheet_report,2015-12-31,2016-03-15,2026-07-27,False,available,data/raw/stock_profit_sheet_by_report_em/run_id=62bbe9df-6ed8-48d5-a06b-10fb90171ee0/symbol=002230/data.parquet,
62bbe9df-6ed8-48d5-a06b-10fb90171ee0,002230,profit_sheet_report,2015-09-30,2015-10-26,2026-07-27,False,available,data/raw/stock_profit_sheet_by_report_em/run_id=62bbe9df-6ed8-48d5-a06b-10fb90171ee0/symbol=002230/data.parquet,
62bbe9df-6ed8-48d5-a06b-10fb90171ee0,002230,profit_sheet_report,2015-06-30,2016-08-09,2026-07-27,False,available,data/raw/stock_profit_sheet_by_report_em/run_id=62bbe9df-6ed8-48d5-a06b-10fb90171ee0/symbol=002230/data.parquet,
62bbe9df-6ed8-48d5-a06b-10fb90171ee0,002230,profit_sheet_report,2015-03-31,2015-04-21,2026-07-27,False,available,data/raw/stock_profit_sheet_by_report_em/run_id=62bbe9df-6ed8-48d5-a06b-10fb90171ee0/symbol=002230/data.parquet,
62bbe9df-6ed8-48d5-a06b-10fb90171ee0,002230,profit_sheet_report,2014-12-31,2015-03-18,2026-07-27,False,available,data/raw/stock_profit_sheet_by_report_em/run_id=62bbe9df-6ed8-48d5-a06b-10fb90171ee0/symbol=002230/data.parquet,
62bbe9df-6ed8-48d5-a06b-10fb90171ee0,002230,profit_sheet_report,2014-09-30,2014-10-25,2026-07-27,False,available,data/raw/stock_profit_sheet_by_report_em/run_id=62bbe9df-6ed8-48d5-a06b-10fb90171ee0/symbol=002230/data.parquet,
62bbe9df-6ed8-48d5-a06b-10fb90171ee0,002230,profit_sheet_report,2014-06-30,2014-08-12,2026-07-27,False,available,data/raw/stock_profit_sheet_by_report_em/run_id=62bbe9df-6ed8-48d5-a06b-10fb90171ee0/symbol=002230/data.parquet,
62bbe9df-6ed8-48d5-a06b-10fb90171ee0,002230,profit_sheet_report,2014-03-31,2014-04-17,2026-07-27,False,available,data/raw/stock_profit_sheet_by_report_em/run_id=62bbe9df-6ed8-48d5-a06b-10fb90171ee0/symbol=002230/data.parquet,
62bbe9df-6ed8-48d5-a06b-10fb90171ee0,002230,profit_sheet_report,2013-12-31,2014-03-18,2026-07-27,False,available,data/raw/stock_profit_sheet_by_report_em/run_id=62bbe9df-6ed8-48d5-a06b-10fb90171ee0/symbol=002230/data.parquet,
62bbe9df-6ed8-48d5-a06b-10fb90171ee0,002230,profit_sheet_report,2013-09-30,2013-10-22,2026-07-27,False,available,data/raw/stock_profit_sheet_by_report_em/run_id=62bbe9df-6ed8-48d5-a06b-10fb90171ee0/symbol=002230/data.parquet,
62bbe9df-6ed8-48d5-a06b-10fb90171ee0,002230,profit_sheet_report,2013-06-30,2013-08-10,2026-07-27,False,available,data/raw/stock_profit_sheet_by_report_em/run_id=62bbe9df-6ed8-48d5-a06b-10fb90171ee0/symbol=002230/data.parquet,
62bbe9df-6ed8-48d5-a06b-10fb90171ee0,002230,profit_sheet_report,2013-03-31,2013-04-10,2026-07-27,False,available,data/raw/stock_profit_sheet_by_report_em/run_id=62bbe9df-6ed8-48d5-a06b-10fb90171ee0/symbol=002230/data.parquet,
62bbe9df-6ed8-48d5-a06b-10fb90171ee0,002230,profit_sheet_report,2012-12-31,2013-04-10,2026-07-27,False,available,data/raw/stock_profit_sheet_by_report_em/run_id=62bbe9df-6ed8-48d5-a06b-10fb90171ee0/symbol=002230/data.parquet,
62bbe9df-6ed8-48d5-a06b-10fb90171ee0,002230,profit_sheet_report,2012-09-30,2012-10-27,2026-07-27,False,available,data/raw/stock_profit_sheet_by_report_em/run_id=62bbe9df-6ed8-48d5-a06b-10fb90171ee0/symbol=002230/data.parquet,
62bbe9df-6ed8-48d5-a06b-10fb90171ee0,002230,profit_sheet_report,2012-06-30,2012-08-24,2026-07-27,False,available,data/raw/stock_profit_sheet_by_report_em/run_id=62bbe9df-6ed8-48d5-a06b-10fb90171ee0/symbol=002230/data.parquet,
62bbe9df-6ed8-48d5-a06b-10fb90171ee0,002230,profit_sheet_report,2012-03-31,2012-04-10,2026-07-27,False,available,data/raw/stock_profit_sheet_by_report_em/run_id=62bbe9df-6ed8-48d5-a06b-10fb90171ee0/symbol=002230/data.parquet,
62bbe9df-6ed8-48d5-a06b-10fb90171ee0,002230,profit_sheet_report,2011-12-31,2012-04-06,2026-07-27,False,available,data/raw/stock_profit_sheet_by_report_em/run_id=62bbe9df-6ed8-48d5-a06b-10fb90171ee0/symbol=002230/data.parquet,
62bbe9df-6ed8-48d5-a06b-10fb90171ee0,002230,profit_sheet_report,2011-09-30,2011-10-19,2026-07-27,False,available,data/raw/stock_profit_sheet_by_report_em/run_id=62bbe9df-6ed8-48d5-a06b-10fb90171ee0/symbol=002230/data.parquet,
62bbe9df-6ed8-48d5-a06b-10fb90171ee0,002230,profit_sheet_report,2011-06-30,2011-07-20,2026-07-27,False,available,data/raw/stock_profit_sheet_by_report_em/run_id=62bbe9df-6ed8-48d5-a06b-10fb90171ee0/symbol=002230/data.parquet,
62bbe9df-6ed8-48d5-a06b-10fb90171ee0,002230,profit_sheet_report,2011-03-31,2011-04-16,2026-07-27,False,available,data/raw/stock_profit_sheet_by_report_em/run_id=62bbe9df-6ed8-48d5-a06b-10fb90171ee0/symbol=002230/data.parquet,
62bbe9df-6ed8-48d5-a06b-10fb90171ee0,002230,profit_sheet_report,2010-12-31,2011-01-28,2026-07-27,False,available,data/raw/stock_profit_sheet_by_report_em/run_id=62bbe9df-6ed8-48d5-a06b-10fb90171ee0/symbol=002230/data.parquet,
62bbe9df-6ed8-48d5-a06b-10fb90171ee0,002230,profit_sheet_report,2010-09-30,2010-10-12,2026-07-27,False,available,data/raw/stock_profit_sheet_by_report_em/run_id=62bbe9df-6ed8-48d5-a06b-10fb90171ee0/symbol=002230/data.parquet,
62bbe9df-6ed8-48d5-a06b-10fb90171ee0,002230,profit_sheet_report,2010-06-30,2010-07-28,2026-07-27,False,available,data/raw/stock_profit_sheet_by_report_em/run_id=62bbe9df-6ed8-48d5-a06b-10fb90171ee0/symbol=002230/data.parquet,
62bbe9df-6ed8-48d5-a06b-10fb90171ee0,002230,profit_sheet_report,2010-03-31,2010-04-20,2026-07-27,False,available,data/raw/stock_profit_sheet_by_report_em/run_id=62bbe9df-6ed8-48d5-a06b-10fb90171ee0/symbol=002230/data.parquet,
62bbe9df-6ed8-48d5-a06b-10fb90171ee0,002230,profit_sheet_report,2009-12-31,2011-01-28,2026-07-27,False,available,data/raw/stock_profit_sheet_by_report_em/run_id=62bbe9df-6ed8-48d5-a06b-10fb90171ee0/symbol=002230/data.parquet,
62bbe9df-6ed8-48d5-a06b-10fb90171ee0,002230,profit_sheet_report,2009-09-30,2010-10-12,2026-07-27,False,available,data/raw/stock_profit_sheet_by_report_em/run_id=62bbe9df-6ed8-48d5-a06b-10fb90171ee0/symbol=002230/data.parquet,
62bbe9df-6ed8-48d5-a06b-10fb90171ee0,002230,profit_sheet_report,2009-06-30,2010-07-28,2026-07-27,False,available,data/raw/stock_profit_sheet_by_report_em/run_id=62bbe9df-6ed8-48d5-a06b-10fb90171ee0/symbol=002230/data.parquet,
62bbe9df-6ed8-48d5-a06b-10fb90171ee0,002230,profit_sheet_report,2009-03-31,2010-04-20,2026-07-27,False,available,data/raw/stock_profit_sheet_by_report_em/run_id=62bbe9df-6ed8-48d5-a06b-10fb90171ee0/symbol=002230/data.parquet,
62bbe9df-6ed8-48d5-a06b-10fb90171ee0,002230,profit_sheet_report,2008-12-31,2010-03-20,2026-07-27,False,available,data/raw/stock_profit_sheet_by_report_em/run_id=62bbe9df-6ed8-48d5-a06b-10fb90171ee0/symbol=002230/data.parquet,
62bbe9df-6ed8-48d5-a06b-10fb90171ee0,002230,profit_sheet_report,2008-09-30,2009-10-26,2026-07-27,False,available,data/raw/stock_profit_sheet_by_report_em/run_id=62bbe9df-6ed8-48d5-a06b-10fb90171ee0/symbol=002230/data.parquet,
62bbe9df-6ed8-48d5-a06b-10fb90171ee0,002230,profit_sheet_report,2008-06-30,2009-07-23,2026-07-27,False,available,data/raw/stock_profit_sheet_by_report_em/run_id=62bbe9df-6ed8-48d5-a06b-10fb90171ee0/symbol=002230/data.parquet,
62bbe9df-6ed8-48d5-a06b-10fb90171ee0,002230,profit_sheet_report,2008-03-31,2009-04-15,2026-07-27,False,available,data/raw/stock_profit_sheet_by_report_em/run_id=62bbe9df-6ed8-48d5-a06b-10fb90171ee0/symbol=002230/data.parquet,
62bbe9df-6ed8-48d5-a06b-10fb90171ee0,002230,profit_sheet_report,2007-12-31,2009-04-10,2026-07-27,False,available,data/raw/stock_profit_sheet_by_report_em/run_id=62bbe9df-6ed8-48d5-a06b-10fb90171ee0/symbol=002230/data.parquet,
62bbe9df-6ed8-48d5-a06b-10fb90171ee0,002230,profit_sheet_report,2007-09-30,2008-10-23,2026-07-27,False,available,data/raw/stock_profit_sheet_by_report_em/run_id=62bbe9df-6ed8-48d5-a06b-10fb90171ee0/symbol=002230/data.parquet,
62bbe9df-6ed8-48d5-a06b-10fb90171ee0,002230,profit_sheet_report,2007-06-30,2008-07-30,2026-07-27,False,available,data/raw/stock_profit_sheet_by_report_em/run_id=62bbe9df-6ed8-48d5-a06b-10fb90171ee0/symbol=002230/data.parquet,
62bbe9df-6ed8-48d5-a06b-10fb90171ee0,002230,profit_sheet_report,2007-03-31,2008-05-09,2026-07-27,False,available,data/raw/stock_profit_sheet_by_report_em/run_id=62bbe9df-6ed8-48d5-a06b-10fb90171ee0/symbol=002230/data.parquet,
62bbe9df-6ed8-48d5-a06b-10fb90171ee0,002230,profit_sheet_report,2006-12-31,2008-04-17,2026-07-27,False,available,data/raw/stock_profit_sheet_by_report_em/run_id=62bbe9df-6ed8-48d5-a06b-10fb90171ee0/symbol=002230/data.parquet,
62bbe9df-6ed8-48d5-a06b-10fb90171ee0,002230,profit_sheet_report,2005-12-31,2008-04-17,2026-07-27,False,available,data/raw/stock_profit_sheet_by_report_em/run_id=62bbe9df-6ed8-48d5-a06b-10fb90171ee0/symbol=002230/data.parquet,
62bbe9df-6ed8-48d5-a06b-10fb90171ee0,002230,cashflow_sheet_report,2026-03-31,2026-04-29,2026-07-27,False,available,data/raw/stock_cash_flow_sheet_by_report_em/run_id=62bbe9df-6ed8-48d5-a06b-10fb90171ee0/symbol=002230/data.parquet,
62bbe9df-6ed8-48d5-a06b-10fb90171ee0,002230,cashflow_sheet_report,2025-12-31,2026-04-29,2026-07-27,False,available,data/raw/stock_cash_flow_sheet_by_report_em/run_id=62bbe9df-6ed8-48d5-a06b-10fb90171ee0/symbol=002230/data.parquet,
62bbe9df-6ed8-48d5-a06b-10fb90171ee0,002230,cashflow_sheet_report,2025-09-30,2025-10-21,2026-07-27,False,available,data/raw/stock_cash_flow_sheet_by_report_em/run_id=62bbe9df-6ed8-48d5-a06b-10fb90171ee0/symbol=002230/data.parquet,
62bbe9df-6ed8-48d5-a06b-10fb90171ee0,002230,cashflow_sheet_report,2025-06-30,2025-08-22,2026-07-27,False,available,data/raw/stock_cash_flow_sheet_by_report_em/run_id=62bbe9df-6ed8-48d5-a06b-10fb90171ee0/symbol=002230/data.parquet,
62bbe9df-6ed8-48d5-a06b-10fb90171ee0,002230,cashflow_sheet_report,2025-03-31,2025-04-22,2026-07-27,False,available,data/raw/stock_cash_flow_sheet_by_report_em/run_id=62bbe9df-6ed8-48d5-a06b-10fb90171ee0/symbol=002230/data.parquet,
62bbe9df-6ed8-48d5-a06b-10fb90171ee0,002230,cashflow_sheet_report,2024-12-31,2025-04-22,2026-07-27,False,available,data/raw/stock_cash_flow_sheet_by_report_em/run_id=62bbe9df-6ed8-48d5-a06b-10fb90171ee0/symbol=002230/data.parquet,
62bbe9df-6ed8-48d5-a06b-10fb90171ee0,002230,cashflow_sheet_report,2024-09-30,2024-10-19,2026-07-27,False,available,data/raw/stock_cash_flow_sheet_by_report_em/run_id=62bbe9df-6ed8-48d5-a06b-10fb90171ee0/symbol=002230/data.parquet,
62bbe9df-6ed8-48d5-a06b-10fb90171ee0,002230,cashflow_sheet_report,2024-06-30,2024-08-22,2026-07-27,False,available,data/raw/stock_cash_flow_sheet_by_report_em/run_id=62bbe9df-6ed8-48d5-a06b-10fb90171ee0/symbol=002230/data.parquet,
62bbe9df-6ed8-48d5-a06b-10fb90171ee0,002230,cashflow_sheet_report,2024-03-31,2024-04-23,2026-07-27,False,available,data/raw/stock_cash_flow_sheet_by_report_em/run_id=62bbe9df-6ed8-48d5-a06b-10fb90171ee0/symbol=002230/data.parquet,
62bbe9df-6ed8-48d5-a06b-10fb90171ee0,002230,cashflow_sheet_report,2023-12-31,2024-04-23,2026-07-27,False,available,data/raw/stock_cash_flow_sheet_by_report_em/run_id=62bbe9df-6ed8-48d5-a06b-10fb90171ee0/symbol=002230/data.parquet,
62bbe9df-6ed8-48d5-a06b-10fb90171ee0,002230,cashflow_sheet_report,2023-09-30,2023-10-20,2026-07-27,False,available,data/raw/stock_cash_flow_sheet_by_report_em/run_id=62bbe9df-6ed8-48d5-a06b-10fb90171ee0/symbol=002230/data.parquet,
62bbe9df-6ed8-48d5-a06b-10fb90171ee0,002230,cashflow_sheet_report,2023-06-30,2023-08-12,2026-07-27,False,available,data/raw/stock_cash_flow_sheet_by_report_em/run_id=62bbe9df-6ed8-48d5-a06b-10fb90171ee0/symbol=002230/data.parquet,
62bbe9df-6ed8-48d5-a06b-10fb90171ee0,002230,cashflow_sheet_report,2023-03-31,2023-04-21,2026-07-27,False,available,data/raw/stock_cash_flow_sheet_by_report_em/run_id=62bbe9df-6ed8-48d5-a06b-10fb90171ee0/symbol=002230/data.parquet,
62bbe9df-6ed8-48d5-a06b-10fb90171ee0,002230,cashflow_sheet_report,2022-12-31,2023-04-21,2026-07-27,False,available,data/raw/stock_cash_flow_sheet_by_report_em/run_id=62bbe9df-6ed8-48d5-a06b-10fb90171ee0/symbol=002230/data.parquet,
62bbe9df-6ed8-48d5-a06b-10fb90171ee0,002230,cashflow_sheet_report,2022-09-30,2022-10-29,2026-07-27,False,available,data/raw/stock_cash_flow_sheet_by_report_em/run_id=62bbe9df-6ed8-48d5-a06b-10fb90171ee0/symbol=002230/data.parquet,
62bbe9df-6ed8-48d5-a06b-10fb90171ee0,002230,cashflow_sheet_report,2022-06-30,2022-08-23,2026-07-27,False,available,data/raw/stock_cash_flow_sheet_by_report_em/run_id=62bbe9df-6ed8-48d5-a06b-10fb90171ee0/symbol=002230/data.parquet,
62bbe9df-6ed8-48d5-a06b-10fb90171ee0,002230,cashflow_sheet_report,2022-03-31,2022-04-22,2026-07-27,False,available,data/raw/stock_cash_flow_sheet_by_report_em/run_id=62bbe9df-6ed8-48d5-a06b-10fb90171ee0/symbol=002230/data.parquet,
62bbe9df-6ed8-48d5-a06b-10fb90171ee0,002230,cashflow_sheet_report,2021-12-31,2022-04-22,2026-07-27,False,available,data/raw/stock_cash_flow_sheet_by_report_em/run_id=62bbe9df-6ed8-48d5-a06b-10fb90171ee0/symbol=002230/data.parquet,
62bbe9df-6ed8-48d5-a06b-10fb90171ee0,002230,cashflow_sheet_report,2021-09-30,2021-10-27,2026-07-27,False,available,data/raw/stock_cash_flow_sheet_by_report_em/run_id=62bbe9df-6ed8-48d5-a06b-10fb90171ee0/symbol=002230/data.parquet,
62bbe9df-6ed8-48d5-a06b-10fb90171ee0,002230,cashflow_sheet_report,2021-06-30,2021-08-24,2026-07-27,False,available,data/raw/stock_cash_flow_sheet_by_report_em/run_id=62bbe9df-6ed8-48d5-a06b-10fb90171ee0/symbol=002230/data.parquet,
62bbe9df-6ed8-48d5-a06b-10fb90171ee0,002230,cashflow_sheet_report,2021-03-31,2021-04-20,2026-07-27,False,available,data/raw/stock_cash_flow_sheet_by_report_em/run_id=62bbe9df-6ed8-48d5-a06b-10fb90171ee0/symbol=002230/data.parquet,
62bbe9df-6ed8-48d5-a06b-10fb90171ee0,002230,cashflow_sheet_report,2020-12-31,2021-04-20,2026-07-27,False,available,data/raw/stock_cash_flow_sheet_by_report_em/run_id=62bbe9df-6ed8-48d5-a06b-10fb90171ee0/symbol=002230/data.parquet,
62bbe9df-6ed8-48d5-a06b-10fb90171ee0,002230,cashflow_sheet_report,2020-09-30,2020-10-27,2026-07-27,False,available,data/raw/stock_cash_flow_sheet_by_report_em/run_id=62bbe9df-6ed8-48d5-a06b-10fb90171ee0/symbol=002230/data.parquet,
62bbe9df-6ed8-48d5-a06b-10fb90171ee0,002230,cashflow_sheet_report,2020-06-30,2020-08-22,2026-07-27,False,available,data/raw/stock_cash_flow_sheet_by_report_em/run_id=62bbe9df-6ed8-48d5-a06b-10fb90171ee0/symbol=002230/data.parquet,
62bbe9df-6ed8-48d5-a06b-10fb90171ee0,002230,cashflow_sheet_report,2020-03-31,2020-04-22,2026-07-27,False,available,data/raw/stock_cash_flow_sheet_by_report_em/run_id=62bbe9df-6ed8-48d5-a06b-10fb90171ee0/symbol=002230/data.parquet,
62bbe9df-6ed8-48d5-a06b-10fb90171ee0,002230,cashflow_sheet_report,2019-12-31,2020-04-22,2026-07-27,False,available,data/raw/stock_cash_flow_sheet_by_report_em/run_id=62bbe9df-6ed8-48d5-a06b-10fb90171ee0/symbol=002230/data.parquet,
62bbe9df-6ed8-48d5-a06b-10fb90171ee0,002230,cashflow_sheet_report,2019-09-30,2019-10-25,2026-07-27,False,available,data/raw/stock_cash_flow_sheet_by_report_em/run_id=62bbe9df-6ed8-48d5-a06b-10fb90171ee0/symbol=002230/data.parquet,
62bbe9df-6ed8-48d5-a06b-10fb90171ee0,002230,cashflow_sheet_report,2019-06-30,2019-08-22,2026-07-27,False,available,data/raw/stock_cash_flow_sheet_by_report_em/run_id=62bbe9df-6ed8-48d5-a06b-10fb90171ee0/symbol=002230/data.parquet,
62bbe9df-6ed8-48d5-a06b-10fb90171ee0,002230,cashflow_sheet_report,2019-03-31,2019-04-19,2026-07-27,False,available,data/raw/stock_cash_flow_sheet_by_report_em/run_id=62bbe9df-6ed8-48d5-a06b-10fb90171ee0/symbol=002230/data.parquet,
62bbe9df-6ed8-48d5-a06b-10fb90171ee0,002230,cashflow_sheet_report,2018-12-31,2019-04-19,2026-07-27,False,available,data/raw/stock_cash_flow_sheet_by_report_em/run_id=62bbe9df-6ed8-48d5-a06b-10fb90171ee0/symbol=002230/data.parquet,
62bbe9df-6ed8-48d5-a06b-10fb90171ee0,002230,cashflow_sheet_report,2018-09-30,2018-10-24,2026-07-27,False,available,data/raw/stock_cash_flow_sheet_by_report_em/run_id=62bbe9df-6ed8-48d5-a06b-10fb90171ee0/symbol=002230/data.parquet,
62bbe9df-6ed8-48d5-a06b-10fb90171ee0,002230,cashflow_sheet_report,2018-06-30,2018-08-14,2026-07-27,False,available,data/raw/stock_cash_flow_sheet_by_report_em/run_id=62bbe9df-6ed8-48d5-a06b-10fb90171ee0/symbol=002230/data.parquet,
62bbe9df-6ed8-48d5-a06b-10fb90171ee0,002230,cashflow_sheet_report,2018-03-31,2018-04-24,2026-07-27,False,available,data/raw/stock_cash_flow_sheet_by_report_em/run_id=62bbe9df-6ed8-48d5-a06b-10fb90171ee0/symbol=002230/data.parquet,
62bbe9df-6ed8-48d5-a06b-10fb90171ee0,002230,cashflow_sheet_report,2017-12-31,2018-03-29,2026-07-27,False,available,data/raw/stock_cash_flow_sheet_by_report_em/run_id=62bbe9df-6ed8-48d5-a06b-10fb90171ee0/symbol=002230/data.parquet,
62bbe9df-6ed8-48d5-a06b-10fb90171ee0,002230,cashflow_sheet_report,2017-09-30,2017-10-19,2026-07-27,False,available,data/raw/stock_cash_flow_sheet_by_report_em/run_id=62bbe9df-6ed8-48d5-a06b-10fb90171ee0/symbol=002230/data.parquet,
62bbe9df-6ed8-48d5-a06b-10fb90171ee0,002230,cashflow_sheet_report,2017-06-30,2017-08-10,2026-07-27,False,available,data/raw/stock_cash_flow_sheet_by_report_em/run_id=62bbe9df-6ed8-48d5-a06b-10fb90171ee0/symbol=002230/data.parquet,
62bbe9df-6ed8-48d5-a06b-10fb90171ee0,002230,cashflow_sheet_report,2017-03-31,2017-04-18,2026-07-27,False,available,data/raw/stock_cash_flow_sheet_by_report_em/run_id=62bbe9df-6ed8-48d5-a06b-10fb90171ee0/symbol=002230/data.parquet,
62bbe9df-6ed8-48d5-a06b-10fb90171ee0,002230,cashflow_sheet_report,2016-12-31,2017-03-21,2026-07-27,False,available,data/raw/stock_cash_flow_sheet_by_report_em/run_id=62bbe9df-6ed8-48d5-a06b-10fb90171ee0/symbol=002230/data.parquet,
62bbe9df-6ed8-48d5-a06b-10fb90171ee0,002230,cashflow_sheet_report,2016-09-30,2016-10-18,2026-07-27,False,available,data/raw/stock_cash_flow_sheet_by_report_em/run_id=62bbe9df-6ed8-48d5-a06b-10fb90171ee0/symbol=002230/data.parquet,
62bbe9df-6ed8-48d5-a06b-10fb90171ee0,002230,cashflow_sheet_report,2016-06-30,2016-08-09,2026-07-27,False,available,data/raw/stock_cash_flow_sheet_by_report_em/run_id=62bbe9df-6ed8-48d5-a06b-10fb90171ee0/symbol=002230/data.parquet,
62bbe9df-6ed8-48d5-a06b-10fb90171ee0,002230,cashflow_sheet_report,2016-03-31,2016-04-26,2026-07-27,False,available,data/raw/stock_cash_flow_sheet_by_report_em/run_id=62bbe9df-6ed8-48d5-a06b-10fb90171ee0/symbol=002230/data.parquet,
62bbe9df-6ed8-48d5-a06b-10fb90171ee0,002230,cashflow_sheet_report,2015-12-31,2016-03-15,2026-07-27,False,available,data/raw/stock_cash_flow_sheet_by_report_em/run_id=62bbe9df-6ed8-48d5-a06b-10fb90171ee0/symbol=002230/data.parquet,
62bbe9df-6ed8-48d5-a06b-10fb90171ee0,002230,cashflow_sheet_report,2015-09-30,2015-10-26,2026-07-27,False,available,data/raw/stock_cash_flow_sheet_by_report_em/run_id=62bbe9df-6ed8-48d5-a06b-10fb90171ee0/symbol=002230/data.parquet,
62bbe9df-6ed8-48d5-a06b-10fb90171ee0,002230,cashflow_sheet_report,2015-06-30,2015-08-12,2026-07-27,False,available,data/raw/stock_cash_flow_sheet_by_report_em/run_id=62bbe9df-6ed8-48d5-a06b-10fb90171ee0/symbol=002230/data.parquet,
62bbe9df-6ed8-48d5-a06b-10fb90171ee0,002230,cashflow_sheet_report,2015-03-31,2015-04-21,2026-07-27,False,available,data/raw/stock_cash_flow_sheet_by_report_em/run_id=62bbe9df-6ed8-48d5-a06b-10fb90171ee0/symbol=002230/data.parquet,
62bbe9df-6ed8-48d5-a06b-10fb90171ee0,002230,cashflow_sheet_report,2014-12-31,2015-03-18,2026-07-27,False,available,data/raw/stock_cash_flow_sheet_by_report_em/run_id=62bbe9df-6ed8-48d5-a06b-10fb90171ee0/symbol=002230/data.parquet,
62bbe9df-6ed8-48d5-a06b-10fb90171ee0,002230,cashflow_sheet_report,2014-09-30,2014-10-25,2026-07-27,False,available,data/raw/stock_cash_flow_sheet_by_report_em/run_id=62bbe9df-6ed8-48d5-a06b-10fb90171ee0/symbol=002230/data.parquet,
62bbe9df-6ed8-48d5-a06b-10fb90171ee0,002230,cashflow_sheet_report,2014-06-30,2014-08-12,2026-07-27,False,available,data/raw/stock_cash_flow_sheet_by_report_em/run_id=62bbe9df-6ed8-48d5-a06b-10fb90171ee0/symbol=002230/data.parquet,
62bbe9df-6ed8-48d5-a06b-10fb90171ee0,002230,cashflow_sheet_report,2014-03-31,2014-04-17,2026-07-27,False,available,data/raw/stock_cash_flow_sheet_by_report_em/run_id=62bbe9df-6ed8-48d5-a06b-10fb90171ee0/symbol=002230/data.parquet,
62bbe9df-6ed8-48d5-a06b-10fb90171ee0,002230,cashflow_sheet_report,2013-12-31,2014-03-18,2026-07-27,False,available,data/raw/stock_cash_flow_sheet_by_report_em/run_id=62bbe9df-6ed8-48d5-a06b-10fb90171ee0/symbol=002230/data.parquet,
62bbe9df-6ed8-48d5-a06b-10fb90171ee0,002230,cashflow_sheet_report,2013-09-30,2013-10-22,2026-07-27,False,available,data/raw/stock_cash_flow_sheet_by_report_em/run_id=62bbe9df-6ed8-48d5-a06b-10fb90171ee0/symbol=002230/data.parquet,
62bbe9df-6ed8-48d5-a06b-10fb90171ee0,002230,cashflow_sheet_report,2013-06-30,2013-08-10,2026-07-27,False,available,data/raw/stock_cash_flow_sheet_by_report_em/run_id=62bbe9df-6ed8-48d5-a06b-10fb90171ee0/symbol=002230/data.parquet,
62bbe9df-6ed8-48d5-a06b-10fb90171ee0,002230,cashflow_sheet_report,2013-03-31,2013-04-10,2026-07-27,False,available,data/raw/stock_cash_flow_sheet_by_report_em/run_id=62bbe9df-6ed8-48d5-a06b-10fb90171ee0/symbol=002230/data.parquet,
62bbe9df-6ed8-48d5-a06b-10fb90171ee0,002230,cashflow_sheet_report,2012-12-31,2013-04-10,2026-07-27,False,available,data/raw/stock_cash_flow_sheet_by_report_em/run_id=62bbe9df-6ed8-48d5-a06b-10fb90171ee0/symbol=002230/data.parquet,
62bbe9df-6ed8-48d5-a06b-10fb90171ee0,002230,cashflow_sheet_report,2012-09-30,2012-10-27,2026-07-27,False,available,data/raw/stock_cash_flow_sheet_by_report_em/run_id=62bbe9df-6ed8-48d5-a06b-10fb90171ee0/symbol=002230/data.parquet,
62bbe9df-6ed8-48d5-a06b-10fb90171ee0,002230,cashflow_sheet_report,2012-06-30,2012-08-24,2026-07-27,False,available,data/raw/stock_cash_flow_sheet_by_report_em/run_id=62bbe9df-6ed8-48d5-a06b-10fb90171ee0/symbol=002230/data.parquet,
62bbe9df-6ed8-48d5-a06b-10fb90171ee0,002230,cashflow_sheet_report,2012-03-31,2012-04-10,2026-07-27,False,available,data/raw/stock_cash_flow_sheet_by_report_em/run_id=62bbe9df-6ed8-48d5-a06b-10fb90171ee0/symbol=002230/data.parquet,
62bbe9df-6ed8-48d5-a06b-10fb90171ee0,002230,cashflow_sheet_report,2011-12-31,2012-04-06,2026-07-27,False,available,data/raw/stock_cash_flow_sheet_by_report_em/run_id=62bbe9df-6ed8-48d5-a06b-10fb90171ee0/symbol=002230/data.parquet,
62bbe9df-6ed8-48d5-a06b-10fb90171ee0,002230,cashflow_sheet_report,2011-09-30,2011-10-19,2026-07-27,False,available,data/raw/stock_cash_flow_sheet_by_report_em/run_id=62bbe9df-6ed8-48d5-a06b-10fb90171ee0/symbol=002230/data.parquet,
62bbe9df-6ed8-48d5-a06b-10fb90171ee0,002230,cashflow_sheet_report,2011-06-30,2011-07-20,2026-07-27,False,available,data/raw/stock_cash_flow_sheet_by_report_em/run_id=62bbe9df-6ed8-48d5-a06b-10fb90171ee0/symbol=002230/data.parquet,
62bbe9df-6ed8-48d5-a06b-10fb90171ee0,002230,cashflow_sheet_report,2011-03-31,2011-04-16,2026-07-27,False,available,data/raw/stock_cash_flow_sheet_by_report_em/run_id=62bbe9df-6ed8-48d5-a06b-10fb90171ee0/symbol=002230/data.parquet,
62bbe9df-6ed8-48d5-a06b-10fb90171ee0,002230,cashflow_sheet_report,2010-12-31,2011-01-28,2026-07-27,False,available,data/raw/stock_cash_flow_sheet_by_report_em/run_id=62bbe9df-6ed8-48d5-a06b-10fb90171ee0/symbol=002230/data.parquet,
62bbe9df-6ed8-48d5-a06b-10fb90171ee0,002230,cashflow_sheet_report,2010-09-30,2010-10-12,2026-07-27,False,available,data/raw/stock_cash_flow_sheet_by_report_em/run_id=62bbe9df-6ed8-48d5-a06b-10fb90171ee0/symbol=002230/data.parquet,
62bbe9df-6ed8-48d5-a06b-10fb90171ee0,002230,cashflow_sheet_report,2010-06-30,2010-07-28,2026-07-27,False,available,data/raw/stock_cash_flow_sheet_by_report_em/run_id=62bbe9df-6ed8-48d5-a06b-10fb90171ee0/symbol=002230/data.parquet,
62bbe9df-6ed8-48d5-a06b-10fb90171ee0,002230,cashflow_sheet_report,2010-03-31,2010-04-20,2026-07-27,False,available,data/raw/stock_cash_flow_sheet_by_report_em/run_id=62bbe9df-6ed8-48d5-a06b-10fb90171ee0/symbol=002230/data.parquet,
62bbe9df-6ed8-48d5-a06b-10fb90171ee0,002230,cashflow_sheet_report,2009-12-31,2011-01-28,2026-07-27,False,available,data/raw/stock_cash_flow_sheet_by_report_em/run_id=62bbe9df-6ed8-48d5-a06b-10fb90171ee0/symbol=002230/data.parquet,
62bbe9df-6ed8-48d5-a06b-10fb90171ee0,002230,cashflow_sheet_report,2009-09-30,2010-10-12,2026-07-27,False,available,data/raw/stock_cash_flow_sheet_by_report_em/run_id=62bbe9df-6ed8-48d5-a06b-10fb90171ee0/symbol=002230/data.parquet,
62bbe9df-6ed8-48d5-a06b-10fb90171ee0,002230,cashflow_sheet_report,2009-06-30,2010-07-28,2026-07-27,False,available,data/raw/stock_cash_flow_sheet_by_report_em/run_id=62bbe9df-6ed8-48d5-a06b-10fb90171ee0/symbol=002230/data.parquet,
62bbe9df-6ed8-48d5-a06b-10fb90171ee0,002230,cashflow_sheet_report,2009-03-31,2010-04-20,2026-07-27,False,available,data/raw/stock_cash_flow_sheet_by_report_em/run_id=62bbe9df-6ed8-48d5-a06b-10fb90171ee0/symbol=002230/data.parquet,
62bbe9df-6ed8-48d5-a06b-10fb90171ee0,002230,cashflow_sheet_report,2008-12-31,2010-03-20,2026-07-27,False,available,data/raw/stock_cash_flow_sheet_by_report_em/run_id=62bbe9df-6ed8-48d5-a06b-10fb90171ee0/symbol=002230/data.parquet,
62bbe9df-6ed8-48d5-a06b-10fb90171ee0,002230,cashflow_sheet_report,2008-09-30,2009-10-26,2026-07-27,False,available,data/raw/stock_cash_flow_sheet_by_report_em/run_id=62bbe9df-6ed8-48d5-a06b-10fb90171ee0/symbol=002230/data.parquet,
62bbe9df-6ed8-48d5-a06b-10fb90171ee0,002230,cashflow_sheet_report,2008-06-30,2009-07-23,2026-07-27,False,available,data/raw/stock_cash_flow_sheet_by_report_em/run_id=62bbe9df-6ed8-48d5-a06b-10fb90171ee0/symbol=002230/data.parquet,
62bbe9df-6ed8-48d5-a06b-10fb90171ee0,002230,cashflow_sheet_report,2008-03-31,2009-04-15,2026-07-27,False,available,data/raw/stock_cash_flow_sheet_by_report_em/run_id=62bbe9df-6ed8-48d5-a06b-10fb90171ee0/symbol=002230/data.parquet,
62bbe9df-6ed8-48d5-a06b-10fb90171ee0,002230,cashflow_sheet_report,2007-12-31,2009-04-10,2026-07-27,False,available,data/raw/stock_cash_flow_sheet_by_report_em/run_id=62bbe9df-6ed8-48d5-a06b-10fb90171ee0/symbol=002230/data.parquet,
62bbe9df-6ed8-48d5-a06b-10fb90171ee0,002230,cashflow_sheet_report,2007-09-30,2008-10-23,2026-07-27,False,available,data/raw/stock_cash_flow_sheet_by_report_em/run_id=62bbe9df-6ed8-48d5-a06b-10fb90171ee0/symbol=002230/data.parquet,
62bbe9df-6ed8-48d5-a06b-10fb90171ee0,002230,cashflow_sheet_report,2007-06-30,2008-07-30,2026-07-27,False,available,data/raw/stock_cash_flow_sheet_by_report_em/run_id=62bbe9df-6ed8-48d5-a06b-10fb90171ee0/symbol=002230/data.parquet,
62bbe9df-6ed8-48d5-a06b-10fb90171ee0,002230,cashflow_sheet_report,2007-03-31,2008-05-09,2026-07-27,False,available,data/raw/stock_cash_flow_sheet_by_report_em/run_id=62bbe9df-6ed8-48d5-a06b-10fb90171ee0/symbol=002230/data.parquet,
62bbe9df-6ed8-48d5-a06b-10fb90171ee0,002230,cashflow_sheet_report,2006-12-31,2008-04-17,2026-07-27,False,available,data/raw/stock_cash_flow_sheet_by_report_em/run_id=62bbe9df-6ed8-48d5-a06b-10fb90171ee0/symbol=002230/data.parquet,
62bbe9df-6ed8-48d5-a06b-10fb90171ee0,002230,cashflow_sheet_report,2005-12-31,2008-04-17,2026-07-27,False,available,data/raw/stock_cash_flow_sheet_by_report_em/run_id=62bbe9df-6ed8-48d5-a06b-10fb90171ee0/symbol=002230/data.parquet,
62bbe9df-6ed8-48d5-a06b-10fb90171ee0,600763,financial_abstract,,,2026-07-27,False,unavailable,data/raw/stock_financial_abstract/run_id=62bbe9df-6ed8-48d5-a06b-10fb90171ee0/symbol=600763/data.parquet,WARN: report/announcement date could not be paired
62bbe9df-6ed8-48d5-a06b-10fb90171ee0,600763,financial_indicator,,,2026-07-27,False,unavailable,data/raw/stock_financial_analysis_indicator/run_id=62bbe9df-6ed8-48d5-a06b-10fb90171ee0/symbol=600763/data.parquet,WARN: report/announcement date could not be paired
62bbe9df-6ed8-48d5-a06b-10fb90171ee0,600763,balance_sheet_report,2026-03-31,2026-04-18,2026-07-27,False,available,data/raw/stock_balance_sheet_by_report_em/run_id=62bbe9df-6ed8-48d5-a06b-10fb90171ee0/symbol=600763/data.parquet,
62bbe9df-6ed8-48d5-a06b-10fb90171ee0,600763,balance_sheet_report,2025-12-31,2026-04-18,2026-07-27,False,available,data/raw/stock_balance_sheet_by_report_em/run_id=62bbe9df-6ed8-48d5-a06b-10fb90171ee0/symbol=600763/data.parquet,
62bbe9df-6ed8-48d5-a06b-10fb90171ee0,600763,balance_sheet_report,2025-09-30,2025-10-28,2026-07-27,False,available,data/raw/stock_balance_sheet_by_report_em/run_id=62bbe9df-6ed8-48d5-a06b-10fb90171ee0/symbol=600763/data.parquet,
62bbe9df-6ed8-48d5-a06b-10fb90171ee0,600763,balance_sheet_report,2025-06-30,2025-08-23,2026-07-27,False,available,data/raw/stock_balance_sheet_by_report_em/run_id=62bbe9df-6ed8-48d5-a06b-10fb90171ee0/symbol=600763/data.parquet,
62bbe9df-6ed8-48d5-a06b-10fb90171ee0,600763,balance_sheet_report,2025-03-31,2025-04-26,2026-07-27,False,available,data/raw/stock_balance_sheet_by_report_em/run_id=62bbe9df-6ed8-48d5-a06b-10fb90171ee0/symbol=600763/data.parquet,
62bbe9df-6ed8-48d5-a06b-10fb90171ee0,600763,balance_sheet_report,2024-12-31,2025-04-26,2026-07-27,False,available,data/raw/stock_balance_sheet_by_report_em/run_id=62bbe9df-6ed8-48d5-a06b-10fb90171ee0/symbol=600763/data.parquet,
62bbe9df-6ed8-48d5-a06b-10fb90171ee0,600763,balance_sheet_report,2024-09-30,2024-10-29,2026-07-27,False,available,data/raw/stock_balance_sheet_by_report_em/run_id=62bbe9df-6ed8-48d5-a06b-10fb90171ee0/symbol=600763/data.parquet,
62bbe9df-6ed8-48d5-a06b-10fb90171ee0,600763,balance_sheet_report,2024-06-30,2024-08-24,2026-07-27,False,available,data/raw/stock_balance_sheet_by_report_em/run_id=62bbe9df-6ed8-48d5-a06b-10fb90171ee0/symbol=600763/data.parquet,
62bbe9df-6ed8-48d5-a06b-10fb90171ee0,600763,balance_sheet_report,2024-03-31,2024-04-26,2026-07-27,False,available,data/raw/stock_balance_sheet_by_report_em/run_id=62bbe9df-6ed8-48d5-a06b-10fb90171ee0/symbol=600763/data.parquet,
62bbe9df-6ed8-48d5-a06b-10fb90171ee0,600763,balance_sheet_report,2023-12-31,2024-04-26,2026-07-27,False,available,data/raw/stock_balance_sheet_by_report_em/run_id=62bbe9df-6ed8-48d5-a06b-10fb90171ee0/symbol=600763/data.parquet,
62bbe9df-6ed8-48d5-a06b-10fb90171ee0,600763,balance_sheet_report,2023-09-30,2023-10-25,2026-07-27,False,available,data/raw/stock_balance_sheet_by_report_em/run_id=62bbe9df-6ed8-48d5-a06b-10fb90171ee0/symbol=600763/data.parquet,
62bbe9df-6ed8-48d5-a06b-10fb90171ee0,600763,balance_sheet_report,2023-06-30,2023-08-25,2026-07-27,False,available,data/raw/stock_balance_sheet_by_report_em/run_id=62bbe9df-6ed8-48d5-a06b-10fb90171ee0/symbol=600763/data.parquet,
62bbe9df-6ed8-48d5-a06b-10fb90171ee0,600763,balance_sheet_report,2023-03-31,2023-04-28,2026-07-27,False,available,data/raw/stock_balance_sheet_by_report_em/run_id=62bbe9df-6ed8-48d5-a06b-10fb90171ee0/symbol=600763/data.parquet,
62bbe9df-6ed8-48d5-a06b-10fb90171ee0,600763,balance_sheet_report,2022-12-31,2023-04-28,2026-07-27,False,available,data/raw/stock_balance_sheet_by_report_em/run_id=62bbe9df-6ed8-48d5-a06b-10fb90171ee0/symbol=600763/data.parquet,
62bbe9df-6ed8-48d5-a06b-10fb90171ee0,600763,balance_sheet_report,2022-09-30,2022-10-25,2026-07-27,False,available,data/raw/stock_balance_sheet_by_report_em/run_id=62bbe9df-6ed8-48d5-a06b-10fb90171ee0/symbol=600763/data.parquet,
62bbe9df-6ed8-48d5-a06b-10fb90171ee0,600763,balance_sheet_report,2022-06-30,2022-08-23,2026-07-27,False,available,data/raw/stock_balance_sheet_by_report_em/run_id=62bbe9df-6ed8-48d5-a06b-10fb90171ee0/symbol=600763/data.parquet,
62bbe9df-6ed8-48d5-a06b-10fb90171ee0,600763,balance_sheet_report,2022-03-31,2022-04-28,2026-07-27,False,available,data/raw/stock_balance_sheet_by_report_em/run_id=62bbe9df-6ed8-48d5-a06b-10fb90171ee0/symbol=600763/data.parquet,
62bbe9df-6ed8-48d5-a06b-10fb90171ee0,600763,balance_sheet_report,2021-12-31,2022-04-28,2026-07-27,False,available,data/raw/stock_balance_sheet_by_report_em/run_id=62bbe9df-6ed8-48d5-a06b-10fb90171ee0/symbol=600763/data.parquet,
62bbe9df-6ed8-48d5-a06b-10fb90171ee0,600763,balance_sheet_report,2021-09-30,2021-10-15,2026-07-27,False,available,data/raw/stock_balance_sheet_by_report_em/run_id=62bbe9df-6ed8-48d5-a06b-10fb90171ee0/symbol=600763/data.parquet,
62bbe9df-6ed8-48d5-a06b-10fb90171ee0,600763,balance_sheet_report,2021-06-30,2021-08-10,2026-07-27,False,available,data/raw/stock_balance_sheet_by_report_em/run_id=62bbe9df-6ed8-48d5-a06b-10fb90171ee0/symbol=600763/data.parquet,
62bbe9df-6ed8-48d5-a06b-10fb90171ee0,600763,balance_sheet_report,2021-03-31,2021-04-10,2026-07-27,False,available,data/raw/stock_balance_sheet_by_report_em/run_id=62bbe9df-6ed8-48d5-a06b-10fb90171ee0/symbol=600763/data.parquet,
62bbe9df-6ed8-48d5-a06b-10fb90171ee0,600763,balance_sheet_report,2020-12-31,2021-04-10,2026-07-27,False,available,data/raw/stock_balance_sheet_by_report_em/run_id=62bbe9df-6ed8-48d5-a06b-10fb90171ee0/symbol=600763/data.parquet,
62bbe9df-6ed8-48d5-a06b-10fb90171ee0,600763,balance_sheet_report,2020-09-30,2020-10-27,2026-07-27,False,available,data/raw/stock_balance_sheet_by_report_em/run_id=62bbe9df-6ed8-48d5-a06b-10fb90171ee0/symbol=600763/data.parquet,
62bbe9df-6ed8-48d5-a06b-10fb90171ee0,600763,balance_sheet_report,2020-06-30,2020-08-04,2026-07-27,False,available,data/raw/stock_balance_sheet_by_report_em/run_id=62bbe9df-6ed8-48d5-a06b-10fb90171ee0/symbol=600763/data.parquet,
62bbe9df-6ed8-48d5-a06b-10fb90171ee0,600763,balance_sheet_report,2020-03-31,2020-04-24,2026-07-27,False,available,data/raw/stock_balance_sheet_by_report_em/run_id=62bbe9df-6ed8-48d5-a06b-10fb90171ee0/symbol=600763/data.parquet,
62bbe9df-6ed8-48d5-a06b-10fb90171ee0,600763,balance_sheet_report,2019-12-31,2020-04-24,2026-07-27,False,available,data/raw/stock_balance_sheet_by_report_em/run_id=62bbe9df-6ed8-48d5-a06b-10fb90171ee0/symbol=600763/data.parquet,
62bbe9df-6ed8-48d5-a06b-10fb90171ee0,600763,balance_sheet_report,2019-09-30,2019-10-30,2026-07-27,False,available,data/raw/stock_balance_sheet_by_report_em/run_id=62bbe9df-6ed8-48d5-a06b-10fb90171ee0/symbol=600763/data.parquet,
62bbe9df-6ed8-48d5-a06b-10fb90171ee0,600763,balance_sheet_report,2019-06-30,2019-08-02,2026-07-27,False,available,data/raw/stock_balance_sheet_by_report_em/run_id=62bbe9df-6ed8-48d5-a06b-10fb90171ee0/symbol=600763/data.parquet,
62bbe9df-6ed8-48d5-a06b-10fb90171ee0,600763,balance_sheet_report,2019-03-31,2019-04-26,2026-07-27,False,available,data/raw/stock_balance_sheet_by_report_em/run_id=62bbe9df-6ed8-48d5-a06b-10fb90171ee0/symbol=600763/data.parquet,
62bbe9df-6ed8-48d5-a06b-10fb90171ee0,600763,balance_sheet_report,2018-12-31,2019-03-29,2026-07-27,False,available,data/raw/stock_balance_sheet_by_report_em/run_id=62bbe9df-6ed8-48d5-a06b-10fb90171ee0/symbol=600763/data.parquet,
62bbe9df-6ed8-48d5-a06b-10fb90171ee0,600763,balance_sheet_report,2018-09-30,2018-10-20,2026-07-27,False,available,data/raw/stock_balance_sheet_by_report_em/run_id=62bbe9df-6ed8-48d5-a06b-10fb90171ee0/symbol=600763/data.parquet,
62bbe9df-6ed8-48d5-a06b-10fb90171ee0,600763,balance_sheet_report,2018-06-30,2018-08-02,2026-07-27,False,available,data/raw/stock_balance_sheet_by_report_em/run_id=62bbe9df-6ed8-48d5-a06b-10fb90171ee0/symbol=600763/data.parquet,
62bbe9df-6ed8-48d5-a06b-10fb90171ee0,600763,balance_sheet_report,2018-03-31,2018-04-26,2026-07-27,False,available,data/raw/stock_balance_sheet_by_report_em/run_id=62bbe9df-6ed8-48d5-a06b-10fb90171ee0/symbol=600763/data.parquet,
62bbe9df-6ed8-48d5-a06b-10fb90171ee0,600763,balance_sheet_report,2017-12-31,2018-04-03,2026-07-27,False,available,data/raw/stock_balance_sheet_by_report_em/run_id=62bbe9df-6ed8-48d5-a06b-10fb90171ee0/symbol=600763/data.parquet,
62bbe9df-6ed8-48d5-a06b-10fb90171ee0,600763,balance_sheet_report,2017-09-30,2017-10-24,2026-07-27,False,available,data/raw/stock_balance_sheet_by_report_em/run_id=62bbe9df-6ed8-48d5-a06b-10fb90171ee0/symbol=600763/data.parquet,
62bbe9df-6ed8-48d5-a06b-10fb90171ee0,600763,balance_sheet_report,2017-06-30,2017-08-04,2026-07-27,False,available,data/raw/stock_balance_sheet_by_report_em/run_id=62bbe9df-6ed8-48d5-a06b-10fb90171ee0/symbol=600763/data.parquet,
62bbe9df-6ed8-48d5-a06b-10fb90171ee0,600763,balance_sheet_report,2017-03-31,2017-04-20,2026-07-27,False,available,data/raw/stock_balance_sheet_by_report_em/run_id=62bbe9df-6ed8-48d5-a06b-10fb90171ee0/symbol=600763/data.parquet,
62bbe9df-6ed8-48d5-a06b-10fb90171ee0,600763,balance_sheet_report,2016-12-31,2017-04-01,2026-07-27,False,available,data/raw/stock_balance_sheet_by_report_em/run_id=62bbe9df-6ed8-48d5-a06b-10fb90171ee0/symbol=600763/data.parquet,
62bbe9df-6ed8-48d5-a06b-10fb90171ee0,600763,balance_sheet_report,2016-09-30,2016-10-15,2026-07-27,False,available,data/raw/stock_balance_sheet_by_report_em/run_id=62bbe9df-6ed8-48d5-a06b-10fb90171ee0/symbol=600763/data.parquet,
62bbe9df-6ed8-48d5-a06b-10fb90171ee0,600763,balance_sheet_report,2016-06-30,2016-08-26,2026-07-27,False,available,data/raw/stock_balance_sheet_by_report_em/run_id=62bbe9df-6ed8-48d5-a06b-10fb90171ee0/symbol=600763/data.parquet,
62bbe9df-6ed8-48d5-a06b-10fb90171ee0,600763,balance_sheet_report,2016-03-31,2016-04-28,2026-07-27,False,available,data/raw/stock_balance_sheet_by_report_em/run_id=62bbe9df-6ed8-48d5-a06b-10fb90171ee0/symbol=600763/data.parquet,
62bbe9df-6ed8-48d5-a06b-10fb90171ee0,600763,balance_sheet_report,2015-12-31,2016-03-03,2026-07-27,False,available,data/raw/stock_balance_sheet_by_report_em/run_id=62bbe9df-6ed8-48d5-a06b-10fb90171ee0/symbol=600763/data.parquet,
62bbe9df-6ed8-48d5-a06b-10fb90171ee0,600763,balance_sheet_report,2015-09-30,2015-10-31,2026-07-27,False,available,data/raw/stock_balance_sheet_by_report_em/run_id=62bbe9df-6ed8-48d5-a06b-10fb90171ee0/symbol=600763/data.parquet,
62bbe9df-6ed8-48d5-a06b-10fb90171ee0,600763,balance_sheet_report,2015-06-30,2015-07-24,2026-07-27,False,available,data/raw/stock_balance_sheet_by_report_em/run_id=62bbe9df-6ed8-48d5-a06b-10fb90171ee0/symbol=600763/data.parquet,
62bbe9df-6ed8-48d5-a06b-10fb90171ee0,600763,balance_sheet_report,2015-03-31,2015-04-24,2026-07-27,False,available,data/raw/stock_balance_sheet_by_report_em/run_id=62bbe9df-6ed8-48d5-a06b-10fb90171ee0/symbol=600763/data.parquet,
62bbe9df-6ed8-48d5-a06b-10fb90171ee0,600763,balance_sheet_report,2014-12-31,2015-04-10,2026-07-27,False,available,data/raw/stock_balance_sheet_by_report_em/run_id=62bbe9df-6ed8-48d5-a06b-10fb90171ee0/symbol=600763/data.parquet,
62bbe9df-6ed8-48d5-a06b-10fb90171ee0,600763,balance_sheet_report,2014-09-30,2014-10-25,2026-07-27,False,available,data/raw/stock_balance_sheet_by_report_em/run_id=62bbe9df-6ed8-48d5-a06b-10fb90171ee0/symbol=600763/data.parquet,
62bbe9df-6ed8-48d5-a06b-10fb90171ee0,600763,balance_sheet_report,2014-06-30,2014-07-28,2026-07-27,False,available,data/raw/stock_balance_sheet_by_report_em/run_id=62bbe9df-6ed8-48d5-a06b-10fb90171ee0/symbol=600763/data.parquet,
62bbe9df-6ed8-48d5-a06b-10fb90171ee0,600763,balance_sheet_report,2014-03-31,2014-04-25,2026-07-27,False,available,data/raw/stock_balance_sheet_by_report_em/run_id=62bbe9df-6ed8-48d5-a06b-10fb90171ee0/symbol=600763/data.parquet,
62bbe9df-6ed8-48d5-a06b-10fb90171ee0,600763,balance_sheet_report,2013-12-31,2014-04-10,2026-07-27,False,available,data/raw/stock_balance_sheet_by_report_em/run_id=62bbe9df-6ed8-48d5-a06b-10fb90171ee0/symbol=600763/data.parquet,
62bbe9df-6ed8-48d5-a06b-10fb90171ee0,600763,balance_sheet_report,2013-09-30,2013-10-26,2026-07-27,False,available,data/raw/stock_balance_sheet_by_report_em/run_id=62bbe9df-6ed8-48d5-a06b-10fb90171ee0/symbol=600763/data.parquet,
62bbe9df-6ed8-48d5-a06b-10fb90171ee0,600763,balance_sheet_report,2013-06-30,2013-07-27,2026-07-27,False,available,data/raw/stock_balance_sheet_by_report_em/run_id=62bbe9df-6ed8-48d5-a06b-10fb90171ee0/symbol=600763/data.parquet,
62bbe9df-6ed8-48d5-a06b-10fb90171ee0,600763,balance_sheet_report,2013-03-31,2013-04-25,2026-07-27,False,available,data/raw/stock_balance_sheet_by_report_em/run_id=62bbe9df-6ed8-48d5-a06b-10fb90171ee0/symbol=600763/data.parquet,
62bbe9df-6ed8-48d5-a06b-10fb90171ee0,600763,balance_sheet_report,2012-12-31,2013-04-10,2026-07-27,False,available,data/raw/stock_balance_sheet_by_report_em/run_id=62bbe9df-6ed8-48d5-a06b-10fb90171ee0/symbol=600763/data.parquet,
62bbe9df-6ed8-48d5-a06b-10fb90171ee0,600763,balance_sheet_report,2012-09-30,2012-10-26,2026-07-27,False,available,data/raw/stock_balance_sheet_by_report_em/run_id=62bbe9df-6ed8-48d5-a06b-10fb90171ee0/symbol=600763/data.parquet,
62bbe9df-6ed8-48d5-a06b-10fb90171ee0,600763,balance_sheet_report,2012-06-30,2012-07-27,2026-07-27,False,available,data/raw/stock_balance_sheet_by_report_em/run_id=62bbe9df-6ed8-48d5-a06b-10fb90171ee0/symbol=600763/data.parquet,
62bbe9df-6ed8-48d5-a06b-10fb90171ee0,600763,balance_sheet_report,2012-03-31,2012-04-23,2026-07-27,False,available,data/raw/stock_balance_sheet_by_report_em/run_id=62bbe9df-6ed8-48d5-a06b-10fb90171ee0/symbol=600763/data.parquet,
62bbe9df-6ed8-48d5-a06b-10fb90171ee0,600763,balance_sheet_report,2011-12-31,2012-04-18,2026-07-27,False,available,data/raw/stock_balance_sheet_by_report_em/run_id=62bbe9df-6ed8-48d5-a06b-10fb90171ee0/symbol=600763/data.parquet,
62bbe9df-6ed8-48d5-a06b-10fb90171ee0,600763,balance_sheet_report,2011-09-30,2011-10-27,2026-07-27,False,available,data/raw/stock_balance_sheet_by_report_em/run_id=62bbe9df-6ed8-48d5-a06b-10fb90171ee0/symbol=600763/data.parquet,
62bbe9df-6ed8-48d5-a06b-10fb90171ee0,600763,balance_sheet_report,2011-06-30,2011-08-18,2026-07-27,False,available,data/raw/stock_balance_sheet_by_report_em/run_id=62bbe9df-6ed8-48d5-a06b-10fb90171ee0/symbol=600763/data.parquet,
62bbe9df-6ed8-48d5-a06b-10fb90171ee0,600763,balance_sheet_report,2011-03-31,2011-04-25,2026-07-27,False,available,data/raw/stock_balance_sheet_by_report_em/run_id=62bbe9df-6ed8-48d5-a06b-10fb90171ee0/symbol=600763/data.parquet,
62bbe9df-6ed8-48d5-a06b-10fb90171ee0,600763,balance_sheet_report,2010-12-31,2011-04-16,2026-07-27,False,available,data/raw/stock_balance_sheet_by_report_em/run_id=62bbe9df-6ed8-48d5-a06b-10fb90171ee0/symbol=600763/data.parquet,
62bbe9df-6ed8-48d5-a06b-10fb90171ee0,600763,balance_sheet_report,2010-09-30,2010-10-25,2026-07-27,False,available,data/raw/stock_balance_sheet_by_report_em/run_id=62bbe9df-6ed8-48d5-a06b-10fb90171ee0/symbol=600763/data.parquet,
62bbe9df-6ed8-48d5-a06b-10fb90171ee0,600763,balance_sheet_report,2010-06-30,2010-08-19,2026-07-27,False,available,data/raw/stock_balance_sheet_by_report_em/run_id=62bbe9df-6ed8-48d5-a06b-10fb90171ee0/symbol=600763/data.parquet,
62bbe9df-6ed8-48d5-a06b-10fb90171ee0,600763,balance_sheet_report,2010-03-31,2010-04-24,2026-07-27,False,available,data/raw/stock_balance_sheet_by_report_em/run_id=62bbe9df-6ed8-48d5-a06b-10fb90171ee0/symbol=600763/data.parquet,
62bbe9df-6ed8-48d5-a06b-10fb90171ee0,600763,balance_sheet_report,2009-12-31,2011-04-16,2026-07-27,False,available,data/raw/stock_balance_sheet_by_report_em/run_id=62bbe9df-6ed8-48d5-a06b-10fb90171ee0/symbol=600763/data.parquet,
62bbe9df-6ed8-48d5-a06b-10fb90171ee0,600763,balance_sheet_report,2009-09-30,2009-10-27,2026-07-27,False,available,data/raw/stock_balance_sheet_by_report_em/run_id=62bbe9df-6ed8-48d5-a06b-10fb90171ee0/symbol=600763/data.parquet,
62bbe9df-6ed8-48d5-a06b-10fb90171ee0,600763,balance_sheet_report,2009-06-30,2009-08-20,2026-07-27,False,available,data/raw/stock_balance_sheet_by_report_em/run_id=62bbe9df-6ed8-48d5-a06b-10fb90171ee0/symbol=600763/data.parquet,
62bbe9df-6ed8-48d5-a06b-10fb90171ee0,600763,balance_sheet_report,2009-03-31,2009-04-23,2026-07-27,False,available,data/raw/stock_balance_sheet_by_report_em/run_id=62bbe9df-6ed8-48d5-a06b-10fb90171ee0/symbol=600763/data.parquet,
62bbe9df-6ed8-48d5-a06b-10fb90171ee0,600763,balance_sheet_report,2008-12-31,2010-04-24,2026-07-27,False,available,data/raw/stock_balance_sheet_by_report_em/run_id=62bbe9df-6ed8-48d5-a06b-10fb90171ee0/symbol=600763/data.parquet,
62bbe9df-6ed8-48d5-a06b-10fb90171ee0,600763,balance_sheet_report,2008-09-30,2008-10-29,2026-07-27,False,available,data/raw/stock_balance_sheet_by_report_em/run_id=62bbe9df-6ed8-48d5-a06b-10fb90171ee0/symbol=600763/data.parquet,
62bbe9df-6ed8-48d5-a06b-10fb90171ee0,600763,balance_sheet_report,2008-06-30,2008-08-22,2026-07-27,False,available,data/raw/stock_balance_sheet_by_report_em/run_id=62bbe9df-6ed8-48d5-a06b-10fb90171ee0/symbol=600763/data.parquet,
62bbe9df-6ed8-48d5-a06b-10fb90171ee0,600763,balance_sheet_report,2008-03-31,2008-04-25,2026-07-27,False,available,data/raw/stock_balance_sheet_by_report_em/run_id=62bbe9df-6ed8-48d5-a06b-10fb90171ee0/symbol=600763/data.parquet,
62bbe9df-6ed8-48d5-a06b-10fb90171ee0,600763,balance_sheet_report,2007-12-31,2009-04-10,2026-07-27,False,available,data/raw/stock_balance_sheet_by_report_em/run_id=62bbe9df-6ed8-48d5-a06b-10fb90171ee0/symbol=600763/data.parquet,
62bbe9df-6ed8-48d5-a06b-10fb90171ee0,600763,balance_sheet_report,2007-09-30,2007-10-31,2026-07-27,False,available,data/raw/stock_balance_sheet_by_report_em/run_id=62bbe9df-6ed8-48d5-a06b-10fb90171ee0/symbol=600763/data.parquet,
62bbe9df-6ed8-48d5-a06b-10fb90171ee0,600763,balance_sheet_report,2007-06-30,2007-08-01,2026-07-27,False,available,data/raw/stock_balance_sheet_by_report_em/run_id=62bbe9df-6ed8-48d5-a06b-10fb90171ee0/symbol=600763/data.parquet,
62bbe9df-6ed8-48d5-a06b-10fb90171ee0,600763,balance_sheet_report,2007-03-31,2007-04-27,2026-07-27,False,available,data/raw/stock_balance_sheet_by_report_em/run_id=62bbe9df-6ed8-48d5-a06b-10fb90171ee0/symbol=600763/data.parquet,
62bbe9df-6ed8-48d5-a06b-10fb90171ee0,600763,balance_sheet_report,2006-12-31,2008-04-25,2026-07-27,False,available,data/raw/stock_balance_sheet_by_report_em/run_id=62bbe9df-6ed8-48d5-a06b-10fb90171ee0/symbol=600763/data.parquet,
62bbe9df-6ed8-48d5-a06b-10fb90171ee0,600763,balance_sheet_report,2006-09-30,2006-10-23,2026-07-27,False,available,data/raw/stock_balance_sheet_by_report_em/run_id=62bbe9df-6ed8-48d5-a06b-10fb90171ee0/symbol=600763/data.parquet,
62bbe9df-6ed8-48d5-a06b-10fb90171ee0,600763,balance_sheet_report,2006-06-30,2006-07-20,2026-07-27,False,available,data/raw/stock_balance_sheet_by_report_em/run_id=62bbe9df-6ed8-48d5-a06b-10fb90171ee0/symbol=600763/data.parquet,
62bbe9df-6ed8-48d5-a06b-10fb90171ee0,600763,balance_sheet_report,2006-03-31,2006-04-25,2026-07-27,False,available,data/raw/stock_balance_sheet_by_report_em/run_id=62bbe9df-6ed8-48d5-a06b-10fb90171ee0/symbol=600763/data.parquet,
62bbe9df-6ed8-48d5-a06b-10fb90171ee0,600763,balance_sheet_report,2005-12-31,2006-03-04,2026-07-27,False,available,data/raw/stock_balance_sheet_by_report_em/run_id=62bbe9df-6ed8-48d5-a06b-10fb90171ee0/symbol=600763/data.parquet,
62bbe9df-6ed8-48d5-a06b-10fb90171ee0,600763,balance_sheet_report,2005-09-30,2005-10-21,2026-07-27,False,available,data/raw/stock_balance_sheet_by_report_em/run_id=62bbe9df-6ed8-48d5-a06b-10fb90171ee0/symbol=600763/data.parquet,
62bbe9df-6ed8-48d5-a06b-10fb90171ee0,600763,balance_sheet_report,2005-06-30,2005-08-16,2026-07-27,False,available,data/raw/stock_balance_sheet_by_report_em/run_id=62bbe9df-6ed8-48d5-a06b-10fb90171ee0/symbol=600763/data.parquet,
62bbe9df-6ed8-48d5-a06b-10fb90171ee0,600763,balance_sheet_report,2005-03-31,2005-04-29,2026-07-27,False,available,data/raw/stock_balance_sheet_by_report_em/run_id=62bbe9df-6ed8-48d5-a06b-10fb90171ee0/symbol=600763/data.parquet,
62bbe9df-6ed8-48d5-a06b-10fb90171ee0,600763,balance_sheet_report,2004-12-31,2006-03-04,2026-07-27,False,available,data/raw/stock_balance_sheet_by_report_em/run_id=62bbe9df-6ed8-48d5-a06b-10fb90171ee0/symbol=600763/data.parquet,
62bbe9df-6ed8-48d5-a06b-10fb90171ee0,600763,balance_sheet_report,2004-09-30,2004-10-27,2026-07-27,False,available,data/raw/stock_balance_sheet_by_report_em/run_id=62bbe9df-6ed8-48d5-a06b-10fb90171ee0/symbol=600763/data.parquet,
62bbe9df-6ed8-48d5-a06b-10fb90171ee0,600763,balance_sheet_report,2004-06-30,2004-08-20,2026-07-27,False,available,data/raw/stock_balance_sheet_by_report_em/run_id=62bbe9df-6ed8-48d5-a06b-10fb90171ee0/symbol=600763/data.parquet,
62bbe9df-6ed8-48d5-a06b-10fb90171ee0,600763,balance_sheet_report,2004-03-31,2004-04-29,2026-07-27,False,available,data/raw/stock_balance_sheet_by_report_em/run_id=62bbe9df-6ed8-48d5-a06b-10fb90171ee0/symbol=600763/data.parquet,
62bbe9df-6ed8-48d5-a06b-10fb90171ee0,600763,balance_sheet_report,2003-12-31,2005-01-28,2026-07-27,False,available,data/raw/stock_balance_sheet_by_report_em/run_id=62bbe9df-6ed8-48d5-a06b-10fb90171ee0/symbol=600763/data.parquet,
62bbe9df-6ed8-48d5-a06b-10fb90171ee0,600763,balance_sheet_report,2003-09-30,2003-10-18,2026-07-27,False,available,data/raw/stock_balance_sheet_by_report_em/run_id=62bbe9df-6ed8-48d5-a06b-10fb90171ee0/symbol=600763/data.parquet,
62bbe9df-6ed8-48d5-a06b-10fb90171ee0,600763,balance_sheet_report,2003-06-30,2003-07-16,2026-07-27,False,available,data/raw/stock_balance_sheet_by_report_em/run_id=62bbe9df-6ed8-48d5-a06b-10fb90171ee0/symbol=600763/data.parquet,
62bbe9df-6ed8-48d5-a06b-10fb90171ee0,600763,balance_sheet_report,2003-03-31,2003-04-18,2026-07-27,False,available,data/raw/stock_balance_sheet_by_report_em/run_id=62bbe9df-6ed8-48d5-a06b-10fb90171ee0/symbol=600763/data.parquet,
62bbe9df-6ed8-48d5-a06b-10fb90171ee0,600763,balance_sheet_report,2002-12-31,2004-03-20,2026-07-27,False,available,data/raw/stock_balance_sheet_by_report_em/run_id=62bbe9df-6ed8-48d5-a06b-10fb90171ee0/symbol=600763/data.parquet,
62bbe9df-6ed8-48d5-a06b-10fb90171ee0,600763,balance_sheet_report,2002-09-30,2002-10-16,2026-07-27,False,available,data/raw/stock_balance_sheet_by_report_em/run_id=62bbe9df-6ed8-48d5-a06b-10fb90171ee0/symbol=600763/data.parquet,
62bbe9df-6ed8-48d5-a06b-10fb90171ee0,600763,balance_sheet_report,2002-06-30,2002-07-16,2026-07-27,False,available,data/raw/stock_balance_sheet_by_report_em/run_id=62bbe9df-6ed8-48d5-a06b-10fb90171ee0/symbol=600763/data.parquet,
62bbe9df-6ed8-48d5-a06b-10fb90171ee0,600763,balance_sheet_report,2002-03-31,2002-04-27,2026-07-27,False,available,data/raw/stock_balance_sheet_by_report_em/run_id=62bbe9df-6ed8-48d5-a06b-10fb90171ee0/symbol=600763/data.parquet,
62bbe9df-6ed8-48d5-a06b-10fb90171ee0,600763,balance_sheet_report,2001-12-31,2003-01-17,2026-07-27,False,available,data/raw/stock_balance_sheet_by_report_em/run_id=62bbe9df-6ed8-48d5-a06b-10fb90171ee0/symbol=600763/data.parquet,
62bbe9df-6ed8-48d5-a06b-10fb90171ee0,600763,balance_sheet_report,2001-09-30,2001-12-01,2026-07-27,False,available,data/raw/stock_balance_sheet_by_report_em/run_id=62bbe9df-6ed8-48d5-a06b-10fb90171ee0/symbol=600763/data.parquet,
62bbe9df-6ed8-48d5-a06b-10fb90171ee0,600763,balance_sheet_report,2001-06-30,2001-08-31,2026-07-27,False,available,data/raw/stock_balance_sheet_by_report_em/run_id=62bbe9df-6ed8-48d5-a06b-10fb90171ee0/symbol=600763/data.parquet,
62bbe9df-6ed8-48d5-a06b-10fb90171ee0,600763,balance_sheet_report,2000-12-31,2002-04-18,2026-07-27,False,available,data/raw/stock_balance_sheet_by_report_em/run_id=62bbe9df-6ed8-48d5-a06b-10fb90171ee0/symbol=600763/data.parquet,
62bbe9df-6ed8-48d5-a06b-10fb90171ee0,600763,balance_sheet_report,2000-06-30,2000-08-15,2026-07-27,False,available,data/raw/stock_balance_sheet_by_report_em/run_id=62bbe9df-6ed8-48d5-a06b-10fb90171ee0/symbol=600763/data.parquet,
62bbe9df-6ed8-48d5-a06b-10fb90171ee0,600763,balance_sheet_report,1999-12-31,2001-04-17,2026-07-27,False,available,data/raw/stock_balance_sheet_by_report_em/run_id=62bbe9df-6ed8-48d5-a06b-10fb90171ee0/symbol=600763/data.parquet,
62bbe9df-6ed8-48d5-a06b-10fb90171ee0,600763,balance_sheet_report,1999-06-30,1999-08-21,2026-07-27,False,available,data/raw/stock_balance_sheet_by_report_em/run_id=62bbe9df-6ed8-48d5-a06b-10fb90171ee0/symbol=600763/data.parquet,
62bbe9df-6ed8-48d5-a06b-10fb90171ee0,600763,balance_sheet_report,1998-12-31,2000-04-20,2026-07-27,False,available,data/raw/stock_balance_sheet_by_report_em/run_id=62bbe9df-6ed8-48d5-a06b-10fb90171ee0/symbol=600763/data.parquet,
62bbe9df-6ed8-48d5-a06b-10fb90171ee0,600763,balance_sheet_report,1998-06-30,1998-07-25,2026-07-27,False,available,data/raw/stock_balance_sheet_by_report_em/run_id=62bbe9df-6ed8-48d5-a06b-10fb90171ee0/symbol=600763/data.parquet,
62bbe9df-6ed8-48d5-a06b-10fb90171ee0,600763,balance_sheet_report,1997-12-31,1998-04-21,2026-07-27,False,available,data/raw/stock_balance_sheet_by_report_em/run_id=62bbe9df-6ed8-48d5-a06b-10fb90171ee0/symbol=600763/data.parquet,
62bbe9df-6ed8-48d5-a06b-10fb90171ee0,600763,balance_sheet_report,1997-06-30,1997-08-30,2026-07-27,False,available,data/raw/stock_balance_sheet_by_report_em/run_id=62bbe9df-6ed8-48d5-a06b-10fb90171ee0/symbol=600763/data.parquet,
62bbe9df-6ed8-48d5-a06b-10fb90171ee0,600763,balance_sheet_report,1996-12-31,1997-04-28,2026-07-27,False,available,data/raw/stock_balance_sheet_by_report_em/run_id=62bbe9df-6ed8-48d5-a06b-10fb90171ee0/symbol=600763/data.parquet,
62bbe9df-6ed8-48d5-a06b-10fb90171ee0,600763,balance_sheet_report,1995-12-31,1996-10-24,2026-07-27,False,available,data/raw/stock_balance_sheet_by_report_em/run_id=62bbe9df-6ed8-48d5-a06b-10fb90171ee0/symbol=600763/data.parquet,
62bbe9df-6ed8-48d5-a06b-10fb90171ee0,600763,balance_sheet_report,1994-12-31,1996-10-24,2026-07-27,False,available,data/raw/stock_balance_sheet_by_report_em/run_id=62bbe9df-6ed8-48d5-a06b-10fb90171ee0/symbol=600763/data.parquet,
62bbe9df-6ed8-48d5-a06b-10fb90171ee0,600763,balance_sheet_report,1993-12-31,1996-10-24,2026-07-27,False,available,data/raw/stock_balance_sheet_by_report_em/run_id=62bbe9df-6ed8-48d5-a06b-10fb90171ee0/symbol=600763/data.parquet,
62bbe9df-6ed8-48d5-a06b-10fb90171ee0,600763,profit_sheet_report,2026-03-31,2026-04-18,2026-07-27,False,available,data/raw/stock_profit_sheet_by_report_em/run_id=62bbe9df-6ed8-48d5-a06b-10fb90171ee0/symbol=600763/data.parquet,
62bbe9df-6ed8-48d5-a06b-10fb90171ee0,600763,profit_sheet_report,2025-12-31,2026-04-18,2026-07-27,False,available,data/raw/stock_profit_sheet_by_report_em/run_id=62bbe9df-6ed8-48d5-a06b-10fb90171ee0/symbol=600763/data.parquet,
62bbe9df-6ed8-48d5-a06b-10fb90171ee0,600763,profit_sheet_report,2025-09-30,2025-10-28,2026-07-27,False,available,data/raw/stock_profit_sheet_by_report_em/run_id=62bbe9df-6ed8-48d5-a06b-10fb90171ee0/symbol=600763/data.parquet,
62bbe9df-6ed8-48d5-a06b-10fb90171ee0,600763,profit_sheet_report,2025-06-30,2025-08-23,2026-07-27,False,available,data/raw/stock_profit_sheet_by_report_em/run_id=62bbe9df-6ed8-48d5-a06b-10fb90171ee0/symbol=600763/data.parquet,
62bbe9df-6ed8-48d5-a06b-10fb90171ee0,600763,profit_sheet_report,2025-03-31,2025-04-26,2026-07-27,False,available,data/raw/stock_profit_sheet_by_report_em/run_id=62bbe9df-6ed8-48d5-a06b-10fb90171ee0/symbol=600763/data.parquet,
62bbe9df-6ed8-48d5-a06b-10fb90171ee0,600763,profit_sheet_report,2024-12-31,2025-04-26,2026-07-27,False,available,data/raw/stock_profit_sheet_by_report_em/run_id=62bbe9df-6ed8-48d5-a06b-10fb90171ee0/symbol=600763/data.parquet,
62bbe9df-6ed8-48d5-a06b-10fb90171ee0,600763,profit_sheet_report,2024-09-30,2024-10-29,2026-07-27,False,available,data/raw/stock_profit_sheet_by_report_em/run_id=62bbe9df-6ed8-48d5-a06b-10fb90171ee0/symbol=600763/data.parquet,
62bbe9df-6ed8-48d5-a06b-10fb90171ee0,600763,profit_sheet_report,2024-06-30,2024-08-24,2026-07-27,False,available,data/raw/stock_profit_sheet_by_report_em/run_id=62bbe9df-6ed8-48d5-a06b-10fb90171ee0/symbol=600763/data.parquet,
62bbe9df-6ed8-48d5-a06b-10fb90171ee0,600763,profit_sheet_report,2024-03-31,2024-04-26,2026-07-27,False,available,data/raw/stock_profit_sheet_by_report_em/run_id=62bbe9df-6ed8-48d5-a06b-10fb90171ee0/symbol=600763/data.parquet,
62bbe9df-6ed8-48d5-a06b-10fb90171ee0,600763,profit_sheet_report,2023-12-31,2024-04-26,2026-07-27,False,available,data/raw/stock_profit_sheet_by_report_em/run_id=62bbe9df-6ed8-48d5-a06b-10fb90171ee0/symbol=600763/data.parquet,
62bbe9df-6ed8-48d5-a06b-10fb90171ee0,600763,profit_sheet_report,2023-09-30,2023-10-25,2026-07-27,False,available,data/raw/stock_profit_sheet_by_report_em/run_id=62bbe9df-6ed8-48d5-a06b-10fb90171ee0/symbol=600763/data.parquet,
62bbe9df-6ed8-48d5-a06b-10fb90171ee0,600763,profit_sheet_report,2023-06-30,2023-08-25,2026-07-27,False,available,data/raw/stock_profit_sheet_by_report_em/run_id=62bbe9df-6ed8-48d5-a06b-10fb90171ee0/symbol=600763/data.parquet,
62bbe9df-6ed8-48d5-a06b-10fb90171ee0,600763,profit_sheet_report,2023-03-31,2023-04-28,2026-07-27,False,available,data/raw/stock_profit_sheet_by_report_em/run_id=62bbe9df-6ed8-48d5-a06b-10fb90171ee0/symbol=600763/data.parquet,
62bbe9df-6ed8-48d5-a06b-10fb90171ee0,600763,profit_sheet_report,2022-12-31,2023-04-28,2026-07-27,False,available,data/raw/stock_profit_sheet_by_report_em/run_id=62bbe9df-6ed8-48d5-a06b-10fb90171ee0/symbol=600763/data.parquet,
62bbe9df-6ed8-48d5-a06b-10fb90171ee0,600763,profit_sheet_report,2022-09-30,2022-10-25,2026-07-27,False,available,data/raw/stock_profit_sheet_by_report_em/run_id=62bbe9df-6ed8-48d5-a06b-10fb90171ee0/symbol=600763/data.parquet,
62bbe9df-6ed8-48d5-a06b-10fb90171ee0,600763,profit_sheet_report,2022-06-30,2022-08-23,2026-07-27,False,available,data/raw/stock_profit_sheet_by_report_em/run_id=62bbe9df-6ed8-48d5-a06b-10fb90171ee0/symbol=600763/data.parquet,
62bbe9df-6ed8-48d5-a06b-10fb90171ee0,600763,profit_sheet_report,2022-03-31,2022-04-28,2026-07-27,False,available,data/raw/stock_profit_sheet_by_report_em/run_id=62bbe9df-6ed8-48d5-a06b-10fb90171ee0/symbol=600763/data.parquet,
62bbe9df-6ed8-48d5-a06b-10fb90171ee0,600763,profit_sheet_report,2021-12-31,2022-04-28,2026-07-27,False,available,data/raw/stock_profit_sheet_by_report_em/run_id=62bbe9df-6ed8-48d5-a06b-10fb90171ee0/symbol=600763/data.parquet,
62bbe9df-6ed8-48d5-a06b-10fb90171ee0,600763,profit_sheet_report,2021-09-30,2021-10-15,2026-07-27,False,available,data/raw/stock_profit_sheet_by_report_em/run_id=62bbe9df-6ed8-48d5-a06b-10fb90171ee0/symbol=600763/data.parquet,
62bbe9df-6ed8-48d5-a06b-10fb90171ee0,600763,profit_sheet_report,2021-06-30,2021-08-10,2026-07-27,False,available,data/raw/stock_profit_sheet_by_report_em/run_id=62bbe9df-6ed8-48d5-a06b-10fb90171ee0/symbol=600763/data.parquet,
62bbe9df-6ed8-48d5-a06b-10fb90171ee0,600763,profit_sheet_report,2021-03-31,2021-04-10,2026-07-27,False,available,data/raw/stock_profit_sheet_by_report_em/run_id=62bbe9df-6ed8-48d5-a06b-10fb90171ee0/symbol=600763/data.parquet,
62bbe9df-6ed8-48d5-a06b-10fb90171ee0,600763,profit_sheet_report,2020-12-31,2021-04-10,2026-07-27,False,available,data/raw/stock_profit_sheet_by_report_em/run_id=62bbe9df-6ed8-48d5-a06b-10fb90171ee0/symbol=600763/data.parquet,
62bbe9df-6ed8-48d5-a06b-10fb90171ee0,600763,profit_sheet_report,2020-09-30,2020-10-27,2026-07-27,False,available,data/raw/stock_profit_sheet_by_report_em/run_id=62bbe9df-6ed8-48d5-a06b-10fb90171ee0/symbol=600763/data.parquet,
62bbe9df-6ed8-48d5-a06b-10fb90171ee0,600763,profit_sheet_report,2020-06-30,2020-08-04,2026-07-27,False,available,data/raw/stock_profit_sheet_by_report_em/run_id=62bbe9df-6ed8-48d5-a06b-10fb90171ee0/symbol=600763/data.parquet,
62bbe9df-6ed8-48d5-a06b-10fb90171ee0,600763,profit_sheet_report,2020-03-31,2020-04-24,2026-07-27,False,available,data/raw/stock_profit_sheet_by_report_em/run_id=62bbe9df-6ed8-48d5-a06b-10fb90171ee0/symbol=600763/data.parquet,
62bbe9df-6ed8-48d5-a06b-10fb90171ee0,600763,profit_sheet_report,2019-12-31,2020-04-24,2026-07-27,False,available,data/raw/stock_profit_sheet_by_report_em/run_id=62bbe9df-6ed8-48d5-a06b-10fb90171ee0/symbol=600763/data.parquet,
62bbe9df-6ed8-48d5-a06b-10fb90171ee0,600763,profit_sheet_report,2019-09-30,2019-10-30,2026-07-27,False,available,data/raw/stock_profit_sheet_by_report_em/run_id=62bbe9df-6ed8-48d5-a06b-10fb90171ee0/symbol=600763/data.parquet,
62bbe9df-6ed8-48d5-a06b-10fb90171ee0,600763,profit_sheet_report,2019-06-30,2019-08-02,2026-07-27,False,available,data/raw/stock_profit_sheet_by_report_em/run_id=62bbe9df-6ed8-48d5-a06b-10fb90171ee0/symbol=600763/data.parquet,
62bbe9df-6ed8-48d5-a06b-10fb90171ee0,600763,profit_sheet_report,2019-03-31,2019-04-26,2026-07-27,False,available,data/raw/stock_profit_sheet_by_report_em/run_id=62bbe9df-6ed8-48d5-a06b-10fb90171ee0/symbol=600763/data.parquet,
62bbe9df-6ed8-48d5-a06b-10fb90171ee0,600763,profit_sheet_report,2018-12-31,2019-03-29,2026-07-27,False,available,data/raw/stock_profit_sheet_by_report_em/run_id=62bbe9df-6ed8-48d5-a06b-10fb90171ee0/symbol=600763/data.parquet,
62bbe9df-6ed8-48d5-a06b-10fb90171ee0,600763,profit_sheet_report,2018-09-30,2018-10-20,2026-07-27,False,available,data/raw/stock_profit_sheet_by_report_em/run_id=62bbe9df-6ed8-48d5-a06b-10fb90171ee0/symbol=600763/data.parquet,
62bbe9df-6ed8-48d5-a06b-10fb90171ee0,600763,profit_sheet_report,2018-06-30,2018-08-02,2026-07-27,False,available,data/raw/stock_profit_sheet_by_report_em/run_id=62bbe9df-6ed8-48d5-a06b-10fb90171ee0/symbol=600763/data.parquet,
62bbe9df-6ed8-48d5-a06b-10fb90171ee0,600763,profit_sheet_report,2018-03-31,2018-04-26,2026-07-27,False,available,data/raw/stock_profit_sheet_by_report_em/run_id=62bbe9df-6ed8-48d5-a06b-10fb90171ee0/symbol=600763/data.parquet,
62bbe9df-6ed8-48d5-a06b-10fb90171ee0,600763,profit_sheet_report,2017-12-31,2018-04-03,2026-07-27,False,available,data/raw/stock_profit_sheet_by_report_em/run_id=62bbe9df-6ed8-48d5-a06b-10fb90171ee0/symbol=600763/data.parquet,
62bbe9df-6ed8-48d5-a06b-10fb90171ee0,600763,profit_sheet_report,2017-09-30,2017-10-24,2026-07-27,False,available,data/raw/stock_profit_sheet_by_report_em/run_id=62bbe9df-6ed8-48d5-a06b-10fb90171ee0/symbol=600763/data.parquet,
62bbe9df-6ed8-48d5-a06b-10fb90171ee0,600763,profit_sheet_report,2017-06-30,2017-08-04,2026-07-27,False,available,data/raw/stock_profit_sheet_by_report_em/run_id=62bbe9df-6ed8-48d5-a06b-10fb90171ee0/symbol=600763/data.parquet,
62bbe9df-6ed8-48d5-a06b-10fb90171ee0,600763,profit_sheet_report,2017-03-31,2017-04-20,2026-07-27,False,available,data/raw/stock_profit_sheet_by_report_em/run_id=62bbe9df-6ed8-48d5-a06b-10fb90171ee0/symbol=600763/data.parquet,
62bbe9df-6ed8-48d5-a06b-10fb90171ee0,600763,profit_sheet_report,2016-12-31,2017-04-01,2026-07-27,False,available,data/raw/stock_profit_sheet_by_report_em/run_id=62bbe9df-6ed8-48d5-a06b-10fb90171ee0/symbol=600763/data.parquet,
62bbe9df-6ed8-48d5-a06b-10fb90171ee0,600763,profit_sheet_report,2016-09-30,2016-10-15,2026-07-27,False,available,data/raw/stock_profit_sheet_by_report_em/run_id=62bbe9df-6ed8-48d5-a06b-10fb90171ee0/symbol=600763/data.parquet,
62bbe9df-6ed8-48d5-a06b-10fb90171ee0,600763,profit_sheet_report,2016-06-30,2016-08-26,2026-07-27,False,available,data/raw/stock_profit_sheet_by_report_em/run_id=62bbe9df-6ed8-48d5-a06b-10fb90171ee0/symbol=600763/data.parquet,
62bbe9df-6ed8-48d5-a06b-10fb90171ee0,600763,profit_sheet_report,2016-03-31,2016-04-28,2026-07-27,False,available,data/raw/stock_profit_sheet_by_report_em/run_id=62bbe9df-6ed8-48d5-a06b-10fb90171ee0/symbol=600763/data.parquet,
62bbe9df-6ed8-48d5-a06b-10fb90171ee0,600763,profit_sheet_report,2015-12-31,2016-03-03,2026-07-27,False,available,data/raw/stock_profit_sheet_by_report_em/run_id=62bbe9df-6ed8-48d5-a06b-10fb90171ee0/symbol=600763/data.parquet,
62bbe9df-6ed8-48d5-a06b-10fb90171ee0,600763,profit_sheet_report,2015-09-30,2015-10-31,2026-07-27,False,available,data/raw/stock_profit_sheet_by_report_em/run_id=62bbe9df-6ed8-48d5-a06b-10fb90171ee0/symbol=600763/data.parquet,
62bbe9df-6ed8-48d5-a06b-10fb90171ee0,600763,profit_sheet_report,2015-06-30,2015-07-24,2026-07-27,False,available,data/raw/stock_profit_sheet_by_report_em/run_id=62bbe9df-6ed8-48d5-a06b-10fb90171ee0/symbol=600763/data.parquet,
62bbe9df-6ed8-48d5-a06b-10fb90171ee0,600763,profit_sheet_report,2015-03-31,2015-04-24,2026-07-27,False,available,data/raw/stock_profit_sheet_by_report_em/run_id=62bbe9df-6ed8-48d5-a06b-10fb90171ee0/symbol=600763/data.parquet,
62bbe9df-6ed8-48d5-a06b-10fb90171ee0,600763,profit_sheet_report,2014-12-31,2015-04-10,2026-07-27,False,available,data/raw/stock_profit_sheet_by_report_em/run_id=62bbe9df-6ed8-48d5-a06b-10fb90171ee0/symbol=600763/data.parquet,
62bbe9df-6ed8-48d5-a06b-10fb90171ee0,600763,profit_sheet_report,2014-09-30,2014-10-25,2026-07-27,False,available,data/raw/stock_profit_sheet_by_report_em/run_id=62bbe9df-6ed8-48d5-a06b-10fb90171ee0/symbol=600763/data.parquet,
62bbe9df-6ed8-48d5-a06b-10fb90171ee0,600763,profit_sheet_report,2014-06-30,2014-07-28,2026-07-27,False,available,data/raw/stock_profit_sheet_by_report_em/run_id=62bbe9df-6ed8-48d5-a06b-10fb90171ee0/symbol=600763/data.parquet,
62bbe9df-6ed8-48d5-a06b-10fb90171ee0,600763,profit_sheet_report,2014-03-31,2014-04-25,2026-07-27,False,available,data/raw/stock_profit_sheet_by_report_em/run_id=62bbe9df-6ed8-48d5-a06b-10fb90171ee0/symbol=600763/data.parquet,
62bbe9df-6ed8-48d5-a06b-10fb90171ee0,600763,profit_sheet_report,2013-12-31,2014-04-10,2026-07-27,False,available,data/raw/stock_profit_sheet_by_report_em/run_id=62bbe9df-6ed8-48d5-a06b-10fb90171ee0/symbol=600763/data.parquet,
62bbe9df-6ed8-48d5-a06b-10fb90171ee0,600763,profit_sheet_report,2013-09-30,2013-10-26,2026-07-27,False,available,data/raw/stock_profit_sheet_by_report_em/run_id=62bbe9df-6ed8-48d5-a06b-10fb90171ee0/symbol=600763/data.parquet,
62bbe9df-6ed8-48d5-a06b-10fb90171ee0,600763,profit_sheet_report,2013-06-30,2013-07-27,2026-07-27,False,available,data/raw/stock_profit_sheet_by_report_em/run_id=62bbe9df-6ed8-48d5-a06b-10fb90171ee0/symbol=600763/data.parquet,
62bbe9df-6ed8-48d5-a06b-10fb90171ee0,600763,profit_sheet_report,2013-03-31,2013-04-25,2026-07-27,False,available,data/raw/stock_profit_sheet_by_report_em/run_id=62bbe9df-6ed8-48d5-a06b-10fb90171ee0/symbol=600763/data.parquet,
62bbe9df-6ed8-48d5-a06b-10fb90171ee0,600763,profit_sheet_report,2012-12-31,2013-04-10,2026-07-27,False,available,data/raw/stock_profit_sheet_by_report_em/run_id=62bbe9df-6ed8-48d5-a06b-10fb90171ee0/symbol=600763/data.parquet,
62bbe9df-6ed8-48d5-a06b-10fb90171ee0,600763,profit_sheet_report,2012-09-30,2012-10-26,2026-07-27,False,available,data/raw/stock_profit_sheet_by_report_em/run_id=62bbe9df-6ed8-48d5-a06b-10fb90171ee0/symbol=600763/data.parquet,
62bbe9df-6ed8-48d5-a06b-10fb90171ee0,600763,profit_sheet_report,2012-06-30,2012-07-27,2026-07-27,False,available,data/raw/stock_profit_sheet_by_report_em/run_id=62bbe9df-6ed8-48d5-a06b-10fb90171ee0/symbol=600763/data.parquet,
62bbe9df-6ed8-48d5-a06b-10fb90171ee0,600763,profit_sheet_report,2012-03-31,2012-04-23,2026-07-27,False,available,data/raw/stock_profit_sheet_by_report_em/run_id=62bbe9df-6ed8-48d5-a06b-10fb90171ee0/symbol=600763/data.parquet,
62bbe9df-6ed8-48d5-a06b-10fb90171ee0,600763,profit_sheet_report,2011-12-31,2012-04-18,2026-07-27,False,available,data/raw/stock_profit_sheet_by_report_em/run_id=62bbe9df-6ed8-48d5-a06b-10fb90171ee0/symbol=600763/data.parquet,
62bbe9df-6ed8-48d5-a06b-10fb90171ee0,600763,profit_sheet_report,2011-09-30,2011-10-27,2026-07-27,False,available,data/raw/stock_profit_sheet_by_report_em/run_id=62bbe9df-6ed8-48d5-a06b-10fb90171ee0/symbol=600763/data.parquet,
62bbe9df-6ed8-48d5-a06b-10fb90171ee0,600763,profit_sheet_report,2011-06-30,2011-08-18,2026-07-27,False,available,data/raw/stock_profit_sheet_by_report_em/run_id=62bbe9df-6ed8-48d5-a06b-10fb90171ee0/symbol=600763/data.parquet,
62bbe9df-6ed8-48d5-a06b-10fb90171ee0,600763,profit_sheet_report,2011-03-31,2011-04-25,2026-07-27,False,available,data/raw/stock_profit_sheet_by_report_em/run_id=62bbe9df-6ed8-48d5-a06b-10fb90171ee0/symbol=600763/data.parquet,
62bbe9df-6ed8-48d5-a06b-10fb90171ee0,600763,profit_sheet_report,2010-12-31,2011-04-16,2026-07-27,False,available,data/raw/stock_profit_sheet_by_report_em/run_id=62bbe9df-6ed8-48d5-a06b-10fb90171ee0/symbol=600763/data.parquet,
62bbe9df-6ed8-48d5-a06b-10fb90171ee0,600763,profit_sheet_report,2010-09-30,2010-10-25,2026-07-27,False,available,data/raw/stock_profit_sheet_by_report_em/run_id=62bbe9df-6ed8-48d5-a06b-10fb90171ee0/symbol=600763/data.parquet,
62bbe9df-6ed8-48d5-a06b-10fb90171ee0,600763,profit_sheet_report,2010-06-30,2010-08-19,2026-07-27,False,available,data/raw/stock_profit_sheet_by_report_em/run_id=62bbe9df-6ed8-48d5-a06b-10fb90171ee0/symbol=600763/data.parquet,
62bbe9df-6ed8-48d5-a06b-10fb90171ee0,600763,profit_sheet_report,2010-03-31,2010-04-24,2026-07-27,False,available,data/raw/stock_profit_sheet_by_report_em/run_id=62bbe9df-6ed8-48d5-a06b-10fb90171ee0/symbol=600763/data.parquet,
62bbe9df-6ed8-48d5-a06b-10fb90171ee0,600763,profit_sheet_report,2009-12-31,2011-04-16,2026-07-27,False,available,data/raw/stock_profit_sheet_by_report_em/run_id=62bbe9df-6ed8-48d5-a06b-10fb90171ee0/symbol=600763/data.parquet,
62bbe9df-6ed8-48d5-a06b-10fb90171ee0,600763,profit_sheet_report,2009-09-30,2010-10-25,2026-07-27,False,available,data/raw/stock_profit_sheet_by_report_em/run_id=62bbe9df-6ed8-48d5-a06b-10fb90171ee0/symbol=600763/data.parquet,
62bbe9df-6ed8-48d5-a06b-10fb90171ee0,600763,profit_sheet_report,2009-06-30,2010-08-19,2026-07-27,False,available,data/raw/stock_profit_sheet_by_report_em/run_id=62bbe9df-6ed8-48d5-a06b-10fb90171ee0/symbol=600763/data.parquet,
62bbe9df-6ed8-48d5-a06b-10fb90171ee0,600763,profit_sheet_report,2009-03-31,2009-04-23,2026-07-27,False,available,data/raw/stock_profit_sheet_by_report_em/run_id=62bbe9df-6ed8-48d5-a06b-10fb90171ee0/symbol=600763/data.parquet,
62bbe9df-6ed8-48d5-a06b-10fb90171ee0,600763,profit_sheet_report,2008-12-31,2010-04-24,2026-07-27,False,available,data/raw/stock_profit_sheet_by_report_em/run_id=62bbe9df-6ed8-48d5-a06b-10fb90171ee0/symbol=600763/data.parquet,
62bbe9df-6ed8-48d5-a06b-10fb90171ee0,600763,profit_sheet_report,2008-09-30,2009-10-27,2026-07-27,False,available,data/raw/stock_profit_sheet_by_report_em/run_id=62bbe9df-6ed8-48d5-a06b-10fb90171ee0/symbol=600763/data.parquet,
62bbe9df-6ed8-48d5-a06b-10fb90171ee0,600763,profit_sheet_report,2008-06-30,2009-08-20,2026-07-27,False,available,data/raw/stock_profit_sheet_by_report_em/run_id=62bbe9df-6ed8-48d5-a06b-10fb90171ee0/symbol=600763/data.parquet,
62bbe9df-6ed8-48d5-a06b-10fb90171ee0,600763,profit_sheet_report,2008-03-31,2008-04-25,2026-07-27,False,available,data/raw/stock_profit_sheet_by_report_em/run_id=62bbe9df-6ed8-48d5-a06b-10fb90171ee0/symbol=600763/data.parquet,
62bbe9df-6ed8-48d5-a06b-10fb90171ee0,600763,profit_sheet_report,2007-12-31,2009-04-10,2026-07-27,False,available,data/raw/stock_profit_sheet_by_report_em/run_id=62bbe9df-6ed8-48d5-a06b-10fb90171ee0/symbol=600763/data.parquet,
62bbe9df-6ed8-48d5-a06b-10fb90171ee0,600763,profit_sheet_report,2007-09-30,2008-10-29,2026-07-27,False,available,data/raw/stock_profit_sheet_by_report_em/run_id=62bbe9df-6ed8-48d5-a06b-10fb90171ee0/symbol=600763/data.parquet,
62bbe9df-6ed8-48d5-a06b-10fb90171ee0,600763,profit_sheet_report,2007-06-30,2008-08-22,2026-07-27,False,available,data/raw/stock_profit_sheet_by_report_em/run_id=62bbe9df-6ed8-48d5-a06b-10fb90171ee0/symbol=600763/data.parquet,
62bbe9df-6ed8-48d5-a06b-10fb90171ee0,600763,profit_sheet_report,2007-03-31,2007-04-27,2026-07-27,False,available,data/raw/stock_profit_sheet_by_report_em/run_id=62bbe9df-6ed8-48d5-a06b-10fb90171ee0/symbol=600763/data.parquet,
62bbe9df-6ed8-48d5-a06b-10fb90171ee0,600763,profit_sheet_report,2006-12-31,2008-04-25,2026-07-27,False,available,data/raw/stock_profit_sheet_by_report_em/run_id=62bbe9df-6ed8-48d5-a06b-10fb90171ee0/symbol=600763/data.parquet,
62bbe9df-6ed8-48d5-a06b-10fb90171ee0,600763,profit_sheet_report,2006-09-30,2007-10-31,2026-07-27,False,available,data/raw/stock_profit_sheet_by_report_em/run_id=62bbe9df-6ed8-48d5-a06b-10fb90171ee0/symbol=600763/data.parquet,
62bbe9df-6ed8-48d5-a06b-10fb90171ee0,600763,profit_sheet_report,2006-06-30,2007-08-01,2026-07-27,False,available,data/raw/stock_profit_sheet_by_report_em/run_id=62bbe9df-6ed8-48d5-a06b-10fb90171ee0/symbol=600763/data.parquet,
62bbe9df-6ed8-48d5-a06b-10fb90171ee0,600763,profit_sheet_report,2006-03-31,2007-04-27,2026-07-27,False,available,data/raw/stock_profit_sheet_by_report_em/run_id=62bbe9df-6ed8-48d5-a06b-10fb90171ee0/symbol=600763/data.parquet,
62bbe9df-6ed8-48d5-a06b-10fb90171ee0,600763,profit_sheet_report,2005-12-31,2007-04-27,2026-07-27,False,available,data/raw/stock_profit_sheet_by_report_em/run_id=62bbe9df-6ed8-48d5-a06b-10fb90171ee0/symbol=600763/data.parquet,
62bbe9df-6ed8-48d5-a06b-10fb90171ee0,600763,profit_sheet_report,2005-09-30,2006-10-23,2026-07-27,False,available,data/raw/stock_profit_sheet_by_report_em/run_id=62bbe9df-6ed8-48d5-a06b-10fb90171ee0/symbol=600763/data.parquet,
62bbe9df-6ed8-48d5-a06b-10fb90171ee0,600763,profit_sheet_report,2005-06-30,2006-07-20,2026-07-27,False,available,data/raw/stock_profit_sheet_by_report_em/run_id=62bbe9df-6ed8-48d5-a06b-10fb90171ee0/symbol=600763/data.parquet,
62bbe9df-6ed8-48d5-a06b-10fb90171ee0,600763,profit_sheet_report,2005-03-31,2006-04-25,2026-07-27,False,available,data/raw/stock_profit_sheet_by_report_em/run_id=62bbe9df-6ed8-48d5-a06b-10fb90171ee0/symbol=600763/data.parquet,
62bbe9df-6ed8-48d5-a06b-10fb90171ee0,600763,profit_sheet_report,2004-12-31,2006-03-04,2026-07-27,False,available,data/raw/stock_profit_sheet_by_report_em/run_id=62bbe9df-6ed8-48d5-a06b-10fb90171ee0/symbol=600763/data.parquet,
62bbe9df-6ed8-48d5-a06b-10fb90171ee0,600763,profit_sheet_report,2004-09-30,2005-10-21,2026-07-27,False,available,data/raw/stock_profit_sheet_by_report_em/run_id=62bbe9df-6ed8-48d5-a06b-10fb90171ee0/symbol=600763/data.parquet,
62bbe9df-6ed8-48d5-a06b-10fb90171ee0,600763,profit_sheet_report,2004-06-30,2005-08-16,2026-07-27,False,available,data/raw/stock_profit_sheet_by_report_em/run_id=62bbe9df-6ed8-48d5-a06b-10fb90171ee0/symbol=600763/data.parquet,
62bbe9df-6ed8-48d5-a06b-10fb90171ee0,600763,profit_sheet_report,2004-03-31,2005-04-29,2026-07-27,False,available,data/raw/stock_profit_sheet_by_report_em/run_id=62bbe9df-6ed8-48d5-a06b-10fb90171ee0/symbol=600763/data.parquet,
62bbe9df-6ed8-48d5-a06b-10fb90171ee0,600763,profit_sheet_report,2003-12-31,2005-01-28,2026-07-27,False,available,data/raw/stock_profit_sheet_by_report_em/run_id=62bbe9df-6ed8-48d5-a06b-10fb90171ee0/symbol=600763/data.parquet,
62bbe9df-6ed8-48d5-a06b-10fb90171ee0,600763,profit_sheet_report,2003-09-30,2004-10-27,2026-07-27,False,available,data/raw/stock_profit_sheet_by_report_em/run_id=62bbe9df-6ed8-48d5-a06b-10fb90171ee0/symbol=600763/data.parquet,
62bbe9df-6ed8-48d5-a06b-10fb90171ee0,600763,profit_sheet_report,2003-06-30,2004-08-20,2026-07-27,False,available,data/raw/stock_profit_sheet_by_report_em/run_id=62bbe9df-6ed8-48d5-a06b-10fb90171ee0/symbol=600763/data.parquet,
62bbe9df-6ed8-48d5-a06b-10fb90171ee0,600763,profit_sheet_report,2003-03-31,2004-04-29,2026-07-27,False,available,data/raw/stock_profit_sheet_by_report_em/run_id=62bbe9df-6ed8-48d5-a06b-10fb90171ee0/symbol=600763/data.parquet,
62bbe9df-6ed8-48d5-a06b-10fb90171ee0,600763,profit_sheet_report,2002-12-31,2004-03-20,2026-07-27,False,available,data/raw/stock_profit_sheet_by_report_em/run_id=62bbe9df-6ed8-48d5-a06b-10fb90171ee0/symbol=600763/data.parquet,
62bbe9df-6ed8-48d5-a06b-10fb90171ee0,600763,profit_sheet_report,2002-09-30,2003-10-18,2026-07-27,False,available,data/raw/stock_profit_sheet_by_report_em/run_id=62bbe9df-6ed8-48d5-a06b-10fb90171ee0/symbol=600763/data.parquet,
62bbe9df-6ed8-48d5-a06b-10fb90171ee0,600763,profit_sheet_report,2002-06-30,2003-07-16,2026-07-27,False,available,data/raw/stock_profit_sheet_by_report_em/run_id=62bbe9df-6ed8-48d5-a06b-10fb90171ee0/symbol=600763/data.parquet,
62bbe9df-6ed8-48d5-a06b-10fb90171ee0,600763,profit_sheet_report,2002-03-31,2002-04-27,2026-07-27,False,available,data/raw/stock_profit_sheet_by_report_em/run_id=62bbe9df-6ed8-48d5-a06b-10fb90171ee0/symbol=600763/data.parquet,
62bbe9df-6ed8-48d5-a06b-10fb90171ee0,600763,profit_sheet_report,2001-12-31,2003-01-17,2026-07-27,False,available,data/raw/stock_profit_sheet_by_report_em/run_id=62bbe9df-6ed8-48d5-a06b-10fb90171ee0/symbol=600763/data.parquet,
62bbe9df-6ed8-48d5-a06b-10fb90171ee0,600763,profit_sheet_report,2001-09-30,2001-12-01,2026-07-27,False,available,data/raw/stock_profit_sheet_by_report_em/run_id=62bbe9df-6ed8-48d5-a06b-10fb90171ee0/symbol=600763/data.parquet,
62bbe9df-6ed8-48d5-a06b-10fb90171ee0,600763,profit_sheet_report,2001-06-30,2002-07-16,2026-07-27,False,available,data/raw/stock_profit_sheet_by_report_em/run_id=62bbe9df-6ed8-48d5-a06b-10fb90171ee0/symbol=600763/data.parquet,
62bbe9df-6ed8-48d5-a06b-10fb90171ee0,600763,profit_sheet_report,2000-12-31,2002-04-18,2026-07-27,False,available,data/raw/stock_profit_sheet_by_report_em/run_id=62bbe9df-6ed8-48d5-a06b-10fb90171ee0/symbol=600763/data.parquet,
62bbe9df-6ed8-48d5-a06b-10fb90171ee0,600763,profit_sheet_report,2000-06-30,2001-08-31,2026-07-27,False,available,data/raw/stock_profit_sheet_by_report_em/run_id=62bbe9df-6ed8-48d5-a06b-10fb90171ee0/symbol=600763/data.parquet,
62bbe9df-6ed8-48d5-a06b-10fb90171ee0,600763,profit_sheet_report,1999-12-31,2001-04-17,2026-07-27,False,available,data/raw/stock_profit_sheet_by_report_em/run_id=62bbe9df-6ed8-48d5-a06b-10fb90171ee0/symbol=600763/data.parquet,
62bbe9df-6ed8-48d5-a06b-10fb90171ee0,600763,profit_sheet_report,1999-06-30,2000-08-15,2026-07-27,False,available,data/raw/stock_profit_sheet_by_report_em/run_id=62bbe9df-6ed8-48d5-a06b-10fb90171ee0/symbol=600763/data.parquet,
62bbe9df-6ed8-48d5-a06b-10fb90171ee0,600763,profit_sheet_report,1998-12-31,2000-04-20,2026-07-27,False,available,data/raw/stock_profit_sheet_by_report_em/run_id=62bbe9df-6ed8-48d5-a06b-10fb90171ee0/symbol=600763/data.parquet,
62bbe9df-6ed8-48d5-a06b-10fb90171ee0,600763,profit_sheet_report,1998-06-30,1998-07-25,2026-07-27,False,available,data/raw/stock_profit_sheet_by_report_em/run_id=62bbe9df-6ed8-48d5-a06b-10fb90171ee0/symbol=600763/data.parquet,
62bbe9df-6ed8-48d5-a06b-10fb90171ee0,600763,profit_sheet_report,1997-12-31,1998-04-21,2026-07-27,False,available,data/raw/stock_profit_sheet_by_report_em/run_id=62bbe9df-6ed8-48d5-a06b-10fb90171ee0/symbol=600763/data.parquet,
62bbe9df-6ed8-48d5-a06b-10fb90171ee0,600763,profit_sheet_report,1997-06-30,1997-08-30,2026-07-27,False,available,data/raw/stock_profit_sheet_by_report_em/run_id=62bbe9df-6ed8-48d5-a06b-10fb90171ee0/symbol=600763/data.parquet,
62bbe9df-6ed8-48d5-a06b-10fb90171ee0,600763,profit_sheet_report,1996-12-31,1997-04-28,2026-07-27,False,available,data/raw/stock_profit_sheet_by_report_em/run_id=62bbe9df-6ed8-48d5-a06b-10fb90171ee0/symbol=600763/data.parquet,
62bbe9df-6ed8-48d5-a06b-10fb90171ee0,600763,profit_sheet_report,1995-12-31,1996-10-24,2026-07-27,False,available,data/raw/stock_profit_sheet_by_report_em/run_id=62bbe9df-6ed8-48d5-a06b-10fb90171ee0/symbol=600763/data.parquet,
62bbe9df-6ed8-48d5-a06b-10fb90171ee0,600763,profit_sheet_report,1994-12-31,1996-10-24,2026-07-27,False,available,data/raw/stock_profit_sheet_by_report_em/run_id=62bbe9df-6ed8-48d5-a06b-10fb90171ee0/symbol=600763/data.parquet,
62bbe9df-6ed8-48d5-a06b-10fb90171ee0,600763,profit_sheet_report,1993-12-31,1996-10-24,2026-07-27,False,available,data/raw/stock_profit_sheet_by_report_em/run_id=62bbe9df-6ed8-48d5-a06b-10fb90171ee0/symbol=600763/data.parquet,
62bbe9df-6ed8-48d5-a06b-10fb90171ee0,600763,cashflow_sheet_report,2026-03-31,2026-04-18,2026-07-27,False,available,data/raw/stock_cash_flow_sheet_by_report_em/run_id=62bbe9df-6ed8-48d5-a06b-10fb90171ee0/symbol=600763/data.parquet,
62bbe9df-6ed8-48d5-a06b-10fb90171ee0,600763,cashflow_sheet_report,2025-12-31,2026-04-18,2026-07-27,False,available,data/raw/stock_cash_flow_sheet_by_report_em/run_id=62bbe9df-6ed8-48d5-a06b-10fb90171ee0/symbol=600763/data.parquet,
62bbe9df-6ed8-48d5-a06b-10fb90171ee0,600763,cashflow_sheet_report,2025-09-30,2025-10-28,2026-07-27,False,available,data/raw/stock_cash_flow_sheet_by_report_em/run_id=62bbe9df-6ed8-48d5-a06b-10fb90171ee0/symbol=600763/data.parquet,
62bbe9df-6ed8-48d5-a06b-10fb90171ee0,600763,cashflow_sheet_report,2025-06-30,2025-08-23,2026-07-27,False,available,data/raw/stock_cash_flow_sheet_by_report_em/run_id=62bbe9df-6ed8-48d5-a06b-10fb90171ee0/symbol=600763/data.parquet,
62bbe9df-6ed8-48d5-a06b-10fb90171ee0,600763,cashflow_sheet_report,2025-03-31,2025-04-26,2026-07-27,False,available,data/raw/stock_cash_flow_sheet_by_report_em/run_id=62bbe9df-6ed8-48d5-a06b-10fb90171ee0/symbol=600763/data.parquet,
62bbe9df-6ed8-48d5-a06b-10fb90171ee0,600763,cashflow_sheet_report,2024-12-31,2025-04-26,2026-07-27,False,available,data/raw/stock_cash_flow_sheet_by_report_em/run_id=62bbe9df-6ed8-48d5-a06b-10fb90171ee0/symbol=600763/data.parquet,
62bbe9df-6ed8-48d5-a06b-10fb90171ee0,600763,cashflow_sheet_report,2024-09-30,2024-10-29,2026-07-27,False,available,data/raw/stock_cash_flow_sheet_by_report_em/run_id=62bbe9df-6ed8-48d5-a06b-10fb90171ee0/symbol=600763/data.parquet,
62bbe9df-6ed8-48d5-a06b-10fb90171ee0,600763,cashflow_sheet_report,2024-06-30,2024-08-24,2026-07-27,False,available,data/raw/stock_cash_flow_sheet_by_report_em/run_id=62bbe9df-6ed8-48d5-a06b-10fb90171ee0/symbol=600763/data.parquet,
62bbe9df-6ed8-48d5-a06b-10fb90171ee0,600763,cashflow_sheet_report,2024-03-31,2024-04-26,2026-07-27,False,available,data/raw/stock_cash_flow_sheet_by_report_em/run_id=62bbe9df-6ed8-48d5-a06b-10fb90171ee0/symbol=600763/data.parquet,
62bbe9df-6ed8-48d5-a06b-10fb90171ee0,600763,cashflow_sheet_report,2023-12-31,2024-04-26,2026-07-27,False,available,data/raw/stock_cash_flow_sheet_by_report_em/run_id=62bbe9df-6ed8-48d5-a06b-10fb90171ee0/symbol=600763/data.parquet,
62bbe9df-6ed8-48d5-a06b-10fb90171ee0,600763,cashflow_sheet_report,2023-09-30,2023-10-25,2026-07-27,False,available,data/raw/stock_cash_flow_sheet_by_report_em/run_id=62bbe9df-6ed8-48d5-a06b-10fb90171ee0/symbol=600763/data.parquet,
62bbe9df-6ed8-48d5-a06b-10fb90171ee0,600763,cashflow_sheet_report,2023-06-30,2023-08-25,2026-07-27,False,available,data/raw/stock_cash_flow_sheet_by_report_em/run_id=62bbe9df-6ed8-48d5-a06b-10fb90171ee0/symbol=600763/data.parquet,
62bbe9df-6ed8-48d5-a06b-10fb90171ee0,600763,cashflow_sheet_report,2023-03-31,2023-04-28,2026-07-27,False,available,data/raw/stock_cash_flow_sheet_by_report_em/run_id=62bbe9df-6ed8-48d5-a06b-10fb90171ee0/symbol=600763/data.parquet,
62bbe9df-6ed8-48d5-a06b-10fb90171ee0,600763,cashflow_sheet_report,2022-12-31,2023-04-28,2026-07-27,False,available,data/raw/stock_cash_flow_sheet_by_report_em/run_id=62bbe9df-6ed8-48d5-a06b-10fb90171ee0/symbol=600763/data.parquet,
62bbe9df-6ed8-48d5-a06b-10fb90171ee0,600763,cashflow_sheet_report,2022-09-30,2022-10-25,2026-07-27,False,available,data/raw/stock_cash_flow_sheet_by_report_em/run_id=62bbe9df-6ed8-48d5-a06b-10fb90171ee0/symbol=600763/data.parquet,
62bbe9df-6ed8-48d5-a06b-10fb90171ee0,600763,cashflow_sheet_report,2022-06-30,2022-08-23,2026-07-27,False,available,data/raw/stock_cash_flow_sheet_by_report_em/run_id=62bbe9df-6ed8-48d5-a06b-10fb90171ee0/symbol=600763/data.parquet,
62bbe9df-6ed8-48d5-a06b-10fb90171ee0,600763,cashflow_sheet_report,2022-03-31,2022-04-28,2026-07-27,False,available,data/raw/stock_cash_flow_sheet_by_report_em/run_id=62bbe9df-6ed8-48d5-a06b-10fb90171ee0/symbol=600763/data.parquet,
62bbe9df-6ed8-48d5-a06b-10fb90171ee0,600763,cashflow_sheet_report,2021-12-31,2022-04-28,2026-07-27,False,available,data/raw/stock_cash_flow_sheet_by_report_em/run_id=62bbe9df-6ed8-48d5-a06b-10fb90171ee0/symbol=600763/data.parquet,
62bbe9df-6ed8-48d5-a06b-10fb90171ee0,600763,cashflow_sheet_report,2021-09-30,2021-10-15,2026-07-27,False,available,data/raw/stock_cash_flow_sheet_by_report_em/run_id=62bbe9df-6ed8-48d5-a06b-10fb90171ee0/symbol=600763/data.parquet,
62bbe9df-6ed8-48d5-a06b-10fb90171ee0,600763,cashflow_sheet_report,2021-06-30,2021-08-10,2026-07-27,False,available,data/raw/stock_cash_flow_sheet_by_report_em/run_id=62bbe9df-6ed8-48d5-a06b-10fb90171ee0/symbol=600763/data.parquet,
62bbe9df-6ed8-48d5-a06b-10fb90171ee0,600763,cashflow_sheet_report,2021-03-31,2021-04-10,2026-07-27,False,available,data/raw/stock_cash_flow_sheet_by_report_em/run_id=62bbe9df-6ed8-48d5-a06b-10fb90171ee0/symbol=600763/data.parquet,
62bbe9df-6ed8-48d5-a06b-10fb90171ee0,600763,cashflow_sheet_report,2020-12-31,2021-04-10,2026-07-27,False,available,data/raw/stock_cash_flow_sheet_by_report_em/run_id=62bbe9df-6ed8-48d5-a06b-10fb90171ee0/symbol=600763/data.parquet,
62bbe9df-6ed8-48d5-a06b-10fb90171ee0,600763,cashflow_sheet_report,2020-09-30,2020-10-27,2026-07-27,False,available,data/raw/stock_cash_flow_sheet_by_report_em/run_id=62bbe9df-6ed8-48d5-a06b-10fb90171ee0/symbol=600763/data.parquet,
62bbe9df-6ed8-48d5-a06b-10fb90171ee0,600763,cashflow_sheet_report,2020-06-30,2020-08-04,2026-07-27,False,available,data/raw/stock_cash_flow_sheet_by_report_em/run_id=62bbe9df-6ed8-48d5-a06b-10fb90171ee0/symbol=600763/data.parquet,
62bbe9df-6ed8-48d5-a06b-10fb90171ee0,600763,cashflow_sheet_report,2020-03-31,2020-04-24,2026-07-27,False,available,data/raw/stock_cash_flow_sheet_by_report_em/run_id=62bbe9df-6ed8-48d5-a06b-10fb90171ee0/symbol=600763/data.parquet,
62bbe9df-6ed8-48d5-a06b-10fb90171ee0,600763,cashflow_sheet_report,2019-12-31,2020-04-24,2026-07-27,False,available,data/raw/stock_cash_flow_sheet_by_report_em/run_id=62bbe9df-6ed8-48d5-a06b-10fb90171ee0/symbol=600763/data.parquet,
62bbe9df-6ed8-48d5-a06b-10fb90171ee0,600763,cashflow_sheet_report,2019-09-30,2019-10-30,2026-07-27,False,available,data/raw/stock_cash_flow_sheet_by_report_em/run_id=62bbe9df-6ed8-48d5-a06b-10fb90171ee0/symbol=600763/data.parquet,
62bbe9df-6ed8-48d5-a06b-10fb90171ee0,600763,cashflow_sheet_report,2019-06-30,2019-08-02,2026-07-27,False,available,data/raw/stock_cash_flow_sheet_by_report_em/run_id=62bbe9df-6ed8-48d5-a06b-10fb90171ee0/symbol=600763/data.parquet,
62bbe9df-6ed8-48d5-a06b-10fb90171ee0,600763,cashflow_sheet_report,2019-03-31,2019-04-26,2026-07-27,False,available,data/raw/stock_cash_flow_sheet_by_report_em/run_id=62bbe9df-6ed8-48d5-a06b-10fb90171ee0/symbol=600763/data.parquet,
62bbe9df-6ed8-48d5-a06b-10fb90171ee0,600763,cashflow_sheet_report,2018-12-31,2019-03-29,2026-07-27,False,available,data/raw/stock_cash_flow_sheet_by_report_em/run_id=62bbe9df-6ed8-48d5-a06b-10fb90171ee0/symbol=600763/data.parquet,
62bbe9df-6ed8-48d5-a06b-10fb90171ee0,600763,cashflow_sheet_report,2018-09-30,2018-10-20,2026-07-27,False,available,data/raw/stock_cash_flow_sheet_by_report_em/run_id=62bbe9df-6ed8-48d5-a06b-10fb90171ee0/symbol=600763/data.parquet,
62bbe9df-6ed8-48d5-a06b-10fb90171ee0,600763,cashflow_sheet_report,2018-06-30,2018-08-02,2026-07-27,False,available,data/raw/stock_cash_flow_sheet_by_report_em/run_id=62bbe9df-6ed8-48d5-a06b-10fb90171ee0/symbol=600763/data.parquet,
62bbe9df-6ed8-48d5-a06b-10fb90171ee0,600763,cashflow_sheet_report,2018-03-31,2018-04-26,2026-07-27,False,available,data/raw/stock_cash_flow_sheet_by_report_em/run_id=62bbe9df-6ed8-48d5-a06b-10fb90171ee0/symbol=600763/data.parquet,
62bbe9df-6ed8-48d5-a06b-10fb90171ee0,600763,cashflow_sheet_report,2017-12-31,2018-04-03,2026-07-27,False,available,data/raw/stock_cash_flow_sheet_by_report_em/run_id=62bbe9df-6ed8-48d5-a06b-10fb90171ee0/symbol=600763/data.parquet,
62bbe9df-6ed8-48d5-a06b-10fb90171ee0,600763,cashflow_sheet_report,2017-09-30,2017-10-24,2026-07-27,False,available,data/raw/stock_cash_flow_sheet_by_report_em/run_id=62bbe9df-6ed8-48d5-a06b-10fb90171ee0/symbol=600763/data.parquet,
62bbe9df-6ed8-48d5-a06b-10fb90171ee0,600763,cashflow_sheet_report,2017-06-30,2017-08-04,2026-07-27,False,available,data/raw/stock_cash_flow_sheet_by_report_em/run_id=62bbe9df-6ed8-48d5-a06b-10fb90171ee0/symbol=600763/data.parquet,
62bbe9df-6ed8-48d5-a06b-10fb90171ee0,600763,cashflow_sheet_report,2017-03-31,2017-04-20,2026-07-27,False,available,data/raw/stock_cash_flow_sheet_by_report_em/run_id=62bbe9df-6ed8-48d5-a06b-10fb90171ee0/symbol=600763/data.parquet,
62bbe9df-6ed8-48d5-a06b-10fb90171ee0,600763,cashflow_sheet_report,2016-12-31,2017-04-01,2026-07-27,False,available,data/raw/stock_cash_flow_sheet_by_report_em/run_id=62bbe9df-6ed8-48d5-a06b-10fb90171ee0/symbol=600763/data.parquet,
62bbe9df-6ed8-48d5-a06b-10fb90171ee0,600763,cashflow_sheet_report,2016-09-30,2016-10-15,2026-07-27,False,available,data/raw/stock_cash_flow_sheet_by_report_em/run_id=62bbe9df-6ed8-48d5-a06b-10fb90171ee0/symbol=600763/data.parquet,
62bbe9df-6ed8-48d5-a06b-10fb90171ee0,600763,cashflow_sheet_report,2016-06-30,2016-08-26,2026-07-27,False,available,data/raw/stock_cash_flow_sheet_by_report_em/run_id=62bbe9df-6ed8-48d5-a06b-10fb90171ee0/symbol=600763/data.parquet,
62bbe9df-6ed8-48d5-a06b-10fb90171ee0,600763,cashflow_sheet_report,2016-03-31,2016-04-28,2026-07-27,False,available,data/raw/stock_cash_flow_sheet_by_report_em/run_id=62bbe9df-6ed8-48d5-a06b-10fb90171ee0/symbol=600763/data.parquet,
62bbe9df-6ed8-48d5-a06b-10fb90171ee0,600763,cashflow_sheet_report,2015-12-31,2016-03-03,2026-07-27,False,available,data/raw/stock_cash_flow_sheet_by_report_em/run_id=62bbe9df-6ed8-48d5-a06b-10fb90171ee0/symbol=600763/data.parquet,
62bbe9df-6ed8-48d5-a06b-10fb90171ee0,600763,cashflow_sheet_report,2015-09-30,2015-10-31,2026-07-27,False,available,data/raw/stock_cash_flow_sheet_by_report_em/run_id=62bbe9df-6ed8-48d5-a06b-10fb90171ee0/symbol=600763/data.parquet,
62bbe9df-6ed8-48d5-a06b-10fb90171ee0,600763,cashflow_sheet_report,2015-06-30,2015-07-24,2026-07-27,False,available,data/raw/stock_cash_flow_sheet_by_report_em/run_id=62bbe9df-6ed8-48d5-a06b-10fb90171ee0/symbol=600763/data.parquet,
62bbe9df-6ed8-48d5-a06b-10fb90171ee0,600763,cashflow_sheet_report,2015-03-31,2015-04-24,2026-07-27,False,available,data/raw/stock_cash_flow_sheet_by_report_em/run_id=62bbe9df-6ed8-48d5-a06b-10fb90171ee0/symbol=600763/data.parquet,
62bbe9df-6ed8-48d5-a06b-10fb90171ee0,600763,cashflow_sheet_report,2014-12-31,2015-04-10,2026-07-27,False,available,data/raw/stock_cash_flow_sheet_by_report_em/run_id=62bbe9df-6ed8-48d5-a06b-10fb90171ee0/symbol=600763/data.parquet,
62bbe9df-6ed8-48d5-a06b-10fb90171ee0,600763,cashflow_sheet_report,2014-09-30,2014-10-25,2026-07-27,False,available,data/raw/stock_cash_flow_sheet_by_report_em/run_id=62bbe9df-6ed8-48d5-a06b-10fb90171ee0/symbol=600763/data.parquet,
62bbe9df-6ed8-48d5-a06b-10fb90171ee0,600763,cashflow_sheet_report,2014-06-30,2014-07-28,2026-07-27,False,available,data/raw/stock_cash_flow_sheet_by_report_em/run_id=62bbe9df-6ed8-48d5-a06b-10fb90171ee0/symbol=600763/data.parquet,
62bbe9df-6ed8-48d5-a06b-10fb90171ee0,600763,cashflow_sheet_report,2014-03-31,2014-04-25,2026-07-27,False,available,data/raw/stock_cash_flow_sheet_by_report_em/run_id=62bbe9df-6ed8-48d5-a06b-10fb90171ee0/symbol=600763/data.parquet,
62bbe9df-6ed8-48d5-a06b-10fb90171ee0,600763,cashflow_sheet_report,2013-12-31,2014-04-10,2026-07-27,False,available,data/raw/stock_cash_flow_sheet_by_report_em/run_id=62bbe9df-6ed8-48d5-a06b-10fb90171ee0/symbol=600763/data.parquet,
62bbe9df-6ed8-48d5-a06b-10fb90171ee0,600763,cashflow_sheet_report,2013-09-30,2013-10-26,2026-07-27,False,available,data/raw/stock_cash_flow_sheet_by_report_em/run_id=62bbe9df-6ed8-48d5-a06b-10fb90171ee0/symbol=600763/data.parquet,
62bbe9df-6ed8-48d5-a06b-10fb90171ee0,600763,cashflow_sheet_report,2013-06-30,2013-07-27,2026-07-27,False,available,data/raw/stock_cash_flow_sheet_by_report_em/run_id=62bbe9df-6ed8-48d5-a06b-10fb90171ee0/symbol=600763/data.parquet,
62bbe9df-6ed8-48d5-a06b-10fb90171ee0,600763,cashflow_sheet_report,2013-03-31,2013-04-25,2026-07-27,False,available,data/raw/stock_cash_flow_sheet_by_report_em/run_id=62bbe9df-6ed8-48d5-a06b-10fb90171ee0/symbol=600763/data.parquet,
62bbe9df-6ed8-48d5-a06b-10fb90171ee0,600763,cashflow_sheet_report,2012-12-31,2013-04-10,2026-07-27,False,available,data/raw/stock_cash_flow_sheet_by_report_em/run_id=62bbe9df-6ed8-48d5-a06b-10fb90171ee0/symbol=600763/data.parquet,
62bbe9df-6ed8-48d5-a06b-10fb90171ee0,600763,cashflow_sheet_report,2012-09-30,2012-10-26,2026-07-27,False,available,data/raw/stock_cash_flow_sheet_by_report_em/run_id=62bbe9df-6ed8-48d5-a06b-10fb90171ee0/symbol=600763/data.parquet,
62bbe9df-6ed8-48d5-a06b-10fb90171ee0,600763,cashflow_sheet_report,2012-06-30,2012-07-27,2026-07-27,False,available,data/raw/stock_cash_flow_sheet_by_report_em/run_id=62bbe9df-6ed8-48d5-a06b-10fb90171ee0/symbol=600763/data.parquet,
62bbe9df-6ed8-48d5-a06b-10fb90171ee0,600763,cashflow_sheet_report,2012-03-31,2012-04-23,2026-07-27,False,available,data/raw/stock_cash_flow_sheet_by_report_em/run_id=62bbe9df-6ed8-48d5-a06b-10fb90171ee0/symbol=600763/data.parquet,
62bbe9df-6ed8-48d5-a06b-10fb90171ee0,600763,cashflow_sheet_report,2011-12-31,2012-04-18,2026-07-27,False,available,data/raw/stock_cash_flow_sheet_by_report_em/run_id=62bbe9df-6ed8-48d5-a06b-10fb90171ee0/symbol=600763/data.parquet,
62bbe9df-6ed8-48d5-a06b-10fb90171ee0,600763,cashflow_sheet_report,2011-09-30,2011-10-27,2026-07-27,False,available,data/raw/stock_cash_flow_sheet_by_report_em/run_id=62bbe9df-6ed8-48d5-a06b-10fb90171ee0/symbol=600763/data.parquet,
62bbe9df-6ed8-48d5-a06b-10fb90171ee0,600763,cashflow_sheet_report,2011-06-30,2011-08-18,2026-07-27,False,available,data/raw/stock_cash_flow_sheet_by_report_em/run_id=62bbe9df-6ed8-48d5-a06b-10fb90171ee0/symbol=600763/data.parquet,
62bbe9df-6ed8-48d5-a06b-10fb90171ee0,600763,cashflow_sheet_report,2011-03-31,2011-04-25,2026-07-27,False,available,data/raw/stock_cash_flow_sheet_by_report_em/run_id=62bbe9df-6ed8-48d5-a06b-10fb90171ee0/symbol=600763/data.parquet,
62bbe9df-6ed8-48d5-a06b-10fb90171ee0,600763,cashflow_sheet_report,2010-12-31,2011-04-16,2026-07-27,False,available,data/raw/stock_cash_flow_sheet_by_report_em/run_id=62bbe9df-6ed8-48d5-a06b-10fb90171ee0/symbol=600763/data.parquet,
62bbe9df-6ed8-48d5-a06b-10fb90171ee0,600763,cashflow_sheet_report,2010-09-30,2010-10-25,2026-07-27,False,available,data/raw/stock_cash_flow_sheet_by_report_em/run_id=62bbe9df-6ed8-48d5-a06b-10fb90171ee0/symbol=600763/data.parquet,
62bbe9df-6ed8-48d5-a06b-10fb90171ee0,600763,cashflow_sheet_report,2010-06-30,2010-08-19,2026-07-27,False,available,data/raw/stock_cash_flow_sheet_by_report_em/run_id=62bbe9df-6ed8-48d5-a06b-10fb90171ee0/symbol=600763/data.parquet,
62bbe9df-6ed8-48d5-a06b-10fb90171ee0,600763,cashflow_sheet_report,2010-03-31,2010-04-24,2026-07-27,False,available,data/raw/stock_cash_flow_sheet_by_report_em/run_id=62bbe9df-6ed8-48d5-a06b-10fb90171ee0/symbol=600763/data.parquet,
62bbe9df-6ed8-48d5-a06b-10fb90171ee0,600763,cashflow_sheet_report,2009-12-31,2011-04-16,2026-07-27,False,available,data/raw/stock_cash_flow_sheet_by_report_em/run_id=62bbe9df-6ed8-48d5-a06b-10fb90171ee0/symbol=600763/data.parquet,
62bbe9df-6ed8-48d5-a06b-10fb90171ee0,600763,cashflow_sheet_report,2009-09-30,2010-10-25,2026-07-27,False,available,data/raw/stock_cash_flow_sheet_by_report_em/run_id=62bbe9df-6ed8-48d5-a06b-10fb90171ee0/symbol=600763/data.parquet,
62bbe9df-6ed8-48d5-a06b-10fb90171ee0,600763,cashflow_sheet_report,2009-06-30,2010-08-19,2026-07-27,False,available,data/raw/stock_cash_flow_sheet_by_report_em/run_id=62bbe9df-6ed8-48d5-a06b-10fb90171ee0/symbol=600763/data.parquet,
62bbe9df-6ed8-48d5-a06b-10fb90171ee0,600763,cashflow_sheet_report,2009-03-31,2009-04-23,2026-07-27,False,available,data/raw/stock_cash_flow_sheet_by_report_em/run_id=62bbe9df-6ed8-48d5-a06b-10fb90171ee0/symbol=600763/data.parquet,
62bbe9df-6ed8-48d5-a06b-10fb90171ee0,600763,cashflow_sheet_report,2008-12-31,2010-04-24,2026-07-27,False,available,data/raw/stock_cash_flow_sheet_by_report_em/run_id=62bbe9df-6ed8-48d5-a06b-10fb90171ee0/symbol=600763/data.parquet,
62bbe9df-6ed8-48d5-a06b-10fb90171ee0,600763,cashflow_sheet_report,2008-09-30,2009-10-27,2026-07-27,False,available,data/raw/stock_cash_flow_sheet_by_report_em/run_id=62bbe9df-6ed8-48d5-a06b-10fb90171ee0/symbol=600763/data.parquet,
62bbe9df-6ed8-48d5-a06b-10fb90171ee0,600763,cashflow_sheet_report,2008-06-30,2009-08-20,2026-07-27,False,available,data/raw/stock_cash_flow_sheet_by_report_em/run_id=62bbe9df-6ed8-48d5-a06b-10fb90171ee0/symbol=600763/data.parquet,
62bbe9df-6ed8-48d5-a06b-10fb90171ee0,600763,cashflow_sheet_report,2008-03-31,2008-04-25,2026-07-27,False,available,data/raw/stock_cash_flow_sheet_by_report_em/run_id=62bbe9df-6ed8-48d5-a06b-10fb90171ee0/symbol=600763/data.parquet,
62bbe9df-6ed8-48d5-a06b-10fb90171ee0,600763,cashflow_sheet_report,2007-12-31,2009-04-10,2026-07-27,False,available,data/raw/stock_cash_flow_sheet_by_report_em/run_id=62bbe9df-6ed8-48d5-a06b-10fb90171ee0/symbol=600763/data.parquet,
62bbe9df-6ed8-48d5-a06b-10fb90171ee0,600763,cashflow_sheet_report,2007-09-30,2008-10-29,2026-07-27,False,available,data/raw/stock_cash_flow_sheet_by_report_em/run_id=62bbe9df-6ed8-48d5-a06b-10fb90171ee0/symbol=600763/data.parquet,
62bbe9df-6ed8-48d5-a06b-10fb90171ee0,600763,cashflow_sheet_report,2007-06-30,2008-08-22,2026-07-27,False,available,data/raw/stock_cash_flow_sheet_by_report_em/run_id=62bbe9df-6ed8-48d5-a06b-10fb90171ee0/symbol=600763/data.parquet,
62bbe9df-6ed8-48d5-a06b-10fb90171ee0,600763,cashflow_sheet_report,2007-03-31,2007-04-27,2026-07-27,False,available,data/raw/stock_cash_flow_sheet_by_report_em/run_id=62bbe9df-6ed8-48d5-a06b-10fb90171ee0/symbol=600763/data.parquet,
62bbe9df-6ed8-48d5-a06b-10fb90171ee0,600763,cashflow_sheet_report,2006-12-31,2008-04-25,2026-07-27,False,available,data/raw/stock_cash_flow_sheet_by_report_em/run_id=62bbe9df-6ed8-48d5-a06b-10fb90171ee0/symbol=600763/data.parquet,
62bbe9df-6ed8-48d5-a06b-10fb90171ee0,600763,cashflow_sheet_report,2006-09-30,2007-10-31,2026-07-27,False,available,data/raw/stock_cash_flow_sheet_by_report_em/run_id=62bbe9df-6ed8-48d5-a06b-10fb90171ee0/symbol=600763/data.parquet,
62bbe9df-6ed8-48d5-a06b-10fb90171ee0,600763,cashflow_sheet_report,2006-06-30,2007-08-01,2026-07-27,False,available,data/raw/stock_cash_flow_sheet_by_report_em/run_id=62bbe9df-6ed8-48d5-a06b-10fb90171ee0/symbol=600763/data.parquet,
62bbe9df-6ed8-48d5-a06b-10fb90171ee0,600763,cashflow_sheet_report,2006-03-31,2007-04-27,2026-07-27,False,available,data/raw/stock_cash_flow_sheet_by_report_em/run_id=62bbe9df-6ed8-48d5-a06b-10fb90171ee0/symbol=600763/data.parquet,
62bbe9df-6ed8-48d5-a06b-10fb90171ee0,600763,cashflow_sheet_report,2005-12-31,2006-03-04,2026-07-27,False,available,data/raw/stock_cash_flow_sheet_by_report_em/run_id=62bbe9df-6ed8-48d5-a06b-10fb90171ee0/symbol=600763/data.parquet,
62bbe9df-6ed8-48d5-a06b-10fb90171ee0,600763,cashflow_sheet_report,2005-09-30,2005-10-21,2026-07-27,False,available,data/raw/stock_cash_flow_sheet_by_report_em/run_id=62bbe9df-6ed8-48d5-a06b-10fb90171ee0/symbol=600763/data.parquet,
62bbe9df-6ed8-48d5-a06b-10fb90171ee0,600763,cashflow_sheet_report,2005-06-30,2005-08-16,2026-07-27,False,available,data/raw/stock_cash_flow_sheet_by_report_em/run_id=62bbe9df-6ed8-48d5-a06b-10fb90171ee0/symbol=600763/data.parquet,
62bbe9df-6ed8-48d5-a06b-10fb90171ee0,600763,cashflow_sheet_report,2005-03-31,2005-04-29,2026-07-27,False,available,data/raw/stock_cash_flow_sheet_by_report_em/run_id=62bbe9df-6ed8-48d5-a06b-10fb90171ee0/symbol=600763/data.parquet,
62bbe9df-6ed8-48d5-a06b-10fb90171ee0,600763,cashflow_sheet_report,2004-12-31,2005-01-28,2026-07-27,False,available,data/raw/stock_cash_flow_sheet_by_report_em/run_id=62bbe9df-6ed8-48d5-a06b-10fb90171ee0/symbol=600763/data.parquet,
62bbe9df-6ed8-48d5-a06b-10fb90171ee0,600763,cashflow_sheet_report,2004-09-30,2004-10-27,2026-07-27,False,available,data/raw/stock_cash_flow_sheet_by_report_em/run_id=62bbe9df-6ed8-48d5-a06b-10fb90171ee0/symbol=600763/data.parquet,
62bbe9df-6ed8-48d5-a06b-10fb90171ee0,600763,cashflow_sheet_report,2004-06-30,2004-08-20,2026-07-27,False,available,data/raw/stock_cash_flow_sheet_by_report_em/run_id=62bbe9df-6ed8-48d5-a06b-10fb90171ee0/symbol=600763/data.parquet,
62bbe9df-6ed8-48d5-a06b-10fb90171ee0,600763,cashflow_sheet_report,2004-03-31,2004-04-29,2026-07-27,False,available,data/raw/stock_cash_flow_sheet_by_report_em/run_id=62bbe9df-6ed8-48d5-a06b-10fb90171ee0/symbol=600763/data.parquet,
62bbe9df-6ed8-48d5-a06b-10fb90171ee0,600763,cashflow_sheet_report,2003-12-31,2004-03-20,2026-07-27,False,available,data/raw/stock_cash_flow_sheet_by_report_em/run_id=62bbe9df-6ed8-48d5-a06b-10fb90171ee0/symbol=600763/data.parquet,
62bbe9df-6ed8-48d5-a06b-10fb90171ee0,600763,cashflow_sheet_report,2003-09-30,2003-10-18,2026-07-27,False,available,data/raw/stock_cash_flow_sheet_by_report_em/run_id=62bbe9df-6ed8-48d5-a06b-10fb90171ee0/symbol=600763/data.parquet,
62bbe9df-6ed8-48d5-a06b-10fb90171ee0,600763,cashflow_sheet_report,2003-06-30,2003-07-16,2026-07-27,False,available,data/raw/stock_cash_flow_sheet_by_report_em/run_id=62bbe9df-6ed8-48d5-a06b-10fb90171ee0/symbol=600763/data.parquet,
62bbe9df-6ed8-48d5-a06b-10fb90171ee0,600763,cashflow_sheet_report,2003-03-31,2003-04-18,2026-07-27,False,available,data/raw/stock_cash_flow_sheet_by_report_em/run_id=62bbe9df-6ed8-48d5-a06b-10fb90171ee0/symbol=600763/data.parquet,
62bbe9df-6ed8-48d5-a06b-10fb90171ee0,600763,cashflow_sheet_report,2002-12-31,2003-01-17,2026-07-27,False,available,data/raw/stock_cash_flow_sheet_by_report_em/run_id=62bbe9df-6ed8-48d5-a06b-10fb90171ee0/symbol=600763/data.parquet,
62bbe9df-6ed8-48d5-a06b-10fb90171ee0,600763,cashflow_sheet_report,2002-06-30,2003-07-16,2026-07-27,False,available,data/raw/stock_cash_flow_sheet_by_report_em/run_id=62bbe9df-6ed8-48d5-a06b-10fb90171ee0/symbol=600763/data.parquet,
62bbe9df-6ed8-48d5-a06b-10fb90171ee0,600763,cashflow_sheet_report,2001-12-31,2002-04-18,2026-07-27,False,available,data/raw/stock_cash_flow_sheet_by_report_em/run_id=62bbe9df-6ed8-48d5-a06b-10fb90171ee0/symbol=600763/data.parquet,
62bbe9df-6ed8-48d5-a06b-10fb90171ee0,600763,cashflow_sheet_report,2001-06-30,2001-08-31,2026-07-27,False,available,data/raw/stock_cash_flow_sheet_by_report_em/run_id=62bbe9df-6ed8-48d5-a06b-10fb90171ee0/symbol=600763/data.parquet,
62bbe9df-6ed8-48d5-a06b-10fb90171ee0,600763,cashflow_sheet_report,2000-12-31,2001-04-17,2026-07-27,False,available,data/raw/stock_cash_flow_sheet_by_report_em/run_id=62bbe9df-6ed8-48d5-a06b-10fb90171ee0/symbol=600763/data.parquet,
62bbe9df-6ed8-48d5-a06b-10fb90171ee0,600763,cashflow_sheet_report,2000-06-30,2000-08-15,2026-07-27,False,available,data/raw/stock_cash_flow_sheet_by_report_em/run_id=62bbe9df-6ed8-48d5-a06b-10fb90171ee0/symbol=600763/data.parquet,
62bbe9df-6ed8-48d5-a06b-10fb90171ee0,600763,cashflow_sheet_report,1999-12-31,2000-04-20,2026-07-27,False,available,data/raw/stock_cash_flow_sheet_by_report_em/run_id=62bbe9df-6ed8-48d5-a06b-10fb90171ee0/symbol=600763/data.parquet,
62bbe9df-6ed8-48d5-a06b-10fb90171ee0,600763,cashflow_sheet_report,1998-12-31,1999-03-31,2026-07-27,False,available,data/raw/stock_cash_flow_sheet_by_report_em/run_id=62bbe9df-6ed8-48d5-a06b-10fb90171ee0/symbol=600763/data.parquet,
62bbe9df-6ed8-48d5-a06b-10fb90171ee0,603259,financial_abstract,,,2026-07-27,False,unavailable,data/raw/stock_financial_abstract/run_id=62bbe9df-6ed8-48d5-a06b-10fb90171ee0/symbol=603259/data.parquet,WARN: report/announcement date could not be paired
62bbe9df-6ed8-48d5-a06b-10fb90171ee0,603259,financial_indicator,,,2026-07-27,False,unavailable,data/raw/stock_financial_analysis_indicator/run_id=62bbe9df-6ed8-48d5-a06b-10fb90171ee0/symbol=603259/data.parquet,WARN: report/announcement date could not be paired
62bbe9df-6ed8-48d5-a06b-10fb90171ee0,603259,balance_sheet_report,2026-03-31,2026-04-28,2026-07-27,False,available,data/raw/stock_balance_sheet_by_report_em/run_id=62bbe9df-6ed8-48d5-a06b-10fb90171ee0/symbol=603259/data.parquet,
62bbe9df-6ed8-48d5-a06b-10fb90171ee0,603259,balance_sheet_report,2025-12-31,2026-03-24,2026-07-27,False,available,data/raw/stock_balance_sheet_by_report_em/run_id=62bbe9df-6ed8-48d5-a06b-10fb90171ee0/symbol=603259/data.parquet,
62bbe9df-6ed8-48d5-a06b-10fb90171ee0,603259,balance_sheet_report,2025-09-30,2025-10-27,2026-07-27,False,available,data/raw/stock_balance_sheet_by_report_em/run_id=62bbe9df-6ed8-48d5-a06b-10fb90171ee0/symbol=603259/data.parquet,
62bbe9df-6ed8-48d5-a06b-10fb90171ee0,603259,balance_sheet_report,2025-06-30,2025-07-29,2026-07-27,False,available,data/raw/stock_balance_sheet_by_report_em/run_id=62bbe9df-6ed8-48d5-a06b-10fb90171ee0/symbol=603259/data.parquet,
62bbe9df-6ed8-48d5-a06b-10fb90171ee0,603259,balance_sheet_report,2025-03-31,2025-04-29,2026-07-27,False,available,data/raw/stock_balance_sheet_by_report_em/run_id=62bbe9df-6ed8-48d5-a06b-10fb90171ee0/symbol=603259/data.parquet,
62bbe9df-6ed8-48d5-a06b-10fb90171ee0,603259,balance_sheet_report,2024-12-31,2025-03-18,2026-07-27,False,available,data/raw/stock_balance_sheet_by_report_em/run_id=62bbe9df-6ed8-48d5-a06b-10fb90171ee0/symbol=603259/data.parquet,
62bbe9df-6ed8-48d5-a06b-10fb90171ee0,603259,balance_sheet_report,2024-09-30,2024-10-29,2026-07-27,False,available,data/raw/stock_balance_sheet_by_report_em/run_id=62bbe9df-6ed8-48d5-a06b-10fb90171ee0/symbol=603259/data.parquet,
62bbe9df-6ed8-48d5-a06b-10fb90171ee0,603259,balance_sheet_report,2024-06-30,2024-07-30,2026-07-27,False,available,data/raw/stock_balance_sheet_by_report_em/run_id=62bbe9df-6ed8-48d5-a06b-10fb90171ee0/symbol=603259/data.parquet,
62bbe9df-6ed8-48d5-a06b-10fb90171ee0,603259,balance_sheet_report,2024-03-31,2024-04-30,2026-07-27,False,available,data/raw/stock_balance_sheet_by_report_em/run_id=62bbe9df-6ed8-48d5-a06b-10fb90171ee0/symbol=603259/data.parquet,
62bbe9df-6ed8-48d5-a06b-10fb90171ee0,603259,balance_sheet_report,2023-12-31,2024-03-19,2026-07-27,False,available,data/raw/stock_balance_sheet_by_report_em/run_id=62bbe9df-6ed8-48d5-a06b-10fb90171ee0/symbol=603259/data.parquet,
62bbe9df-6ed8-48d5-a06b-10fb90171ee0,603259,balance_sheet_report,2023-09-30,2023-10-31,2026-07-27,False,available,data/raw/stock_balance_sheet_by_report_em/run_id=62bbe9df-6ed8-48d5-a06b-10fb90171ee0/symbol=603259/data.parquet,
62bbe9df-6ed8-48d5-a06b-10fb90171ee0,603259,balance_sheet_report,2023-06-30,2023-08-01,2026-07-27,False,available,data/raw/stock_balance_sheet_by_report_em/run_id=62bbe9df-6ed8-48d5-a06b-10fb90171ee0/symbol=603259/data.parquet,
62bbe9df-6ed8-48d5-a06b-10fb90171ee0,603259,balance_sheet_report,2023-03-31,2023-04-25,2026-07-27,False,available,data/raw/stock_balance_sheet_by_report_em/run_id=62bbe9df-6ed8-48d5-a06b-10fb90171ee0/symbol=603259/data.parquet,
62bbe9df-6ed8-48d5-a06b-10fb90171ee0,603259,balance_sheet_report,2022-12-31,2023-03-21,2026-07-27,False,available,data/raw/stock_balance_sheet_by_report_em/run_id=62bbe9df-6ed8-48d5-a06b-10fb90171ee0/symbol=603259/data.parquet,
62bbe9df-6ed8-48d5-a06b-10fb90171ee0,603259,balance_sheet_report,2022-09-30,2022-10-27,2026-07-27,False,available,data/raw/stock_balance_sheet_by_report_em/run_id=62bbe9df-6ed8-48d5-a06b-10fb90171ee0/symbol=603259/data.parquet,
62bbe9df-6ed8-48d5-a06b-10fb90171ee0,603259,balance_sheet_report,2022-06-30,2022-07-27,2026-07-27,False,available,data/raw/stock_balance_sheet_by_report_em/run_id=62bbe9df-6ed8-48d5-a06b-10fb90171ee0/symbol=603259/data.parquet,
62bbe9df-6ed8-48d5-a06b-10fb90171ee0,603259,balance_sheet_report,2022-03-31,2022-04-26,2026-07-27,False,available,data/raw/stock_balance_sheet_by_report_em/run_id=62bbe9df-6ed8-48d5-a06b-10fb90171ee0/symbol=603259/data.parquet,
62bbe9df-6ed8-48d5-a06b-10fb90171ee0,603259,balance_sheet_report,2021-12-31,2022-03-24,2026-07-27,False,available,data/raw/stock_balance_sheet_by_report_em/run_id=62bbe9df-6ed8-48d5-a06b-10fb90171ee0/symbol=603259/data.parquet,
62bbe9df-6ed8-48d5-a06b-10fb90171ee0,603259,balance_sheet_report,2021-09-30,2021-10-30,2026-07-27,False,available,data/raw/stock_balance_sheet_by_report_em/run_id=62bbe9df-6ed8-48d5-a06b-10fb90171ee0/symbol=603259/data.parquet,
62bbe9df-6ed8-48d5-a06b-10fb90171ee0,603259,balance_sheet_report,2021-06-30,2021-08-13,2026-07-27,False,available,data/raw/stock_balance_sheet_by_report_em/run_id=62bbe9df-6ed8-48d5-a06b-10fb90171ee0/symbol=603259/data.parquet,
62bbe9df-6ed8-48d5-a06b-10fb90171ee0,603259,balance_sheet_report,2021-03-31,2021-04-30,2026-07-27,False,available,data/raw/stock_balance_sheet_by_report_em/run_id=62bbe9df-6ed8-48d5-a06b-10fb90171ee0/symbol=603259/data.parquet,
62bbe9df-6ed8-48d5-a06b-10fb90171ee0,603259,balance_sheet_report,2020-12-31,2021-03-31,2026-07-27,False,available,data/raw/stock_balance_sheet_by_report_em/run_id=62bbe9df-6ed8-48d5-a06b-10fb90171ee0/symbol=603259/data.parquet,
62bbe9df-6ed8-48d5-a06b-10fb90171ee0,603259,balance_sheet_report,2020-09-30,2020-10-30,2026-07-27,False,available,data/raw/stock_balance_sheet_by_report_em/run_id=62bbe9df-6ed8-48d5-a06b-10fb90171ee0/symbol=603259/data.parquet,
62bbe9df-6ed8-48d5-a06b-10fb90171ee0,603259,balance_sheet_report,2020-06-30,2020-08-14,2026-07-27,False,available,data/raw/stock_balance_sheet_by_report_em/run_id=62bbe9df-6ed8-48d5-a06b-10fb90171ee0/symbol=603259/data.parquet,
62bbe9df-6ed8-48d5-a06b-10fb90171ee0,603259,balance_sheet_report,2020-03-31,2020-04-30,2026-07-27,False,available,data/raw/stock_balance_sheet_by_report_em/run_id=62bbe9df-6ed8-48d5-a06b-10fb90171ee0/symbol=603259/data.parquet,
62bbe9df-6ed8-48d5-a06b-10fb90171ee0,603259,balance_sheet_report,2019-12-31,2020-03-25,2026-07-27,False,available,data/raw/stock_balance_sheet_by_report_em/run_id=62bbe9df-6ed8-48d5-a06b-10fb90171ee0/symbol=603259/data.parquet,
62bbe9df-6ed8-48d5-a06b-10fb90171ee0,603259,balance_sheet_report,2019-09-30,2019-10-31,2026-07-27,False,available,data/raw/stock_balance_sheet_by_report_em/run_id=62bbe9df-6ed8-48d5-a06b-10fb90171ee0/symbol=603259/data.parquet,
62bbe9df-6ed8-48d5-a06b-10fb90171ee0,603259,balance_sheet_report,2019-06-30,2019-08-20,2026-07-27,False,available,data/raw/stock_balance_sheet_by_report_em/run_id=62bbe9df-6ed8-48d5-a06b-10fb90171ee0/symbol=603259/data.parquet,
62bbe9df-6ed8-48d5-a06b-10fb90171ee0,603259,balance_sheet_report,2019-03-31,2019-04-30,2026-07-27,False,available,data/raw/stock_balance_sheet_by_report_em/run_id=62bbe9df-6ed8-48d5-a06b-10fb90171ee0/symbol=603259/data.parquet,
62bbe9df-6ed8-48d5-a06b-10fb90171ee0,603259,balance_sheet_report,2018-12-31,2019-03-23,2026-07-27,False,available,data/raw/stock_balance_sheet_by_report_em/run_id=62bbe9df-6ed8-48d5-a06b-10fb90171ee0/symbol=603259/data.parquet,
62bbe9df-6ed8-48d5-a06b-10fb90171ee0,603259,balance_sheet_report,2018-09-30,2018-10-31,2026-07-27,False,available,data/raw/stock_balance_sheet_by_report_em/run_id=62bbe9df-6ed8-48d5-a06b-10fb90171ee0/symbol=603259/data.parquet,
62bbe9df-6ed8-48d5-a06b-10fb90171ee0,603259,balance_sheet_report,2018-06-30,2018-08-22,2026-07-27,False,available,data/raw/stock_balance_sheet_by_report_em/run_id=62bbe9df-6ed8-48d5-a06b-10fb90171ee0/symbol=603259/data.parquet,
62bbe9df-6ed8-48d5-a06b-10fb90171ee0,603259,balance_sheet_report,2018-03-31,2018-05-07,2026-07-27,False,available,data/raw/stock_balance_sheet_by_report_em/run_id=62bbe9df-6ed8-48d5-a06b-10fb90171ee0/symbol=603259/data.parquet,
62bbe9df-6ed8-48d5-a06b-10fb90171ee0,603259,balance_sheet_report,2017-12-31,2018-04-16,2026-07-27,False,available,data/raw/stock_balance_sheet_by_report_em/run_id=62bbe9df-6ed8-48d5-a06b-10fb90171ee0/symbol=603259/data.parquet,
62bbe9df-6ed8-48d5-a06b-10fb90171ee0,603259,balance_sheet_report,2017-09-30,2018-02-06,2026-07-27,False,available,data/raw/stock_balance_sheet_by_report_em/run_id=62bbe9df-6ed8-48d5-a06b-10fb90171ee0/symbol=603259/data.parquet,
62bbe9df-6ed8-48d5-a06b-10fb90171ee0,603259,balance_sheet_report,2017-03-31,2017-07-14,2026-07-27,False,available,data/raw/stock_balance_sheet_by_report_em/run_id=62bbe9df-6ed8-48d5-a06b-10fb90171ee0/symbol=603259/data.parquet,
62bbe9df-6ed8-48d5-a06b-10fb90171ee0,603259,balance_sheet_report,2016-12-31,2017-07-14,2026-07-27,False,available,data/raw/stock_balance_sheet_by_report_em/run_id=62bbe9df-6ed8-48d5-a06b-10fb90171ee0/symbol=603259/data.parquet,
62bbe9df-6ed8-48d5-a06b-10fb90171ee0,603259,balance_sheet_report,2015-12-31,2017-07-14,2026-07-27,False,available,data/raw/stock_balance_sheet_by_report_em/run_id=62bbe9df-6ed8-48d5-a06b-10fb90171ee0/symbol=603259/data.parquet,
62bbe9df-6ed8-48d5-a06b-10fb90171ee0,603259,balance_sheet_report,2014-12-31,2017-07-14,2026-07-27,False,available,data/raw/stock_balance_sheet_by_report_em/run_id=62bbe9df-6ed8-48d5-a06b-10fb90171ee0/symbol=603259/data.parquet,
62bbe9df-6ed8-48d5-a06b-10fb90171ee0,603259,profit_sheet_report,2026-03-31,2026-04-28,2026-07-27,False,available,data/raw/stock_profit_sheet_by_report_em/run_id=62bbe9df-6ed8-48d5-a06b-10fb90171ee0/symbol=603259/data.parquet,
62bbe9df-6ed8-48d5-a06b-10fb90171ee0,603259,profit_sheet_report,2025-12-31,2026-03-24,2026-07-27,False,available,data/raw/stock_profit_sheet_by_report_em/run_id=62bbe9df-6ed8-48d5-a06b-10fb90171ee0/symbol=603259/data.parquet,
62bbe9df-6ed8-48d5-a06b-10fb90171ee0,603259,profit_sheet_report,2025-09-30,2025-10-27,2026-07-27,False,available,data/raw/stock_profit_sheet_by_report_em/run_id=62bbe9df-6ed8-48d5-a06b-10fb90171ee0/symbol=603259/data.parquet,
62bbe9df-6ed8-48d5-a06b-10fb90171ee0,603259,profit_sheet_report,2025-06-30,2025-07-29,2026-07-27,False,available,data/raw/stock_profit_sheet_by_report_em/run_id=62bbe9df-6ed8-48d5-a06b-10fb90171ee0/symbol=603259/data.parquet,
62bbe9df-6ed8-48d5-a06b-10fb90171ee0,603259,profit_sheet_report,2025-03-31,2025-04-29,2026-07-27,False,available,data/raw/stock_profit_sheet_by_report_em/run_id=62bbe9df-6ed8-48d5-a06b-10fb90171ee0/symbol=603259/data.parquet,
62bbe9df-6ed8-48d5-a06b-10fb90171ee0,603259,profit_sheet_report,2024-12-31,2025-03-18,2026-07-27,False,available,data/raw/stock_profit_sheet_by_report_em/run_id=62bbe9df-6ed8-48d5-a06b-10fb90171ee0/symbol=603259/data.parquet,
62bbe9df-6ed8-48d5-a06b-10fb90171ee0,603259,profit_sheet_report,2024-09-30,2024-10-29,2026-07-27,False,available,data/raw/stock_profit_sheet_by_report_em/run_id=62bbe9df-6ed8-48d5-a06b-10fb90171ee0/symbol=603259/data.parquet,
62bbe9df-6ed8-48d5-a06b-10fb90171ee0,603259,profit_sheet_report,2024-06-30,2024-07-30,2026-07-27,False,available,data/raw/stock_profit_sheet_by_report_em/run_id=62bbe9df-6ed8-48d5-a06b-10fb90171ee0/symbol=603259/data.parquet,
62bbe9df-6ed8-48d5-a06b-10fb90171ee0,603259,profit_sheet_report,2024-03-31,2024-04-30,2026-07-27,False,available,data/raw/stock_profit_sheet_by_report_em/run_id=62bbe9df-6ed8-48d5-a06b-10fb90171ee0/symbol=603259/data.parquet,
62bbe9df-6ed8-48d5-a06b-10fb90171ee0,603259,profit_sheet_report,2023-12-31,2024-03-19,2026-07-27,False,available,data/raw/stock_profit_sheet_by_report_em/run_id=62bbe9df-6ed8-48d5-a06b-10fb90171ee0/symbol=603259/data.parquet,
62bbe9df-6ed8-48d5-a06b-10fb90171ee0,603259,profit_sheet_report,2023-09-30,2023-10-31,2026-07-27,False,available,data/raw/stock_profit_sheet_by_report_em/run_id=62bbe9df-6ed8-48d5-a06b-10fb90171ee0/symbol=603259/data.parquet,
62bbe9df-6ed8-48d5-a06b-10fb90171ee0,603259,profit_sheet_report,2023-06-30,2023-08-01,2026-07-27,False,available,data/raw/stock_profit_sheet_by_report_em/run_id=62bbe9df-6ed8-48d5-a06b-10fb90171ee0/symbol=603259/data.parquet,
62bbe9df-6ed8-48d5-a06b-10fb90171ee0,603259,profit_sheet_report,2023-03-31,2023-04-25,2026-07-27,False,available,data/raw/stock_profit_sheet_by_report_em/run_id=62bbe9df-6ed8-48d5-a06b-10fb90171ee0/symbol=603259/data.parquet,
62bbe9df-6ed8-48d5-a06b-10fb90171ee0,603259,profit_sheet_report,2022-12-31,2023-03-21,2026-07-27,False,available,data/raw/stock_profit_sheet_by_report_em/run_id=62bbe9df-6ed8-48d5-a06b-10fb90171ee0/symbol=603259/data.parquet,
62bbe9df-6ed8-48d5-a06b-10fb90171ee0,603259,profit_sheet_report,2022-09-30,2022-10-27,2026-07-27,False,available,data/raw/stock_profit_sheet_by_report_em/run_id=62bbe9df-6ed8-48d5-a06b-10fb90171ee0/symbol=603259/data.parquet,
62bbe9df-6ed8-48d5-a06b-10fb90171ee0,603259,profit_sheet_report,2022-06-30,2022-07-27,2026-07-27,False,available,data/raw/stock_profit_sheet_by_report_em/run_id=62bbe9df-6ed8-48d5-a06b-10fb90171ee0/symbol=603259/data.parquet,
62bbe9df-6ed8-48d5-a06b-10fb90171ee0,603259,profit_sheet_report,2022-03-31,2022-04-26,2026-07-27,False,available,data/raw/stock_profit_sheet_by_report_em/run_id=62bbe9df-6ed8-48d5-a06b-10fb90171ee0/symbol=603259/data.parquet,
62bbe9df-6ed8-48d5-a06b-10fb90171ee0,603259,profit_sheet_report,2021-12-31,2022-03-24,2026-07-27,False,available,data/raw/stock_profit_sheet_by_report_em/run_id=62bbe9df-6ed8-48d5-a06b-10fb90171ee0/symbol=603259/data.parquet,
62bbe9df-6ed8-48d5-a06b-10fb90171ee0,603259,profit_sheet_report,2021-09-30,2021-10-30,2026-07-27,False,available,data/raw/stock_profit_sheet_by_report_em/run_id=62bbe9df-6ed8-48d5-a06b-10fb90171ee0/symbol=603259/data.parquet,
62bbe9df-6ed8-48d5-a06b-10fb90171ee0,603259,profit_sheet_report,2021-06-30,2021-08-13,2026-07-27,False,available,data/raw/stock_profit_sheet_by_report_em/run_id=62bbe9df-6ed8-48d5-a06b-10fb90171ee0/symbol=603259/data.parquet,
62bbe9df-6ed8-48d5-a06b-10fb90171ee0,603259,profit_sheet_report,2021-03-31,2021-04-30,2026-07-27,False,available,data/raw/stock_profit_sheet_by_report_em/run_id=62bbe9df-6ed8-48d5-a06b-10fb90171ee0/symbol=603259/data.parquet,
62bbe9df-6ed8-48d5-a06b-10fb90171ee0,603259,profit_sheet_report,2020-12-31,2021-03-31,2026-07-27,False,available,data/raw/stock_profit_sheet_by_report_em/run_id=62bbe9df-6ed8-48d5-a06b-10fb90171ee0/symbol=603259/data.parquet,
62bbe9df-6ed8-48d5-a06b-10fb90171ee0,603259,profit_sheet_report,2020-09-30,2020-10-30,2026-07-27,False,available,data/raw/stock_profit_sheet_by_report_em/run_id=62bbe9df-6ed8-48d5-a06b-10fb90171ee0/symbol=603259/data.parquet,
62bbe9df-6ed8-48d5-a06b-10fb90171ee0,603259,profit_sheet_report,2020-06-30,2020-08-14,2026-07-27,False,available,data/raw/stock_profit_sheet_by_report_em/run_id=62bbe9df-6ed8-48d5-a06b-10fb90171ee0/symbol=603259/data.parquet,
62bbe9df-6ed8-48d5-a06b-10fb90171ee0,603259,profit_sheet_report,2020-03-31,2020-04-30,2026-07-27,False,available,data/raw/stock_profit_sheet_by_report_em/run_id=62bbe9df-6ed8-48d5-a06b-10fb90171ee0/symbol=603259/data.parquet,
62bbe9df-6ed8-48d5-a06b-10fb90171ee0,603259,profit_sheet_report,2019-12-31,2020-03-25,2026-07-27,False,available,data/raw/stock_profit_sheet_by_report_em/run_id=62bbe9df-6ed8-48d5-a06b-10fb90171ee0/symbol=603259/data.parquet,
62bbe9df-6ed8-48d5-a06b-10fb90171ee0,603259,profit_sheet_report,2019-09-30,2019-10-31,2026-07-27,False,available,data/raw/stock_profit_sheet_by_report_em/run_id=62bbe9df-6ed8-48d5-a06b-10fb90171ee0/symbol=603259/data.parquet,
62bbe9df-6ed8-48d5-a06b-10fb90171ee0,603259,profit_sheet_report,2019-06-30,2019-08-20,2026-07-27,False,available,data/raw/stock_profit_sheet_by_report_em/run_id=62bbe9df-6ed8-48d5-a06b-10fb90171ee0/symbol=603259/data.parquet,
62bbe9df-6ed8-48d5-a06b-10fb90171ee0,603259,profit_sheet_report,2019-03-31,2019-04-30,2026-07-27,False,available,data/raw/stock_profit_sheet_by_report_em/run_id=62bbe9df-6ed8-48d5-a06b-10fb90171ee0/symbol=603259/data.parquet,
62bbe9df-6ed8-48d5-a06b-10fb90171ee0,603259,profit_sheet_report,2018-12-31,2019-03-23,2026-07-27,False,available,data/raw/stock_profit_sheet_by_report_em/run_id=62bbe9df-6ed8-48d5-a06b-10fb90171ee0/symbol=603259/data.parquet,
62bbe9df-6ed8-48d5-a06b-10fb90171ee0,603259,profit_sheet_report,2018-09-30,2018-10-31,2026-07-27,False,available,data/raw/stock_profit_sheet_by_report_em/run_id=62bbe9df-6ed8-48d5-a06b-10fb90171ee0/symbol=603259/data.parquet,
62bbe9df-6ed8-48d5-a06b-10fb90171ee0,603259,profit_sheet_report,2018-06-30,2018-08-22,2026-07-27,False,available,data/raw/stock_profit_sheet_by_report_em/run_id=62bbe9df-6ed8-48d5-a06b-10fb90171ee0/symbol=603259/data.parquet,
62bbe9df-6ed8-48d5-a06b-10fb90171ee0,603259,profit_sheet_report,2018-03-31,2018-05-07,2026-07-27,False,available,data/raw/stock_profit_sheet_by_report_em/run_id=62bbe9df-6ed8-48d5-a06b-10fb90171ee0/symbol=603259/data.parquet,
62bbe9df-6ed8-48d5-a06b-10fb90171ee0,603259,profit_sheet_report,2017-12-31,2018-04-16,2026-07-27,False,available,data/raw/stock_profit_sheet_by_report_em/run_id=62bbe9df-6ed8-48d5-a06b-10fb90171ee0/symbol=603259/data.parquet,
62bbe9df-6ed8-48d5-a06b-10fb90171ee0,603259,profit_sheet_report,2017-09-30,2018-02-06,2026-07-27,False,available,data/raw/stock_profit_sheet_by_report_em/run_id=62bbe9df-6ed8-48d5-a06b-10fb90171ee0/symbol=603259/data.parquet,
62bbe9df-6ed8-48d5-a06b-10fb90171ee0,603259,profit_sheet_report,2017-06-30,2018-08-22,2026-07-27,False,available,data/raw/stock_profit_sheet_by_report_em/run_id=62bbe9df-6ed8-48d5-a06b-10fb90171ee0/symbol=603259/data.parquet,
62bbe9df-6ed8-48d5-a06b-10fb90171ee0,603259,profit_sheet_report,2017-03-31,2017-07-14,2026-07-27,False,available,data/raw/stock_profit_sheet_by_report_em/run_id=62bbe9df-6ed8-48d5-a06b-10fb90171ee0/symbol=603259/data.parquet,
62bbe9df-6ed8-48d5-a06b-10fb90171ee0,603259,profit_sheet_report,2016-12-31,2017-07-14,2026-07-27,False,available,data/raw/stock_profit_sheet_by_report_em/run_id=62bbe9df-6ed8-48d5-a06b-10fb90171ee0/symbol=603259/data.parquet,
62bbe9df-6ed8-48d5-a06b-10fb90171ee0,603259,profit_sheet_report,2015-12-31,2017-07-14,2026-07-27,False,available,data/raw/stock_profit_sheet_by_report_em/run_id=62bbe9df-6ed8-48d5-a06b-10fb90171ee0/symbol=603259/data.parquet,
62bbe9df-6ed8-48d5-a06b-10fb90171ee0,603259,profit_sheet_report,2014-12-31,2017-07-14,2026-07-27,False,available,data/raw/stock_profit_sheet_by_report_em/run_id=62bbe9df-6ed8-48d5-a06b-10fb90171ee0/symbol=603259/data.parquet,
62bbe9df-6ed8-48d5-a06b-10fb90171ee0,603259,cashflow_sheet_report,2026-03-31,2026-04-28,2026-07-27,False,available,data/raw/stock_cash_flow_sheet_by_report_em/run_id=62bbe9df-6ed8-48d5-a06b-10fb90171ee0/symbol=603259/data.parquet,
62bbe9df-6ed8-48d5-a06b-10fb90171ee0,603259,cashflow_sheet_report,2025-12-31,2026-03-24,2026-07-27,False,available,data/raw/stock_cash_flow_sheet_by_report_em/run_id=62bbe9df-6ed8-48d5-a06b-10fb90171ee0/symbol=603259/data.parquet,
62bbe9df-6ed8-48d5-a06b-10fb90171ee0,603259,cashflow_sheet_report,2025-09-30,2025-10-27,2026-07-27,False,available,data/raw/stock_cash_flow_sheet_by_report_em/run_id=62bbe9df-6ed8-48d5-a06b-10fb90171ee0/symbol=603259/data.parquet,
62bbe9df-6ed8-48d5-a06b-10fb90171ee0,603259,cashflow_sheet_report,2025-06-30,2025-07-29,2026-07-27,False,available,data/raw/stock_cash_flow_sheet_by_report_em/run_id=62bbe9df-6ed8-48d5-a06b-10fb90171ee0/symbol=603259/data.parquet,
62bbe9df-6ed8-48d5-a06b-10fb90171ee0,603259,cashflow_sheet_report,2025-03-31,2025-04-29,2026-07-27,False,available,data/raw/stock_cash_flow_sheet_by_report_em/run_id=62bbe9df-6ed8-48d5-a06b-10fb90171ee0/symbol=603259/data.parquet,
62bbe9df-6ed8-48d5-a06b-10fb90171ee0,603259,cashflow_sheet_report,2024-12-31,2025-03-18,2026-07-27,False,available,data/raw/stock_cash_flow_sheet_by_report_em/run_id=62bbe9df-6ed8-48d5-a06b-10fb90171ee0/symbol=603259/data.parquet,
62bbe9df-6ed8-48d5-a06b-10fb90171ee0,603259,cashflow_sheet_report,2024-09-30,2024-10-29,2026-07-27,False,available,data/raw/stock_cash_flow_sheet_by_report_em/run_id=62bbe9df-6ed8-48d5-a06b-10fb90171ee0/symbol=603259/data.parquet,
62bbe9df-6ed8-48d5-a06b-10fb90171ee0,603259,cashflow_sheet_report,2024-06-30,2024-07-30,2026-07-27,False,available,data/raw/stock_cash_flow_sheet_by_report_em/run_id=62bbe9df-6ed8-48d5-a06b-10fb90171ee0/symbol=603259/data.parquet,
62bbe9df-6ed8-48d5-a06b-10fb90171ee0,603259,cashflow_sheet_report,2024-03-31,2024-04-30,2026-07-27,False,available,data/raw/stock_cash_flow_sheet_by_report_em/run_id=62bbe9df-6ed8-48d5-a06b-10fb90171ee0/symbol=603259/data.parquet,
62bbe9df-6ed8-48d5-a06b-10fb90171ee0,603259,cashflow_sheet_report,2023-12-31,2024-03-19,2026-07-27,False,available,data/raw/stock_cash_flow_sheet_by_report_em/run_id=62bbe9df-6ed8-48d5-a06b-10fb90171ee0/symbol=603259/data.parquet,
62bbe9df-6ed8-48d5-a06b-10fb90171ee0,603259,cashflow_sheet_report,2023-09-30,2023-10-31,2026-07-27,False,available,data/raw/stock_cash_flow_sheet_by_report_em/run_id=62bbe9df-6ed8-48d5-a06b-10fb90171ee0/symbol=603259/data.parquet,
62bbe9df-6ed8-48d5-a06b-10fb90171ee0,603259,cashflow_sheet_report,2023-06-30,2023-08-01,2026-07-27,False,available,data/raw/stock_cash_flow_sheet_by_report_em/run_id=62bbe9df-6ed8-48d5-a06b-10fb90171ee0/symbol=603259/data.parquet,
62bbe9df-6ed8-48d5-a06b-10fb90171ee0,603259,cashflow_sheet_report,2023-03-31,2023-04-25,2026-07-27,False,available,data/raw/stock_cash_flow_sheet_by_report_em/run_id=62bbe9df-6ed8-48d5-a06b-10fb90171ee0/symbol=603259/data.parquet,
62bbe9df-6ed8-48d5-a06b-10fb90171ee0,603259,cashflow_sheet_report,2022-12-31,2023-03-21,2026-07-27,False,available,data/raw/stock_cash_flow_sheet_by_report_em/run_id=62bbe9df-6ed8-48d5-a06b-10fb90171ee0/symbol=603259/data.parquet,
62bbe9df-6ed8-48d5-a06b-10fb90171ee0,603259,cashflow_sheet_report,2022-09-30,2022-10-27,2026-07-27,False,available,data/raw/stock_cash_flow_sheet_by_report_em/run_id=62bbe9df-6ed8-48d5-a06b-10fb90171ee0/symbol=603259/data.parquet,
62bbe9df-6ed8-48d5-a06b-10fb90171ee0,603259,cashflow_sheet_report,2022-06-30,2022-07-27,2026-07-27,False,available,data/raw/stock_cash_flow_sheet_by_report_em/run_id=62bbe9df-6ed8-48d5-a06b-10fb90171ee0/symbol=603259/data.parquet,
62bbe9df-6ed8-48d5-a06b-10fb90171ee0,603259,cashflow_sheet_report,2022-03-31,2022-04-26,2026-07-27,False,available,data/raw/stock_cash_flow_sheet_by_report_em/run_id=62bbe9df-6ed8-48d5-a06b-10fb90171ee0/symbol=603259/data.parquet,
62bbe9df-6ed8-48d5-a06b-10fb90171ee0,603259,cashflow_sheet_report,2021-12-31,2022-03-24,2026-07-27,False,available,data/raw/stock_cash_flow_sheet_by_report_em/run_id=62bbe9df-6ed8-48d5-a06b-10fb90171ee0/symbol=603259/data.parquet,
62bbe9df-6ed8-48d5-a06b-10fb90171ee0,603259,cashflow_sheet_report,2021-09-30,2021-10-30,2026-07-27,False,available,data/raw/stock_cash_flow_sheet_by_report_em/run_id=62bbe9df-6ed8-48d5-a06b-10fb90171ee0/symbol=603259/data.parquet,
62bbe9df-6ed8-48d5-a06b-10fb90171ee0,603259,cashflow_sheet_report,2021-06-30,2021-08-13,2026-07-27,False,available,data/raw/stock_cash_flow_sheet_by_report_em/run_id=62bbe9df-6ed8-48d5-a06b-10fb90171ee0/symbol=603259/data.parquet,
62bbe9df-6ed8-48d5-a06b-10fb90171ee0,603259,cashflow_sheet_report,2021-03-31,2021-04-30,2026-07-27,False,available,data/raw/stock_cash_flow_sheet_by_report_em/run_id=62bbe9df-6ed8-48d5-a06b-10fb90171ee0/symbol=603259/data.parquet,
62bbe9df-6ed8-48d5-a06b-10fb90171ee0,603259,cashflow_sheet_report,2020-12-31,2021-03-31,2026-07-27,False,available,data/raw/stock_cash_flow_sheet_by_report_em/run_id=62bbe9df-6ed8-48d5-a06b-10fb90171ee0/symbol=603259/data.parquet,
62bbe9df-6ed8-48d5-a06b-10fb90171ee0,603259,cashflow_sheet_report,2020-09-30,2020-10-30,2026-07-27,False,available,data/raw/stock_cash_flow_sheet_by_report_em/run_id=62bbe9df-6ed8-48d5-a06b-10fb90171ee0/symbol=603259/data.parquet,
62bbe9df-6ed8-48d5-a06b-10fb90171ee0,603259,cashflow_sheet_report,2020-06-30,2020-08-14,2026-07-27,False,available,data/raw/stock_cash_flow_sheet_by_report_em/run_id=62bbe9df-6ed8-48d5-a06b-10fb90171ee0/symbol=603259/data.parquet,
62bbe9df-6ed8-48d5-a06b-10fb90171ee0,603259,cashflow_sheet_report,2020-03-31,2020-04-30,2026-07-27,False,available,data/raw/stock_cash_flow_sheet_by_report_em/run_id=62bbe9df-6ed8-48d5-a06b-10fb90171ee0/symbol=603259/data.parquet,
62bbe9df-6ed8-48d5-a06b-10fb90171ee0,603259,cashflow_sheet_report,2019-12-31,2020-03-25,2026-07-27,False,available,data/raw/stock_cash_flow_sheet_by_report_em/run_id=62bbe9df-6ed8-48d5-a06b-10fb90171ee0/symbol=603259/data.parquet,
62bbe9df-6ed8-48d5-a06b-10fb90171ee0,603259,cashflow_sheet_report,2019-09-30,2019-10-31,2026-07-27,False,available,data/raw/stock_cash_flow_sheet_by_report_em/run_id=62bbe9df-6ed8-48d5-a06b-10fb90171ee0/symbol=603259/data.parquet,
62bbe9df-6ed8-48d5-a06b-10fb90171ee0,603259,cashflow_sheet_report,2019-06-30,2019-08-20,2026-07-27,False,available,data/raw/stock_cash_flow_sheet_by_report_em/run_id=62bbe9df-6ed8-48d5-a06b-10fb90171ee0/symbol=603259/data.parquet,
62bbe9df-6ed8-48d5-a06b-10fb90171ee0,603259,cashflow_sheet_report,2019-03-31,2019-04-30,2026-07-27,False,available,data/raw/stock_cash_flow_sheet_by_report_em/run_id=62bbe9df-6ed8-48d5-a06b-10fb90171ee0/symbol=603259/data.parquet,
62bbe9df-6ed8-48d5-a06b-10fb90171ee0,603259,cashflow_sheet_report,2018-12-31,2019-03-23,2026-07-27,False,available,data/raw/stock_cash_flow_sheet_by_report_em/run_id=62bbe9df-6ed8-48d5-a06b-10fb90171ee0/symbol=603259/data.parquet,
62bbe9df-6ed8-48d5-a06b-10fb90171ee0,603259,cashflow_sheet_report,2018-09-30,2018-10-31,2026-07-27,False,available,data/raw/stock_cash_flow_sheet_by_report_em/run_id=62bbe9df-6ed8-48d5-a06b-10fb90171ee0/symbol=603259/data.parquet,
62bbe9df-6ed8-48d5-a06b-10fb90171ee0,603259,cashflow_sheet_report,2018-06-30,2018-08-22,2026-07-27,False,available,data/raw/stock_cash_flow_sheet_by_report_em/run_id=62bbe9df-6ed8-48d5-a06b-10fb90171ee0/symbol=603259/data.parquet,
62bbe9df-6ed8-48d5-a06b-10fb90171ee0,603259,cashflow_sheet_report,2018-03-31,2018-05-07,2026-07-27,False,available,data/raw/stock_cash_flow_sheet_by_report_em/run_id=62bbe9df-6ed8-48d5-a06b-10fb90171ee0/symbol=603259/data.parquet,
62bbe9df-6ed8-48d5-a06b-10fb90171ee0,603259,cashflow_sheet_report,2017-12-31,2018-04-16,2026-07-27,False,available,data/raw/stock_cash_flow_sheet_by_report_em/run_id=62bbe9df-6ed8-48d5-a06b-10fb90171ee0/symbol=603259/data.parquet,
62bbe9df-6ed8-48d5-a06b-10fb90171ee0,603259,cashflow_sheet_report,2017-09-30,2018-02-06,2026-07-27,False,available,data/raw/stock_cash_flow_sheet_by_report_em/run_id=62bbe9df-6ed8-48d5-a06b-10fb90171ee0/symbol=603259/data.parquet,
62bbe9df-6ed8-48d5-a06b-10fb90171ee0,603259,cashflow_sheet_report,2017-06-30,2018-08-22,2026-07-27,False,available,data/raw/stock_cash_flow_sheet_by_report_em/run_id=62bbe9df-6ed8-48d5-a06b-10fb90171ee0/symbol=603259/data.parquet,
62bbe9df-6ed8-48d5-a06b-10fb90171ee0,603259,cashflow_sheet_report,2017-03-31,2017-07-14,2026-07-27,False,available,data/raw/stock_cash_flow_sheet_by_report_em/run_id=62bbe9df-6ed8-48d5-a06b-10fb90171ee0/symbol=603259/data.parquet,
62bbe9df-6ed8-48d5-a06b-10fb90171ee0,603259,cashflow_sheet_report,2016-12-31,2017-07-14,2026-07-27,False,available,data/raw/stock_cash_flow_sheet_by_report_em/run_id=62bbe9df-6ed8-48d5-a06b-10fb90171ee0/symbol=603259/data.parquet,
62bbe9df-6ed8-48d5-a06b-10fb90171ee0,603259,cashflow_sheet_report,2015-12-31,2017-07-14,2026-07-27,False,available,data/raw/stock_cash_flow_sheet_by_report_em/run_id=62bbe9df-6ed8-48d5-a06b-10fb90171ee0/symbol=603259/data.parquet,
62bbe9df-6ed8-48d5-a06b-10fb90171ee0,603259,cashflow_sheet_report,2014-12-31,2017-07-14,2026-07-27,False,available,data/raw/stock_cash_flow_sheet_by_report_em/run_id=62bbe9df-6ed8-48d5-a06b-10fb90171ee0/symbol=603259/data.parquet,
62bbe9df-6ed8-48d5-a06b-10fb90171ee0,603799,financial_abstract,,,2026-07-27,False,unavailable,data/raw/stock_financial_abstract/run_id=62bbe9df-6ed8-48d5-a06b-10fb90171ee0/symbol=603799/data.parquet,WARN: report/announcement date could not be paired
62bbe9df-6ed8-48d5-a06b-10fb90171ee0,603799,financial_indicator,,,2026-07-27,False,unavailable,data/raw/stock_financial_analysis_indicator/run_id=62bbe9df-6ed8-48d5-a06b-10fb90171ee0/symbol=603799/data.parquet,WARN: report/announcement date could not be paired
62bbe9df-6ed8-48d5-a06b-10fb90171ee0,603799,balance_sheet_report,2026-03-31,2026-04-17,2026-07-27,False,available,data/raw/stock_balance_sheet_by_report_em/run_id=62bbe9df-6ed8-48d5-a06b-10fb90171ee0/symbol=603799/data.parquet,
62bbe9df-6ed8-48d5-a06b-10fb90171ee0,603799,balance_sheet_report,2025-12-31,2026-04-08,2026-07-27,False,available,data/raw/stock_balance_sheet_by_report_em/run_id=62bbe9df-6ed8-48d5-a06b-10fb90171ee0/symbol=603799/data.parquet,
62bbe9df-6ed8-48d5-a06b-10fb90171ee0,603799,balance_sheet_report,2025-09-30,2025-10-18,2026-07-27,False,available,data/raw/stock_balance_sheet_by_report_em/run_id=62bbe9df-6ed8-48d5-a06b-10fb90171ee0/symbol=603799/data.parquet,
62bbe9df-6ed8-48d5-a06b-10fb90171ee0,603799,balance_sheet_report,2025-06-30,2025-08-18,2026-07-27,False,available,data/raw/stock_balance_sheet_by_report_em/run_id=62bbe9df-6ed8-48d5-a06b-10fb90171ee0/symbol=603799/data.parquet,
62bbe9df-6ed8-48d5-a06b-10fb90171ee0,603799,balance_sheet_report,2025-03-31,2025-04-19,2026-07-27,False,available,data/raw/stock_balance_sheet_by_report_em/run_id=62bbe9df-6ed8-48d5-a06b-10fb90171ee0/symbol=603799/data.parquet,
62bbe9df-6ed8-48d5-a06b-10fb90171ee0,603799,balance_sheet_report,2024-12-31,2025-04-19,2026-07-27,False,available,data/raw/stock_balance_sheet_by_report_em/run_id=62bbe9df-6ed8-48d5-a06b-10fb90171ee0/symbol=603799/data.parquet,
62bbe9df-6ed8-48d5-a06b-10fb90171ee0,603799,balance_sheet_report,2024-09-30,2024-10-19,2026-07-27,False,available,data/raw/stock_balance_sheet_by_report_em/run_id=62bbe9df-6ed8-48d5-a06b-10fb90171ee0/symbol=603799/data.parquet,
62bbe9df-6ed8-48d5-a06b-10fb90171ee0,603799,balance_sheet_report,2024-06-30,2024-08-20,2026-07-27,False,available,data/raw/stock_balance_sheet_by_report_em/run_id=62bbe9df-6ed8-48d5-a06b-10fb90171ee0/symbol=603799/data.parquet,
62bbe9df-6ed8-48d5-a06b-10fb90171ee0,603799,balance_sheet_report,2024-03-31,2024-04-20,2026-07-27,False,available,data/raw/stock_balance_sheet_by_report_em/run_id=62bbe9df-6ed8-48d5-a06b-10fb90171ee0/symbol=603799/data.parquet,
62bbe9df-6ed8-48d5-a06b-10fb90171ee0,603799,balance_sheet_report,2023-12-31,2024-04-20,2026-07-27,False,available,data/raw/stock_balance_sheet_by_report_em/run_id=62bbe9df-6ed8-48d5-a06b-10fb90171ee0/symbol=603799/data.parquet,
62bbe9df-6ed8-48d5-a06b-10fb90171ee0,603799,balance_sheet_report,2023-09-30,2023-10-25,2026-07-27,False,available,data/raw/stock_balance_sheet_by_report_em/run_id=62bbe9df-6ed8-48d5-a06b-10fb90171ee0/symbol=603799/data.parquet,
62bbe9df-6ed8-48d5-a06b-10fb90171ee0,603799,balance_sheet_report,2023-06-30,2023-08-26,2026-07-27,False,available,data/raw/stock_balance_sheet_by_report_em/run_id=62bbe9df-6ed8-48d5-a06b-10fb90171ee0/symbol=603799/data.parquet,
62bbe9df-6ed8-48d5-a06b-10fb90171ee0,603799,balance_sheet_report,2023-03-31,2023-04-28,2026-07-27,False,available,data/raw/stock_balance_sheet_by_report_em/run_id=62bbe9df-6ed8-48d5-a06b-10fb90171ee0/symbol=603799/data.parquet,
62bbe9df-6ed8-48d5-a06b-10fb90171ee0,603799,balance_sheet_report,2022-12-31,2023-04-28,2026-07-27,False,available,data/raw/stock_balance_sheet_by_report_em/run_id=62bbe9df-6ed8-48d5-a06b-10fb90171ee0/symbol=603799/data.parquet,
62bbe9df-6ed8-48d5-a06b-10fb90171ee0,603799,balance_sheet_report,2022-09-30,2022-10-29,2026-07-27,False,available,data/raw/stock_balance_sheet_by_report_em/run_id=62bbe9df-6ed8-48d5-a06b-10fb90171ee0/symbol=603799/data.parquet,
62bbe9df-6ed8-48d5-a06b-10fb90171ee0,603799,balance_sheet_report,2022-06-30,2022-08-20,2026-07-27,False,available,data/raw/stock_balance_sheet_by_report_em/run_id=62bbe9df-6ed8-48d5-a06b-10fb90171ee0/symbol=603799/data.parquet,
62bbe9df-6ed8-48d5-a06b-10fb90171ee0,603799,balance_sheet_report,2022-03-31,2022-04-28,2026-07-27,False,available,data/raw/stock_balance_sheet_by_report_em/run_id=62bbe9df-6ed8-48d5-a06b-10fb90171ee0/symbol=603799/data.parquet,
62bbe9df-6ed8-48d5-a06b-10fb90171ee0,603799,balance_sheet_report,2021-12-31,2022-04-23,2026-07-27,False,available,data/raw/stock_balance_sheet_by_report_em/run_id=62bbe9df-6ed8-48d5-a06b-10fb90171ee0/symbol=603799/data.parquet,
62bbe9df-6ed8-48d5-a06b-10fb90171ee0,603799,balance_sheet_report,2021-09-30,2021-10-30,2026-07-27,False,available,data/raw/stock_balance_sheet_by_report_em/run_id=62bbe9df-6ed8-48d5-a06b-10fb90171ee0/symbol=603799/data.parquet,
62bbe9df-6ed8-48d5-a06b-10fb90171ee0,603799,balance_sheet_report,2021-06-30,2021-08-17,2026-07-27,False,available,data/raw/stock_balance_sheet_by_report_em/run_id=62bbe9df-6ed8-48d5-a06b-10fb90171ee0/symbol=603799/data.parquet,
62bbe9df-6ed8-48d5-a06b-10fb90171ee0,603799,balance_sheet_report,2021-03-31,2021-04-16,2026-07-27,False,available,data/raw/stock_balance_sheet_by_report_em/run_id=62bbe9df-6ed8-48d5-a06b-10fb90171ee0/symbol=603799/data.parquet,
62bbe9df-6ed8-48d5-a06b-10fb90171ee0,603799,balance_sheet_report,2020-12-31,2021-03-30,2026-07-27,False,available,data/raw/stock_balance_sheet_by_report_em/run_id=62bbe9df-6ed8-48d5-a06b-10fb90171ee0/symbol=603799/data.parquet,
62bbe9df-6ed8-48d5-a06b-10fb90171ee0,603799,balance_sheet_report,2020-09-30,2020-10-29,2026-07-27,False,available,data/raw/stock_balance_sheet_by_report_em/run_id=62bbe9df-6ed8-48d5-a06b-10fb90171ee0/symbol=603799/data.parquet,
62bbe9df-6ed8-48d5-a06b-10fb90171ee0,603799,balance_sheet_report,2020-06-30,2020-08-29,2026-07-27,False,available,data/raw/stock_balance_sheet_by_report_em/run_id=62bbe9df-6ed8-48d5-a06b-10fb90171ee0/symbol=603799/data.parquet,
62bbe9df-6ed8-48d5-a06b-10fb90171ee0,603799,balance_sheet_report,2020-03-31,2020-04-16,2026-07-27,False,available,data/raw/stock_balance_sheet_by_report_em/run_id=62bbe9df-6ed8-48d5-a06b-10fb90171ee0/symbol=603799/data.parquet,
62bbe9df-6ed8-48d5-a06b-10fb90171ee0,603799,balance_sheet_report,2019-12-31,2020-03-28,2026-07-27,False,available,data/raw/stock_balance_sheet_by_report_em/run_id=62bbe9df-6ed8-48d5-a06b-10fb90171ee0/symbol=603799/data.parquet,
62bbe9df-6ed8-48d5-a06b-10fb90171ee0,603799,balance_sheet_report,2019-09-30,2019-10-29,2026-07-27,False,available,data/raw/stock_balance_sheet_by_report_em/run_id=62bbe9df-6ed8-48d5-a06b-10fb90171ee0/symbol=603799/data.parquet,
62bbe9df-6ed8-48d5-a06b-10fb90171ee0,603799,balance_sheet_report,2019-06-30,2019-08-28,2026-07-27,False,available,data/raw/stock_balance_sheet_by_report_em/run_id=62bbe9df-6ed8-48d5-a06b-10fb90171ee0/symbol=603799/data.parquet,
62bbe9df-6ed8-48d5-a06b-10fb90171ee0,603799,balance_sheet_report,2019-03-31,2019-04-27,2026-07-27,False,available,data/raw/stock_balance_sheet_by_report_em/run_id=62bbe9df-6ed8-48d5-a06b-10fb90171ee0/symbol=603799/data.parquet,
62bbe9df-6ed8-48d5-a06b-10fb90171ee0,603799,balance_sheet_report,2018-12-31,2019-03-30,2026-07-27,False,available,data/raw/stock_balance_sheet_by_report_em/run_id=62bbe9df-6ed8-48d5-a06b-10fb90171ee0/symbol=603799/data.parquet,
62bbe9df-6ed8-48d5-a06b-10fb90171ee0,603799,balance_sheet_report,2018-09-30,2018-10-30,2026-07-27,False,available,data/raw/stock_balance_sheet_by_report_em/run_id=62bbe9df-6ed8-48d5-a06b-10fb90171ee0/symbol=603799/data.parquet,
62bbe9df-6ed8-48d5-a06b-10fb90171ee0,603799,balance_sheet_report,2018-06-30,2018-08-28,2026-07-27,False,available,data/raw/stock_balance_sheet_by_report_em/run_id=62bbe9df-6ed8-48d5-a06b-10fb90171ee0/symbol=603799/data.parquet,
62bbe9df-6ed8-48d5-a06b-10fb90171ee0,603799,balance_sheet_report,2018-03-31,2018-04-28,2026-07-27,False,available,data/raw/stock_balance_sheet_by_report_em/run_id=62bbe9df-6ed8-48d5-a06b-10fb90171ee0/symbol=603799/data.parquet,
62bbe9df-6ed8-48d5-a06b-10fb90171ee0,603799,balance_sheet_report,2017-12-31,2018-04-26,2026-07-27,False,available,data/raw/stock_balance_sheet_by_report_em/run_id=62bbe9df-6ed8-48d5-a06b-10fb90171ee0/symbol=603799/data.parquet,
62bbe9df-6ed8-48d5-a06b-10fb90171ee0,603799,balance_sheet_report,2017-09-30,2017-10-28,2026-07-27,False,available,data/raw/stock_balance_sheet_by_report_em/run_id=62bbe9df-6ed8-48d5-a06b-10fb90171ee0/symbol=603799/data.parquet,
62bbe9df-6ed8-48d5-a06b-10fb90171ee0,603799,balance_sheet_report,2017-06-30,2017-08-26,2026-07-27,False,available,data/raw/stock_balance_sheet_by_report_em/run_id=62bbe9df-6ed8-48d5-a06b-10fb90171ee0/symbol=603799/data.parquet,
62bbe9df-6ed8-48d5-a06b-10fb90171ee0,603799,balance_sheet_report,2017-03-31,2017-04-28,2026-07-27,False,available,data/raw/stock_balance_sheet_by_report_em/run_id=62bbe9df-6ed8-48d5-a06b-10fb90171ee0/symbol=603799/data.parquet,
62bbe9df-6ed8-48d5-a06b-10fb90171ee0,603799,balance_sheet_report,2016-12-31,2017-04-28,2026-07-27,False,available,data/raw/stock_balance_sheet_by_report_em/run_id=62bbe9df-6ed8-48d5-a06b-10fb90171ee0/symbol=603799/data.parquet,
62bbe9df-6ed8-48d5-a06b-10fb90171ee0,603799,balance_sheet_report,2016-09-30,2016-10-29,2026-07-27,False,available,data/raw/stock_balance_sheet_by_report_em/run_id=62bbe9df-6ed8-48d5-a06b-10fb90171ee0/symbol=603799/data.parquet,
62bbe9df-6ed8-48d5-a06b-10fb90171ee0,603799,balance_sheet_report,2016-06-30,2016-08-30,2026-07-27,False,available,data/raw/stock_balance_sheet_by_report_em/run_id=62bbe9df-6ed8-48d5-a06b-10fb90171ee0/symbol=603799/data.parquet,
62bbe9df-6ed8-48d5-a06b-10fb90171ee0,603799,balance_sheet_report,2016-03-31,2016-04-29,2026-07-27,False,available,data/raw/stock_balance_sheet_by_report_em/run_id=62bbe9df-6ed8-48d5-a06b-10fb90171ee0/symbol=603799/data.parquet,
62bbe9df-6ed8-48d5-a06b-10fb90171ee0,603799,balance_sheet_report,2015-12-31,2016-03-23,2026-07-27,False,available,data/raw/stock_balance_sheet_by_report_em/run_id=62bbe9df-6ed8-48d5-a06b-10fb90171ee0/symbol=603799/data.parquet,
62bbe9df-6ed8-48d5-a06b-10fb90171ee0,603799,balance_sheet_report,2015-09-30,2015-10-29,2026-07-27,False,available,data/raw/stock_balance_sheet_by_report_em/run_id=62bbe9df-6ed8-48d5-a06b-10fb90171ee0/symbol=603799/data.parquet,
62bbe9df-6ed8-48d5-a06b-10fb90171ee0,603799,balance_sheet_report,2015-06-30,2015-08-28,2026-07-27,False,available,data/raw/stock_balance_sheet_by_report_em/run_id=62bbe9df-6ed8-48d5-a06b-10fb90171ee0/symbol=603799/data.parquet,
62bbe9df-6ed8-48d5-a06b-10fb90171ee0,603799,balance_sheet_report,2015-03-31,2015-04-28,2026-07-27,False,available,data/raw/stock_balance_sheet_by_report_em/run_id=62bbe9df-6ed8-48d5-a06b-10fb90171ee0/symbol=603799/data.parquet,
62bbe9df-6ed8-48d5-a06b-10fb90171ee0,603799,balance_sheet_report,2014-12-31,2015-04-20,2026-07-27,False,available,data/raw/stock_balance_sheet_by_report_em/run_id=62bbe9df-6ed8-48d5-a06b-10fb90171ee0/symbol=603799/data.parquet,
62bbe9df-6ed8-48d5-a06b-10fb90171ee0,603799,balance_sheet_report,2014-09-30,2015-01-07,2026-07-27,False,available,data/raw/stock_balance_sheet_by_report_em/run_id=62bbe9df-6ed8-48d5-a06b-10fb90171ee0/symbol=603799/data.parquet,
62bbe9df-6ed8-48d5-a06b-10fb90171ee0,603799,balance_sheet_report,2014-06-30,2014-11-20,2026-07-27,False,available,data/raw/stock_balance_sheet_by_report_em/run_id=62bbe9df-6ed8-48d5-a06b-10fb90171ee0/symbol=603799/data.parquet,
62bbe9df-6ed8-48d5-a06b-10fb90171ee0,603799,balance_sheet_report,2014-03-31,2014-05-28,2026-07-27,False,available,data/raw/stock_balance_sheet_by_report_em/run_id=62bbe9df-6ed8-48d5-a06b-10fb90171ee0/symbol=603799/data.parquet,
62bbe9df-6ed8-48d5-a06b-10fb90171ee0,603799,balance_sheet_report,2013-12-31,2015-01-07,2026-07-27,False,available,data/raw/stock_balance_sheet_by_report_em/run_id=62bbe9df-6ed8-48d5-a06b-10fb90171ee0/symbol=603799/data.parquet,
62bbe9df-6ed8-48d5-a06b-10fb90171ee0,603799,balance_sheet_report,2013-09-30,2013-10-28,2026-07-27,False,available,data/raw/stock_balance_sheet_by_report_em/run_id=62bbe9df-6ed8-48d5-a06b-10fb90171ee0/symbol=603799/data.parquet,
62bbe9df-6ed8-48d5-a06b-10fb90171ee0,603799,balance_sheet_report,2013-06-30,2013-08-27,2026-07-27,False,available,data/raw/stock_balance_sheet_by_report_em/run_id=62bbe9df-6ed8-48d5-a06b-10fb90171ee0/symbol=603799/data.parquet,
62bbe9df-6ed8-48d5-a06b-10fb90171ee0,603799,balance_sheet_report,2013-03-31,2013-04-26,2026-07-27,False,available,data/raw/stock_balance_sheet_by_report_em/run_id=62bbe9df-6ed8-48d5-a06b-10fb90171ee0/symbol=603799/data.parquet,
62bbe9df-6ed8-48d5-a06b-10fb90171ee0,603799,balance_sheet_report,2012-12-31,2013-04-26,2026-07-27,False,available,data/raw/stock_balance_sheet_by_report_em/run_id=62bbe9df-6ed8-48d5-a06b-10fb90171ee0/symbol=603799/data.parquet,
62bbe9df-6ed8-48d5-a06b-10fb90171ee0,603799,balance_sheet_report,2012-09-30,2012-10-29,2026-07-27,False,available,data/raw/stock_balance_sheet_by_report_em/run_id=62bbe9df-6ed8-48d5-a06b-10fb90171ee0/symbol=603799/data.parquet,
62bbe9df-6ed8-48d5-a06b-10fb90171ee0,603799,balance_sheet_report,2012-06-30,2012-08-29,2026-07-27,False,available,data/raw/stock_balance_sheet_by_report_em/run_id=62bbe9df-6ed8-48d5-a06b-10fb90171ee0/symbol=603799/data.parquet,
62bbe9df-6ed8-48d5-a06b-10fb90171ee0,603799,balance_sheet_report,2012-03-31,2012-07-20,2026-07-27,False,available,data/raw/stock_balance_sheet_by_report_em/run_id=62bbe9df-6ed8-48d5-a06b-10fb90171ee0/symbol=603799/data.parquet,
62bbe9df-6ed8-48d5-a06b-10fb90171ee0,603799,balance_sheet_report,2011-12-31,2014-11-20,2026-07-27,False,available,data/raw/stock_balance_sheet_by_report_em/run_id=62bbe9df-6ed8-48d5-a06b-10fb90171ee0/symbol=603799/data.parquet,
62bbe9df-6ed8-48d5-a06b-10fb90171ee0,603799,balance_sheet_report,2011-09-30,2012-07-20,2026-07-27,False,available,data/raw/stock_balance_sheet_by_report_em/run_id=62bbe9df-6ed8-48d5-a06b-10fb90171ee0/symbol=603799/data.parquet,
62bbe9df-6ed8-48d5-a06b-10fb90171ee0,603799,balance_sheet_report,2011-06-30,2012-07-20,2026-07-27,False,available,data/raw/stock_balance_sheet_by_report_em/run_id=62bbe9df-6ed8-48d5-a06b-10fb90171ee0/symbol=603799/data.parquet,
62bbe9df-6ed8-48d5-a06b-10fb90171ee0,603799,balance_sheet_report,2010-12-31,2012-07-20,2026-07-27,False,available,data/raw/stock_balance_sheet_by_report_em/run_id=62bbe9df-6ed8-48d5-a06b-10fb90171ee0/symbol=603799/data.parquet,
62bbe9df-6ed8-48d5-a06b-10fb90171ee0,603799,balance_sheet_report,2009-12-31,2012-07-20,2026-07-27,False,available,data/raw/stock_balance_sheet_by_report_em/run_id=62bbe9df-6ed8-48d5-a06b-10fb90171ee0/symbol=603799/data.parquet,
62bbe9df-6ed8-48d5-a06b-10fb90171ee0,603799,balance_sheet_report,2008-12-31,2012-07-20,2026-07-27,False,available,data/raw/stock_balance_sheet_by_report_em/run_id=62bbe9df-6ed8-48d5-a06b-10fb90171ee0/symbol=603799/data.parquet,
62bbe9df-6ed8-48d5-a06b-10fb90171ee0,603799,profit_sheet_report,2026-03-31,2026-04-17,2026-07-27,False,available,data/raw/stock_profit_sheet_by_report_em/run_id=62bbe9df-6ed8-48d5-a06b-10fb90171ee0/symbol=603799/data.parquet,
62bbe9df-6ed8-48d5-a06b-10fb90171ee0,603799,profit_sheet_report,2025-12-31,2026-04-08,2026-07-27,False,available,data/raw/stock_profit_sheet_by_report_em/run_id=62bbe9df-6ed8-48d5-a06b-10fb90171ee0/symbol=603799/data.parquet,
62bbe9df-6ed8-48d5-a06b-10fb90171ee0,603799,profit_sheet_report,2025-09-30,2025-10-18,2026-07-27,False,available,data/raw/stock_profit_sheet_by_report_em/run_id=62bbe9df-6ed8-48d5-a06b-10fb90171ee0/symbol=603799/data.parquet,
62bbe9df-6ed8-48d5-a06b-10fb90171ee0,603799,profit_sheet_report,2025-06-30,2025-08-18,2026-07-27,False,available,data/raw/stock_profit_sheet_by_report_em/run_id=62bbe9df-6ed8-48d5-a06b-10fb90171ee0/symbol=603799/data.parquet,
62bbe9df-6ed8-48d5-a06b-10fb90171ee0,603799,profit_sheet_report,2025-03-31,2025-04-19,2026-07-27,False,available,data/raw/stock_profit_sheet_by_report_em/run_id=62bbe9df-6ed8-48d5-a06b-10fb90171ee0/symbol=603799/data.parquet,
62bbe9df-6ed8-48d5-a06b-10fb90171ee0,603799,profit_sheet_report,2024-12-31,2025-04-19,2026-07-27,False,available,data/raw/stock_profit_sheet_by_report_em/run_id=62bbe9df-6ed8-48d5-a06b-10fb90171ee0/symbol=603799/data.parquet,
62bbe9df-6ed8-48d5-a06b-10fb90171ee0,603799,profit_sheet_report,2024-09-30,2024-10-19,2026-07-27,False,available,data/raw/stock_profit_sheet_by_report_em/run_id=62bbe9df-6ed8-48d5-a06b-10fb90171ee0/symbol=603799/data.parquet,
62bbe9df-6ed8-48d5-a06b-10fb90171ee0,603799,profit_sheet_report,2024-06-30,2024-08-20,2026-07-27,False,available,data/raw/stock_profit_sheet_by_report_em/run_id=62bbe9df-6ed8-48d5-a06b-10fb90171ee0/symbol=603799/data.parquet,
62bbe9df-6ed8-48d5-a06b-10fb90171ee0,603799,profit_sheet_report,2024-03-31,2024-04-20,2026-07-27,False,available,data/raw/stock_profit_sheet_by_report_em/run_id=62bbe9df-6ed8-48d5-a06b-10fb90171ee0/symbol=603799/data.parquet,
62bbe9df-6ed8-48d5-a06b-10fb90171ee0,603799,profit_sheet_report,2023-12-31,2024-04-20,2026-07-27,False,available,data/raw/stock_profit_sheet_by_report_em/run_id=62bbe9df-6ed8-48d5-a06b-10fb90171ee0/symbol=603799/data.parquet,
62bbe9df-6ed8-48d5-a06b-10fb90171ee0,603799,profit_sheet_report,2023-09-30,2023-10-25,2026-07-27,False,available,data/raw/stock_profit_sheet_by_report_em/run_id=62bbe9df-6ed8-48d5-a06b-10fb90171ee0/symbol=603799/data.parquet,
62bbe9df-6ed8-48d5-a06b-10fb90171ee0,603799,profit_sheet_report,2023-06-30,2023-08-26,2026-07-27,False,available,data/raw/stock_profit_sheet_by_report_em/run_id=62bbe9df-6ed8-48d5-a06b-10fb90171ee0/symbol=603799/data.parquet,
62bbe9df-6ed8-48d5-a06b-10fb90171ee0,603799,profit_sheet_report,2023-03-31,2023-04-28,2026-07-27,False,available,data/raw/stock_profit_sheet_by_report_em/run_id=62bbe9df-6ed8-48d5-a06b-10fb90171ee0/symbol=603799/data.parquet,
62bbe9df-6ed8-48d5-a06b-10fb90171ee0,603799,profit_sheet_report,2022-12-31,2023-04-28,2026-07-27,False,available,data/raw/stock_profit_sheet_by_report_em/run_id=62bbe9df-6ed8-48d5-a06b-10fb90171ee0/symbol=603799/data.parquet,
62bbe9df-6ed8-48d5-a06b-10fb90171ee0,603799,profit_sheet_report,2022-09-30,2022-10-29,2026-07-27,False,available,data/raw/stock_profit_sheet_by_report_em/run_id=62bbe9df-6ed8-48d5-a06b-10fb90171ee0/symbol=603799/data.parquet,
62bbe9df-6ed8-48d5-a06b-10fb90171ee0,603799,profit_sheet_report,2022-06-30,2022-08-20,2026-07-27,False,available,data/raw/stock_profit_sheet_by_report_em/run_id=62bbe9df-6ed8-48d5-a06b-10fb90171ee0/symbol=603799/data.parquet,
62bbe9df-6ed8-48d5-a06b-10fb90171ee0,603799,profit_sheet_report,2022-03-31,2022-04-28,2026-07-27,False,available,data/raw/stock_profit_sheet_by_report_em/run_id=62bbe9df-6ed8-48d5-a06b-10fb90171ee0/symbol=603799/data.parquet,
62bbe9df-6ed8-48d5-a06b-10fb90171ee0,603799,profit_sheet_report,2021-12-31,2022-04-23,2026-07-27,False,available,data/raw/stock_profit_sheet_by_report_em/run_id=62bbe9df-6ed8-48d5-a06b-10fb90171ee0/symbol=603799/data.parquet,
62bbe9df-6ed8-48d5-a06b-10fb90171ee0,603799,profit_sheet_report,2021-09-30,2021-10-30,2026-07-27,False,available,data/raw/stock_profit_sheet_by_report_em/run_id=62bbe9df-6ed8-48d5-a06b-10fb90171ee0/symbol=603799/data.parquet,
62bbe9df-6ed8-48d5-a06b-10fb90171ee0,603799,profit_sheet_report,2021-06-30,2021-08-17,2026-07-27,False,available,data/raw/stock_profit_sheet_by_report_em/run_id=62bbe9df-6ed8-48d5-a06b-10fb90171ee0/symbol=603799/data.parquet,
62bbe9df-6ed8-48d5-a06b-10fb90171ee0,603799,profit_sheet_report,2021-03-31,2021-04-16,2026-07-27,False,available,data/raw/stock_profit_sheet_by_report_em/run_id=62bbe9df-6ed8-48d5-a06b-10fb90171ee0/symbol=603799/data.parquet,
62bbe9df-6ed8-48d5-a06b-10fb90171ee0,603799,profit_sheet_report,2020-12-31,2021-03-30,2026-07-27,False,available,data/raw/stock_profit_sheet_by_report_em/run_id=62bbe9df-6ed8-48d5-a06b-10fb90171ee0/symbol=603799/data.parquet,
62bbe9df-6ed8-48d5-a06b-10fb90171ee0,603799,profit_sheet_report,2020-09-30,2020-10-29,2026-07-27,False,available,data/raw/stock_profit_sheet_by_report_em/run_id=62bbe9df-6ed8-48d5-a06b-10fb90171ee0/symbol=603799/data.parquet,
62bbe9df-6ed8-48d5-a06b-10fb90171ee0,603799,profit_sheet_report,2020-06-30,2020-08-29,2026-07-27,False,available,data/raw/stock_profit_sheet_by_report_em/run_id=62bbe9df-6ed8-48d5-a06b-10fb90171ee0/symbol=603799/data.parquet,
62bbe9df-6ed8-48d5-a06b-10fb90171ee0,603799,profit_sheet_report,2020-03-31,2020-04-16,2026-07-27,False,available,data/raw/stock_profit_sheet_by_report_em/run_id=62bbe9df-6ed8-48d5-a06b-10fb90171ee0/symbol=603799/data.parquet,
62bbe9df-6ed8-48d5-a06b-10fb90171ee0,603799,profit_sheet_report,2019-12-31,2020-03-28,2026-07-27,False,available,data/raw/stock_profit_sheet_by_report_em/run_id=62bbe9df-6ed8-48d5-a06b-10fb90171ee0/symbol=603799/data.parquet,
62bbe9df-6ed8-48d5-a06b-10fb90171ee0,603799,profit_sheet_report,2019-09-30,2019-10-29,2026-07-27,False,available,data/raw/stock_profit_sheet_by_report_em/run_id=62bbe9df-6ed8-48d5-a06b-10fb90171ee0/symbol=603799/data.parquet,
62bbe9df-6ed8-48d5-a06b-10fb90171ee0,603799,profit_sheet_report,2019-06-30,2019-08-28,2026-07-27,False,available,data/raw/stock_profit_sheet_by_report_em/run_id=62bbe9df-6ed8-48d5-a06b-10fb90171ee0/symbol=603799/data.parquet,
62bbe9df-6ed8-48d5-a06b-10fb90171ee0,603799,profit_sheet_report,2019-03-31,2019-04-27,2026-07-27,False,available,data/raw/stock_profit_sheet_by_report_em/run_id=62bbe9df-6ed8-48d5-a06b-10fb90171ee0/symbol=603799/data.parquet,
62bbe9df-6ed8-48d5-a06b-10fb90171ee0,603799,profit_sheet_report,2018-12-31,2019-03-30,2026-07-27,False,available,data/raw/stock_profit_sheet_by_report_em/run_id=62bbe9df-6ed8-48d5-a06b-10fb90171ee0/symbol=603799/data.parquet,
62bbe9df-6ed8-48d5-a06b-10fb90171ee0,603799,profit_sheet_report,2018-09-30,2018-10-30,2026-07-27,False,available,data/raw/stock_profit_sheet_by_report_em/run_id=62bbe9df-6ed8-48d5-a06b-10fb90171ee0/symbol=603799/data.parquet,
62bbe9df-6ed8-48d5-a06b-10fb90171ee0,603799,profit_sheet_report,2018-06-30,2018-08-28,2026-07-27,False,available,data/raw/stock_profit_sheet_by_report_em/run_id=62bbe9df-6ed8-48d5-a06b-10fb90171ee0/symbol=603799/data.parquet,
62bbe9df-6ed8-48d5-a06b-10fb90171ee0,603799,profit_sheet_report,2018-03-31,2018-04-28,2026-07-27,False,available,data/raw/stock_profit_sheet_by_report_em/run_id=62bbe9df-6ed8-48d5-a06b-10fb90171ee0/symbol=603799/data.parquet,
62bbe9df-6ed8-48d5-a06b-10fb90171ee0,603799,profit_sheet_report,2017-12-31,2018-04-26,2026-07-27,False,available,data/raw/stock_profit_sheet_by_report_em/run_id=62bbe9df-6ed8-48d5-a06b-10fb90171ee0/symbol=603799/data.parquet,
62bbe9df-6ed8-48d5-a06b-10fb90171ee0,603799,profit_sheet_report,2017-09-30,2017-10-28,2026-07-27,False,available,data/raw/stock_profit_sheet_by_report_em/run_id=62bbe9df-6ed8-48d5-a06b-10fb90171ee0/symbol=603799/data.parquet,
62bbe9df-6ed8-48d5-a06b-10fb90171ee0,603799,profit_sheet_report,2017-06-30,2017-08-26,2026-07-27,False,available,data/raw/stock_profit_sheet_by_report_em/run_id=62bbe9df-6ed8-48d5-a06b-10fb90171ee0/symbol=603799/data.parquet,
62bbe9df-6ed8-48d5-a06b-10fb90171ee0,603799,profit_sheet_report,2017-03-31,2017-04-28,2026-07-27,False,available,data/raw/stock_profit_sheet_by_report_em/run_id=62bbe9df-6ed8-48d5-a06b-10fb90171ee0/symbol=603799/data.parquet,
62bbe9df-6ed8-48d5-a06b-10fb90171ee0,603799,profit_sheet_report,2016-12-31,2017-04-01,2026-07-27,False,available,data/raw/stock_profit_sheet_by_report_em/run_id=62bbe9df-6ed8-48d5-a06b-10fb90171ee0/symbol=603799/data.parquet,
62bbe9df-6ed8-48d5-a06b-10fb90171ee0,603799,profit_sheet_report,2016-09-30,2016-10-29,2026-07-27,False,available,data/raw/stock_profit_sheet_by_report_em/run_id=62bbe9df-6ed8-48d5-a06b-10fb90171ee0/symbol=603799/data.parquet,
62bbe9df-6ed8-48d5-a06b-10fb90171ee0,603799,profit_sheet_report,2016-06-30,2016-08-30,2026-07-27,False,available,data/raw/stock_profit_sheet_by_report_em/run_id=62bbe9df-6ed8-48d5-a06b-10fb90171ee0/symbol=603799/data.parquet,
62bbe9df-6ed8-48d5-a06b-10fb90171ee0,603799,profit_sheet_report,2016-03-31,2016-04-29,2026-07-27,False,available,data/raw/stock_profit_sheet_by_report_em/run_id=62bbe9df-6ed8-48d5-a06b-10fb90171ee0/symbol=603799/data.parquet,
62bbe9df-6ed8-48d5-a06b-10fb90171ee0,603799,profit_sheet_report,2015-12-31,2016-03-23,2026-07-27,False,available,data/raw/stock_profit_sheet_by_report_em/run_id=62bbe9df-6ed8-48d5-a06b-10fb90171ee0/symbol=603799/data.parquet,
62bbe9df-6ed8-48d5-a06b-10fb90171ee0,603799,profit_sheet_report,2015-09-30,2015-10-29,2026-07-27,False,available,data/raw/stock_profit_sheet_by_report_em/run_id=62bbe9df-6ed8-48d5-a06b-10fb90171ee0/symbol=603799/data.parquet,
62bbe9df-6ed8-48d5-a06b-10fb90171ee0,603799,profit_sheet_report,2015-06-30,2015-08-28,2026-07-27,False,available,data/raw/stock_profit_sheet_by_report_em/run_id=62bbe9df-6ed8-48d5-a06b-10fb90171ee0/symbol=603799/data.parquet,
62bbe9df-6ed8-48d5-a06b-10fb90171ee0,603799,profit_sheet_report,2015-03-31,2015-04-28,2026-07-27,False,available,data/raw/stock_profit_sheet_by_report_em/run_id=62bbe9df-6ed8-48d5-a06b-10fb90171ee0/symbol=603799/data.parquet,
62bbe9df-6ed8-48d5-a06b-10fb90171ee0,603799,profit_sheet_report,2014-12-31,2015-04-20,2026-07-27,False,available,data/raw/stock_profit_sheet_by_report_em/run_id=62bbe9df-6ed8-48d5-a06b-10fb90171ee0/symbol=603799/data.parquet,
62bbe9df-6ed8-48d5-a06b-10fb90171ee0,603799,profit_sheet_report,2014-09-30,2015-02-05,2026-07-27,False,available,data/raw/stock_profit_sheet_by_report_em/run_id=62bbe9df-6ed8-48d5-a06b-10fb90171ee0/symbol=603799/data.parquet,
62bbe9df-6ed8-48d5-a06b-10fb90171ee0,603799,profit_sheet_report,2014-06-30,2015-01-07,2026-07-27,False,available,data/raw/stock_profit_sheet_by_report_em/run_id=62bbe9df-6ed8-48d5-a06b-10fb90171ee0/symbol=603799/data.parquet,
62bbe9df-6ed8-48d5-a06b-10fb90171ee0,603799,profit_sheet_report,2014-03-31,2014-05-28,2026-07-27,False,available,data/raw/stock_profit_sheet_by_report_em/run_id=62bbe9df-6ed8-48d5-a06b-10fb90171ee0/symbol=603799/data.parquet,
62bbe9df-6ed8-48d5-a06b-10fb90171ee0,603799,profit_sheet_report,2013-12-31,2015-01-07,2026-07-27,False,available,data/raw/stock_profit_sheet_by_report_em/run_id=62bbe9df-6ed8-48d5-a06b-10fb90171ee0/symbol=603799/data.parquet,
62bbe9df-6ed8-48d5-a06b-10fb90171ee0,603799,profit_sheet_report,2013-09-30,2013-10-28,2026-07-27,False,available,data/raw/stock_profit_sheet_by_report_em/run_id=62bbe9df-6ed8-48d5-a06b-10fb90171ee0/symbol=603799/data.parquet,
62bbe9df-6ed8-48d5-a06b-10fb90171ee0,603799,profit_sheet_report,2013-06-30,2013-08-27,2026-07-27,False,available,data/raw/stock_profit_sheet_by_report_em/run_id=62bbe9df-6ed8-48d5-a06b-10fb90171ee0/symbol=603799/data.parquet,
62bbe9df-6ed8-48d5-a06b-10fb90171ee0,603799,profit_sheet_report,2013-03-31,2013-04-26,2026-07-27,False,available,data/raw/stock_profit_sheet_by_report_em/run_id=62bbe9df-6ed8-48d5-a06b-10fb90171ee0/symbol=603799/data.parquet,
62bbe9df-6ed8-48d5-a06b-10fb90171ee0,603799,profit_sheet_report,2012-12-31,2015-01-07,2026-07-27,False,available,data/raw/stock_profit_sheet_by_report_em/run_id=62bbe9df-6ed8-48d5-a06b-10fb90171ee0/symbol=603799/data.parquet,
62bbe9df-6ed8-48d5-a06b-10fb90171ee0,603799,profit_sheet_report,2012-09-30,2013-10-28,2026-07-27,False,available,data/raw/stock_profit_sheet_by_report_em/run_id=62bbe9df-6ed8-48d5-a06b-10fb90171ee0/symbol=603799/data.parquet,
62bbe9df-6ed8-48d5-a06b-10fb90171ee0,603799,profit_sheet_report,2012-06-30,2013-08-27,2026-07-27,False,available,data/raw/stock_profit_sheet_by_report_em/run_id=62bbe9df-6ed8-48d5-a06b-10fb90171ee0/symbol=603799/data.parquet,
62bbe9df-6ed8-48d5-a06b-10fb90171ee0,603799,profit_sheet_report,2012-03-31,2012-07-20,2026-07-27,False,available,data/raw/stock_profit_sheet_by_report_em/run_id=62bbe9df-6ed8-48d5-a06b-10fb90171ee0/symbol=603799/data.parquet,
62bbe9df-6ed8-48d5-a06b-10fb90171ee0,603799,profit_sheet_report,2011-12-31,2015-01-07,2026-07-27,False,available,data/raw/stock_profit_sheet_by_report_em/run_id=62bbe9df-6ed8-48d5-a06b-10fb90171ee0/symbol=603799/data.parquet,
62bbe9df-6ed8-48d5-a06b-10fb90171ee0,603799,profit_sheet_report,2011-09-30,2012-07-20,2026-07-27,False,available,data/raw/stock_profit_sheet_by_report_em/run_id=62bbe9df-6ed8-48d5-a06b-10fb90171ee0/symbol=603799/data.parquet,
62bbe9df-6ed8-48d5-a06b-10fb90171ee0,603799,profit_sheet_report,2011-06-30,2012-07-20,2026-07-27,False,available,data/raw/stock_profit_sheet_by_report_em/run_id=62bbe9df-6ed8-48d5-a06b-10fb90171ee0/symbol=603799/data.parquet,
62bbe9df-6ed8-48d5-a06b-10fb90171ee0,603799,profit_sheet_report,2010-12-31,2012-07-20,2026-07-27,False,available,data/raw/stock_profit_sheet_by_report_em/run_id=62bbe9df-6ed8-48d5-a06b-10fb90171ee0/symbol=603799/data.parquet,
62bbe9df-6ed8-48d5-a06b-10fb90171ee0,603799,profit_sheet_report,2009-12-31,2012-07-20,2026-07-27,False,available,data/raw/stock_profit_sheet_by_report_em/run_id=62bbe9df-6ed8-48d5-a06b-10fb90171ee0/symbol=603799/data.parquet,
62bbe9df-6ed8-48d5-a06b-10fb90171ee0,603799,profit_sheet_report,2008-12-31,2012-07-20,2026-07-27,False,available,data/raw/stock_profit_sheet_by_report_em/run_id=62bbe9df-6ed8-48d5-a06b-10fb90171ee0/symbol=603799/data.parquet,
62bbe9df-6ed8-48d5-a06b-10fb90171ee0,603799,cashflow_sheet_report,2026-03-31,2026-04-17,2026-07-27,False,available,data/raw/stock_cash_flow_sheet_by_report_em/run_id=62bbe9df-6ed8-48d5-a06b-10fb90171ee0/symbol=603799/data.parquet,
62bbe9df-6ed8-48d5-a06b-10fb90171ee0,603799,cashflow_sheet_report,2025-12-31,2026-04-08,2026-07-27,False,available,data/raw/stock_cash_flow_sheet_by_report_em/run_id=62bbe9df-6ed8-48d5-a06b-10fb90171ee0/symbol=603799/data.parquet,
62bbe9df-6ed8-48d5-a06b-10fb90171ee0,603799,cashflow_sheet_report,2025-09-30,2025-10-18,2026-07-27,False,available,data/raw/stock_cash_flow_sheet_by_report_em/run_id=62bbe9df-6ed8-48d5-a06b-10fb90171ee0/symbol=603799/data.parquet,
62bbe9df-6ed8-48d5-a06b-10fb90171ee0,603799,cashflow_sheet_report,2025-06-30,2025-08-18,2026-07-27,False,available,data/raw/stock_cash_flow_sheet_by_report_em/run_id=62bbe9df-6ed8-48d5-a06b-10fb90171ee0/symbol=603799/data.parquet,
62bbe9df-6ed8-48d5-a06b-10fb90171ee0,603799,cashflow_sheet_report,2025-03-31,2025-04-19,2026-07-27,False,available,data/raw/stock_cash_flow_sheet_by_report_em/run_id=62bbe9df-6ed8-48d5-a06b-10fb90171ee0/symbol=603799/data.parquet,
62bbe9df-6ed8-48d5-a06b-10fb90171ee0,603799,cashflow_sheet_report,2024-12-31,2025-04-19,2026-07-27,False,available,data/raw/stock_cash_flow_sheet_by_report_em/run_id=62bbe9df-6ed8-48d5-a06b-10fb90171ee0/symbol=603799/data.parquet,
62bbe9df-6ed8-48d5-a06b-10fb90171ee0,603799,cashflow_sheet_report,2024-09-30,2024-10-19,2026-07-27,False,available,data/raw/stock_cash_flow_sheet_by_report_em/run_id=62bbe9df-6ed8-48d5-a06b-10fb90171ee0/symbol=603799/data.parquet,
62bbe9df-6ed8-48d5-a06b-10fb90171ee0,603799,cashflow_sheet_report,2024-06-30,2024-08-20,2026-07-27,False,available,data/raw/stock_cash_flow_sheet_by_report_em/run_id=62bbe9df-6ed8-48d5-a06b-10fb90171ee0/symbol=603799/data.parquet,
62bbe9df-6ed8-48d5-a06b-10fb90171ee0,603799,cashflow_sheet_report,2024-03-31,2024-04-20,2026-07-27,False,available,data/raw/stock_cash_flow_sheet_by_report_em/run_id=62bbe9df-6ed8-48d5-a06b-10fb90171ee0/symbol=603799/data.parquet,
62bbe9df-6ed8-48d5-a06b-10fb90171ee0,603799,cashflow_sheet_report,2023-12-31,2024-04-20,2026-07-27,False,available,data/raw/stock_cash_flow_sheet_by_report_em/run_id=62bbe9df-6ed8-48d5-a06b-10fb90171ee0/symbol=603799/data.parquet,
62bbe9df-6ed8-48d5-a06b-10fb90171ee0,603799,cashflow_sheet_report,2023-09-30,2023-10-25,2026-07-27,False,available,data/raw/stock_cash_flow_sheet_by_report_em/run_id=62bbe9df-6ed8-48d5-a06b-10fb90171ee0/symbol=603799/data.parquet,
62bbe9df-6ed8-48d5-a06b-10fb90171ee0,603799,cashflow_sheet_report,2023-06-30,2023-08-26,2026-07-27,False,available,data/raw/stock_cash_flow_sheet_by_report_em/run_id=62bbe9df-6ed8-48d5-a06b-10fb90171ee0/symbol=603799/data.parquet,
62bbe9df-6ed8-48d5-a06b-10fb90171ee0,603799,cashflow_sheet_report,2023-03-31,2023-04-28,2026-07-27,False,available,data/raw/stock_cash_flow_sheet_by_report_em/run_id=62bbe9df-6ed8-48d5-a06b-10fb90171ee0/symbol=603799/data.parquet,
62bbe9df-6ed8-48d5-a06b-10fb90171ee0,603799,cashflow_sheet_report,2022-12-31,2023-04-28,2026-07-27,False,available,data/raw/stock_cash_flow_sheet_by_report_em/run_id=62bbe9df-6ed8-48d5-a06b-10fb90171ee0/symbol=603799/data.parquet,
62bbe9df-6ed8-48d5-a06b-10fb90171ee0,603799,cashflow_sheet_report,2022-09-30,2022-10-29,2026-07-27,False,available,data/raw/stock_cash_flow_sheet_by_report_em/run_id=62bbe9df-6ed8-48d5-a06b-10fb90171ee0/symbol=603799/data.parquet,
62bbe9df-6ed8-48d5-a06b-10fb90171ee0,603799,cashflow_sheet_report,2022-06-30,2022-08-20,2026-07-27,False,available,data/raw/stock_cash_flow_sheet_by_report_em/run_id=62bbe9df-6ed8-48d5-a06b-10fb90171ee0/symbol=603799/data.parquet,
62bbe9df-6ed8-48d5-a06b-10fb90171ee0,603799,cashflow_sheet_report,2022-03-31,2022-04-28,2026-07-27,False,available,data/raw/stock_cash_flow_sheet_by_report_em/run_id=62bbe9df-6ed8-48d5-a06b-10fb90171ee0/symbol=603799/data.parquet,
62bbe9df-6ed8-48d5-a06b-10fb90171ee0,603799,cashflow_sheet_report,2021-12-31,2022-04-23,2026-07-27,False,available,data/raw/stock_cash_flow_sheet_by_report_em/run_id=62bbe9df-6ed8-48d5-a06b-10fb90171ee0/symbol=603799/data.parquet,
62bbe9df-6ed8-48d5-a06b-10fb90171ee0,603799,cashflow_sheet_report,2021-09-30,2021-10-30,2026-07-27,False,available,data/raw/stock_cash_flow_sheet_by_report_em/run_id=62bbe9df-6ed8-48d5-a06b-10fb90171ee0/symbol=603799/data.parquet,
62bbe9df-6ed8-48d5-a06b-10fb90171ee0,603799,cashflow_sheet_report,2021-06-30,2021-08-17,2026-07-27,False,available,data/raw/stock_cash_flow_sheet_by_report_em/run_id=62bbe9df-6ed8-48d5-a06b-10fb90171ee0/symbol=603799/data.parquet,
62bbe9df-6ed8-48d5-a06b-10fb90171ee0,603799,cashflow_sheet_report,2021-03-31,2021-04-16,2026-07-27,False,available,data/raw/stock_cash_flow_sheet_by_report_em/run_id=62bbe9df-6ed8-48d5-a06b-10fb90171ee0/symbol=603799/data.parquet,
62bbe9df-6ed8-48d5-a06b-10fb90171ee0,603799,cashflow_sheet_report,2020-12-31,2021-03-30,2026-07-27,False,available,data/raw/stock_cash_flow_sheet_by_report_em/run_id=62bbe9df-6ed8-48d5-a06b-10fb90171ee0/symbol=603799/data.parquet,
62bbe9df-6ed8-48d5-a06b-10fb90171ee0,603799,cashflow_sheet_report,2020-09-30,2020-10-29,2026-07-27,False,available,data/raw/stock_cash_flow_sheet_by_report_em/run_id=62bbe9df-6ed8-48d5-a06b-10fb90171ee0/symbol=603799/data.parquet,
62bbe9df-6ed8-48d5-a06b-10fb90171ee0,603799,cashflow_sheet_report,2020-06-30,2020-08-29,2026-07-27,False,available,data/raw/stock_cash_flow_sheet_by_report_em/run_id=62bbe9df-6ed8-48d5-a06b-10fb90171ee0/symbol=603799/data.parquet,
62bbe9df-6ed8-48d5-a06b-10fb90171ee0,603799,cashflow_sheet_report,2020-03-31,2020-04-16,2026-07-27,False,available,data/raw/stock_cash_flow_sheet_by_report_em/run_id=62bbe9df-6ed8-48d5-a06b-10fb90171ee0/symbol=603799/data.parquet,
62bbe9df-6ed8-48d5-a06b-10fb90171ee0,603799,cashflow_sheet_report,2019-12-31,2020-03-28,2026-07-27,False,available,data/raw/stock_cash_flow_sheet_by_report_em/run_id=62bbe9df-6ed8-48d5-a06b-10fb90171ee0/symbol=603799/data.parquet,
62bbe9df-6ed8-48d5-a06b-10fb90171ee0,603799,cashflow_sheet_report,2019-09-30,2019-10-29,2026-07-27,False,available,data/raw/stock_cash_flow_sheet_by_report_em/run_id=62bbe9df-6ed8-48d5-a06b-10fb90171ee0/symbol=603799/data.parquet,
62bbe9df-6ed8-48d5-a06b-10fb90171ee0,603799,cashflow_sheet_report,2019-06-30,2019-08-28,2026-07-27,False,available,data/raw/stock_cash_flow_sheet_by_report_em/run_id=62bbe9df-6ed8-48d5-a06b-10fb90171ee0/symbol=603799/data.parquet,
62bbe9df-6ed8-48d5-a06b-10fb90171ee0,603799,cashflow_sheet_report,2019-03-31,2019-04-27,2026-07-27,False,available,data/raw/stock_cash_flow_sheet_by_report_em/run_id=62bbe9df-6ed8-48d5-a06b-10fb90171ee0/symbol=603799/data.parquet,
62bbe9df-6ed8-48d5-a06b-10fb90171ee0,603799,cashflow_sheet_report,2018-12-31,2019-03-30,2026-07-27,False,available,data/raw/stock_cash_flow_sheet_by_report_em/run_id=62bbe9df-6ed8-48d5-a06b-10fb90171ee0/symbol=603799/data.parquet,
62bbe9df-6ed8-48d5-a06b-10fb90171ee0,603799,cashflow_sheet_report,2018-09-30,2018-10-30,2026-07-27,False,available,data/raw/stock_cash_flow_sheet_by_report_em/run_id=62bbe9df-6ed8-48d5-a06b-10fb90171ee0/symbol=603799/data.parquet,
62bbe9df-6ed8-48d5-a06b-10fb90171ee0,603799,cashflow_sheet_report,2018-06-30,2018-08-28,2026-07-27,False,available,data/raw/stock_cash_flow_sheet_by_report_em/run_id=62bbe9df-6ed8-48d5-a06b-10fb90171ee0/symbol=603799/data.parquet,
62bbe9df-6ed8-48d5-a06b-10fb90171ee0,603799,cashflow_sheet_report,2018-03-31,2018-04-28,2026-07-27,False,available,data/raw/stock_cash_flow_sheet_by_report_em/run_id=62bbe9df-6ed8-48d5-a06b-10fb90171ee0/symbol=603799/data.parquet,
62bbe9df-6ed8-48d5-a06b-10fb90171ee0,603799,cashflow_sheet_report,2017-12-31,2018-04-26,2026-07-27,False,available,data/raw/stock_cash_flow_sheet_by_report_em/run_id=62bbe9df-6ed8-48d5-a06b-10fb90171ee0/symbol=603799/data.parquet,
62bbe9df-6ed8-48d5-a06b-10fb90171ee0,603799,cashflow_sheet_report,2017-09-30,2017-10-28,2026-07-27,False,available,data/raw/stock_cash_flow_sheet_by_report_em/run_id=62bbe9df-6ed8-48d5-a06b-10fb90171ee0/symbol=603799/data.parquet,
62bbe9df-6ed8-48d5-a06b-10fb90171ee0,603799,cashflow_sheet_report,2017-06-30,2017-08-26,2026-07-27,False,available,data/raw/stock_cash_flow_sheet_by_report_em/run_id=62bbe9df-6ed8-48d5-a06b-10fb90171ee0/symbol=603799/data.parquet,
62bbe9df-6ed8-48d5-a06b-10fb90171ee0,603799,cashflow_sheet_report,2017-03-31,2017-04-28,2026-07-27,False,available,data/raw/stock_cash_flow_sheet_by_report_em/run_id=62bbe9df-6ed8-48d5-a06b-10fb90171ee0/symbol=603799/data.parquet,
62bbe9df-6ed8-48d5-a06b-10fb90171ee0,603799,cashflow_sheet_report,2016-12-31,2017-04-01,2026-07-27,False,available,data/raw/stock_cash_flow_sheet_by_report_em/run_id=62bbe9df-6ed8-48d5-a06b-10fb90171ee0/symbol=603799/data.parquet,
62bbe9df-6ed8-48d5-a06b-10fb90171ee0,603799,cashflow_sheet_report,2016-09-30,2016-10-29,2026-07-27,False,available,data/raw/stock_cash_flow_sheet_by_report_em/run_id=62bbe9df-6ed8-48d5-a06b-10fb90171ee0/symbol=603799/data.parquet,
62bbe9df-6ed8-48d5-a06b-10fb90171ee0,603799,cashflow_sheet_report,2016-06-30,2016-08-30,2026-07-27,False,available,data/raw/stock_cash_flow_sheet_by_report_em/run_id=62bbe9df-6ed8-48d5-a06b-10fb90171ee0/symbol=603799/data.parquet,
62bbe9df-6ed8-48d5-a06b-10fb90171ee0,603799,cashflow_sheet_report,2016-03-31,2016-04-29,2026-07-27,False,available,data/raw/stock_cash_flow_sheet_by_report_em/run_id=62bbe9df-6ed8-48d5-a06b-10fb90171ee0/symbol=603799/data.parquet,
62bbe9df-6ed8-48d5-a06b-10fb90171ee0,603799,cashflow_sheet_report,2015-12-31,2016-03-23,2026-07-27,False,available,data/raw/stock_cash_flow_sheet_by_report_em/run_id=62bbe9df-6ed8-48d5-a06b-10fb90171ee0/symbol=603799/data.parquet,
62bbe9df-6ed8-48d5-a06b-10fb90171ee0,603799,cashflow_sheet_report,2015-09-30,2015-10-29,2026-07-27,False,available,data/raw/stock_cash_flow_sheet_by_report_em/run_id=62bbe9df-6ed8-48d5-a06b-10fb90171ee0/symbol=603799/data.parquet,
62bbe9df-6ed8-48d5-a06b-10fb90171ee0,603799,cashflow_sheet_report,2015-06-30,2015-08-28,2026-07-27,False,available,data/raw/stock_cash_flow_sheet_by_report_em/run_id=62bbe9df-6ed8-48d5-a06b-10fb90171ee0/symbol=603799/data.parquet,
62bbe9df-6ed8-48d5-a06b-10fb90171ee0,603799,cashflow_sheet_report,2015-03-31,2015-04-28,2026-07-27,False,available,data/raw/stock_cash_flow_sheet_by_report_em/run_id=62bbe9df-6ed8-48d5-a06b-10fb90171ee0/symbol=603799/data.parquet,
62bbe9df-6ed8-48d5-a06b-10fb90171ee0,603799,cashflow_sheet_report,2014-12-31,2015-04-20,2026-07-27,False,available,data/raw/stock_cash_flow_sheet_by_report_em/run_id=62bbe9df-6ed8-48d5-a06b-10fb90171ee0/symbol=603799/data.parquet,
62bbe9df-6ed8-48d5-a06b-10fb90171ee0,603799,cashflow_sheet_report,2014-09-30,2015-02-05,2026-07-27,False,available,data/raw/stock_cash_flow_sheet_by_report_em/run_id=62bbe9df-6ed8-48d5-a06b-10fb90171ee0/symbol=603799/data.parquet,
62bbe9df-6ed8-48d5-a06b-10fb90171ee0,603799,cashflow_sheet_report,2014-06-30,2015-01-07,2026-07-27,False,available,data/raw/stock_cash_flow_sheet_by_report_em/run_id=62bbe9df-6ed8-48d5-a06b-10fb90171ee0/symbol=603799/data.parquet,
62bbe9df-6ed8-48d5-a06b-10fb90171ee0,603799,cashflow_sheet_report,2014-03-31,2014-05-28,2026-07-27,False,available,data/raw/stock_cash_flow_sheet_by_report_em/run_id=62bbe9df-6ed8-48d5-a06b-10fb90171ee0/symbol=603799/data.parquet,
62bbe9df-6ed8-48d5-a06b-10fb90171ee0,603799,cashflow_sheet_report,2013-12-31,2015-01-07,2026-07-27,False,available,data/raw/stock_cash_flow_sheet_by_report_em/run_id=62bbe9df-6ed8-48d5-a06b-10fb90171ee0/symbol=603799/data.parquet,
62bbe9df-6ed8-48d5-a06b-10fb90171ee0,603799,cashflow_sheet_report,2013-09-30,2013-10-28,2026-07-27,False,available,data/raw/stock_cash_flow_sheet_by_report_em/run_id=62bbe9df-6ed8-48d5-a06b-10fb90171ee0/symbol=603799/data.parquet,
62bbe9df-6ed8-48d5-a06b-10fb90171ee0,603799,cashflow_sheet_report,2013-06-30,2013-08-27,2026-07-27,False,available,data/raw/stock_cash_flow_sheet_by_report_em/run_id=62bbe9df-6ed8-48d5-a06b-10fb90171ee0/symbol=603799/data.parquet,
62bbe9df-6ed8-48d5-a06b-10fb90171ee0,603799,cashflow_sheet_report,2013-03-31,2013-04-26,2026-07-27,False,available,data/raw/stock_cash_flow_sheet_by_report_em/run_id=62bbe9df-6ed8-48d5-a06b-10fb90171ee0/symbol=603799/data.parquet,
62bbe9df-6ed8-48d5-a06b-10fb90171ee0,603799,cashflow_sheet_report,2012-12-31,2015-01-07,2026-07-27,False,available,data/raw/stock_cash_flow_sheet_by_report_em/run_id=62bbe9df-6ed8-48d5-a06b-10fb90171ee0/symbol=603799/data.parquet,
62bbe9df-6ed8-48d5-a06b-10fb90171ee0,603799,cashflow_sheet_report,2012-09-30,2013-10-28,2026-07-27,False,available,data/raw/stock_cash_flow_sheet_by_report_em/run_id=62bbe9df-6ed8-48d5-a06b-10fb90171ee0/symbol=603799/data.parquet,
62bbe9df-6ed8-48d5-a06b-10fb90171ee0,603799,cashflow_sheet_report,2012-06-30,2013-08-27,2026-07-27,False,available,data/raw/stock_cash_flow_sheet_by_report_em/run_id=62bbe9df-6ed8-48d5-a06b-10fb90171ee0/symbol=603799/data.parquet,
62bbe9df-6ed8-48d5-a06b-10fb90171ee0,603799,cashflow_sheet_report,2012-03-31,2012-07-20,2026-07-27,False,available,data/raw/stock_cash_flow_sheet_by_report_em/run_id=62bbe9df-6ed8-48d5-a06b-10fb90171ee0/symbol=603799/data.parquet,
62bbe9df-6ed8-48d5-a06b-10fb90171ee0,603799,cashflow_sheet_report,2011-12-31,2015-01-07,2026-07-27,False,available,data/raw/stock_cash_flow_sheet_by_report_em/run_id=62bbe9df-6ed8-48d5-a06b-10fb90171ee0/symbol=603799/data.parquet,
62bbe9df-6ed8-48d5-a06b-10fb90171ee0,603799,cashflow_sheet_report,2011-09-30,2012-07-20,2026-07-27,False,available,data/raw/stock_cash_flow_sheet_by_report_em/run_id=62bbe9df-6ed8-48d5-a06b-10fb90171ee0/symbol=603799/data.parquet,
62bbe9df-6ed8-48d5-a06b-10fb90171ee0,603799,cashflow_sheet_report,2011-06-30,2012-07-20,2026-07-27,False,available,data/raw/stock_cash_flow_sheet_by_report_em/run_id=62bbe9df-6ed8-48d5-a06b-10fb90171ee0/symbol=603799/data.parquet,
62bbe9df-6ed8-48d5-a06b-10fb90171ee0,603799,cashflow_sheet_report,2010-12-31,2012-07-20,2026-07-27,False,available,data/raw/stock_cash_flow_sheet_by_report_em/run_id=62bbe9df-6ed8-48d5-a06b-10fb90171ee0/symbol=603799/data.parquet,
62bbe9df-6ed8-48d5-a06b-10fb90171ee0,603799,cashflow_sheet_report,2009-12-31,2012-07-20,2026-07-27,False,available,data/raw/stock_cash_flow_sheet_by_report_em/run_id=62bbe9df-6ed8-48d5-a06b-10fb90171ee0/symbol=603799/data.parquet,
62bbe9df-6ed8-48d5-a06b-10fb90171ee0,603799,cashflow_sheet_report,2008-12-31,2012-07-20,2026-07-27,False,available,data/raw/stock_cash_flow_sheet_by_report_em/run_id=62bbe9df-6ed8-48d5-a06b-10fb90171ee0/symbol=603799/data.parquet,
62bbe9df-6ed8-48d5-a06b-10fb90171ee0,601012,financial_abstract,,,2026-07-27,False,unavailable,data/raw/stock_financial_abstract/run_id=62bbe9df-6ed8-48d5-a06b-10fb90171ee0/symbol=601012/data.parquet,WARN: report/announcement date could not be paired
62bbe9df-6ed8-48d5-a06b-10fb90171ee0,601012,financial_indicator,,,2026-07-27,False,unavailable,data/raw/stock_financial_analysis_indicator/run_id=62bbe9df-6ed8-48d5-a06b-10fb90171ee0/symbol=601012/data.parquet,WARN: report/announcement date could not be paired
62bbe9df-6ed8-48d5-a06b-10fb90171ee0,601012,balance_sheet_report,2026-03-31,2026-04-29,2026-07-27,False,available,data/raw/stock_balance_sheet_by_report_em/run_id=62bbe9df-6ed8-48d5-a06b-10fb90171ee0/symbol=601012/data.parquet,
62bbe9df-6ed8-48d5-a06b-10fb90171ee0,601012,balance_sheet_report,2025-12-31,2026-04-29,2026-07-27,False,available,data/raw/stock_balance_sheet_by_report_em/run_id=62bbe9df-6ed8-48d5-a06b-10fb90171ee0/symbol=601012/data.parquet,
62bbe9df-6ed8-48d5-a06b-10fb90171ee0,601012,balance_sheet_report,2025-09-30,2025-10-31,2026-07-27,False,available,data/raw/stock_balance_sheet_by_report_em/run_id=62bbe9df-6ed8-48d5-a06b-10fb90171ee0/symbol=601012/data.parquet,
62bbe9df-6ed8-48d5-a06b-10fb90171ee0,601012,balance_sheet_report,2025-06-30,2025-08-23,2026-07-27,False,available,data/raw/stock_balance_sheet_by_report_em/run_id=62bbe9df-6ed8-48d5-a06b-10fb90171ee0/symbol=601012/data.parquet,
62bbe9df-6ed8-48d5-a06b-10fb90171ee0,601012,balance_sheet_report,2025-03-31,2025-04-30,2026-07-27,False,available,data/raw/stock_balance_sheet_by_report_em/run_id=62bbe9df-6ed8-48d5-a06b-10fb90171ee0/symbol=601012/data.parquet,
62bbe9df-6ed8-48d5-a06b-10fb90171ee0,601012,balance_sheet_report,2024-12-31,2025-04-30,2026-07-27,False,available,data/raw/stock_balance_sheet_by_report_em/run_id=62bbe9df-6ed8-48d5-a06b-10fb90171ee0/symbol=601012/data.parquet,
62bbe9df-6ed8-48d5-a06b-10fb90171ee0,601012,balance_sheet_report,2024-09-30,2024-10-31,2026-07-27,False,available,data/raw/stock_balance_sheet_by_report_em/run_id=62bbe9df-6ed8-48d5-a06b-10fb90171ee0/symbol=601012/data.parquet,
62bbe9df-6ed8-48d5-a06b-10fb90171ee0,601012,balance_sheet_report,2024-06-30,2024-08-31,2026-07-27,False,available,data/raw/stock_balance_sheet_by_report_em/run_id=62bbe9df-6ed8-48d5-a06b-10fb90171ee0/symbol=601012/data.parquet,
62bbe9df-6ed8-48d5-a06b-10fb90171ee0,601012,balance_sheet_report,2024-03-31,2024-04-30,2026-07-27,False,available,data/raw/stock_balance_sheet_by_report_em/run_id=62bbe9df-6ed8-48d5-a06b-10fb90171ee0/symbol=601012/data.parquet,
62bbe9df-6ed8-48d5-a06b-10fb90171ee0,601012,balance_sheet_report,2023-12-31,2024-04-30,2026-07-27,False,available,data/raw/stock_balance_sheet_by_report_em/run_id=62bbe9df-6ed8-48d5-a06b-10fb90171ee0/symbol=601012/data.parquet,
62bbe9df-6ed8-48d5-a06b-10fb90171ee0,601012,balance_sheet_report,2023-09-30,2023-10-31,2026-07-27,False,available,data/raw/stock_balance_sheet_by_report_em/run_id=62bbe9df-6ed8-48d5-a06b-10fb90171ee0/symbol=601012/data.parquet,
62bbe9df-6ed8-48d5-a06b-10fb90171ee0,601012,balance_sheet_report,2023-06-30,2023-08-31,2026-07-27,False,available,data/raw/stock_balance_sheet_by_report_em/run_id=62bbe9df-6ed8-48d5-a06b-10fb90171ee0/symbol=601012/data.parquet,
62bbe9df-6ed8-48d5-a06b-10fb90171ee0,601012,balance_sheet_report,2023-03-31,2023-04-28,2026-07-27,False,available,data/raw/stock_balance_sheet_by_report_em/run_id=62bbe9df-6ed8-48d5-a06b-10fb90171ee0/symbol=601012/data.parquet,
62bbe9df-6ed8-48d5-a06b-10fb90171ee0,601012,balance_sheet_report,2022-12-31,2023-04-28,2026-07-27,False,available,data/raw/stock_balance_sheet_by_report_em/run_id=62bbe9df-6ed8-48d5-a06b-10fb90171ee0/symbol=601012/data.parquet,
62bbe9df-6ed8-48d5-a06b-10fb90171ee0,601012,balance_sheet_report,2022-09-30,2022-10-29,2026-07-27,False,available,data/raw/stock_balance_sheet_by_report_em/run_id=62bbe9df-6ed8-48d5-a06b-10fb90171ee0/symbol=601012/data.parquet,
62bbe9df-6ed8-48d5-a06b-10fb90171ee0,601012,balance_sheet_report,2022-06-30,2022-08-25,2026-07-27,False,available,data/raw/stock_balance_sheet_by_report_em/run_id=62bbe9df-6ed8-48d5-a06b-10fb90171ee0/symbol=601012/data.parquet,
62bbe9df-6ed8-48d5-a06b-10fb90171ee0,601012,balance_sheet_report,2022-03-31,2022-04-28,2026-07-27,False,available,data/raw/stock_balance_sheet_by_report_em/run_id=62bbe9df-6ed8-48d5-a06b-10fb90171ee0/symbol=601012/data.parquet,
62bbe9df-6ed8-48d5-a06b-10fb90171ee0,601012,balance_sheet_report,2021-12-31,2022-04-28,2026-07-27,False,available,data/raw/stock_balance_sheet_by_report_em/run_id=62bbe9df-6ed8-48d5-a06b-10fb90171ee0/symbol=601012/data.parquet,
62bbe9df-6ed8-48d5-a06b-10fb90171ee0,601012,balance_sheet_report,2021-09-30,2021-10-29,2026-07-27,False,available,data/raw/stock_balance_sheet_by_report_em/run_id=62bbe9df-6ed8-48d5-a06b-10fb90171ee0/symbol=601012/data.parquet,
62bbe9df-6ed8-48d5-a06b-10fb90171ee0,601012,balance_sheet_report,2021-06-30,2021-08-31,2026-07-27,False,available,data/raw/stock_balance_sheet_by_report_em/run_id=62bbe9df-6ed8-48d5-a06b-10fb90171ee0/symbol=601012/data.parquet,
62bbe9df-6ed8-48d5-a06b-10fb90171ee0,601012,balance_sheet_report,2021-03-31,2021-04-21,2026-07-27,False,available,data/raw/stock_balance_sheet_by_report_em/run_id=62bbe9df-6ed8-48d5-a06b-10fb90171ee0/symbol=601012/data.parquet,
62bbe9df-6ed8-48d5-a06b-10fb90171ee0,601012,balance_sheet_report,2020-12-31,2021-04-21,2026-07-27,False,available,data/raw/stock_balance_sheet_by_report_em/run_id=62bbe9df-6ed8-48d5-a06b-10fb90171ee0/symbol=601012/data.parquet,
62bbe9df-6ed8-48d5-a06b-10fb90171ee0,601012,balance_sheet_report,2020-09-30,2020-10-31,2026-07-27,False,available,data/raw/stock_balance_sheet_by_report_em/run_id=62bbe9df-6ed8-48d5-a06b-10fb90171ee0/symbol=601012/data.parquet,
62bbe9df-6ed8-48d5-a06b-10fb90171ee0,601012,balance_sheet_report,2020-06-30,2020-08-28,2026-07-27,False,available,data/raw/stock_balance_sheet_by_report_em/run_id=62bbe9df-6ed8-48d5-a06b-10fb90171ee0/symbol=601012/data.parquet,
62bbe9df-6ed8-48d5-a06b-10fb90171ee0,601012,balance_sheet_report,2020-03-31,2020-04-23,2026-07-27,False,available,data/raw/stock_balance_sheet_by_report_em/run_id=62bbe9df-6ed8-48d5-a06b-10fb90171ee0/symbol=601012/data.parquet,
62bbe9df-6ed8-48d5-a06b-10fb90171ee0,601012,balance_sheet_report,2019-12-31,2020-04-23,2026-07-27,False,available,data/raw/stock_balance_sheet_by_report_em/run_id=62bbe9df-6ed8-48d5-a06b-10fb90171ee0/symbol=601012/data.parquet,
62bbe9df-6ed8-48d5-a06b-10fb90171ee0,601012,balance_sheet_report,2019-09-30,2019-10-31,2026-07-27,False,available,data/raw/stock_balance_sheet_by_report_em/run_id=62bbe9df-6ed8-48d5-a06b-10fb90171ee0/symbol=601012/data.parquet,
62bbe9df-6ed8-48d5-a06b-10fb90171ee0,601012,balance_sheet_report,2019-06-30,2019-08-29,2026-07-27,False,available,data/raw/stock_balance_sheet_by_report_em/run_id=62bbe9df-6ed8-48d5-a06b-10fb90171ee0/symbol=601012/data.parquet,
62bbe9df-6ed8-48d5-a06b-10fb90171ee0,601012,balance_sheet_report,2019-03-31,2019-04-30,2026-07-27,False,available,data/raw/stock_balance_sheet_by_report_em/run_id=62bbe9df-6ed8-48d5-a06b-10fb90171ee0/symbol=601012/data.parquet,
62bbe9df-6ed8-48d5-a06b-10fb90171ee0,601012,balance_sheet_report,2018-12-31,2019-04-30,2026-07-27,False,available,data/raw/stock_balance_sheet_by_report_em/run_id=62bbe9df-6ed8-48d5-a06b-10fb90171ee0/symbol=601012/data.parquet,
62bbe9df-6ed8-48d5-a06b-10fb90171ee0,601012,balance_sheet_report,2018-09-30,2018-10-31,2026-07-27,False,available,data/raw/stock_balance_sheet_by_report_em/run_id=62bbe9df-6ed8-48d5-a06b-10fb90171ee0/symbol=601012/data.parquet,
62bbe9df-6ed8-48d5-a06b-10fb90171ee0,601012,balance_sheet_report,2018-06-30,2018-08-31,2026-07-27,False,available,data/raw/stock_balance_sheet_by_report_em/run_id=62bbe9df-6ed8-48d5-a06b-10fb90171ee0/symbol=601012/data.parquet,
62bbe9df-6ed8-48d5-a06b-10fb90171ee0,601012,balance_sheet_report,2018-03-31,2018-04-26,2026-07-27,False,available,data/raw/stock_balance_sheet_by_report_em/run_id=62bbe9df-6ed8-48d5-a06b-10fb90171ee0/symbol=601012/data.parquet,
62bbe9df-6ed8-48d5-a06b-10fb90171ee0,601012,balance_sheet_report,2017-12-31,2018-03-29,2026-07-27,False,available,data/raw/stock_balance_sheet_by_report_em/run_id=62bbe9df-6ed8-48d5-a06b-10fb90171ee0/symbol=601012/data.parquet,
62bbe9df-6ed8-48d5-a06b-10fb90171ee0,601012,balance_sheet_report,2017-09-30,2017-10-31,2026-07-27,False,available,data/raw/stock_balance_sheet_by_report_em/run_id=62bbe9df-6ed8-48d5-a06b-10fb90171ee0/symbol=601012/data.parquet,
62bbe9df-6ed8-48d5-a06b-10fb90171ee0,601012,balance_sheet_report,2017-06-30,2017-08-30,2026-07-27,False,available,data/raw/stock_balance_sheet_by_report_em/run_id=62bbe9df-6ed8-48d5-a06b-10fb90171ee0/symbol=601012/data.parquet,
62bbe9df-6ed8-48d5-a06b-10fb90171ee0,601012,balance_sheet_report,2017-03-31,2017-04-28,2026-07-27,False,available,data/raw/stock_balance_sheet_by_report_em/run_id=62bbe9df-6ed8-48d5-a06b-10fb90171ee0/symbol=601012/data.parquet,
62bbe9df-6ed8-48d5-a06b-10fb90171ee0,601012,balance_sheet_report,2016-12-31,2017-04-28,2026-07-27,False,available,data/raw/stock_balance_sheet_by_report_em/run_id=62bbe9df-6ed8-48d5-a06b-10fb90171ee0/symbol=601012/data.parquet,
62bbe9df-6ed8-48d5-a06b-10fb90171ee0,601012,balance_sheet_report,2016-09-30,2016-10-29,2026-07-27,False,available,data/raw/stock_balance_sheet_by_report_em/run_id=62bbe9df-6ed8-48d5-a06b-10fb90171ee0/symbol=601012/data.parquet,
62bbe9df-6ed8-48d5-a06b-10fb90171ee0,601012,balance_sheet_report,2016-06-30,2016-08-18,2026-07-27,False,available,data/raw/stock_balance_sheet_by_report_em/run_id=62bbe9df-6ed8-48d5-a06b-10fb90171ee0/symbol=601012/data.parquet,
62bbe9df-6ed8-48d5-a06b-10fb90171ee0,601012,balance_sheet_report,2016-03-31,2016-04-25,2026-07-27,False,available,data/raw/stock_balance_sheet_by_report_em/run_id=62bbe9df-6ed8-48d5-a06b-10fb90171ee0/symbol=601012/data.parquet,
62bbe9df-6ed8-48d5-a06b-10fb90171ee0,601012,balance_sheet_report,2015-12-31,2016-03-25,2026-07-27,False,available,data/raw/stock_balance_sheet_by_report_em/run_id=62bbe9df-6ed8-48d5-a06b-10fb90171ee0/symbol=601012/data.parquet,
62bbe9df-6ed8-48d5-a06b-10fb90171ee0,601012,balance_sheet_report,2015-09-30,2015-10-30,2026-07-27,False,available,data/raw/stock_balance_sheet_by_report_em/run_id=62bbe9df-6ed8-48d5-a06b-10fb90171ee0/symbol=601012/data.parquet,
62bbe9df-6ed8-48d5-a06b-10fb90171ee0,601012,balance_sheet_report,2015-06-30,2015-08-28,2026-07-27,False,available,data/raw/stock_balance_sheet_by_report_em/run_id=62bbe9df-6ed8-48d5-a06b-10fb90171ee0/symbol=601012/data.parquet,
62bbe9df-6ed8-48d5-a06b-10fb90171ee0,601012,balance_sheet_report,2015-03-31,2015-04-30,2026-07-27,False,available,data/raw/stock_balance_sheet_by_report_em/run_id=62bbe9df-6ed8-48d5-a06b-10fb90171ee0/symbol=601012/data.parquet,
62bbe9df-6ed8-48d5-a06b-10fb90171ee0,601012,balance_sheet_report,2014-12-31,2015-02-17,2026-07-27,False,available,data/raw/stock_balance_sheet_by_report_em/run_id=62bbe9df-6ed8-48d5-a06b-10fb90171ee0/symbol=601012/data.parquet,
62bbe9df-6ed8-48d5-a06b-10fb90171ee0,601012,balance_sheet_report,2014-09-30,2014-10-29,2026-07-27,False,available,data/raw/stock_balance_sheet_by_report_em/run_id=62bbe9df-6ed8-48d5-a06b-10fb90171ee0/symbol=601012/data.parquet,
62bbe9df-6ed8-48d5-a06b-10fb90171ee0,601012,balance_sheet_report,2014-06-30,2014-08-30,2026-07-27,False,available,data/raw/stock_balance_sheet_by_report_em/run_id=62bbe9df-6ed8-48d5-a06b-10fb90171ee0/symbol=601012/data.parquet,
62bbe9df-6ed8-48d5-a06b-10fb90171ee0,601012,balance_sheet_report,2014-03-31,2014-04-30,2026-07-27,False,available,data/raw/stock_balance_sheet_by_report_em/run_id=62bbe9df-6ed8-48d5-a06b-10fb90171ee0/symbol=601012/data.parquet,
62bbe9df-6ed8-48d5-a06b-10fb90171ee0,601012,balance_sheet_report,2013-12-31,2014-04-30,2026-07-27,False,available,data/raw/stock_balance_sheet_by_report_em/run_id=62bbe9df-6ed8-48d5-a06b-10fb90171ee0/symbol=601012/data.parquet,
62bbe9df-6ed8-48d5-a06b-10fb90171ee0,601012,balance_sheet_report,2013-09-30,2013-10-30,2026-07-27,False,available,data/raw/stock_balance_sheet_by_report_em/run_id=62bbe9df-6ed8-48d5-a06b-10fb90171ee0/symbol=601012/data.parquet,
62bbe9df-6ed8-48d5-a06b-10fb90171ee0,601012,balance_sheet_report,2013-06-30,2013-08-08,2026-07-27,False,available,data/raw/stock_balance_sheet_by_report_em/run_id=62bbe9df-6ed8-48d5-a06b-10fb90171ee0/symbol=601012/data.parquet,
62bbe9df-6ed8-48d5-a06b-10fb90171ee0,601012,balance_sheet_report,2013-03-31,2013-04-27,2026-07-27,False,available,data/raw/stock_balance_sheet_by_report_em/run_id=62bbe9df-6ed8-48d5-a06b-10fb90171ee0/symbol=601012/data.parquet,
62bbe9df-6ed8-48d5-a06b-10fb90171ee0,601012,balance_sheet_report,2012-12-31,2013-04-27,2026-07-27,False,available,data/raw/stock_balance_sheet_by_report_em/run_id=62bbe9df-6ed8-48d5-a06b-10fb90171ee0/symbol=601012/data.parquet,
62bbe9df-6ed8-48d5-a06b-10fb90171ee0,601012,balance_sheet_report,2012-09-30,2012-10-31,2026-07-27,False,available,data/raw/stock_balance_sheet_by_report_em/run_id=62bbe9df-6ed8-48d5-a06b-10fb90171ee0/symbol=601012/data.parquet,
62bbe9df-6ed8-48d5-a06b-10fb90171ee0,601012,balance_sheet_report,2012-06-30,2012-08-30,2026-07-27,False,available,data/raw/stock_balance_sheet_by_report_em/run_id=62bbe9df-6ed8-48d5-a06b-10fb90171ee0/symbol=601012/data.parquet,
62bbe9df-6ed8-48d5-a06b-10fb90171ee0,601012,balance_sheet_report,2012-03-31,2012-04-28,2026-07-27,False,available,data/raw/stock_balance_sheet_by_report_em/run_id=62bbe9df-6ed8-48d5-a06b-10fb90171ee0/symbol=601012/data.parquet,
62bbe9df-6ed8-48d5-a06b-10fb90171ee0,601012,balance_sheet_report,2011-12-31,2012-03-16,2026-07-27,False,available,data/raw/stock_balance_sheet_by_report_em/run_id=62bbe9df-6ed8-48d5-a06b-10fb90171ee0/symbol=601012/data.parquet,
62bbe9df-6ed8-48d5-a06b-10fb90171ee0,601012,balance_sheet_report,2011-09-30,2011-10-28,2026-07-27,False,available,data/raw/stock_balance_sheet_by_report_em/run_id=62bbe9df-6ed8-48d5-a06b-10fb90171ee0/symbol=601012/data.parquet,
62bbe9df-6ed8-48d5-a06b-10fb90171ee0,601012,balance_sheet_report,2011-06-30,2011-08-25,2026-07-27,False,available,data/raw/stock_balance_sheet_by_report_em/run_id=62bbe9df-6ed8-48d5-a06b-10fb90171ee0/symbol=601012/data.parquet,
62bbe9df-6ed8-48d5-a06b-10fb90171ee0,601012,balance_sheet_report,2011-03-31,2011-04-27,2026-07-27,False,available,data/raw/stock_balance_sheet_by_report_em/run_id=62bbe9df-6ed8-48d5-a06b-10fb90171ee0/symbol=601012/data.parquet,
62bbe9df-6ed8-48d5-a06b-10fb90171ee0,601012,balance_sheet_report,2010-12-31,2012-03-16,2026-07-27,False,available,data/raw/stock_balance_sheet_by_report_em/run_id=62bbe9df-6ed8-48d5-a06b-10fb90171ee0/symbol=601012/data.parquet,
62bbe9df-6ed8-48d5-a06b-10fb90171ee0,601012,balance_sheet_report,2010-09-30,2010-10-26,2026-07-27,False,available,data/raw/stock_balance_sheet_by_report_em/run_id=62bbe9df-6ed8-48d5-a06b-10fb90171ee0/symbol=601012/data.parquet,
62bbe9df-6ed8-48d5-a06b-10fb90171ee0,601012,balance_sheet_report,2010-06-30,2010-10-14,2026-07-27,False,available,data/raw/stock_balance_sheet_by_report_em/run_id=62bbe9df-6ed8-48d5-a06b-10fb90171ee0/symbol=601012/data.parquet,
62bbe9df-6ed8-48d5-a06b-10fb90171ee0,601012,balance_sheet_report,2009-12-31,2012-03-16,2026-07-27,False,available,data/raw/stock_balance_sheet_by_report_em/run_id=62bbe9df-6ed8-48d5-a06b-10fb90171ee0/symbol=601012/data.parquet,
62bbe9df-6ed8-48d5-a06b-10fb90171ee0,601012,balance_sheet_report,2008-12-31,2011-07-21,2026-07-27,False,available,data/raw/stock_balance_sheet_by_report_em/run_id=62bbe9df-6ed8-48d5-a06b-10fb90171ee0/symbol=601012/data.parquet,
62bbe9df-6ed8-48d5-a06b-10fb90171ee0,601012,balance_sheet_report,2007-12-31,2010-03-19,2026-07-27,False,available,data/raw/stock_balance_sheet_by_report_em/run_id=62bbe9df-6ed8-48d5-a06b-10fb90171ee0/symbol=601012/data.parquet,
62bbe9df-6ed8-48d5-a06b-10fb90171ee0,601012,profit_sheet_report,2026-03-31,2026-04-29,2026-07-27,False,available,data/raw/stock_profit_sheet_by_report_em/run_id=62bbe9df-6ed8-48d5-a06b-10fb90171ee0/symbol=601012/data.parquet,
62bbe9df-6ed8-48d5-a06b-10fb90171ee0,601012,profit_sheet_report,2025-12-31,2026-04-29,2026-07-27,False,available,data/raw/stock_profit_sheet_by_report_em/run_id=62bbe9df-6ed8-48d5-a06b-10fb90171ee0/symbol=601012/data.parquet,
62bbe9df-6ed8-48d5-a06b-10fb90171ee0,601012,profit_sheet_report,2025-09-30,2025-10-31,2026-07-27,False,available,data/raw/stock_profit_sheet_by_report_em/run_id=62bbe9df-6ed8-48d5-a06b-10fb90171ee0/symbol=601012/data.parquet,
62bbe9df-6ed8-48d5-a06b-10fb90171ee0,601012,profit_sheet_report,2025-06-30,2025-08-23,2026-07-27,False,available,data/raw/stock_profit_sheet_by_report_em/run_id=62bbe9df-6ed8-48d5-a06b-10fb90171ee0/symbol=601012/data.parquet,
62bbe9df-6ed8-48d5-a06b-10fb90171ee0,601012,profit_sheet_report,2025-03-31,2025-04-30,2026-07-27,False,available,data/raw/stock_profit_sheet_by_report_em/run_id=62bbe9df-6ed8-48d5-a06b-10fb90171ee0/symbol=601012/data.parquet,
62bbe9df-6ed8-48d5-a06b-10fb90171ee0,601012,profit_sheet_report,2024-12-31,2025-04-30,2026-07-27,False,available,data/raw/stock_profit_sheet_by_report_em/run_id=62bbe9df-6ed8-48d5-a06b-10fb90171ee0/symbol=601012/data.parquet,
62bbe9df-6ed8-48d5-a06b-10fb90171ee0,601012,profit_sheet_report,2024-09-30,2024-10-31,2026-07-27,False,available,data/raw/stock_profit_sheet_by_report_em/run_id=62bbe9df-6ed8-48d5-a06b-10fb90171ee0/symbol=601012/data.parquet,
62bbe9df-6ed8-48d5-a06b-10fb90171ee0,601012,profit_sheet_report,2024-06-30,2024-08-31,2026-07-27,False,available,data/raw/stock_profit_sheet_by_report_em/run_id=62bbe9df-6ed8-48d5-a06b-10fb90171ee0/symbol=601012/data.parquet,
62bbe9df-6ed8-48d5-a06b-10fb90171ee0,601012,profit_sheet_report,2024-03-31,2024-04-30,2026-07-27,False,available,data/raw/stock_profit_sheet_by_report_em/run_id=62bbe9df-6ed8-48d5-a06b-10fb90171ee0/symbol=601012/data.parquet,
62bbe9df-6ed8-48d5-a06b-10fb90171ee0,601012,profit_sheet_report,2023-12-31,2024-04-30,2026-07-27,False,available,data/raw/stock_profit_sheet_by_report_em/run_id=62bbe9df-6ed8-48d5-a06b-10fb90171ee0/symbol=601012/data.parquet,
62bbe9df-6ed8-48d5-a06b-10fb90171ee0,601012,profit_sheet_report,2023-09-30,2023-10-31,2026-07-27,False,available,data/raw/stock_profit_sheet_by_report_em/run_id=62bbe9df-6ed8-48d5-a06b-10fb90171ee0/symbol=601012/data.parquet,
62bbe9df-6ed8-48d5-a06b-10fb90171ee0,601012,profit_sheet_report,2023-06-30,2023-08-31,2026-07-27,False,available,data/raw/stock_profit_sheet_by_report_em/run_id=62bbe9df-6ed8-48d5-a06b-10fb90171ee0/symbol=601012/data.parquet,
62bbe9df-6ed8-48d5-a06b-10fb90171ee0,601012,profit_sheet_report,2023-03-31,2023-04-28,2026-07-27,False,available,data/raw/stock_profit_sheet_by_report_em/run_id=62bbe9df-6ed8-48d5-a06b-10fb90171ee0/symbol=601012/data.parquet,
62bbe9df-6ed8-48d5-a06b-10fb90171ee0,601012,profit_sheet_report,2022-12-31,2023-04-28,2026-07-27,False,available,data/raw/stock_profit_sheet_by_report_em/run_id=62bbe9df-6ed8-48d5-a06b-10fb90171ee0/symbol=601012/data.parquet,
62bbe9df-6ed8-48d5-a06b-10fb90171ee0,601012,profit_sheet_report,2022-09-30,2022-10-29,2026-07-27,False,available,data/raw/stock_profit_sheet_by_report_em/run_id=62bbe9df-6ed8-48d5-a06b-10fb90171ee0/symbol=601012/data.parquet,
62bbe9df-6ed8-48d5-a06b-10fb90171ee0,601012,profit_sheet_report,2022-06-30,2022-08-25,2026-07-27,False,available,data/raw/stock_profit_sheet_by_report_em/run_id=62bbe9df-6ed8-48d5-a06b-10fb90171ee0/symbol=601012/data.parquet,
62bbe9df-6ed8-48d5-a06b-10fb90171ee0,601012,profit_sheet_report,2022-03-31,2022-04-28,2026-07-27,False,available,data/raw/stock_profit_sheet_by_report_em/run_id=62bbe9df-6ed8-48d5-a06b-10fb90171ee0/symbol=601012/data.parquet,
62bbe9df-6ed8-48d5-a06b-10fb90171ee0,601012,profit_sheet_report,2021-12-31,2022-04-28,2026-07-27,False,available,data/raw/stock_profit_sheet_by_report_em/run_id=62bbe9df-6ed8-48d5-a06b-10fb90171ee0/symbol=601012/data.parquet,
62bbe9df-6ed8-48d5-a06b-10fb90171ee0,601012,profit_sheet_report,2021-09-30,2021-10-29,2026-07-27,False,available,data/raw/stock_profit_sheet_by_report_em/run_id=62bbe9df-6ed8-48d5-a06b-10fb90171ee0/symbol=601012/data.parquet,
62bbe9df-6ed8-48d5-a06b-10fb90171ee0,601012,profit_sheet_report,2021-06-30,2021-08-31,2026-07-27,False,available,data/raw/stock_profit_sheet_by_report_em/run_id=62bbe9df-6ed8-48d5-a06b-10fb90171ee0/symbol=601012/data.parquet,
62bbe9df-6ed8-48d5-a06b-10fb90171ee0,601012,profit_sheet_report,2021-03-31,2021-04-21,2026-07-27,False,available,data/raw/stock_profit_sheet_by_report_em/run_id=62bbe9df-6ed8-48d5-a06b-10fb90171ee0/symbol=601012/data.parquet,
62bbe9df-6ed8-48d5-a06b-10fb90171ee0,601012,profit_sheet_report,2020-12-31,2021-04-21,2026-07-27,False,available,data/raw/stock_profit_sheet_by_report_em/run_id=62bbe9df-6ed8-48d5-a06b-10fb90171ee0/symbol=601012/data.parquet,
62bbe9df-6ed8-48d5-a06b-10fb90171ee0,601012,profit_sheet_report,2020-09-30,2020-10-31,2026-07-27,False,available,data/raw/stock_profit_sheet_by_report_em/run_id=62bbe9df-6ed8-48d5-a06b-10fb90171ee0/symbol=601012/data.parquet,
62bbe9df-6ed8-48d5-a06b-10fb90171ee0,601012,profit_sheet_report,2020-06-30,2020-08-28,2026-07-27,False,available,data/raw/stock_profit_sheet_by_report_em/run_id=62bbe9df-6ed8-48d5-a06b-10fb90171ee0/symbol=601012/data.parquet,
62bbe9df-6ed8-48d5-a06b-10fb90171ee0,601012,profit_sheet_report,2020-03-31,2020-04-23,2026-07-27,False,available,data/raw/stock_profit_sheet_by_report_em/run_id=62bbe9df-6ed8-48d5-a06b-10fb90171ee0/symbol=601012/data.parquet,
62bbe9df-6ed8-48d5-a06b-10fb90171ee0,601012,profit_sheet_report,2019-12-31,2020-04-23,2026-07-27,False,available,data/raw/stock_profit_sheet_by_report_em/run_id=62bbe9df-6ed8-48d5-a06b-10fb90171ee0/symbol=601012/data.parquet,
62bbe9df-6ed8-48d5-a06b-10fb90171ee0,601012,profit_sheet_report,2019-09-30,2019-10-31,2026-07-27,False,available,data/raw/stock_profit_sheet_by_report_em/run_id=62bbe9df-6ed8-48d5-a06b-10fb90171ee0/symbol=601012/data.parquet,
62bbe9df-6ed8-48d5-a06b-10fb90171ee0,601012,profit_sheet_report,2019-06-30,2019-08-29,2026-07-27,False,available,data/raw/stock_profit_sheet_by_report_em/run_id=62bbe9df-6ed8-48d5-a06b-10fb90171ee0/symbol=601012/data.parquet,
62bbe9df-6ed8-48d5-a06b-10fb90171ee0,601012,profit_sheet_report,2019-03-31,2019-04-30,2026-07-27,False,available,data/raw/stock_profit_sheet_by_report_em/run_id=62bbe9df-6ed8-48d5-a06b-10fb90171ee0/symbol=601012/data.parquet,
62bbe9df-6ed8-48d5-a06b-10fb90171ee0,601012,profit_sheet_report,2018-12-31,2019-04-30,2026-07-27,False,available,data/raw/stock_profit_sheet_by_report_em/run_id=62bbe9df-6ed8-48d5-a06b-10fb90171ee0/symbol=601012/data.parquet,
62bbe9df-6ed8-48d5-a06b-10fb90171ee0,601012,profit_sheet_report,2018-09-30,2018-10-31,2026-07-27,False,available,data/raw/stock_profit_sheet_by_report_em/run_id=62bbe9df-6ed8-48d5-a06b-10fb90171ee0/symbol=601012/data.parquet,
62bbe9df-6ed8-48d5-a06b-10fb90171ee0,601012,profit_sheet_report,2018-06-30,2018-08-31,2026-07-27,False,available,data/raw/stock_profit_sheet_by_report_em/run_id=62bbe9df-6ed8-48d5-a06b-10fb90171ee0/symbol=601012/data.parquet,
62bbe9df-6ed8-48d5-a06b-10fb90171ee0,601012,profit_sheet_report,2018-03-31,2018-04-26,2026-07-27,False,available,data/raw/stock_profit_sheet_by_report_em/run_id=62bbe9df-6ed8-48d5-a06b-10fb90171ee0/symbol=601012/data.parquet,
62bbe9df-6ed8-48d5-a06b-10fb90171ee0,601012,profit_sheet_report,2017-12-31,2018-03-29,2026-07-27,False,available,data/raw/stock_profit_sheet_by_report_em/run_id=62bbe9df-6ed8-48d5-a06b-10fb90171ee0/symbol=601012/data.parquet,
62bbe9df-6ed8-48d5-a06b-10fb90171ee0,601012,profit_sheet_report,2017-09-30,2017-10-31,2026-07-27,False,available,data/raw/stock_profit_sheet_by_report_em/run_id=62bbe9df-6ed8-48d5-a06b-10fb90171ee0/symbol=601012/data.parquet,
62bbe9df-6ed8-48d5-a06b-10fb90171ee0,601012,profit_sheet_report,2017-06-30,2017-08-30,2026-07-27,False,available,data/raw/stock_profit_sheet_by_report_em/run_id=62bbe9df-6ed8-48d5-a06b-10fb90171ee0/symbol=601012/data.parquet,
62bbe9df-6ed8-48d5-a06b-10fb90171ee0,601012,profit_sheet_report,2017-03-31,2017-04-28,2026-07-27,False,available,data/raw/stock_profit_sheet_by_report_em/run_id=62bbe9df-6ed8-48d5-a06b-10fb90171ee0/symbol=601012/data.parquet,
62bbe9df-6ed8-48d5-a06b-10fb90171ee0,601012,profit_sheet_report,2016-12-31,2017-03-11,2026-07-27,False,available,data/raw/stock_profit_sheet_by_report_em/run_id=62bbe9df-6ed8-48d5-a06b-10fb90171ee0/symbol=601012/data.parquet,
62bbe9df-6ed8-48d5-a06b-10fb90171ee0,601012,profit_sheet_report,2016-09-30,2016-10-29,2026-07-27,False,available,data/raw/stock_profit_sheet_by_report_em/run_id=62bbe9df-6ed8-48d5-a06b-10fb90171ee0/symbol=601012/data.parquet,
62bbe9df-6ed8-48d5-a06b-10fb90171ee0,601012,profit_sheet_report,2016-06-30,2016-08-18,2026-07-27,False,available,data/raw/stock_profit_sheet_by_report_em/run_id=62bbe9df-6ed8-48d5-a06b-10fb90171ee0/symbol=601012/data.parquet,
62bbe9df-6ed8-48d5-a06b-10fb90171ee0,601012,profit_sheet_report,2016-03-31,2016-04-25,2026-07-27,False,available,data/raw/stock_profit_sheet_by_report_em/run_id=62bbe9df-6ed8-48d5-a06b-10fb90171ee0/symbol=601012/data.parquet,
62bbe9df-6ed8-48d5-a06b-10fb90171ee0,601012,profit_sheet_report,2015-12-31,2016-03-25,2026-07-27,False,available,data/raw/stock_profit_sheet_by_report_em/run_id=62bbe9df-6ed8-48d5-a06b-10fb90171ee0/symbol=601012/data.parquet,
62bbe9df-6ed8-48d5-a06b-10fb90171ee0,601012,profit_sheet_report,2015-09-30,2015-10-30,2026-07-27,False,available,data/raw/stock_profit_sheet_by_report_em/run_id=62bbe9df-6ed8-48d5-a06b-10fb90171ee0/symbol=601012/data.parquet,
62bbe9df-6ed8-48d5-a06b-10fb90171ee0,601012,profit_sheet_report,2015-06-30,2015-08-28,2026-07-27,False,available,data/raw/stock_profit_sheet_by_report_em/run_id=62bbe9df-6ed8-48d5-a06b-10fb90171ee0/symbol=601012/data.parquet,
62bbe9df-6ed8-48d5-a06b-10fb90171ee0,601012,profit_sheet_report,2015-03-31,2015-04-30,2026-07-27,False,available,data/raw/stock_profit_sheet_by_report_em/run_id=62bbe9df-6ed8-48d5-a06b-10fb90171ee0/symbol=601012/data.parquet,
62bbe9df-6ed8-48d5-a06b-10fb90171ee0,601012,profit_sheet_report,2014-12-31,2015-02-17,2026-07-27,False,available,data/raw/stock_profit_sheet_by_report_em/run_id=62bbe9df-6ed8-48d5-a06b-10fb90171ee0/symbol=601012/data.parquet,
62bbe9df-6ed8-48d5-a06b-10fb90171ee0,601012,profit_sheet_report,2014-09-30,2014-10-29,2026-07-27,False,available,data/raw/stock_profit_sheet_by_report_em/run_id=62bbe9df-6ed8-48d5-a06b-10fb90171ee0/symbol=601012/data.parquet,
62bbe9df-6ed8-48d5-a06b-10fb90171ee0,601012,profit_sheet_report,2014-06-30,2014-08-30,2026-07-27,False,available,data/raw/stock_profit_sheet_by_report_em/run_id=62bbe9df-6ed8-48d5-a06b-10fb90171ee0/symbol=601012/data.parquet,
62bbe9df-6ed8-48d5-a06b-10fb90171ee0,601012,profit_sheet_report,2014-03-31,2014-04-30,2026-07-27,False,available,data/raw/stock_profit_sheet_by_report_em/run_id=62bbe9df-6ed8-48d5-a06b-10fb90171ee0/symbol=601012/data.parquet,
62bbe9df-6ed8-48d5-a06b-10fb90171ee0,601012,profit_sheet_report,2013-12-31,2014-04-30,2026-07-27,False,available,data/raw/stock_profit_sheet_by_report_em/run_id=62bbe9df-6ed8-48d5-a06b-10fb90171ee0/symbol=601012/data.parquet,
62bbe9df-6ed8-48d5-a06b-10fb90171ee0,601012,profit_sheet_report,2013-09-30,2013-10-30,2026-07-27,False,available,data/raw/stock_profit_sheet_by_report_em/run_id=62bbe9df-6ed8-48d5-a06b-10fb90171ee0/symbol=601012/data.parquet,
62bbe9df-6ed8-48d5-a06b-10fb90171ee0,601012,profit_sheet_report,2013-06-30,2013-08-08,2026-07-27,False,available,data/raw/stock_profit_sheet_by_report_em/run_id=62bbe9df-6ed8-48d5-a06b-10fb90171ee0/symbol=601012/data.parquet,
62bbe9df-6ed8-48d5-a06b-10fb90171ee0,601012,profit_sheet_report,2013-03-31,2013-04-27,2026-07-27,False,available,data/raw/stock_profit_sheet_by_report_em/run_id=62bbe9df-6ed8-48d5-a06b-10fb90171ee0/symbol=601012/data.parquet,
62bbe9df-6ed8-48d5-a06b-10fb90171ee0,601012,profit_sheet_report,2012-12-31,2013-04-27,2026-07-27,False,available,data/raw/stock_profit_sheet_by_report_em/run_id=62bbe9df-6ed8-48d5-a06b-10fb90171ee0/symbol=601012/data.parquet,
62bbe9df-6ed8-48d5-a06b-10fb90171ee0,601012,profit_sheet_report,2012-09-30,2012-10-31,2026-07-27,False,available,data/raw/stock_profit_sheet_by_report_em/run_id=62bbe9df-6ed8-48d5-a06b-10fb90171ee0/symbol=601012/data.parquet,
62bbe9df-6ed8-48d5-a06b-10fb90171ee0,601012,profit_sheet_report,2012-06-30,2012-08-30,2026-07-27,False,available,data/raw/stock_profit_sheet_by_report_em/run_id=62bbe9df-6ed8-48d5-a06b-10fb90171ee0/symbol=601012/data.parquet,
62bbe9df-6ed8-48d5-a06b-10fb90171ee0,601012,profit_sheet_report,2012-03-31,2012-04-28,2026-07-27,False,available,data/raw/stock_profit_sheet_by_report_em/run_id=62bbe9df-6ed8-48d5-a06b-10fb90171ee0/symbol=601012/data.parquet,
62bbe9df-6ed8-48d5-a06b-10fb90171ee0,601012,profit_sheet_report,2011-12-31,2012-03-16,2026-07-27,False,available,data/raw/stock_profit_sheet_by_report_em/run_id=62bbe9df-6ed8-48d5-a06b-10fb90171ee0/symbol=601012/data.parquet,
62bbe9df-6ed8-48d5-a06b-10fb90171ee0,601012,profit_sheet_report,2011-09-30,2012-10-31,2026-07-27,False,available,data/raw/stock_profit_sheet_by_report_em/run_id=62bbe9df-6ed8-48d5-a06b-10fb90171ee0/symbol=601012/data.parquet,
62bbe9df-6ed8-48d5-a06b-10fb90171ee0,601012,profit_sheet_report,2011-06-30,2012-08-30,2026-07-27,False,available,data/raw/stock_profit_sheet_by_report_em/run_id=62bbe9df-6ed8-48d5-a06b-10fb90171ee0/symbol=601012/data.parquet,
62bbe9df-6ed8-48d5-a06b-10fb90171ee0,601012,profit_sheet_report,2011-03-31,2011-04-27,2026-07-27,False,available,data/raw/stock_profit_sheet_by_report_em/run_id=62bbe9df-6ed8-48d5-a06b-10fb90171ee0/symbol=601012/data.parquet,
62bbe9df-6ed8-48d5-a06b-10fb90171ee0,601012,profit_sheet_report,2010-12-31,2012-03-16,2026-07-27,False,available,data/raw/stock_profit_sheet_by_report_em/run_id=62bbe9df-6ed8-48d5-a06b-10fb90171ee0/symbol=601012/data.parquet,
62bbe9df-6ed8-48d5-a06b-10fb90171ee0,601012,profit_sheet_report,2010-09-30,2010-10-26,2026-07-27,False,available,data/raw/stock_profit_sheet_by_report_em/run_id=62bbe9df-6ed8-48d5-a06b-10fb90171ee0/symbol=601012/data.parquet,
62bbe9df-6ed8-48d5-a06b-10fb90171ee0,601012,profit_sheet_report,2010-06-30,2010-10-14,2026-07-27,False,available,data/raw/stock_profit_sheet_by_report_em/run_id=62bbe9df-6ed8-48d5-a06b-10fb90171ee0/symbol=601012/data.parquet,
62bbe9df-6ed8-48d5-a06b-10fb90171ee0,601012,profit_sheet_report,2009-12-31,2012-03-16,2026-07-27,False,available,data/raw/stock_profit_sheet_by_report_em/run_id=62bbe9df-6ed8-48d5-a06b-10fb90171ee0/symbol=601012/data.parquet,
62bbe9df-6ed8-48d5-a06b-10fb90171ee0,601012,profit_sheet_report,2008-12-31,2011-07-21,2026-07-27,False,available,data/raw/stock_profit_sheet_by_report_em/run_id=62bbe9df-6ed8-48d5-a06b-10fb90171ee0/symbol=601012/data.parquet,
62bbe9df-6ed8-48d5-a06b-10fb90171ee0,601012,profit_sheet_report,2007-12-31,2010-03-19,2026-07-27,False,available,data/raw/stock_profit_sheet_by_report_em/run_id=62bbe9df-6ed8-48d5-a06b-10fb90171ee0/symbol=601012/data.parquet,
62bbe9df-6ed8-48d5-a06b-10fb90171ee0,601012,cashflow_sheet_report,2026-03-31,2026-04-29,2026-07-27,False,available,data/raw/stock_cash_flow_sheet_by_report_em/run_id=62bbe9df-6ed8-48d5-a06b-10fb90171ee0/symbol=601012/data.parquet,
62bbe9df-6ed8-48d5-a06b-10fb90171ee0,601012,cashflow_sheet_report,2025-12-31,2026-04-29,2026-07-27,False,available,data/raw/stock_cash_flow_sheet_by_report_em/run_id=62bbe9df-6ed8-48d5-a06b-10fb90171ee0/symbol=601012/data.parquet,
62bbe9df-6ed8-48d5-a06b-10fb90171ee0,601012,cashflow_sheet_report,2025-09-30,2025-10-31,2026-07-27,False,available,data/raw/stock_cash_flow_sheet_by_report_em/run_id=62bbe9df-6ed8-48d5-a06b-10fb90171ee0/symbol=601012/data.parquet,
62bbe9df-6ed8-48d5-a06b-10fb90171ee0,601012,cashflow_sheet_report,2025-06-30,2025-08-23,2026-07-27,False,available,data/raw/stock_cash_flow_sheet_by_report_em/run_id=62bbe9df-6ed8-48d5-a06b-10fb90171ee0/symbol=601012/data.parquet,
62bbe9df-6ed8-48d5-a06b-10fb90171ee0,601012,cashflow_sheet_report,2025-03-31,2025-04-30,2026-07-27,False,available,data/raw/stock_cash_flow_sheet_by_report_em/run_id=62bbe9df-6ed8-48d5-a06b-10fb90171ee0/symbol=601012/data.parquet,
62bbe9df-6ed8-48d5-a06b-10fb90171ee0,601012,cashflow_sheet_report,2024-12-31,2025-04-30,2026-07-27,False,available,data/raw/stock_cash_flow_sheet_by_report_em/run_id=62bbe9df-6ed8-48d5-a06b-10fb90171ee0/symbol=601012/data.parquet,
62bbe9df-6ed8-48d5-a06b-10fb90171ee0,601012,cashflow_sheet_report,2024-09-30,2024-10-31,2026-07-27,False,available,data/raw/stock_cash_flow_sheet_by_report_em/run_id=62bbe9df-6ed8-48d5-a06b-10fb90171ee0/symbol=601012/data.parquet,
62bbe9df-6ed8-48d5-a06b-10fb90171ee0,601012,cashflow_sheet_report,2024-06-30,2024-08-31,2026-07-27,False,available,data/raw/stock_cash_flow_sheet_by_report_em/run_id=62bbe9df-6ed8-48d5-a06b-10fb90171ee0/symbol=601012/data.parquet,
62bbe9df-6ed8-48d5-a06b-10fb90171ee0,601012,cashflow_sheet_report,2024-03-31,2024-04-30,2026-07-27,False,available,data/raw/stock_cash_flow_sheet_by_report_em/run_id=62bbe9df-6ed8-48d5-a06b-10fb90171ee0/symbol=601012/data.parquet,
62bbe9df-6ed8-48d5-a06b-10fb90171ee0,601012,cashflow_sheet_report,2023-12-31,2024-04-30,2026-07-27,False,available,data/raw/stock_cash_flow_sheet_by_report_em/run_id=62bbe9df-6ed8-48d5-a06b-10fb90171ee0/symbol=601012/data.parquet,
62bbe9df-6ed8-48d5-a06b-10fb90171ee0,601012,cashflow_sheet_report,2023-09-30,2023-10-31,2026-07-27,False,available,data/raw/stock_cash_flow_sheet_by_report_em/run_id=62bbe9df-6ed8-48d5-a06b-10fb90171ee0/symbol=601012/data.parquet,
62bbe9df-6ed8-48d5-a06b-10fb90171ee0,601012,cashflow_sheet_report,2023-06-30,2023-08-31,2026-07-27,False,available,data/raw/stock_cash_flow_sheet_by_report_em/run_id=62bbe9df-6ed8-48d5-a06b-10fb90171ee0/symbol=601012/data.parquet,
62bbe9df-6ed8-48d5-a06b-10fb90171ee0,601012,cashflow_sheet_report,2023-03-31,2023-04-28,2026-07-27,False,available,data/raw/stock_cash_flow_sheet_by_report_em/run_id=62bbe9df-6ed8-48d5-a06b-10fb90171ee0/symbol=601012/data.parquet,
62bbe9df-6ed8-48d5-a06b-10fb90171ee0,601012,cashflow_sheet_report,2022-12-31,2023-04-28,2026-07-27,False,available,data/raw/stock_cash_flow_sheet_by_report_em/run_id=62bbe9df-6ed8-48d5-a06b-10fb90171ee0/symbol=601012/data.parquet,
62bbe9df-6ed8-48d5-a06b-10fb90171ee0,601012,cashflow_sheet_report,2022-09-30,2022-10-29,2026-07-27,False,available,data/raw/stock_cash_flow_sheet_by_report_em/run_id=62bbe9df-6ed8-48d5-a06b-10fb90171ee0/symbol=601012/data.parquet,
62bbe9df-6ed8-48d5-a06b-10fb90171ee0,601012,cashflow_sheet_report,2022-06-30,2022-08-25,2026-07-27,False,available,data/raw/stock_cash_flow_sheet_by_report_em/run_id=62bbe9df-6ed8-48d5-a06b-10fb90171ee0/symbol=601012/data.parquet,
62bbe9df-6ed8-48d5-a06b-10fb90171ee0,601012,cashflow_sheet_report,2022-03-31,2022-04-28,2026-07-27,False,available,data/raw/stock_cash_flow_sheet_by_report_em/run_id=62bbe9df-6ed8-48d5-a06b-10fb90171ee0/symbol=601012/data.parquet,
62bbe9df-6ed8-48d5-a06b-10fb90171ee0,601012,cashflow_sheet_report,2021-12-31,2022-04-28,2026-07-27,False,available,data/raw/stock_cash_flow_sheet_by_report_em/run_id=62bbe9df-6ed8-48d5-a06b-10fb90171ee0/symbol=601012/data.parquet,
62bbe9df-6ed8-48d5-a06b-10fb90171ee0,601012,cashflow_sheet_report,2021-09-30,2021-10-29,2026-07-27,False,available,data/raw/stock_cash_flow_sheet_by_report_em/run_id=62bbe9df-6ed8-48d5-a06b-10fb90171ee0/symbol=601012/data.parquet,
62bbe9df-6ed8-48d5-a06b-10fb90171ee0,601012,cashflow_sheet_report,2021-06-30,2021-08-31,2026-07-27,False,available,data/raw/stock_cash_flow_sheet_by_report_em/run_id=62bbe9df-6ed8-48d5-a06b-10fb90171ee0/symbol=601012/data.parquet,
62bbe9df-6ed8-48d5-a06b-10fb90171ee0,601012,cashflow_sheet_report,2021-03-31,2021-04-21,2026-07-27,False,available,data/raw/stock_cash_flow_sheet_by_report_em/run_id=62bbe9df-6ed8-48d5-a06b-10fb90171ee0/symbol=601012/data.parquet,
62bbe9df-6ed8-48d5-a06b-10fb90171ee0,601012,cashflow_sheet_report,2020-12-31,2021-04-21,2026-07-27,False,available,data/raw/stock_cash_flow_sheet_by_report_em/run_id=62bbe9df-6ed8-48d5-a06b-10fb90171ee0/symbol=601012/data.parquet,
62bbe9df-6ed8-48d5-a06b-10fb90171ee0,601012,cashflow_sheet_report,2020-09-30,2020-10-31,2026-07-27,False,available,data/raw/stock_cash_flow_sheet_by_report_em/run_id=62bbe9df-6ed8-48d5-a06b-10fb90171ee0/symbol=601012/data.parquet,
62bbe9df-6ed8-48d5-a06b-10fb90171ee0,601012,cashflow_sheet_report,2020-06-30,2020-08-28,2026-07-27,False,available,data/raw/stock_cash_flow_sheet_by_report_em/run_id=62bbe9df-6ed8-48d5-a06b-10fb90171ee0/symbol=601012/data.parquet,
62bbe9df-6ed8-48d5-a06b-10fb90171ee0,601012,cashflow_sheet_report,2020-03-31,2020-04-23,2026-07-27,False,available,data/raw/stock_cash_flow_sheet_by_report_em/run_id=62bbe9df-6ed8-48d5-a06b-10fb90171ee0/symbol=601012/data.parquet,
62bbe9df-6ed8-48d5-a06b-10fb90171ee0,601012,cashflow_sheet_report,2019-12-31,2020-04-23,2026-07-27,False,available,data/raw/stock_cash_flow_sheet_by_report_em/run_id=62bbe9df-6ed8-48d5-a06b-10fb90171ee0/symbol=601012/data.parquet,
62bbe9df-6ed8-48d5-a06b-10fb90171ee0,601012,cashflow_sheet_report,2019-09-30,2019-10-31,2026-07-27,False,available,data/raw/stock_cash_flow_sheet_by_report_em/run_id=62bbe9df-6ed8-48d5-a06b-10fb90171ee0/symbol=601012/data.parquet,
62bbe9df-6ed8-48d5-a06b-10fb90171ee0,601012,cashflow_sheet_report,2019-06-30,2019-08-29,2026-07-27,False,available,data/raw/stock_cash_flow_sheet_by_report_em/run_id=62bbe9df-6ed8-48d5-a06b-10fb90171ee0/symbol=601012/data.parquet,
62bbe9df-6ed8-48d5-a06b-10fb90171ee0,601012,cashflow_sheet_report,2019-03-31,2019-04-30,2026-07-27,False,available,data/raw/stock_cash_flow_sheet_by_report_em/run_id=62bbe9df-6ed8-48d5-a06b-10fb90171ee0/symbol=601012/data.parquet,
62bbe9df-6ed8-48d5-a06b-10fb90171ee0,601012,cashflow_sheet_report,2018-12-31,2019-04-30,2026-07-27,False,available,data/raw/stock_cash_flow_sheet_by_report_em/run_id=62bbe9df-6ed8-48d5-a06b-10fb90171ee0/symbol=601012/data.parquet,
62bbe9df-6ed8-48d5-a06b-10fb90171ee0,601012,cashflow_sheet_report,2018-09-30,2018-10-31,2026-07-27,False,available,data/raw/stock_cash_flow_sheet_by_report_em/run_id=62bbe9df-6ed8-48d5-a06b-10fb90171ee0/symbol=601012/data.parquet,
62bbe9df-6ed8-48d5-a06b-10fb90171ee0,601012,cashflow_sheet_report,2018-06-30,2018-08-31,2026-07-27,False,available,data/raw/stock_cash_flow_sheet_by_report_em/run_id=62bbe9df-6ed8-48d5-a06b-10fb90171ee0/symbol=601012/data.parquet,
62bbe9df-6ed8-48d5-a06b-10fb90171ee0,601012,cashflow_sheet_report,2018-03-31,2018-04-26,2026-07-27,False,available,data/raw/stock_cash_flow_sheet_by_report_em/run_id=62bbe9df-6ed8-48d5-a06b-10fb90171ee0/symbol=601012/data.parquet,
62bbe9df-6ed8-48d5-a06b-10fb90171ee0,601012,cashflow_sheet_report,2017-12-31,2018-03-29,2026-07-27,False,available,data/raw/stock_cash_flow_sheet_by_report_em/run_id=62bbe9df-6ed8-48d5-a06b-10fb90171ee0/symbol=601012/data.parquet,
62bbe9df-6ed8-48d5-a06b-10fb90171ee0,601012,cashflow_sheet_report,2017-09-30,2017-10-31,2026-07-27,False,available,data/raw/stock_cash_flow_sheet_by_report_em/run_id=62bbe9df-6ed8-48d5-a06b-10fb90171ee0/symbol=601012/data.parquet,
62bbe9df-6ed8-48d5-a06b-10fb90171ee0,601012,cashflow_sheet_report,2017-06-30,2017-08-30,2026-07-27,False,available,data/raw/stock_cash_flow_sheet_by_report_em/run_id=62bbe9df-6ed8-48d5-a06b-10fb90171ee0/symbol=601012/data.parquet,
62bbe9df-6ed8-48d5-a06b-10fb90171ee0,601012,cashflow_sheet_report,2017-03-31,2017-04-28,2026-07-27,False,available,data/raw/stock_cash_flow_sheet_by_report_em/run_id=62bbe9df-6ed8-48d5-a06b-10fb90171ee0/symbol=601012/data.parquet,
62bbe9df-6ed8-48d5-a06b-10fb90171ee0,601012,cashflow_sheet_report,2016-12-31,2017-03-11,2026-07-27,False,available,data/raw/stock_cash_flow_sheet_by_report_em/run_id=62bbe9df-6ed8-48d5-a06b-10fb90171ee0/symbol=601012/data.parquet,
62bbe9df-6ed8-48d5-a06b-10fb90171ee0,601012,cashflow_sheet_report,2016-09-30,2016-10-29,2026-07-27,False,available,data/raw/stock_cash_flow_sheet_by_report_em/run_id=62bbe9df-6ed8-48d5-a06b-10fb90171ee0/symbol=601012/data.parquet,
62bbe9df-6ed8-48d5-a06b-10fb90171ee0,601012,cashflow_sheet_report,2016-06-30,2016-08-18,2026-07-27,False,available,data/raw/stock_cash_flow_sheet_by_report_em/run_id=62bbe9df-6ed8-48d5-a06b-10fb90171ee0/symbol=601012/data.parquet,
62bbe9df-6ed8-48d5-a06b-10fb90171ee0,601012,cashflow_sheet_report,2016-03-31,2016-04-25,2026-07-27,False,available,data/raw/stock_cash_flow_sheet_by_report_em/run_id=62bbe9df-6ed8-48d5-a06b-10fb90171ee0/symbol=601012/data.parquet,
62bbe9df-6ed8-48d5-a06b-10fb90171ee0,601012,cashflow_sheet_report,2015-12-31,2016-03-25,2026-07-27,False,available,data/raw/stock_cash_flow_sheet_by_report_em/run_id=62bbe9df-6ed8-48d5-a06b-10fb90171ee0/symbol=601012/data.parquet,
62bbe9df-6ed8-48d5-a06b-10fb90171ee0,601012,cashflow_sheet_report,2015-09-30,2015-10-30,2026-07-27,False,available,data/raw/stock_cash_flow_sheet_by_report_em/run_id=62bbe9df-6ed8-48d5-a06b-10fb90171ee0/symbol=601012/data.parquet,
62bbe9df-6ed8-48d5-a06b-10fb90171ee0,601012,cashflow_sheet_report,2015-06-30,2015-08-28,2026-07-27,False,available,data/raw/stock_cash_flow_sheet_by_report_em/run_id=62bbe9df-6ed8-48d5-a06b-10fb90171ee0/symbol=601012/data.parquet,
62bbe9df-6ed8-48d5-a06b-10fb90171ee0,601012,cashflow_sheet_report,2015-03-31,2015-04-30,2026-07-27,False,available,data/raw/stock_cash_flow_sheet_by_report_em/run_id=62bbe9df-6ed8-48d5-a06b-10fb90171ee0/symbol=601012/data.parquet,
62bbe9df-6ed8-48d5-a06b-10fb90171ee0,601012,cashflow_sheet_report,2014-12-31,2015-02-17,2026-07-27,False,available,data/raw/stock_cash_flow_sheet_by_report_em/run_id=62bbe9df-6ed8-48d5-a06b-10fb90171ee0/symbol=601012/data.parquet,
62bbe9df-6ed8-48d5-a06b-10fb90171ee0,601012,cashflow_sheet_report,2014-09-30,2014-10-29,2026-07-27,False,available,data/raw/stock_cash_flow_sheet_by_report_em/run_id=62bbe9df-6ed8-48d5-a06b-10fb90171ee0/symbol=601012/data.parquet,
62bbe9df-6ed8-48d5-a06b-10fb90171ee0,601012,cashflow_sheet_report,2014-06-30,2014-08-30,2026-07-27,False,available,data/raw/stock_cash_flow_sheet_by_report_em/run_id=62bbe9df-6ed8-48d5-a06b-10fb90171ee0/symbol=601012/data.parquet,
62bbe9df-6ed8-48d5-a06b-10fb90171ee0,601012,cashflow_sheet_report,2014-03-31,2014-04-30,2026-07-27,False,available,data/raw/stock_cash_flow_sheet_by_report_em/run_id=62bbe9df-6ed8-48d5-a06b-10fb90171ee0/symbol=601012/data.parquet,
62bbe9df-6ed8-48d5-a06b-10fb90171ee0,601012,cashflow_sheet_report,2013-12-31,2014-04-30,2026-07-27,False,available,data/raw/stock_cash_flow_sheet_by_report_em/run_id=62bbe9df-6ed8-48d5-a06b-10fb90171ee0/symbol=601012/data.parquet,
62bbe9df-6ed8-48d5-a06b-10fb90171ee0,601012,cashflow_sheet_report,2013-09-30,2013-10-30,2026-07-27,False,available,data/raw/stock_cash_flow_sheet_by_report_em/run_id=62bbe9df-6ed8-48d5-a06b-10fb90171ee0/symbol=601012/data.parquet,
62bbe9df-6ed8-48d5-a06b-10fb90171ee0,601012,cashflow_sheet_report,2013-06-30,2013-08-08,2026-07-27,False,available,data/raw/stock_cash_flow_sheet_by_report_em/run_id=62bbe9df-6ed8-48d5-a06b-10fb90171ee0/symbol=601012/data.parquet,
62bbe9df-6ed8-48d5-a06b-10fb90171ee0,601012,cashflow_sheet_report,2013-03-31,2013-04-27,2026-07-27,False,available,data/raw/stock_cash_flow_sheet_by_report_em/run_id=62bbe9df-6ed8-48d5-a06b-10fb90171ee0/symbol=601012/data.parquet,
62bbe9df-6ed8-48d5-a06b-10fb90171ee0,601012,cashflow_sheet_report,2012-12-31,2013-04-27,2026-07-27,False,available,data/raw/stock_cash_flow_sheet_by_report_em/run_id=62bbe9df-6ed8-48d5-a06b-10fb90171ee0/symbol=601012/data.parquet,
62bbe9df-6ed8-48d5-a06b-10fb90171ee0,601012,cashflow_sheet_report,2012-09-30,2012-10-31,2026-07-27,False,available,data/raw/stock_cash_flow_sheet_by_report_em/run_id=62bbe9df-6ed8-48d5-a06b-10fb90171ee0/symbol=601012/data.parquet,
62bbe9df-6ed8-48d5-a06b-10fb90171ee0,601012,cashflow_sheet_report,2012-06-30,2012-08-30,2026-07-27,False,available,data/raw/stock_cash_flow_sheet_by_report_em/run_id=62bbe9df-6ed8-48d5-a06b-10fb90171ee0/symbol=601012/data.parquet,
62bbe9df-6ed8-48d5-a06b-10fb90171ee0,601012,cashflow_sheet_report,2012-03-31,2012-04-28,2026-07-27,False,available,data/raw/stock_cash_flow_sheet_by_report_em/run_id=62bbe9df-6ed8-48d5-a06b-10fb90171ee0/symbol=601012/data.parquet,
62bbe9df-6ed8-48d5-a06b-10fb90171ee0,601012,cashflow_sheet_report,2011-12-31,2013-04-27,2026-07-27,False,available,data/raw/stock_cash_flow_sheet_by_report_em/run_id=62bbe9df-6ed8-48d5-a06b-10fb90171ee0/symbol=601012/data.parquet,
62bbe9df-6ed8-48d5-a06b-10fb90171ee0,601012,cashflow_sheet_report,2011-09-30,2012-10-31,2026-07-27,False,available,data/raw/stock_cash_flow_sheet_by_report_em/run_id=62bbe9df-6ed8-48d5-a06b-10fb90171ee0/symbol=601012/data.parquet,
62bbe9df-6ed8-48d5-a06b-10fb90171ee0,601012,cashflow_sheet_report,2011-06-30,2012-08-30,2026-07-27,False,available,data/raw/stock_cash_flow_sheet_by_report_em/run_id=62bbe9df-6ed8-48d5-a06b-10fb90171ee0/symbol=601012/data.parquet,
62bbe9df-6ed8-48d5-a06b-10fb90171ee0,601012,cashflow_sheet_report,2011-03-31,2011-04-27,2026-07-27,False,available,data/raw/stock_cash_flow_sheet_by_report_em/run_id=62bbe9df-6ed8-48d5-a06b-10fb90171ee0/symbol=601012/data.parquet,
62bbe9df-6ed8-48d5-a06b-10fb90171ee0,601012,cashflow_sheet_report,2010-12-31,2012-03-16,2026-07-27,False,available,data/raw/stock_cash_flow_sheet_by_report_em/run_id=62bbe9df-6ed8-48d5-a06b-10fb90171ee0/symbol=601012/data.parquet,
62bbe9df-6ed8-48d5-a06b-10fb90171ee0,601012,cashflow_sheet_report,2010-09-30,2010-10-26,2026-07-27,False,available,data/raw/stock_cash_flow_sheet_by_report_em/run_id=62bbe9df-6ed8-48d5-a06b-10fb90171ee0/symbol=601012/data.parquet,
62bbe9df-6ed8-48d5-a06b-10fb90171ee0,601012,cashflow_sheet_report,2010-06-30,2010-10-14,2026-07-27,False,available,data/raw/stock_cash_flow_sheet_by_report_em/run_id=62bbe9df-6ed8-48d5-a06b-10fb90171ee0/symbol=601012/data.parquet,
62bbe9df-6ed8-48d5-a06b-10fb90171ee0,601012,cashflow_sheet_report,2009-12-31,2012-03-16,2026-07-27,False,available,data/raw/stock_cash_flow_sheet_by_report_em/run_id=62bbe9df-6ed8-48d5-a06b-10fb90171ee0/symbol=601012/data.parquet,
62bbe9df-6ed8-48d5-a06b-10fb90171ee0,601012,cashflow_sheet_report,2008-12-31,2011-07-21,2026-07-27,False,available,data/raw/stock_cash_flow_sheet_by_report_em/run_id=62bbe9df-6ed8-48d5-a06b-10fb90171ee0/symbol=601012/data.parquet,
62bbe9df-6ed8-48d5-a06b-10fb90171ee0,601012,cashflow_sheet_report,2007-12-31,2010-03-19,2026-07-27,False,available,data/raw/stock_cash_flow_sheet_by_report_em/run_id=62bbe9df-6ed8-48d5-a06b-10fb90171ee0/symbol=601012/data.parquet,
62bbe9df-6ed8-48d5-a06b-10fb90171ee0,600438,financial_abstract,,,2026-07-27,False,unavailable,data/raw/stock_financial_abstract/run_id=62bbe9df-6ed8-48d5-a06b-10fb90171ee0/symbol=600438/data.parquet,WARN: report/announcement date could not be paired
62bbe9df-6ed8-48d5-a06b-10fb90171ee0,600438,financial_indicator,,,2026-07-27,False,unavailable,data/raw/stock_financial_analysis_indicator/run_id=62bbe9df-6ed8-48d5-a06b-10fb90171ee0/symbol=600438/data.parquet,WARN: report/announcement date could not be paired
62bbe9df-6ed8-48d5-a06b-10fb90171ee0,600438,balance_sheet_report,2026-03-31,2026-04-30,2026-07-27,False,available,data/raw/stock_balance_sheet_by_report_em/run_id=62bbe9df-6ed8-48d5-a06b-10fb90171ee0/symbol=600438/data.parquet,
62bbe9df-6ed8-48d5-a06b-10fb90171ee0,600438,balance_sheet_report,2025-12-31,2026-04-30,2026-07-27,False,available,data/raw/stock_balance_sheet_by_report_em/run_id=62bbe9df-6ed8-48d5-a06b-10fb90171ee0/symbol=600438/data.parquet,
62bbe9df-6ed8-48d5-a06b-10fb90171ee0,600438,balance_sheet_report,2025-09-30,2025-10-25,2026-07-27,False,available,data/raw/stock_balance_sheet_by_report_em/run_id=62bbe9df-6ed8-48d5-a06b-10fb90171ee0/symbol=600438/data.parquet,
62bbe9df-6ed8-48d5-a06b-10fb90171ee0,600438,balance_sheet_report,2025-06-30,2025-08-23,2026-07-27,False,available,data/raw/stock_balance_sheet_by_report_em/run_id=62bbe9df-6ed8-48d5-a06b-10fb90171ee0/symbol=600438/data.parquet,
62bbe9df-6ed8-48d5-a06b-10fb90171ee0,600438,balance_sheet_report,2025-03-31,2025-04-30,2026-07-27,False,available,data/raw/stock_balance_sheet_by_report_em/run_id=62bbe9df-6ed8-48d5-a06b-10fb90171ee0/symbol=600438/data.parquet,
62bbe9df-6ed8-48d5-a06b-10fb90171ee0,600438,balance_sheet_report,2024-12-31,2025-04-30,2026-07-27,False,available,data/raw/stock_balance_sheet_by_report_em/run_id=62bbe9df-6ed8-48d5-a06b-10fb90171ee0/symbol=600438/data.parquet,
62bbe9df-6ed8-48d5-a06b-10fb90171ee0,600438,balance_sheet_report,2024-09-30,2024-10-31,2026-07-27,False,available,data/raw/stock_balance_sheet_by_report_em/run_id=62bbe9df-6ed8-48d5-a06b-10fb90171ee0/symbol=600438/data.parquet,
62bbe9df-6ed8-48d5-a06b-10fb90171ee0,600438,balance_sheet_report,2024-06-30,2024-08-31,2026-07-27,False,available,data/raw/stock_balance_sheet_by_report_em/run_id=62bbe9df-6ed8-48d5-a06b-10fb90171ee0/symbol=600438/data.parquet,
62bbe9df-6ed8-48d5-a06b-10fb90171ee0,600438,balance_sheet_report,2024-03-31,2024-04-30,2026-07-27,False,available,data/raw/stock_balance_sheet_by_report_em/run_id=62bbe9df-6ed8-48d5-a06b-10fb90171ee0/symbol=600438/data.parquet,
62bbe9df-6ed8-48d5-a06b-10fb90171ee0,600438,balance_sheet_report,2023-12-31,2024-04-30,2026-07-27,False,available,data/raw/stock_balance_sheet_by_report_em/run_id=62bbe9df-6ed8-48d5-a06b-10fb90171ee0/symbol=600438/data.parquet,
62bbe9df-6ed8-48d5-a06b-10fb90171ee0,600438,balance_sheet_report,2023-09-30,2023-10-26,2026-07-27,False,available,data/raw/stock_balance_sheet_by_report_em/run_id=62bbe9df-6ed8-48d5-a06b-10fb90171ee0/symbol=600438/data.parquet,
62bbe9df-6ed8-48d5-a06b-10fb90171ee0,600438,balance_sheet_report,2023-06-30,2023-08-22,2026-07-27,False,available,data/raw/stock_balance_sheet_by_report_em/run_id=62bbe9df-6ed8-48d5-a06b-10fb90171ee0/symbol=600438/data.parquet,
62bbe9df-6ed8-48d5-a06b-10fb90171ee0,600438,balance_sheet_report,2023-03-31,2023-04-25,2026-07-27,False,available,data/raw/stock_balance_sheet_by_report_em/run_id=62bbe9df-6ed8-48d5-a06b-10fb90171ee0/symbol=600438/data.parquet,
62bbe9df-6ed8-48d5-a06b-10fb90171ee0,600438,balance_sheet_report,2022-12-31,2023-04-25,2026-07-27,False,available,data/raw/stock_balance_sheet_by_report_em/run_id=62bbe9df-6ed8-48d5-a06b-10fb90171ee0/symbol=600438/data.parquet,
62bbe9df-6ed8-48d5-a06b-10fb90171ee0,600438,balance_sheet_report,2022-09-30,2022-10-26,2026-07-27,False,available,data/raw/stock_balance_sheet_by_report_em/run_id=62bbe9df-6ed8-48d5-a06b-10fb90171ee0/symbol=600438/data.parquet,
62bbe9df-6ed8-48d5-a06b-10fb90171ee0,600438,balance_sheet_report,2022-06-30,2022-08-18,2026-07-27,False,available,data/raw/stock_balance_sheet_by_report_em/run_id=62bbe9df-6ed8-48d5-a06b-10fb90171ee0/symbol=600438/data.parquet,
62bbe9df-6ed8-48d5-a06b-10fb90171ee0,600438,balance_sheet_report,2022-03-31,2022-04-26,2026-07-27,False,available,data/raw/stock_balance_sheet_by_report_em/run_id=62bbe9df-6ed8-48d5-a06b-10fb90171ee0/symbol=600438/data.parquet,
62bbe9df-6ed8-48d5-a06b-10fb90171ee0,600438,balance_sheet_report,2021-12-31,2022-04-26,2026-07-27,False,available,data/raw/stock_balance_sheet_by_report_em/run_id=62bbe9df-6ed8-48d5-a06b-10fb90171ee0/symbol=600438/data.parquet,
62bbe9df-6ed8-48d5-a06b-10fb90171ee0,600438,balance_sheet_report,2021-09-30,2021-10-26,2026-07-27,False,available,data/raw/stock_balance_sheet_by_report_em/run_id=62bbe9df-6ed8-48d5-a06b-10fb90171ee0/symbol=600438/data.parquet,
62bbe9df-6ed8-48d5-a06b-10fb90171ee0,600438,balance_sheet_report,2021-06-30,2021-08-18,2026-07-27,False,available,data/raw/stock_balance_sheet_by_report_em/run_id=62bbe9df-6ed8-48d5-a06b-10fb90171ee0/symbol=600438/data.parquet,
62bbe9df-6ed8-48d5-a06b-10fb90171ee0,600438,balance_sheet_report,2021-03-31,2021-04-13,2026-07-27,False,available,data/raw/stock_balance_sheet_by_report_em/run_id=62bbe9df-6ed8-48d5-a06b-10fb90171ee0/symbol=600438/data.parquet,
62bbe9df-6ed8-48d5-a06b-10fb90171ee0,600438,balance_sheet_report,2020-12-31,2021-04-13,2026-07-27,False,available,data/raw/stock_balance_sheet_by_report_em/run_id=62bbe9df-6ed8-48d5-a06b-10fb90171ee0/symbol=600438/data.parquet,
62bbe9df-6ed8-48d5-a06b-10fb90171ee0,600438,balance_sheet_report,2020-09-30,2020-10-23,2026-07-27,False,available,data/raw/stock_balance_sheet_by_report_em/run_id=62bbe9df-6ed8-48d5-a06b-10fb90171ee0/symbol=600438/data.parquet,
62bbe9df-6ed8-48d5-a06b-10fb90171ee0,600438,balance_sheet_report,2020-06-30,2020-08-08,2026-07-27,False,available,data/raw/stock_balance_sheet_by_report_em/run_id=62bbe9df-6ed8-48d5-a06b-10fb90171ee0/symbol=600438/data.parquet,
62bbe9df-6ed8-48d5-a06b-10fb90171ee0,600438,balance_sheet_report,2020-03-31,2020-04-21,2026-07-27,False,available,data/raw/stock_balance_sheet_by_report_em/run_id=62bbe9df-6ed8-48d5-a06b-10fb90171ee0/symbol=600438/data.parquet,
62bbe9df-6ed8-48d5-a06b-10fb90171ee0,600438,balance_sheet_report,2019-12-31,2020-04-21,2026-07-27,False,available,data/raw/stock_balance_sheet_by_report_em/run_id=62bbe9df-6ed8-48d5-a06b-10fb90171ee0/symbol=600438/data.parquet,
62bbe9df-6ed8-48d5-a06b-10fb90171ee0,600438,balance_sheet_report,2019-09-30,2019-10-25,2026-07-27,False,available,data/raw/stock_balance_sheet_by_report_em/run_id=62bbe9df-6ed8-48d5-a06b-10fb90171ee0/symbol=600438/data.parquet,
62bbe9df-6ed8-48d5-a06b-10fb90171ee0,600438,balance_sheet_report,2019-06-30,2019-08-15,2026-07-27,False,available,data/raw/stock_balance_sheet_by_report_em/run_id=62bbe9df-6ed8-48d5-a06b-10fb90171ee0/symbol=600438/data.parquet,
62bbe9df-6ed8-48d5-a06b-10fb90171ee0,600438,balance_sheet_report,2019-03-31,2019-04-18,2026-07-27,False,available,data/raw/stock_balance_sheet_by_report_em/run_id=62bbe9df-6ed8-48d5-a06b-10fb90171ee0/symbol=600438/data.parquet,
62bbe9df-6ed8-48d5-a06b-10fb90171ee0,600438,balance_sheet_report,2018-12-31,2019-04-18,2026-07-27,False,available,data/raw/stock_balance_sheet_by_report_em/run_id=62bbe9df-6ed8-48d5-a06b-10fb90171ee0/symbol=600438/data.parquet,
62bbe9df-6ed8-48d5-a06b-10fb90171ee0,600438,balance_sheet_report,2018-09-30,2018-10-27,2026-07-27,False,available,data/raw/stock_balance_sheet_by_report_em/run_id=62bbe9df-6ed8-48d5-a06b-10fb90171ee0/symbol=600438/data.parquet,
62bbe9df-6ed8-48d5-a06b-10fb90171ee0,600438,balance_sheet_report,2018-06-30,2018-08-18,2026-07-27,False,available,data/raw/stock_balance_sheet_by_report_em/run_id=62bbe9df-6ed8-48d5-a06b-10fb90171ee0/symbol=600438/data.parquet,
62bbe9df-6ed8-48d5-a06b-10fb90171ee0,600438,balance_sheet_report,2018-03-31,2018-04-18,2026-07-27,False,available,data/raw/stock_balance_sheet_by_report_em/run_id=62bbe9df-6ed8-48d5-a06b-10fb90171ee0/symbol=600438/data.parquet,
62bbe9df-6ed8-48d5-a06b-10fb90171ee0,600438,balance_sheet_report,2017-12-31,2018-03-30,2026-07-27,False,available,data/raw/stock_balance_sheet_by_report_em/run_id=62bbe9df-6ed8-48d5-a06b-10fb90171ee0/symbol=600438/data.parquet,
62bbe9df-6ed8-48d5-a06b-10fb90171ee0,600438,balance_sheet_report,2017-09-30,2017-10-23,2026-07-27,False,available,data/raw/stock_balance_sheet_by_report_em/run_id=62bbe9df-6ed8-48d5-a06b-10fb90171ee0/symbol=600438/data.parquet,
62bbe9df-6ed8-48d5-a06b-10fb90171ee0,600438,balance_sheet_report,2017-06-30,2017-08-22,2026-07-27,False,available,data/raw/stock_balance_sheet_by_report_em/run_id=62bbe9df-6ed8-48d5-a06b-10fb90171ee0/symbol=600438/data.parquet,
62bbe9df-6ed8-48d5-a06b-10fb90171ee0,600438,balance_sheet_report,2017-03-31,2017-04-25,2026-07-27,False,available,data/raw/stock_balance_sheet_by_report_em/run_id=62bbe9df-6ed8-48d5-a06b-10fb90171ee0/symbol=600438/data.parquet,
62bbe9df-6ed8-48d5-a06b-10fb90171ee0,600438,balance_sheet_report,2016-12-31,2017-04-25,2026-07-27,False,available,data/raw/stock_balance_sheet_by_report_em/run_id=62bbe9df-6ed8-48d5-a06b-10fb90171ee0/symbol=600438/data.parquet,
62bbe9df-6ed8-48d5-a06b-10fb90171ee0,600438,balance_sheet_report,2016-09-30,2016-10-31,2026-07-27,False,available,data/raw/stock_balance_sheet_by_report_em/run_id=62bbe9df-6ed8-48d5-a06b-10fb90171ee0/symbol=600438/data.parquet,
62bbe9df-6ed8-48d5-a06b-10fb90171ee0,600438,balance_sheet_report,2016-06-30,2016-08-30,2026-07-27,False,available,data/raw/stock_balance_sheet_by_report_em/run_id=62bbe9df-6ed8-48d5-a06b-10fb90171ee0/symbol=600438/data.parquet,
62bbe9df-6ed8-48d5-a06b-10fb90171ee0,600438,balance_sheet_report,2016-03-31,2016-04-30,2026-07-27,False,available,data/raw/stock_balance_sheet_by_report_em/run_id=62bbe9df-6ed8-48d5-a06b-10fb90171ee0/symbol=600438/data.parquet,
62bbe9df-6ed8-48d5-a06b-10fb90171ee0,600438,balance_sheet_report,2015-12-31,2016-04-12,2026-07-27,False,available,data/raw/stock_balance_sheet_by_report_em/run_id=62bbe9df-6ed8-48d5-a06b-10fb90171ee0/symbol=600438/data.parquet,
62bbe9df-6ed8-48d5-a06b-10fb90171ee0,600438,balance_sheet_report,2015-09-30,2015-10-28,2026-07-27,False,available,data/raw/stock_balance_sheet_by_report_em/run_id=62bbe9df-6ed8-48d5-a06b-10fb90171ee0/symbol=600438/data.parquet,
62bbe9df-6ed8-48d5-a06b-10fb90171ee0,600438,balance_sheet_report,2015-06-30,2015-08-18,2026-07-27,False,available,data/raw/stock_balance_sheet_by_report_em/run_id=62bbe9df-6ed8-48d5-a06b-10fb90171ee0/symbol=600438/data.parquet,
62bbe9df-6ed8-48d5-a06b-10fb90171ee0,600438,balance_sheet_report,2015-03-31,2015-04-28,2026-07-27,False,available,data/raw/stock_balance_sheet_by_report_em/run_id=62bbe9df-6ed8-48d5-a06b-10fb90171ee0/symbol=600438/data.parquet,
62bbe9df-6ed8-48d5-a06b-10fb90171ee0,600438,balance_sheet_report,2014-12-31,2015-03-31,2026-07-27,False,available,data/raw/stock_balance_sheet_by_report_em/run_id=62bbe9df-6ed8-48d5-a06b-10fb90171ee0/symbol=600438/data.parquet,
62bbe9df-6ed8-48d5-a06b-10fb90171ee0,600438,balance_sheet_report,2014-09-30,2014-10-30,2026-07-27,False,available,data/raw/stock_balance_sheet_by_report_em/run_id=62bbe9df-6ed8-48d5-a06b-10fb90171ee0/symbol=600438/data.parquet,
62bbe9df-6ed8-48d5-a06b-10fb90171ee0,600438,balance_sheet_report,2014-06-30,2014-08-30,2026-07-27,False,available,data/raw/stock_balance_sheet_by_report_em/run_id=62bbe9df-6ed8-48d5-a06b-10fb90171ee0/symbol=600438/data.parquet,
62bbe9df-6ed8-48d5-a06b-10fb90171ee0,600438,balance_sheet_report,2014-03-31,2014-04-28,2026-07-27,False,available,data/raw/stock_balance_sheet_by_report_em/run_id=62bbe9df-6ed8-48d5-a06b-10fb90171ee0/symbol=600438/data.parquet,
62bbe9df-6ed8-48d5-a06b-10fb90171ee0,600438,balance_sheet_report,2013-12-31,2014-04-15,2026-07-27,False,available,data/raw/stock_balance_sheet_by_report_em/run_id=62bbe9df-6ed8-48d5-a06b-10fb90171ee0/symbol=600438/data.parquet,
62bbe9df-6ed8-48d5-a06b-10fb90171ee0,600438,balance_sheet_report,2013-09-30,2013-10-18,2026-07-27,False,available,data/raw/stock_balance_sheet_by_report_em/run_id=62bbe9df-6ed8-48d5-a06b-10fb90171ee0/symbol=600438/data.parquet,
62bbe9df-6ed8-48d5-a06b-10fb90171ee0,600438,balance_sheet_report,2013-06-30,2013-08-27,2026-07-27,False,available,data/raw/stock_balance_sheet_by_report_em/run_id=62bbe9df-6ed8-48d5-a06b-10fb90171ee0/symbol=600438/data.parquet,
62bbe9df-6ed8-48d5-a06b-10fb90171ee0,600438,balance_sheet_report,2013-03-31,2013-04-27,2026-07-27,False,available,data/raw/stock_balance_sheet_by_report_em/run_id=62bbe9df-6ed8-48d5-a06b-10fb90171ee0/symbol=600438/data.parquet,
62bbe9df-6ed8-48d5-a06b-10fb90171ee0,600438,balance_sheet_report,2012-12-31,2013-04-16,2026-07-27,False,available,data/raw/stock_balance_sheet_by_report_em/run_id=62bbe9df-6ed8-48d5-a06b-10fb90171ee0/symbol=600438/data.parquet,
62bbe9df-6ed8-48d5-a06b-10fb90171ee0,600438,balance_sheet_report,2012-09-30,2012-10-30,2026-07-27,False,available,data/raw/stock_balance_sheet_by_report_em/run_id=62bbe9df-6ed8-48d5-a06b-10fb90171ee0/symbol=600438/data.parquet,
62bbe9df-6ed8-48d5-a06b-10fb90171ee0,600438,balance_sheet_report,2012-06-30,2012-08-17,2026-07-27,False,available,data/raw/stock_balance_sheet_by_report_em/run_id=62bbe9df-6ed8-48d5-a06b-10fb90171ee0/symbol=600438/data.parquet,
62bbe9df-6ed8-48d5-a06b-10fb90171ee0,600438,balance_sheet_report,2012-03-31,2012-04-28,2026-07-27,False,available,data/raw/stock_balance_sheet_by_report_em/run_id=62bbe9df-6ed8-48d5-a06b-10fb90171ee0/symbol=600438/data.parquet,
62bbe9df-6ed8-48d5-a06b-10fb90171ee0,600438,balance_sheet_report,2011-12-31,2012-04-28,2026-07-27,False,available,data/raw/stock_balance_sheet_by_report_em/run_id=62bbe9df-6ed8-48d5-a06b-10fb90171ee0/symbol=600438/data.parquet,
62bbe9df-6ed8-48d5-a06b-10fb90171ee0,600438,balance_sheet_report,2011-09-30,2011-10-28,2026-07-27,False,available,data/raw/stock_balance_sheet_by_report_em/run_id=62bbe9df-6ed8-48d5-a06b-10fb90171ee0/symbol=600438/data.parquet,
62bbe9df-6ed8-48d5-a06b-10fb90171ee0,600438,balance_sheet_report,2011-06-30,2011-08-23,2026-07-27,False,available,data/raw/stock_balance_sheet_by_report_em/run_id=62bbe9df-6ed8-48d5-a06b-10fb90171ee0/symbol=600438/data.parquet,
62bbe9df-6ed8-48d5-a06b-10fb90171ee0,600438,balance_sheet_report,2011-03-31,2011-04-26,2026-07-27,False,available,data/raw/stock_balance_sheet_by_report_em/run_id=62bbe9df-6ed8-48d5-a06b-10fb90171ee0/symbol=600438/data.parquet,
62bbe9df-6ed8-48d5-a06b-10fb90171ee0,600438,balance_sheet_report,2010-12-31,2011-04-19,2026-07-27,False,available,data/raw/stock_balance_sheet_by_report_em/run_id=62bbe9df-6ed8-48d5-a06b-10fb90171ee0/symbol=600438/data.parquet,
62bbe9df-6ed8-48d5-a06b-10fb90171ee0,600438,balance_sheet_report,2010-09-30,2010-10-30,2026-07-27,False,available,data/raw/stock_balance_sheet_by_report_em/run_id=62bbe9df-6ed8-48d5-a06b-10fb90171ee0/symbol=600438/data.parquet,
62bbe9df-6ed8-48d5-a06b-10fb90171ee0,600438,balance_sheet_report,2010-06-30,2010-08-24,2026-07-27,False,available,data/raw/stock_balance_sheet_by_report_em/run_id=62bbe9df-6ed8-48d5-a06b-10fb90171ee0/symbol=600438/data.parquet,
62bbe9df-6ed8-48d5-a06b-10fb90171ee0,600438,balance_sheet_report,2010-03-31,2010-04-30,2026-07-27,False,available,data/raw/stock_balance_sheet_by_report_em/run_id=62bbe9df-6ed8-48d5-a06b-10fb90171ee0/symbol=600438/data.parquet,
62bbe9df-6ed8-48d5-a06b-10fb90171ee0,600438,balance_sheet_report,2009-12-31,2011-04-19,2026-07-27,False,available,data/raw/stock_balance_sheet_by_report_em/run_id=62bbe9df-6ed8-48d5-a06b-10fb90171ee0/symbol=600438/data.parquet,
62bbe9df-6ed8-48d5-a06b-10fb90171ee0,600438,balance_sheet_report,2009-09-30,2009-10-27,2026-07-27,False,available,data/raw/stock_balance_sheet_by_report_em/run_id=62bbe9df-6ed8-48d5-a06b-10fb90171ee0/symbol=600438/data.parquet,
62bbe9df-6ed8-48d5-a06b-10fb90171ee0,600438,balance_sheet_report,2009-06-30,2009-08-25,2026-07-27,False,available,data/raw/stock_balance_sheet_by_report_em/run_id=62bbe9df-6ed8-48d5-a06b-10fb90171ee0/symbol=600438/data.parquet,
62bbe9df-6ed8-48d5-a06b-10fb90171ee0,600438,balance_sheet_report,2009-03-31,2009-04-30,2026-07-27,False,available,data/raw/stock_balance_sheet_by_report_em/run_id=62bbe9df-6ed8-48d5-a06b-10fb90171ee0/symbol=600438/data.parquet,
62bbe9df-6ed8-48d5-a06b-10fb90171ee0,600438,balance_sheet_report,2008-12-31,2010-04-07,2026-07-27,False,available,data/raw/stock_balance_sheet_by_report_em/run_id=62bbe9df-6ed8-48d5-a06b-10fb90171ee0/symbol=600438/data.parquet,
62bbe9df-6ed8-48d5-a06b-10fb90171ee0,600438,balance_sheet_report,2008-09-30,2008-10-31,2026-07-27,False,available,data/raw/stock_balance_sheet_by_report_em/run_id=62bbe9df-6ed8-48d5-a06b-10fb90171ee0/symbol=600438/data.parquet,
62bbe9df-6ed8-48d5-a06b-10fb90171ee0,600438,balance_sheet_report,2008-06-30,2008-07-22,2026-07-27,False,available,data/raw/stock_balance_sheet_by_report_em/run_id=62bbe9df-6ed8-48d5-a06b-10fb90171ee0/symbol=600438/data.parquet,
62bbe9df-6ed8-48d5-a06b-10fb90171ee0,600438,balance_sheet_report,2008-03-31,2008-04-30,2026-07-27,False,available,data/raw/stock_balance_sheet_by_report_em/run_id=62bbe9df-6ed8-48d5-a06b-10fb90171ee0/symbol=600438/data.parquet,
62bbe9df-6ed8-48d5-a06b-10fb90171ee0,600438,balance_sheet_report,2007-12-31,2009-04-30,2026-07-27,False,available,data/raw/stock_balance_sheet_by_report_em/run_id=62bbe9df-6ed8-48d5-a06b-10fb90171ee0/symbol=600438/data.parquet,
62bbe9df-6ed8-48d5-a06b-10fb90171ee0,600438,balance_sheet_report,2007-09-30,2007-10-30,2026-07-27,False,available,data/raw/stock_balance_sheet_by_report_em/run_id=62bbe9df-6ed8-48d5-a06b-10fb90171ee0/symbol=600438/data.parquet,
62bbe9df-6ed8-48d5-a06b-10fb90171ee0,600438,balance_sheet_report,2007-06-30,2007-07-31,2026-07-27,False,available,data/raw/stock_balance_sheet_by_report_em/run_id=62bbe9df-6ed8-48d5-a06b-10fb90171ee0/symbol=600438/data.parquet,
62bbe9df-6ed8-48d5-a06b-10fb90171ee0,600438,balance_sheet_report,2007-03-31,2007-04-27,2026-07-27,False,available,data/raw/stock_balance_sheet_by_report_em/run_id=62bbe9df-6ed8-48d5-a06b-10fb90171ee0/symbol=600438/data.parquet,
62bbe9df-6ed8-48d5-a06b-10fb90171ee0,600438,balance_sheet_report,2006-12-31,2008-02-05,2026-07-27,False,available,data/raw/stock_balance_sheet_by_report_em/run_id=62bbe9df-6ed8-48d5-a06b-10fb90171ee0/symbol=600438/data.parquet,
62bbe9df-6ed8-48d5-a06b-10fb90171ee0,600438,balance_sheet_report,2006-09-30,2006-10-24,2026-07-27,False,available,data/raw/stock_balance_sheet_by_report_em/run_id=62bbe9df-6ed8-48d5-a06b-10fb90171ee0/symbol=600438/data.parquet,
62bbe9df-6ed8-48d5-a06b-10fb90171ee0,600438,balance_sheet_report,2006-06-30,2006-08-01,2026-07-27,False,available,data/raw/stock_balance_sheet_by_report_em/run_id=62bbe9df-6ed8-48d5-a06b-10fb90171ee0/symbol=600438/data.parquet,
62bbe9df-6ed8-48d5-a06b-10fb90171ee0,600438,balance_sheet_report,2006-03-31,2006-04-26,2026-07-27,False,available,data/raw/stock_balance_sheet_by_report_em/run_id=62bbe9df-6ed8-48d5-a06b-10fb90171ee0/symbol=600438/data.parquet,
62bbe9df-6ed8-48d5-a06b-10fb90171ee0,600438,balance_sheet_report,2005-12-31,2007-04-10,2026-07-27,False,available,data/raw/stock_balance_sheet_by_report_em/run_id=62bbe9df-6ed8-48d5-a06b-10fb90171ee0/symbol=600438/data.parquet,
62bbe9df-6ed8-48d5-a06b-10fb90171ee0,600438,balance_sheet_report,2005-09-30,2005-10-21,2026-07-27,False,available,data/raw/stock_balance_sheet_by_report_em/run_id=62bbe9df-6ed8-48d5-a06b-10fb90171ee0/symbol=600438/data.parquet,
62bbe9df-6ed8-48d5-a06b-10fb90171ee0,600438,balance_sheet_report,2005-06-30,2005-07-20,2026-07-27,False,available,data/raw/stock_balance_sheet_by_report_em/run_id=62bbe9df-6ed8-48d5-a06b-10fb90171ee0/symbol=600438/data.parquet,
62bbe9df-6ed8-48d5-a06b-10fb90171ee0,600438,balance_sheet_report,2005-03-31,2005-04-19,2026-07-27,False,available,data/raw/stock_balance_sheet_by_report_em/run_id=62bbe9df-6ed8-48d5-a06b-10fb90171ee0/symbol=600438/data.parquet,
62bbe9df-6ed8-48d5-a06b-10fb90171ee0,600438,balance_sheet_report,2004-12-31,2006-03-21,2026-07-27,False,available,data/raw/stock_balance_sheet_by_report_em/run_id=62bbe9df-6ed8-48d5-a06b-10fb90171ee0/symbol=600438/data.parquet,
62bbe9df-6ed8-48d5-a06b-10fb90171ee0,600438,balance_sheet_report,2004-09-30,2004-10-22,2026-07-27,False,available,data/raw/stock_balance_sheet_by_report_em/run_id=62bbe9df-6ed8-48d5-a06b-10fb90171ee0/symbol=600438/data.parquet,
62bbe9df-6ed8-48d5-a06b-10fb90171ee0,600438,balance_sheet_report,2004-06-30,2004-07-27,2026-07-27,False,available,data/raw/stock_balance_sheet_by_report_em/run_id=62bbe9df-6ed8-48d5-a06b-10fb90171ee0/symbol=600438/data.parquet,
62bbe9df-6ed8-48d5-a06b-10fb90171ee0,600438,balance_sheet_report,2004-03-31,2004-04-27,2026-07-27,False,available,data/raw/stock_balance_sheet_by_report_em/run_id=62bbe9df-6ed8-48d5-a06b-10fb90171ee0/symbol=600438/data.parquet,
62bbe9df-6ed8-48d5-a06b-10fb90171ee0,600438,balance_sheet_report,2003-12-31,2005-04-19,2026-07-27,False,available,data/raw/stock_balance_sheet_by_report_em/run_id=62bbe9df-6ed8-48d5-a06b-10fb90171ee0/symbol=600438/data.parquet,
62bbe9df-6ed8-48d5-a06b-10fb90171ee0,600438,balance_sheet_report,2003-09-30,2004-02-11,2026-07-27,False,available,data/raw/stock_balance_sheet_by_report_em/run_id=62bbe9df-6ed8-48d5-a06b-10fb90171ee0/symbol=600438/data.parquet,
62bbe9df-6ed8-48d5-a06b-10fb90171ee0,600438,balance_sheet_report,2002-12-31,2004-03-18,2026-07-27,False,available,data/raw/stock_balance_sheet_by_report_em/run_id=62bbe9df-6ed8-48d5-a06b-10fb90171ee0/symbol=600438/data.parquet,
62bbe9df-6ed8-48d5-a06b-10fb90171ee0,600438,balance_sheet_report,2001-12-31,2004-03-18,2026-07-27,False,available,data/raw/stock_balance_sheet_by_report_em/run_id=62bbe9df-6ed8-48d5-a06b-10fb90171ee0/symbol=600438/data.parquet,
62bbe9df-6ed8-48d5-a06b-10fb90171ee0,600438,balance_sheet_report,2000-12-31,2004-02-11,2026-07-27,False,available,data/raw/stock_balance_sheet_by_report_em/run_id=62bbe9df-6ed8-48d5-a06b-10fb90171ee0/symbol=600438/data.parquet,
62bbe9df-6ed8-48d5-a06b-10fb90171ee0,600438,profit_sheet_report,2026-03-31,2026-04-30,2026-07-27,False,available,data/raw/stock_profit_sheet_by_report_em/run_id=62bbe9df-6ed8-48d5-a06b-10fb90171ee0/symbol=600438/data.parquet,
62bbe9df-6ed8-48d5-a06b-10fb90171ee0,600438,profit_sheet_report,2025-12-31,2026-04-30,2026-07-27,False,available,data/raw/stock_profit_sheet_by_report_em/run_id=62bbe9df-6ed8-48d5-a06b-10fb90171ee0/symbol=600438/data.parquet,
62bbe9df-6ed8-48d5-a06b-10fb90171ee0,600438,profit_sheet_report,2025-09-30,2025-10-25,2026-07-27,False,available,data/raw/stock_profit_sheet_by_report_em/run_id=62bbe9df-6ed8-48d5-a06b-10fb90171ee0/symbol=600438/data.parquet,
62bbe9df-6ed8-48d5-a06b-10fb90171ee0,600438,profit_sheet_report,2025-06-30,2025-08-23,2026-07-27,False,available,data/raw/stock_profit_sheet_by_report_em/run_id=62bbe9df-6ed8-48d5-a06b-10fb90171ee0/symbol=600438/data.parquet,
62bbe9df-6ed8-48d5-a06b-10fb90171ee0,600438,profit_sheet_report,2025-03-31,2025-04-30,2026-07-27,False,available,data/raw/stock_profit_sheet_by_report_em/run_id=62bbe9df-6ed8-48d5-a06b-10fb90171ee0/symbol=600438/data.parquet,
62bbe9df-6ed8-48d5-a06b-10fb90171ee0,600438,profit_sheet_report,2024-12-31,2025-04-30,2026-07-27,False,available,data/raw/stock_profit_sheet_by_report_em/run_id=62bbe9df-6ed8-48d5-a06b-10fb90171ee0/symbol=600438/data.parquet,
62bbe9df-6ed8-48d5-a06b-10fb90171ee0,600438,profit_sheet_report,2024-09-30,2024-10-31,2026-07-27,False,available,data/raw/stock_profit_sheet_by_report_em/run_id=62bbe9df-6ed8-48d5-a06b-10fb90171ee0/symbol=600438/data.parquet,
62bbe9df-6ed8-48d5-a06b-10fb90171ee0,600438,profit_sheet_report,2024-06-30,2024-08-31,2026-07-27,False,available,data/raw/stock_profit_sheet_by_report_em/run_id=62bbe9df-6ed8-48d5-a06b-10fb90171ee0/symbol=600438/data.parquet,
62bbe9df-6ed8-48d5-a06b-10fb90171ee0,600438,profit_sheet_report,2024-03-31,2024-04-30,2026-07-27,False,available,data/raw/stock_profit_sheet_by_report_em/run_id=62bbe9df-6ed8-48d5-a06b-10fb90171ee0/symbol=600438/data.parquet,
62bbe9df-6ed8-48d5-a06b-10fb90171ee0,600438,profit_sheet_report,2023-12-31,2024-04-30,2026-07-27,False,available,data/raw/stock_profit_sheet_by_report_em/run_id=62bbe9df-6ed8-48d5-a06b-10fb90171ee0/symbol=600438/data.parquet,
62bbe9df-6ed8-48d5-a06b-10fb90171ee0,600438,profit_sheet_report,2023-09-30,2023-10-26,2026-07-27,False,available,data/raw/stock_profit_sheet_by_report_em/run_id=62bbe9df-6ed8-48d5-a06b-10fb90171ee0/symbol=600438/data.parquet,
62bbe9df-6ed8-48d5-a06b-10fb90171ee0,600438,profit_sheet_report,2023-06-30,2023-08-22,2026-07-27,False,available,data/raw/stock_profit_sheet_by_report_em/run_id=62bbe9df-6ed8-48d5-a06b-10fb90171ee0/symbol=600438/data.parquet,
62bbe9df-6ed8-48d5-a06b-10fb90171ee0,600438,profit_sheet_report,2023-03-31,2023-04-25,2026-07-27,False,available,data/raw/stock_profit_sheet_by_report_em/run_id=62bbe9df-6ed8-48d5-a06b-10fb90171ee0/symbol=600438/data.parquet,
62bbe9df-6ed8-48d5-a06b-10fb90171ee0,600438,profit_sheet_report,2022-12-31,2023-04-25,2026-07-27,False,available,data/raw/stock_profit_sheet_by_report_em/run_id=62bbe9df-6ed8-48d5-a06b-10fb90171ee0/symbol=600438/data.parquet,
62bbe9df-6ed8-48d5-a06b-10fb90171ee0,600438,profit_sheet_report,2022-09-30,2022-10-26,2026-07-27,False,available,data/raw/stock_profit_sheet_by_report_em/run_id=62bbe9df-6ed8-48d5-a06b-10fb90171ee0/symbol=600438/data.parquet,
62bbe9df-6ed8-48d5-a06b-10fb90171ee0,600438,profit_sheet_report,2022-06-30,2022-08-18,2026-07-27,False,available,data/raw/stock_profit_sheet_by_report_em/run_id=62bbe9df-6ed8-48d5-a06b-10fb90171ee0/symbol=600438/data.parquet,
62bbe9df-6ed8-48d5-a06b-10fb90171ee0,600438,profit_sheet_report,2022-03-31,2022-04-26,2026-07-27,False,available,data/raw/stock_profit_sheet_by_report_em/run_id=62bbe9df-6ed8-48d5-a06b-10fb90171ee0/symbol=600438/data.parquet,
62bbe9df-6ed8-48d5-a06b-10fb90171ee0,600438,profit_sheet_report,2021-12-31,2022-04-26,2026-07-27,False,available,data/raw/stock_profit_sheet_by_report_em/run_id=62bbe9df-6ed8-48d5-a06b-10fb90171ee0/symbol=600438/data.parquet,
62bbe9df-6ed8-48d5-a06b-10fb90171ee0,600438,profit_sheet_report,2021-09-30,2021-10-26,2026-07-27,False,available,data/raw/stock_profit_sheet_by_report_em/run_id=62bbe9df-6ed8-48d5-a06b-10fb90171ee0/symbol=600438/data.parquet,
62bbe9df-6ed8-48d5-a06b-10fb90171ee0,600438,profit_sheet_report,2021-06-30,2021-08-18,2026-07-27,False,available,data/raw/stock_profit_sheet_by_report_em/run_id=62bbe9df-6ed8-48d5-a06b-10fb90171ee0/symbol=600438/data.parquet,
62bbe9df-6ed8-48d5-a06b-10fb90171ee0,600438,profit_sheet_report,2021-03-31,2021-04-13,2026-07-27,False,available,data/raw/stock_profit_sheet_by_report_em/run_id=62bbe9df-6ed8-48d5-a06b-10fb90171ee0/symbol=600438/data.parquet,
62bbe9df-6ed8-48d5-a06b-10fb90171ee0,600438,profit_sheet_report,2020-12-31,2021-04-13,2026-07-27,False,available,data/raw/stock_profit_sheet_by_report_em/run_id=62bbe9df-6ed8-48d5-a06b-10fb90171ee0/symbol=600438/data.parquet,
62bbe9df-6ed8-48d5-a06b-10fb90171ee0,600438,profit_sheet_report,2020-09-30,2020-10-23,2026-07-27,False,available,data/raw/stock_profit_sheet_by_report_em/run_id=62bbe9df-6ed8-48d5-a06b-10fb90171ee0/symbol=600438/data.parquet,
62bbe9df-6ed8-48d5-a06b-10fb90171ee0,600438,profit_sheet_report,2020-06-30,2020-08-08,2026-07-27,False,available,data/raw/stock_profit_sheet_by_report_em/run_id=62bbe9df-6ed8-48d5-a06b-10fb90171ee0/symbol=600438/data.parquet,
62bbe9df-6ed8-48d5-a06b-10fb90171ee0,600438,profit_sheet_report,2020-03-31,2020-04-21,2026-07-27,False,available,data/raw/stock_profit_sheet_by_report_em/run_id=62bbe9df-6ed8-48d5-a06b-10fb90171ee0/symbol=600438/data.parquet,
62bbe9df-6ed8-48d5-a06b-10fb90171ee0,600438,profit_sheet_report,2019-12-31,2020-04-21,2026-07-27,False,available,data/raw/stock_profit_sheet_by_report_em/run_id=62bbe9df-6ed8-48d5-a06b-10fb90171ee0/symbol=600438/data.parquet,
62bbe9df-6ed8-48d5-a06b-10fb90171ee0,600438,profit_sheet_report,2019-09-30,2019-10-25,2026-07-27,False,available,data/raw/stock_profit_sheet_by_report_em/run_id=62bbe9df-6ed8-48d5-a06b-10fb90171ee0/symbol=600438/data.parquet,
62bbe9df-6ed8-48d5-a06b-10fb90171ee0,600438,profit_sheet_report,2019-06-30,2019-08-15,2026-07-27,False,available,data/raw/stock_profit_sheet_by_report_em/run_id=62bbe9df-6ed8-48d5-a06b-10fb90171ee0/symbol=600438/data.parquet,
62bbe9df-6ed8-48d5-a06b-10fb90171ee0,600438,profit_sheet_report,2019-03-31,2019-04-18,2026-07-27,False,available,data/raw/stock_profit_sheet_by_report_em/run_id=62bbe9df-6ed8-48d5-a06b-10fb90171ee0/symbol=600438/data.parquet,
62bbe9df-6ed8-48d5-a06b-10fb90171ee0,600438,profit_sheet_report,2018-12-31,2019-04-18,2026-07-27,False,available,data/raw/stock_profit_sheet_by_report_em/run_id=62bbe9df-6ed8-48d5-a06b-10fb90171ee0/symbol=600438/data.parquet,
62bbe9df-6ed8-48d5-a06b-10fb90171ee0,600438,profit_sheet_report,2018-09-30,2018-10-27,2026-07-27,False,available,data/raw/stock_profit_sheet_by_report_em/run_id=62bbe9df-6ed8-48d5-a06b-10fb90171ee0/symbol=600438/data.parquet,
62bbe9df-6ed8-48d5-a06b-10fb90171ee0,600438,profit_sheet_report,2018-06-30,2018-08-18,2026-07-27,False,available,data/raw/stock_profit_sheet_by_report_em/run_id=62bbe9df-6ed8-48d5-a06b-10fb90171ee0/symbol=600438/data.parquet,
62bbe9df-6ed8-48d5-a06b-10fb90171ee0,600438,profit_sheet_report,2018-03-31,2018-04-18,2026-07-27,False,available,data/raw/stock_profit_sheet_by_report_em/run_id=62bbe9df-6ed8-48d5-a06b-10fb90171ee0/symbol=600438/data.parquet,
62bbe9df-6ed8-48d5-a06b-10fb90171ee0,600438,profit_sheet_report,2017-12-31,2018-03-30,2026-07-27,False,available,data/raw/stock_profit_sheet_by_report_em/run_id=62bbe9df-6ed8-48d5-a06b-10fb90171ee0/symbol=600438/data.parquet,
62bbe9df-6ed8-48d5-a06b-10fb90171ee0,600438,profit_sheet_report,2017-09-30,2017-10-23,2026-07-27,False,available,data/raw/stock_profit_sheet_by_report_em/run_id=62bbe9df-6ed8-48d5-a06b-10fb90171ee0/symbol=600438/data.parquet,
62bbe9df-6ed8-48d5-a06b-10fb90171ee0,600438,profit_sheet_report,2017-06-30,2017-08-22,2026-07-27,False,available,data/raw/stock_profit_sheet_by_report_em/run_id=62bbe9df-6ed8-48d5-a06b-10fb90171ee0/symbol=600438/data.parquet,
62bbe9df-6ed8-48d5-a06b-10fb90171ee0,600438,profit_sheet_report,2017-03-31,2017-04-25,2026-07-27,False,available,data/raw/stock_profit_sheet_by_report_em/run_id=62bbe9df-6ed8-48d5-a06b-10fb90171ee0/symbol=600438/data.parquet,
62bbe9df-6ed8-48d5-a06b-10fb90171ee0,600438,profit_sheet_report,2016-12-31,2017-04-15,2026-07-27,False,available,data/raw/stock_profit_sheet_by_report_em/run_id=62bbe9df-6ed8-48d5-a06b-10fb90171ee0/symbol=600438/data.parquet,
62bbe9df-6ed8-48d5-a06b-10fb90171ee0,600438,profit_sheet_report,2016-09-30,2016-10-31,2026-07-27,False,available,data/raw/stock_profit_sheet_by_report_em/run_id=62bbe9df-6ed8-48d5-a06b-10fb90171ee0/symbol=600438/data.parquet,
62bbe9df-6ed8-48d5-a06b-10fb90171ee0,600438,profit_sheet_report,2016-06-30,2016-08-30,2026-07-27,False,available,data/raw/stock_profit_sheet_by_report_em/run_id=62bbe9df-6ed8-48d5-a06b-10fb90171ee0/symbol=600438/data.parquet,
62bbe9df-6ed8-48d5-a06b-10fb90171ee0,600438,profit_sheet_report,2016-03-31,2016-04-30,2026-07-27,False,available,data/raw/stock_profit_sheet_by_report_em/run_id=62bbe9df-6ed8-48d5-a06b-10fb90171ee0/symbol=600438/data.parquet,
62bbe9df-6ed8-48d5-a06b-10fb90171ee0,600438,profit_sheet_report,2015-12-31,2016-04-12,2026-07-27,False,available,data/raw/stock_profit_sheet_by_report_em/run_id=62bbe9df-6ed8-48d5-a06b-10fb90171ee0/symbol=600438/data.parquet,
62bbe9df-6ed8-48d5-a06b-10fb90171ee0,600438,profit_sheet_report,2015-09-30,2015-10-28,2026-07-27,False,available,data/raw/stock_profit_sheet_by_report_em/run_id=62bbe9df-6ed8-48d5-a06b-10fb90171ee0/symbol=600438/data.parquet,
62bbe9df-6ed8-48d5-a06b-10fb90171ee0,600438,profit_sheet_report,2015-06-30,2015-08-18,2026-07-27,False,available,data/raw/stock_profit_sheet_by_report_em/run_id=62bbe9df-6ed8-48d5-a06b-10fb90171ee0/symbol=600438/data.parquet,
62bbe9df-6ed8-48d5-a06b-10fb90171ee0,600438,profit_sheet_report,2015-03-31,2015-04-28,2026-07-27,False,available,data/raw/stock_profit_sheet_by_report_em/run_id=62bbe9df-6ed8-48d5-a06b-10fb90171ee0/symbol=600438/data.parquet,
62bbe9df-6ed8-48d5-a06b-10fb90171ee0,600438,profit_sheet_report,2014-12-31,2015-03-31,2026-07-27,False,available,data/raw/stock_profit_sheet_by_report_em/run_id=62bbe9df-6ed8-48d5-a06b-10fb90171ee0/symbol=600438/data.parquet,
62bbe9df-6ed8-48d5-a06b-10fb90171ee0,600438,profit_sheet_report,2014-09-30,2014-10-30,2026-07-27,False,available,data/raw/stock_profit_sheet_by_report_em/run_id=62bbe9df-6ed8-48d5-a06b-10fb90171ee0/symbol=600438/data.parquet,
62bbe9df-6ed8-48d5-a06b-10fb90171ee0,600438,profit_sheet_report,2014-06-30,2014-08-30,2026-07-27,False,available,data/raw/stock_profit_sheet_by_report_em/run_id=62bbe9df-6ed8-48d5-a06b-10fb90171ee0/symbol=600438/data.parquet,
62bbe9df-6ed8-48d5-a06b-10fb90171ee0,600438,profit_sheet_report,2014-03-31,2014-04-28,2026-07-27,False,available,data/raw/stock_profit_sheet_by_report_em/run_id=62bbe9df-6ed8-48d5-a06b-10fb90171ee0/symbol=600438/data.parquet,
62bbe9df-6ed8-48d5-a06b-10fb90171ee0,600438,profit_sheet_report,2013-12-31,2014-04-15,2026-07-27,False,available,data/raw/stock_profit_sheet_by_report_em/run_id=62bbe9df-6ed8-48d5-a06b-10fb90171ee0/symbol=600438/data.parquet,
62bbe9df-6ed8-48d5-a06b-10fb90171ee0,600438,profit_sheet_report,2013-09-30,2013-10-18,2026-07-27,False,available,data/raw/stock_profit_sheet_by_report_em/run_id=62bbe9df-6ed8-48d5-a06b-10fb90171ee0/symbol=600438/data.parquet,
62bbe9df-6ed8-48d5-a06b-10fb90171ee0,600438,profit_sheet_report,2013-06-30,2013-08-27,2026-07-27,False,available,data/raw/stock_profit_sheet_by_report_em/run_id=62bbe9df-6ed8-48d5-a06b-10fb90171ee0/symbol=600438/data.parquet,
62bbe9df-6ed8-48d5-a06b-10fb90171ee0,600438,profit_sheet_report,2013-03-31,2013-04-27,2026-07-27,False,available,data/raw/stock_profit_sheet_by_report_em/run_id=62bbe9df-6ed8-48d5-a06b-10fb90171ee0/symbol=600438/data.parquet,
62bbe9df-6ed8-48d5-a06b-10fb90171ee0,600438,profit_sheet_report,2012-12-31,2013-04-16,2026-07-27,False,available,data/raw/stock_profit_sheet_by_report_em/run_id=62bbe9df-6ed8-48d5-a06b-10fb90171ee0/symbol=600438/data.parquet,
62bbe9df-6ed8-48d5-a06b-10fb90171ee0,600438,profit_sheet_report,2012-09-30,2012-10-30,2026-07-27,False,available,data/raw/stock_profit_sheet_by_report_em/run_id=62bbe9df-6ed8-48d5-a06b-10fb90171ee0/symbol=600438/data.parquet,
62bbe9df-6ed8-48d5-a06b-10fb90171ee0,600438,profit_sheet_report,2012-06-30,2012-08-17,2026-07-27,False,available,data/raw/stock_profit_sheet_by_report_em/run_id=62bbe9df-6ed8-48d5-a06b-10fb90171ee0/symbol=600438/data.parquet,
62bbe9df-6ed8-48d5-a06b-10fb90171ee0,600438,profit_sheet_report,2012-03-31,2012-04-28,2026-07-27,False,available,data/raw/stock_profit_sheet_by_report_em/run_id=62bbe9df-6ed8-48d5-a06b-10fb90171ee0/symbol=600438/data.parquet,
62bbe9df-6ed8-48d5-a06b-10fb90171ee0,600438,profit_sheet_report,2011-12-31,2012-04-28,2026-07-27,False,available,data/raw/stock_profit_sheet_by_report_em/run_id=62bbe9df-6ed8-48d5-a06b-10fb90171ee0/symbol=600438/data.parquet,
62bbe9df-6ed8-48d5-a06b-10fb90171ee0,600438,profit_sheet_report,2011-09-30,2011-10-28,2026-07-27,False,available,data/raw/stock_profit_sheet_by_report_em/run_id=62bbe9df-6ed8-48d5-a06b-10fb90171ee0/symbol=600438/data.parquet,
62bbe9df-6ed8-48d5-a06b-10fb90171ee0,600438,profit_sheet_report,2011-06-30,2011-08-23,2026-07-27,False,available,data/raw/stock_profit_sheet_by_report_em/run_id=62bbe9df-6ed8-48d5-a06b-10fb90171ee0/symbol=600438/data.parquet,
62bbe9df-6ed8-48d5-a06b-10fb90171ee0,600438,profit_sheet_report,2011-03-31,2011-04-26,2026-07-27,False,available,data/raw/stock_profit_sheet_by_report_em/run_id=62bbe9df-6ed8-48d5-a06b-10fb90171ee0/symbol=600438/data.parquet,
62bbe9df-6ed8-48d5-a06b-10fb90171ee0,600438,profit_sheet_report,2010-12-31,2011-04-19,2026-07-27,False,available,data/raw/stock_profit_sheet_by_report_em/run_id=62bbe9df-6ed8-48d5-a06b-10fb90171ee0/symbol=600438/data.parquet,
62bbe9df-6ed8-48d5-a06b-10fb90171ee0,600438,profit_sheet_report,2010-09-30,2010-10-30,2026-07-27,False,available,data/raw/stock_profit_sheet_by_report_em/run_id=62bbe9df-6ed8-48d5-a06b-10fb90171ee0/symbol=600438/data.parquet,
62bbe9df-6ed8-48d5-a06b-10fb90171ee0,600438,profit_sheet_report,2010-06-30,2010-08-24,2026-07-27,False,available,data/raw/stock_profit_sheet_by_report_em/run_id=62bbe9df-6ed8-48d5-a06b-10fb90171ee0/symbol=600438/data.parquet,
62bbe9df-6ed8-48d5-a06b-10fb90171ee0,600438,profit_sheet_report,2010-03-31,2010-04-30,2026-07-27,False,available,data/raw/stock_profit_sheet_by_report_em/run_id=62bbe9df-6ed8-48d5-a06b-10fb90171ee0/symbol=600438/data.parquet,
62bbe9df-6ed8-48d5-a06b-10fb90171ee0,600438,profit_sheet_report,2009-12-31,2011-04-19,2026-07-27,False,available,data/raw/stock_profit_sheet_by_report_em/run_id=62bbe9df-6ed8-48d5-a06b-10fb90171ee0/symbol=600438/data.parquet,
62bbe9df-6ed8-48d5-a06b-10fb90171ee0,600438,profit_sheet_report,2009-09-30,2010-10-30,2026-07-27,False,available,data/raw/stock_profit_sheet_by_report_em/run_id=62bbe9df-6ed8-48d5-a06b-10fb90171ee0/symbol=600438/data.parquet,
62bbe9df-6ed8-48d5-a06b-10fb90171ee0,600438,profit_sheet_report,2009-06-30,2010-08-24,2026-07-27,False,available,data/raw/stock_profit_sheet_by_report_em/run_id=62bbe9df-6ed8-48d5-a06b-10fb90171ee0/symbol=600438/data.parquet,
62bbe9df-6ed8-48d5-a06b-10fb90171ee0,600438,profit_sheet_report,2009-03-31,2010-04-30,2026-07-27,False,available,data/raw/stock_profit_sheet_by_report_em/run_id=62bbe9df-6ed8-48d5-a06b-10fb90171ee0/symbol=600438/data.parquet,
62bbe9df-6ed8-48d5-a06b-10fb90171ee0,600438,profit_sheet_report,2008-12-31,2010-04-07,2026-07-27,False,available,data/raw/stock_profit_sheet_by_report_em/run_id=62bbe9df-6ed8-48d5-a06b-10fb90171ee0/symbol=600438/data.parquet,
62bbe9df-6ed8-48d5-a06b-10fb90171ee0,600438,profit_sheet_report,2008-09-30,2009-10-27,2026-07-27,False,available,data/raw/stock_profit_sheet_by_report_em/run_id=62bbe9df-6ed8-48d5-a06b-10fb90171ee0/symbol=600438/data.parquet,
62bbe9df-6ed8-48d5-a06b-10fb90171ee0,600438,profit_sheet_report,2008-06-30,2009-08-25,2026-07-27,False,available,data/raw/stock_profit_sheet_by_report_em/run_id=62bbe9df-6ed8-48d5-a06b-10fb90171ee0/symbol=600438/data.parquet,
62bbe9df-6ed8-48d5-a06b-10fb90171ee0,600438,profit_sheet_report,2008-03-31,2009-04-30,2026-07-27,False,available,data/raw/stock_profit_sheet_by_report_em/run_id=62bbe9df-6ed8-48d5-a06b-10fb90171ee0/symbol=600438/data.parquet,
62bbe9df-6ed8-48d5-a06b-10fb90171ee0,600438,profit_sheet_report,2007-12-31,2009-04-30,2026-07-27,False,available,data/raw/stock_profit_sheet_by_report_em/run_id=62bbe9df-6ed8-48d5-a06b-10fb90171ee0/symbol=600438/data.parquet,
62bbe9df-6ed8-48d5-a06b-10fb90171ee0,600438,profit_sheet_report,2007-09-30,2008-10-31,2026-07-27,False,available,data/raw/stock_profit_sheet_by_report_em/run_id=62bbe9df-6ed8-48d5-a06b-10fb90171ee0/symbol=600438/data.parquet,
62bbe9df-6ed8-48d5-a06b-10fb90171ee0,600438,profit_sheet_report,2007-06-30,2008-07-22,2026-07-27,False,available,data/raw/stock_profit_sheet_by_report_em/run_id=62bbe9df-6ed8-48d5-a06b-10fb90171ee0/symbol=600438/data.parquet,
62bbe9df-6ed8-48d5-a06b-10fb90171ee0,600438,profit_sheet_report,2007-03-31,2008-04-30,2026-07-27,False,available,data/raw/stock_profit_sheet_by_report_em/run_id=62bbe9df-6ed8-48d5-a06b-10fb90171ee0/symbol=600438/data.parquet,
62bbe9df-6ed8-48d5-a06b-10fb90171ee0,600438,profit_sheet_report,2006-12-31,2008-02-05,2026-07-27,False,available,data/raw/stock_profit_sheet_by_report_em/run_id=62bbe9df-6ed8-48d5-a06b-10fb90171ee0/symbol=600438/data.parquet,
62bbe9df-6ed8-48d5-a06b-10fb90171ee0,600438,profit_sheet_report,2006-09-30,2007-10-30,2026-07-27,False,available,data/raw/stock_profit_sheet_by_report_em/run_id=62bbe9df-6ed8-48d5-a06b-10fb90171ee0/symbol=600438/data.parquet,
62bbe9df-6ed8-48d5-a06b-10fb90171ee0,600438,profit_sheet_report,2006-06-30,2007-07-31,2026-07-27,False,available,data/raw/stock_profit_sheet_by_report_em/run_id=62bbe9df-6ed8-48d5-a06b-10fb90171ee0/symbol=600438/data.parquet,
62bbe9df-6ed8-48d5-a06b-10fb90171ee0,600438,profit_sheet_report,2006-03-31,2007-04-27,2026-07-27,False,available,data/raw/stock_profit_sheet_by_report_em/run_id=62bbe9df-6ed8-48d5-a06b-10fb90171ee0/symbol=600438/data.parquet,
62bbe9df-6ed8-48d5-a06b-10fb90171ee0,600438,profit_sheet_report,2005-12-31,2007-04-10,2026-07-27,False,available,data/raw/stock_profit_sheet_by_report_em/run_id=62bbe9df-6ed8-48d5-a06b-10fb90171ee0/symbol=600438/data.parquet,
62bbe9df-6ed8-48d5-a06b-10fb90171ee0,600438,profit_sheet_report,2005-09-30,2006-10-24,2026-07-27,False,available,data/raw/stock_profit_sheet_by_report_em/run_id=62bbe9df-6ed8-48d5-a06b-10fb90171ee0/symbol=600438/data.parquet,
62bbe9df-6ed8-48d5-a06b-10fb90171ee0,600438,profit_sheet_report,2005-06-30,2006-08-01,2026-07-27,False,available,data/raw/stock_profit_sheet_by_report_em/run_id=62bbe9df-6ed8-48d5-a06b-10fb90171ee0/symbol=600438/data.parquet,
62bbe9df-6ed8-48d5-a06b-10fb90171ee0,600438,profit_sheet_report,2005-03-31,2006-04-26,2026-07-27,False,available,data/raw/stock_profit_sheet_by_report_em/run_id=62bbe9df-6ed8-48d5-a06b-10fb90171ee0/symbol=600438/data.parquet,
62bbe9df-6ed8-48d5-a06b-10fb90171ee0,600438,profit_sheet_report,2004-12-31,2006-03-21,2026-07-27,False,available,data/raw/stock_profit_sheet_by_report_em/run_id=62bbe9df-6ed8-48d5-a06b-10fb90171ee0/symbol=600438/data.parquet,
62bbe9df-6ed8-48d5-a06b-10fb90171ee0,600438,profit_sheet_report,2004-09-30,2005-10-21,2026-07-27,False,available,data/raw/stock_profit_sheet_by_report_em/run_id=62bbe9df-6ed8-48d5-a06b-10fb90171ee0/symbol=600438/data.parquet,
62bbe9df-6ed8-48d5-a06b-10fb90171ee0,600438,profit_sheet_report,2004-06-30,2005-07-20,2026-07-27,False,available,data/raw/stock_profit_sheet_by_report_em/run_id=62bbe9df-6ed8-48d5-a06b-10fb90171ee0/symbol=600438/data.parquet,
62bbe9df-6ed8-48d5-a06b-10fb90171ee0,600438,profit_sheet_report,2004-03-31,2005-04-19,2026-07-27,False,available,data/raw/stock_profit_sheet_by_report_em/run_id=62bbe9df-6ed8-48d5-a06b-10fb90171ee0/symbol=600438/data.parquet,
62bbe9df-6ed8-48d5-a06b-10fb90171ee0,600438,profit_sheet_report,2003-12-31,2005-04-19,2026-07-27,False,available,data/raw/stock_profit_sheet_by_report_em/run_id=62bbe9df-6ed8-48d5-a06b-10fb90171ee0/symbol=600438/data.parquet,
62bbe9df-6ed8-48d5-a06b-10fb90171ee0,600438,profit_sheet_report,2003-09-30,2004-10-22,2026-07-27,False,available,data/raw/stock_profit_sheet_by_report_em/run_id=62bbe9df-6ed8-48d5-a06b-10fb90171ee0/symbol=600438/data.parquet,
62bbe9df-6ed8-48d5-a06b-10fb90171ee0,600438,profit_sheet_report,2003-06-30,2004-07-27,2026-07-27,False,available,data/raw/stock_profit_sheet_by_report_em/run_id=62bbe9df-6ed8-48d5-a06b-10fb90171ee0/symbol=600438/data.parquet,
62bbe9df-6ed8-48d5-a06b-10fb90171ee0,600438,profit_sheet_report,2003-03-31,2004-04-27,2026-07-27,False,available,data/raw/stock_profit_sheet_by_report_em/run_id=62bbe9df-6ed8-48d5-a06b-10fb90171ee0/symbol=600438/data.parquet,
62bbe9df-6ed8-48d5-a06b-10fb90171ee0,600438,profit_sheet_report,2002-12-31,2004-03-18,2026-07-27,False,available,data/raw/stock_profit_sheet_by_report_em/run_id=62bbe9df-6ed8-48d5-a06b-10fb90171ee0/symbol=600438/data.parquet,
62bbe9df-6ed8-48d5-a06b-10fb90171ee0,600438,profit_sheet_report,2001-12-31,2004-03-18,2026-07-27,False,available,data/raw/stock_profit_sheet_by_report_em/run_id=62bbe9df-6ed8-48d5-a06b-10fb90171ee0/symbol=600438/data.parquet,
62bbe9df-6ed8-48d5-a06b-10fb90171ee0,600438,profit_sheet_report,2000-12-31,2004-02-11,2026-07-27,False,available,data/raw/stock_profit_sheet_by_report_em/run_id=62bbe9df-6ed8-48d5-a06b-10fb90171ee0/symbol=600438/data.parquet,
62bbe9df-6ed8-48d5-a06b-10fb90171ee0,600438,cashflow_sheet_report,2026-03-31,2026-04-30,2026-07-27,False,available,data/raw/stock_cash_flow_sheet_by_report_em/run_id=62bbe9df-6ed8-48d5-a06b-10fb90171ee0/symbol=600438/data.parquet,
62bbe9df-6ed8-48d5-a06b-10fb90171ee0,600438,cashflow_sheet_report,2025-12-31,2026-04-30,2026-07-27,False,available,data/raw/stock_cash_flow_sheet_by_report_em/run_id=62bbe9df-6ed8-48d5-a06b-10fb90171ee0/symbol=600438/data.parquet,
62bbe9df-6ed8-48d5-a06b-10fb90171ee0,600438,cashflow_sheet_report,2025-09-30,2025-10-25,2026-07-27,False,available,data/raw/stock_cash_flow_sheet_by_report_em/run_id=62bbe9df-6ed8-48d5-a06b-10fb90171ee0/symbol=600438/data.parquet,
62bbe9df-6ed8-48d5-a06b-10fb90171ee0,600438,cashflow_sheet_report,2025-06-30,2025-08-23,2026-07-27,False,available,data/raw/stock_cash_flow_sheet_by_report_em/run_id=62bbe9df-6ed8-48d5-a06b-10fb90171ee0/symbol=600438/data.parquet,
62bbe9df-6ed8-48d5-a06b-10fb90171ee0,600438,cashflow_sheet_report,2025-03-31,2025-04-30,2026-07-27,False,available,data/raw/stock_cash_flow_sheet_by_report_em/run_id=62bbe9df-6ed8-48d5-a06b-10fb90171ee0/symbol=600438/data.parquet,
62bbe9df-6ed8-48d5-a06b-10fb90171ee0,600438,cashflow_sheet_report,2024-12-31,2025-04-30,2026-07-27,False,available,data/raw/stock_cash_flow_sheet_by_report_em/run_id=62bbe9df-6ed8-48d5-a06b-10fb90171ee0/symbol=600438/data.parquet,
62bbe9df-6ed8-48d5-a06b-10fb90171ee0,600438,cashflow_sheet_report,2024-09-30,2024-10-31,2026-07-27,False,available,data/raw/stock_cash_flow_sheet_by_report_em/run_id=62bbe9df-6ed8-48d5-a06b-10fb90171ee0/symbol=600438/data.parquet,
62bbe9df-6ed8-48d5-a06b-10fb90171ee0,600438,cashflow_sheet_report,2024-06-30,2024-08-31,2026-07-27,False,available,data/raw/stock_cash_flow_sheet_by_report_em/run_id=62bbe9df-6ed8-48d5-a06b-10fb90171ee0/symbol=600438/data.parquet,
62bbe9df-6ed8-48d5-a06b-10fb90171ee0,600438,cashflow_sheet_report,2024-03-31,2024-04-30,2026-07-27,False,available,data/raw/stock_cash_flow_sheet_by_report_em/run_id=62bbe9df-6ed8-48d5-a06b-10fb90171ee0/symbol=600438/data.parquet,
62bbe9df-6ed8-48d5-a06b-10fb90171ee0,600438,cashflow_sheet_report,2023-12-31,2024-04-30,2026-07-27,False,available,data/raw/stock_cash_flow_sheet_by_report_em/run_id=62bbe9df-6ed8-48d5-a06b-10fb90171ee0/symbol=600438/data.parquet,
62bbe9df-6ed8-48d5-a06b-10fb90171ee0,600438,cashflow_sheet_report,2023-09-30,2023-10-26,2026-07-27,False,available,data/raw/stock_cash_flow_sheet_by_report_em/run_id=62bbe9df-6ed8-48d5-a06b-10fb90171ee0/symbol=600438/data.parquet,
62bbe9df-6ed8-48d5-a06b-10fb90171ee0,600438,cashflow_sheet_report,2023-06-30,2023-08-22,2026-07-27,False,available,data/raw/stock_cash_flow_sheet_by_report_em/run_id=62bbe9df-6ed8-48d5-a06b-10fb90171ee0/symbol=600438/data.parquet,
62bbe9df-6ed8-48d5-a06b-10fb90171ee0,600438,cashflow_sheet_report,2023-03-31,2023-04-25,2026-07-27,False,available,data/raw/stock_cash_flow_sheet_by_report_em/run_id=62bbe9df-6ed8-48d5-a06b-10fb90171ee0/symbol=600438/data.parquet,
62bbe9df-6ed8-48d5-a06b-10fb90171ee0,600438,cashflow_sheet_report,2022-12-31,2023-04-25,2026-07-27,False,available,data/raw/stock_cash_flow_sheet_by_report_em/run_id=62bbe9df-6ed8-48d5-a06b-10fb90171ee0/symbol=600438/data.parquet,
62bbe9df-6ed8-48d5-a06b-10fb90171ee0,600438,cashflow_sheet_report,2022-09-30,2022-10-26,2026-07-27,False,available,data/raw/stock_cash_flow_sheet_by_report_em/run_id=62bbe9df-6ed8-48d5-a06b-10fb90171ee0/symbol=600438/data.parquet,
62bbe9df-6ed8-48d5-a06b-10fb90171ee0,600438,cashflow_sheet_report,2022-06-30,2022-08-18,2026-07-27,False,available,data/raw/stock_cash_flow_sheet_by_report_em/run_id=62bbe9df-6ed8-48d5-a06b-10fb90171ee0/symbol=600438/data.parquet,
62bbe9df-6ed8-48d5-a06b-10fb90171ee0,600438,cashflow_sheet_report,2022-03-31,2022-04-26,2026-07-27,False,available,data/raw/stock_cash_flow_sheet_by_report_em/run_id=62bbe9df-6ed8-48d5-a06b-10fb90171ee0/symbol=600438/data.parquet,
62bbe9df-6ed8-48d5-a06b-10fb90171ee0,600438,cashflow_sheet_report,2021-12-31,2022-04-26,2026-07-27,False,available,data/raw/stock_cash_flow_sheet_by_report_em/run_id=62bbe9df-6ed8-48d5-a06b-10fb90171ee0/symbol=600438/data.parquet,
62bbe9df-6ed8-48d5-a06b-10fb90171ee0,600438,cashflow_sheet_report,2021-09-30,2021-10-26,2026-07-27,False,available,data/raw/stock_cash_flow_sheet_by_report_em/run_id=62bbe9df-6ed8-48d5-a06b-10fb90171ee0/symbol=600438/data.parquet,
62bbe9df-6ed8-48d5-a06b-10fb90171ee0,600438,cashflow_sheet_report,2021-06-30,2021-08-18,2026-07-27,False,available,data/raw/stock_cash_flow_sheet_by_report_em/run_id=62bbe9df-6ed8-48d5-a06b-10fb90171ee0/symbol=600438/data.parquet,
62bbe9df-6ed8-48d5-a06b-10fb90171ee0,600438,cashflow_sheet_report,2021-03-31,2021-04-13,2026-07-27,False,available,data/raw/stock_cash_flow_sheet_by_report_em/run_id=62bbe9df-6ed8-48d5-a06b-10fb90171ee0/symbol=600438/data.parquet,
62bbe9df-6ed8-48d5-a06b-10fb90171ee0,600438,cashflow_sheet_report,2020-12-31,2021-04-13,2026-07-27,False,available,data/raw/stock_cash_flow_sheet_by_report_em/run_id=62bbe9df-6ed8-48d5-a06b-10fb90171ee0/symbol=600438/data.parquet,
62bbe9df-6ed8-48d5-a06b-10fb90171ee0,600438,cashflow_sheet_report,2020-09-30,2020-10-23,2026-07-27,False,available,data/raw/stock_cash_flow_sheet_by_report_em/run_id=62bbe9df-6ed8-48d5-a06b-10fb90171ee0/symbol=600438/data.parquet,
62bbe9df-6ed8-48d5-a06b-10fb90171ee0,600438,cashflow_sheet_report,2020-06-30,2020-08-08,2026-07-27,False,available,data/raw/stock_cash_flow_sheet_by_report_em/run_id=62bbe9df-6ed8-48d5-a06b-10fb90171ee0/symbol=600438/data.parquet,
62bbe9df-6ed8-48d5-a06b-10fb90171ee0,600438,cashflow_sheet_report,2020-03-31,2020-04-21,2026-07-27,False,available,data/raw/stock_cash_flow_sheet_by_report_em/run_id=62bbe9df-6ed8-48d5-a06b-10fb90171ee0/symbol=600438/data.parquet,
62bbe9df-6ed8-48d5-a06b-10fb90171ee0,600438,cashflow_sheet_report,2019-12-31,2020-04-21,2026-07-27,False,available,data/raw/stock_cash_flow_sheet_by_report_em/run_id=62bbe9df-6ed8-48d5-a06b-10fb90171ee0/symbol=600438/data.parquet,
62bbe9df-6ed8-48d5-a06b-10fb90171ee0,600438,cashflow_sheet_report,2019-09-30,2019-10-25,2026-07-27,False,available,data/raw/stock_cash_flow_sheet_by_report_em/run_id=62bbe9df-6ed8-48d5-a06b-10fb90171ee0/symbol=600438/data.parquet,
62bbe9df-6ed8-48d5-a06b-10fb90171ee0,600438,cashflow_sheet_report,2019-06-30,2019-08-15,2026-07-27,False,available,data/raw/stock_cash_flow_sheet_by_report_em/run_id=62bbe9df-6ed8-48d5-a06b-10fb90171ee0/symbol=600438/data.parquet,
62bbe9df-6ed8-48d5-a06b-10fb90171ee0,600438,cashflow_sheet_report,2019-03-31,2019-04-18,2026-07-27,False,available,data/raw/stock_cash_flow_sheet_by_report_em/run_id=62bbe9df-6ed8-48d5-a06b-10fb90171ee0/symbol=600438/data.parquet,
62bbe9df-6ed8-48d5-a06b-10fb90171ee0,600438,cashflow_sheet_report,2018-12-31,2019-04-18,2026-07-27,False,available,data/raw/stock_cash_flow_sheet_by_report_em/run_id=62bbe9df-6ed8-48d5-a06b-10fb90171ee0/symbol=600438/data.parquet,
62bbe9df-6ed8-48d5-a06b-10fb90171ee0,600438,cashflow_sheet_report,2018-09-30,2018-10-27,2026-07-27,False,available,data/raw/stock_cash_flow_sheet_by_report_em/run_id=62bbe9df-6ed8-48d5-a06b-10fb90171ee0/symbol=600438/data.parquet,
62bbe9df-6ed8-48d5-a06b-10fb90171ee0,600438,cashflow_sheet_report,2018-06-30,2018-08-18,2026-07-27,False,available,data/raw/stock_cash_flow_sheet_by_report_em/run_id=62bbe9df-6ed8-48d5-a06b-10fb90171ee0/symbol=600438/data.parquet,
62bbe9df-6ed8-48d5-a06b-10fb90171ee0,600438,cashflow_sheet_report,2018-03-31,2018-04-18,2026-07-27,False,available,data/raw/stock_cash_flow_sheet_by_report_em/run_id=62bbe9df-6ed8-48d5-a06b-10fb90171ee0/symbol=600438/data.parquet,
62bbe9df-6ed8-48d5-a06b-10fb90171ee0,600438,cashflow_sheet_report,2017-12-31,2018-03-30,2026-07-27,False,available,data/raw/stock_cash_flow_sheet_by_report_em/run_id=62bbe9df-6ed8-48d5-a06b-10fb90171ee0/symbol=600438/data.parquet,
62bbe9df-6ed8-48d5-a06b-10fb90171ee0,600438,cashflow_sheet_report,2017-09-30,2017-10-23,2026-07-27,False,available,data/raw/stock_cash_flow_sheet_by_report_em/run_id=62bbe9df-6ed8-48d5-a06b-10fb90171ee0/symbol=600438/data.parquet,
62bbe9df-6ed8-48d5-a06b-10fb90171ee0,600438,cashflow_sheet_report,2017-06-30,2017-08-22,2026-07-27,False,available,data/raw/stock_cash_flow_sheet_by_report_em/run_id=62bbe9df-6ed8-48d5-a06b-10fb90171ee0/symbol=600438/data.parquet,
62bbe9df-6ed8-48d5-a06b-10fb90171ee0,600438,cashflow_sheet_report,2017-03-31,2017-04-25,2026-07-27,False,available,data/raw/stock_cash_flow_sheet_by_report_em/run_id=62bbe9df-6ed8-48d5-a06b-10fb90171ee0/symbol=600438/data.parquet,
62bbe9df-6ed8-48d5-a06b-10fb90171ee0,600438,cashflow_sheet_report,2016-12-31,2017-04-15,2026-07-27,False,available,data/raw/stock_cash_flow_sheet_by_report_em/run_id=62bbe9df-6ed8-48d5-a06b-10fb90171ee0/symbol=600438/data.parquet,
62bbe9df-6ed8-48d5-a06b-10fb90171ee0,600438,cashflow_sheet_report,2016-09-30,2016-10-31,2026-07-27,False,available,data/raw/stock_cash_flow_sheet_by_report_em/run_id=62bbe9df-6ed8-48d5-a06b-10fb90171ee0/symbol=600438/data.parquet,
62bbe9df-6ed8-48d5-a06b-10fb90171ee0,600438,cashflow_sheet_report,2016-06-30,2016-08-30,2026-07-27,False,available,data/raw/stock_cash_flow_sheet_by_report_em/run_id=62bbe9df-6ed8-48d5-a06b-10fb90171ee0/symbol=600438/data.parquet,
62bbe9df-6ed8-48d5-a06b-10fb90171ee0,600438,cashflow_sheet_report,2016-03-31,2016-04-30,2026-07-27,False,available,data/raw/stock_cash_flow_sheet_by_report_em/run_id=62bbe9df-6ed8-48d5-a06b-10fb90171ee0/symbol=600438/data.parquet,
62bbe9df-6ed8-48d5-a06b-10fb90171ee0,600438,cashflow_sheet_report,2015-12-31,2016-04-12,2026-07-27,False,available,data/raw/stock_cash_flow_sheet_by_report_em/run_id=62bbe9df-6ed8-48d5-a06b-10fb90171ee0/symbol=600438/data.parquet,
62bbe9df-6ed8-48d5-a06b-10fb90171ee0,600438,cashflow_sheet_report,2015-09-30,2015-10-28,2026-07-27,False,available,data/raw/stock_cash_flow_sheet_by_report_em/run_id=62bbe9df-6ed8-48d5-a06b-10fb90171ee0/symbol=600438/data.parquet,
62bbe9df-6ed8-48d5-a06b-10fb90171ee0,600438,cashflow_sheet_report,2015-06-30,2015-08-18,2026-07-27,False,available,data/raw/stock_cash_flow_sheet_by_report_em/run_id=62bbe9df-6ed8-48d5-a06b-10fb90171ee0/symbol=600438/data.parquet,
62bbe9df-6ed8-48d5-a06b-10fb90171ee0,600438,cashflow_sheet_report,2015-03-31,2015-04-28,2026-07-27,False,available,data/raw/stock_cash_flow_sheet_by_report_em/run_id=62bbe9df-6ed8-48d5-a06b-10fb90171ee0/symbol=600438/data.parquet,
62bbe9df-6ed8-48d5-a06b-10fb90171ee0,600438,cashflow_sheet_report,2014-12-31,2015-03-31,2026-07-27,False,available,data/raw/stock_cash_flow_sheet_by_report_em/run_id=62bbe9df-6ed8-48d5-a06b-10fb90171ee0/symbol=600438/data.parquet,
62bbe9df-6ed8-48d5-a06b-10fb90171ee0,600438,cashflow_sheet_report,2014-09-30,2014-10-30,2026-07-27,False,available,data/raw/stock_cash_flow_sheet_by_report_em/run_id=62bbe9df-6ed8-48d5-a06b-10fb90171ee0/symbol=600438/data.parquet,
62bbe9df-6ed8-48d5-a06b-10fb90171ee0,600438,cashflow_sheet_report,2014-06-30,2014-08-30,2026-07-27,False,available,data/raw/stock_cash_flow_sheet_by_report_em/run_id=62bbe9df-6ed8-48d5-a06b-10fb90171ee0/symbol=600438/data.parquet,
62bbe9df-6ed8-48d5-a06b-10fb90171ee0,600438,cashflow_sheet_report,2014-03-31,2014-04-28,2026-07-27,False,available,data/raw/stock_cash_flow_sheet_by_report_em/run_id=62bbe9df-6ed8-48d5-a06b-10fb90171ee0/symbol=600438/data.parquet,
62bbe9df-6ed8-48d5-a06b-10fb90171ee0,600438,cashflow_sheet_report,2013-12-31,2014-04-15,2026-07-27,False,available,data/raw/stock_cash_flow_sheet_by_report_em/run_id=62bbe9df-6ed8-48d5-a06b-10fb90171ee0/symbol=600438/data.parquet,
62bbe9df-6ed8-48d5-a06b-10fb90171ee0,600438,cashflow_sheet_report,2013-09-30,2013-10-18,2026-07-27,False,available,data/raw/stock_cash_flow_sheet_by_report_em/run_id=62bbe9df-6ed8-48d5-a06b-10fb90171ee0/symbol=600438/data.parquet,
62bbe9df-6ed8-48d5-a06b-10fb90171ee0,600438,cashflow_sheet_report,2013-06-30,2013-08-27,2026-07-27,False,available,data/raw/stock_cash_flow_sheet_by_report_em/run_id=62bbe9df-6ed8-48d5-a06b-10fb90171ee0/symbol=600438/data.parquet,
62bbe9df-6ed8-48d5-a06b-10fb90171ee0,600438,cashflow_sheet_report,2013-03-31,2013-04-27,2026-07-27,False,available,data/raw/stock_cash_flow_sheet_by_report_em/run_id=62bbe9df-6ed8-48d5-a06b-10fb90171ee0/symbol=600438/data.parquet,
62bbe9df-6ed8-48d5-a06b-10fb90171ee0,600438,cashflow_sheet_report,2012-12-31,2013-04-16,2026-07-27,False,available,data/raw/stock_cash_flow_sheet_by_report_em/run_id=62bbe9df-6ed8-48d5-a06b-10fb90171ee0/symbol=600438/data.parquet,
62bbe9df-6ed8-48d5-a06b-10fb90171ee0,600438,cashflow_sheet_report,2012-09-30,2012-10-30,2026-07-27,False,available,data/raw/stock_cash_flow_sheet_by_report_em/run_id=62bbe9df-6ed8-48d5-a06b-10fb90171ee0/symbol=600438/data.parquet,
62bbe9df-6ed8-48d5-a06b-10fb90171ee0,600438,cashflow_sheet_report,2012-06-30,2012-08-17,2026-07-27,False,available,data/raw/stock_cash_flow_sheet_by_report_em/run_id=62bbe9df-6ed8-48d5-a06b-10fb90171ee0/symbol=600438/data.parquet,
62bbe9df-6ed8-48d5-a06b-10fb90171ee0,600438,cashflow_sheet_report,2012-03-31,2012-04-28,2026-07-27,False,available,data/raw/stock_cash_flow_sheet_by_report_em/run_id=62bbe9df-6ed8-48d5-a06b-10fb90171ee0/symbol=600438/data.parquet,
62bbe9df-6ed8-48d5-a06b-10fb90171ee0,600438,cashflow_sheet_report,2011-12-31,2012-04-28,2026-07-27,False,available,data/raw/stock_cash_flow_sheet_by_report_em/run_id=62bbe9df-6ed8-48d5-a06b-10fb90171ee0/symbol=600438/data.parquet,
62bbe9df-6ed8-48d5-a06b-10fb90171ee0,600438,cashflow_sheet_report,2011-09-30,2011-10-28,2026-07-27,False,available,data/raw/stock_cash_flow_sheet_by_report_em/run_id=62bbe9df-6ed8-48d5-a06b-10fb90171ee0/symbol=600438/data.parquet,
62bbe9df-6ed8-48d5-a06b-10fb90171ee0,600438,cashflow_sheet_report,2011-06-30,2011-08-23,2026-07-27,False,available,data/raw/stock_cash_flow_sheet_by_report_em/run_id=62bbe9df-6ed8-48d5-a06b-10fb90171ee0/symbol=600438/data.parquet,
62bbe9df-6ed8-48d5-a06b-10fb90171ee0,600438,cashflow_sheet_report,2011-03-31,2011-04-26,2026-07-27,False,available,data/raw/stock_cash_flow_sheet_by_report_em/run_id=62bbe9df-6ed8-48d5-a06b-10fb90171ee0/symbol=600438/data.parquet,
62bbe9df-6ed8-48d5-a06b-10fb90171ee0,600438,cashflow_sheet_report,2010-12-31,2011-04-19,2026-07-27,False,available,data/raw/stock_cash_flow_sheet_by_report_em/run_id=62bbe9df-6ed8-48d5-a06b-10fb90171ee0/symbol=600438/data.parquet,
62bbe9df-6ed8-48d5-a06b-10fb90171ee0,600438,cashflow_sheet_report,2010-09-30,2010-10-30,2026-07-27,False,available,data/raw/stock_cash_flow_sheet_by_report_em/run_id=62bbe9df-6ed8-48d5-a06b-10fb90171ee0/symbol=600438/data.parquet,
62bbe9df-6ed8-48d5-a06b-10fb90171ee0,600438,cashflow_sheet_report,2010-06-30,2010-08-24,2026-07-27,False,available,data/raw/stock_cash_flow_sheet_by_report_em/run_id=62bbe9df-6ed8-48d5-a06b-10fb90171ee0/symbol=600438/data.parquet,
62bbe9df-6ed8-48d5-a06b-10fb90171ee0,600438,cashflow_sheet_report,2010-03-31,2010-04-30,2026-07-27,False,available,data/raw/stock_cash_flow_sheet_by_report_em/run_id=62bbe9df-6ed8-48d5-a06b-10fb90171ee0/symbol=600438/data.parquet,
62bbe9df-6ed8-48d5-a06b-10fb90171ee0,600438,cashflow_sheet_report,2009-12-31,2011-04-19,2026-07-27,False,available,data/raw/stock_cash_flow_sheet_by_report_em/run_id=62bbe9df-6ed8-48d5-a06b-10fb90171ee0/symbol=600438/data.parquet,
62bbe9df-6ed8-48d5-a06b-10fb90171ee0,600438,cashflow_sheet_report,2009-09-30,2010-10-30,2026-07-27,False,available,data/raw/stock_cash_flow_sheet_by_report_em/run_id=62bbe9df-6ed8-48d5-a06b-10fb90171ee0/symbol=600438/data.parquet,
62bbe9df-6ed8-48d5-a06b-10fb90171ee0,600438,cashflow_sheet_report,2009-06-30,2010-08-24,2026-07-27,False,available,data/raw/stock_cash_flow_sheet_by_report_em/run_id=62bbe9df-6ed8-48d5-a06b-10fb90171ee0/symbol=600438/data.parquet,
62bbe9df-6ed8-48d5-a06b-10fb90171ee0,600438,cashflow_sheet_report,2009-03-31,2010-04-30,2026-07-27,False,available,data/raw/stock_cash_flow_sheet_by_report_em/run_id=62bbe9df-6ed8-48d5-a06b-10fb90171ee0/symbol=600438/data.parquet,
62bbe9df-6ed8-48d5-a06b-10fb90171ee0,600438,cashflow_sheet_report,2008-12-31,2010-04-07,2026-07-27,False,available,data/raw/stock_cash_flow_sheet_by_report_em/run_id=62bbe9df-6ed8-48d5-a06b-10fb90171ee0/symbol=600438/data.parquet,
62bbe9df-6ed8-48d5-a06b-10fb90171ee0,600438,cashflow_sheet_report,2008-09-30,2009-10-27,2026-07-27,False,available,data/raw/stock_cash_flow_sheet_by_report_em/run_id=62bbe9df-6ed8-48d5-a06b-10fb90171ee0/symbol=600438/data.parquet,
62bbe9df-6ed8-48d5-a06b-10fb90171ee0,600438,cashflow_sheet_report,2008-06-30,2009-08-25,2026-07-27,False,available,data/raw/stock_cash_flow_sheet_by_report_em/run_id=62bbe9df-6ed8-48d5-a06b-10fb90171ee0/symbol=600438/data.parquet,
62bbe9df-6ed8-48d5-a06b-10fb90171ee0,600438,cashflow_sheet_report,2008-03-31,2009-04-30,2026-07-27,False,available,data/raw/stock_cash_flow_sheet_by_report_em/run_id=62bbe9df-6ed8-48d5-a06b-10fb90171ee0/symbol=600438/data.parquet,
62bbe9df-6ed8-48d5-a06b-10fb90171ee0,600438,cashflow_sheet_report,2007-12-31,2009-04-30,2026-07-27,False,available,data/raw/stock_cash_flow_sheet_by_report_em/run_id=62bbe9df-6ed8-48d5-a06b-10fb90171ee0/symbol=600438/data.parquet,
62bbe9df-6ed8-48d5-a06b-10fb90171ee0,600438,cashflow_sheet_report,2007-09-30,2008-10-31,2026-07-27,False,available,data/raw/stock_cash_flow_sheet_by_report_em/run_id=62bbe9df-6ed8-48d5-a06b-10fb90171ee0/symbol=600438/data.parquet,
62bbe9df-6ed8-48d5-a06b-10fb90171ee0,600438,cashflow_sheet_report,2007-06-30,2008-07-22,2026-07-27,False,available,data/raw/stock_cash_flow_sheet_by_report_em/run_id=62bbe9df-6ed8-48d5-a06b-10fb90171ee0/symbol=600438/data.parquet,
62bbe9df-6ed8-48d5-a06b-10fb90171ee0,600438,cashflow_sheet_report,2007-03-31,2008-04-30,2026-07-27,False,available,data/raw/stock_cash_flow_sheet_by_report_em/run_id=62bbe9df-6ed8-48d5-a06b-10fb90171ee0/symbol=600438/data.parquet,
62bbe9df-6ed8-48d5-a06b-10fb90171ee0,600438,cashflow_sheet_report,2006-12-31,2008-02-05,2026-07-27,False,available,data/raw/stock_cash_flow_sheet_by_report_em/run_id=62bbe9df-6ed8-48d5-a06b-10fb90171ee0/symbol=600438/data.parquet,
62bbe9df-6ed8-48d5-a06b-10fb90171ee0,600438,cashflow_sheet_report,2006-09-30,2007-10-30,2026-07-27,False,available,data/raw/stock_cash_flow_sheet_by_report_em/run_id=62bbe9df-6ed8-48d5-a06b-10fb90171ee0/symbol=600438/data.parquet,
62bbe9df-6ed8-48d5-a06b-10fb90171ee0,600438,cashflow_sheet_report,2006-06-30,2007-07-31,2026-07-27,False,available,data/raw/stock_cash_flow_sheet_by_report_em/run_id=62bbe9df-6ed8-48d5-a06b-10fb90171ee0/symbol=600438/data.parquet,
62bbe9df-6ed8-48d5-a06b-10fb90171ee0,600438,cashflow_sheet_report,2006-03-31,2007-04-27,2026-07-27,False,available,data/raw/stock_cash_flow_sheet_by_report_em/run_id=62bbe9df-6ed8-48d5-a06b-10fb90171ee0/symbol=600438/data.parquet,
62bbe9df-6ed8-48d5-a06b-10fb90171ee0,600438,cashflow_sheet_report,2005-12-31,2006-03-21,2026-07-27,False,available,data/raw/stock_cash_flow_sheet_by_report_em/run_id=62bbe9df-6ed8-48d5-a06b-10fb90171ee0/symbol=600438/data.parquet,
62bbe9df-6ed8-48d5-a06b-10fb90171ee0,600438,cashflow_sheet_report,2005-09-30,2005-10-21,2026-07-27,False,available,data/raw/stock_cash_flow_sheet_by_report_em/run_id=62bbe9df-6ed8-48d5-a06b-10fb90171ee0/symbol=600438/data.parquet,
62bbe9df-6ed8-48d5-a06b-10fb90171ee0,600438,cashflow_sheet_report,2005-06-30,2005-07-20,2026-07-27,False,available,data/raw/stock_cash_flow_sheet_by_report_em/run_id=62bbe9df-6ed8-48d5-a06b-10fb90171ee0/symbol=600438/data.parquet,
62bbe9df-6ed8-48d5-a06b-10fb90171ee0,600438,cashflow_sheet_report,2005-03-31,2005-04-19,2026-07-27,False,available,data/raw/stock_cash_flow_sheet_by_report_em/run_id=62bbe9df-6ed8-48d5-a06b-10fb90171ee0/symbol=600438/data.parquet,
62bbe9df-6ed8-48d5-a06b-10fb90171ee0,600438,cashflow_sheet_report,2004-12-31,2005-04-19,2026-07-27,False,available,data/raw/stock_cash_flow_sheet_by_report_em/run_id=62bbe9df-6ed8-48d5-a06b-10fb90171ee0/symbol=600438/data.parquet,
62bbe9df-6ed8-48d5-a06b-10fb90171ee0,600438,cashflow_sheet_report,2004-09-30,2004-10-22,2026-07-27,False,available,data/raw/stock_cash_flow_sheet_by_report_em/run_id=62bbe9df-6ed8-48d5-a06b-10fb90171ee0/symbol=600438/data.parquet,
62bbe9df-6ed8-48d5-a06b-10fb90171ee0,600438,cashflow_sheet_report,2004-06-30,2004-07-27,2026-07-27,False,available,data/raw/stock_cash_flow_sheet_by_report_em/run_id=62bbe9df-6ed8-48d5-a06b-10fb90171ee0/symbol=600438/data.parquet,
62bbe9df-6ed8-48d5-a06b-10fb90171ee0,600438,cashflow_sheet_report,2004-03-31,2004-04-27,2026-07-27,False,available,data/raw/stock_cash_flow_sheet_by_report_em/run_id=62bbe9df-6ed8-48d5-a06b-10fb90171ee0/symbol=600438/data.parquet,
62bbe9df-6ed8-48d5-a06b-10fb90171ee0,600438,cashflow_sheet_report,2003-12-31,2004-03-18,2026-07-27,False,available,data/raw/stock_cash_flow_sheet_by_report_em/run_id=62bbe9df-6ed8-48d5-a06b-10fb90171ee0/symbol=600438/data.parquet,
62bbe9df-6ed8-48d5-a06b-10fb90171ee0,600438,cashflow_sheet_report,2003-09-30,2004-02-11,2026-07-27,False,available,data/raw/stock_cash_flow_sheet_by_report_em/run_id=62bbe9df-6ed8-48d5-a06b-10fb90171ee0/symbol=600438/data.parquet,
62bbe9df-6ed8-48d5-a06b-10fb90171ee0,600438,cashflow_sheet_report,2002-12-31,2004-02-11,2026-07-27,False,available,data/raw/stock_cash_flow_sheet_by_report_em/run_id=62bbe9df-6ed8-48d5-a06b-10fb90171ee0/symbol=600438/data.parquet,
62bbe9df-6ed8-48d5-a06b-10fb90171ee0,002361,financial_abstract,,,2026-07-27,False,unavailable,data/raw/stock_financial_abstract/run_id=62bbe9df-6ed8-48d5-a06b-10fb90171ee0/symbol=002361/data.parquet,WARN: report/announcement date could not be paired
62bbe9df-6ed8-48d5-a06b-10fb90171ee0,002361,financial_indicator,,,2026-07-27,False,unavailable,data/raw/stock_financial_analysis_indicator/run_id=62bbe9df-6ed8-48d5-a06b-10fb90171ee0/symbol=002361/data.parquet,WARN: report/announcement date could not be paired
62bbe9df-6ed8-48d5-a06b-10fb90171ee0,002361,balance_sheet_report,2026-03-31,2026-04-28,2026-07-27,False,available,data/raw/stock_balance_sheet_by_report_em/run_id=62bbe9df-6ed8-48d5-a06b-10fb90171ee0/symbol=002361/data.parquet,
62bbe9df-6ed8-48d5-a06b-10fb90171ee0,002361,balance_sheet_report,2025-12-31,2026-04-28,2026-07-27,False,available,data/raw/stock_balance_sheet_by_report_em/run_id=62bbe9df-6ed8-48d5-a06b-10fb90171ee0/symbol=002361/data.parquet,
62bbe9df-6ed8-48d5-a06b-10fb90171ee0,002361,balance_sheet_report,2025-09-30,2025-10-31,2026-07-27,False,available,data/raw/stock_balance_sheet_by_report_em/run_id=62bbe9df-6ed8-48d5-a06b-10fb90171ee0/symbol=002361/data.parquet,
62bbe9df-6ed8-48d5-a06b-10fb90171ee0,002361,balance_sheet_report,2025-06-30,2025-08-28,2026-07-27,False,available,data/raw/stock_balance_sheet_by_report_em/run_id=62bbe9df-6ed8-48d5-a06b-10fb90171ee0/symbol=002361/data.parquet,
62bbe9df-6ed8-48d5-a06b-10fb90171ee0,002361,balance_sheet_report,2025-03-31,2025-04-25,2026-07-27,False,available,data/raw/stock_balance_sheet_by_report_em/run_id=62bbe9df-6ed8-48d5-a06b-10fb90171ee0/symbol=002361/data.parquet,
62bbe9df-6ed8-48d5-a06b-10fb90171ee0,002361,balance_sheet_report,2024-12-31,2025-04-25,2026-07-27,False,available,data/raw/stock_balance_sheet_by_report_em/run_id=62bbe9df-6ed8-48d5-a06b-10fb90171ee0/symbol=002361/data.parquet,
62bbe9df-6ed8-48d5-a06b-10fb90171ee0,002361,balance_sheet_report,2024-09-30,2024-10-29,2026-07-27,False,available,data/raw/stock_balance_sheet_by_report_em/run_id=62bbe9df-6ed8-48d5-a06b-10fb90171ee0/symbol=002361/data.parquet,
62bbe9df-6ed8-48d5-a06b-10fb90171ee0,002361,balance_sheet_report,2024-06-30,2024-08-29,2026-07-27,False,available,data/raw/stock_balance_sheet_by_report_em/run_id=62bbe9df-6ed8-48d5-a06b-10fb90171ee0/symbol=002361/data.parquet,
62bbe9df-6ed8-48d5-a06b-10fb90171ee0,002361,balance_sheet_report,2024-03-31,2024-04-27,2026-07-27,False,available,data/raw/stock_balance_sheet_by_report_em/run_id=62bbe9df-6ed8-48d5-a06b-10fb90171ee0/symbol=002361/data.parquet,
62bbe9df-6ed8-48d5-a06b-10fb90171ee0,002361,balance_sheet_report,2023-12-31,2024-04-27,2026-07-27,False,available,data/raw/stock_balance_sheet_by_report_em/run_id=62bbe9df-6ed8-48d5-a06b-10fb90171ee0/symbol=002361/data.parquet,
62bbe9df-6ed8-48d5-a06b-10fb90171ee0,002361,balance_sheet_report,2023-09-30,2023-10-30,2026-07-27,False,available,data/raw/stock_balance_sheet_by_report_em/run_id=62bbe9df-6ed8-48d5-a06b-10fb90171ee0/symbol=002361/data.parquet,
62bbe9df-6ed8-48d5-a06b-10fb90171ee0,002361,balance_sheet_report,2023-06-30,2023-08-30,2026-07-27,False,available,data/raw/stock_balance_sheet_by_report_em/run_id=62bbe9df-6ed8-48d5-a06b-10fb90171ee0/symbol=002361/data.parquet,
62bbe9df-6ed8-48d5-a06b-10fb90171ee0,002361,balance_sheet_report,2023-03-31,2023-04-28,2026-07-27,False,available,data/raw/stock_balance_sheet_by_report_em/run_id=62bbe9df-6ed8-48d5-a06b-10fb90171ee0/symbol=002361/data.parquet,
62bbe9df-6ed8-48d5-a06b-10fb90171ee0,002361,balance_sheet_report,2022-12-31,2023-04-28,2026-07-27,False,available,data/raw/stock_balance_sheet_by_report_em/run_id=62bbe9df-6ed8-48d5-a06b-10fb90171ee0/symbol=002361/data.parquet,
62bbe9df-6ed8-48d5-a06b-10fb90171ee0,002361,balance_sheet_report,2022-09-30,2022-10-27,2026-07-27,False,available,data/raw/stock_balance_sheet_by_report_em/run_id=62bbe9df-6ed8-48d5-a06b-10fb90171ee0/symbol=002361/data.parquet,
62bbe9df-6ed8-48d5-a06b-10fb90171ee0,002361,balance_sheet_report,2022-06-30,2022-08-27,2026-07-27,False,available,data/raw/stock_balance_sheet_by_report_em/run_id=62bbe9df-6ed8-48d5-a06b-10fb90171ee0/symbol=002361/data.parquet,
62bbe9df-6ed8-48d5-a06b-10fb90171ee0,002361,balance_sheet_report,2022-03-31,2022-04-28,2026-07-27,False,available,data/raw/stock_balance_sheet_by_report_em/run_id=62bbe9df-6ed8-48d5-a06b-10fb90171ee0/symbol=002361/data.parquet,
62bbe9df-6ed8-48d5-a06b-10fb90171ee0,002361,balance_sheet_report,2021-12-31,2022-04-28,2026-07-27,False,available,data/raw/stock_balance_sheet_by_report_em/run_id=62bbe9df-6ed8-48d5-a06b-10fb90171ee0/symbol=002361/data.parquet,
62bbe9df-6ed8-48d5-a06b-10fb90171ee0,002361,balance_sheet_report,2021-09-30,2021-10-28,2026-07-27,False,available,data/raw/stock_balance_sheet_by_report_em/run_id=62bbe9df-6ed8-48d5-a06b-10fb90171ee0/symbol=002361/data.parquet,
62bbe9df-6ed8-48d5-a06b-10fb90171ee0,002361,balance_sheet_report,2021-06-30,2021-08-25,2026-07-27,False,available,data/raw/stock_balance_sheet_by_report_em/run_id=62bbe9df-6ed8-48d5-a06b-10fb90171ee0/symbol=002361/data.parquet,
62bbe9df-6ed8-48d5-a06b-10fb90171ee0,002361,balance_sheet_report,2021-03-31,2021-04-30,2026-07-27,False,available,data/raw/stock_balance_sheet_by_report_em/run_id=62bbe9df-6ed8-48d5-a06b-10fb90171ee0/symbol=002361/data.parquet,
62bbe9df-6ed8-48d5-a06b-10fb90171ee0,002361,balance_sheet_report,2020-12-31,2021-04-30,2026-07-27,False,available,data/raw/stock_balance_sheet_by_report_em/run_id=62bbe9df-6ed8-48d5-a06b-10fb90171ee0/symbol=002361/data.parquet,
62bbe9df-6ed8-48d5-a06b-10fb90171ee0,002361,balance_sheet_report,2020-09-30,2020-10-27,2026-07-27,False,available,data/raw/stock_balance_sheet_by_report_em/run_id=62bbe9df-6ed8-48d5-a06b-10fb90171ee0/symbol=002361/data.parquet,
62bbe9df-6ed8-48d5-a06b-10fb90171ee0,002361,balance_sheet_report,2020-06-30,2020-08-31,2026-07-27,False,available,data/raw/stock_balance_sheet_by_report_em/run_id=62bbe9df-6ed8-48d5-a06b-10fb90171ee0/symbol=002361/data.parquet,
62bbe9df-6ed8-48d5-a06b-10fb90171ee0,002361,balance_sheet_report,2020-03-31,2020-04-30,2026-07-27,False,available,data/raw/stock_balance_sheet_by_report_em/run_id=62bbe9df-6ed8-48d5-a06b-10fb90171ee0/symbol=002361/data.parquet,
62bbe9df-6ed8-48d5-a06b-10fb90171ee0,002361,balance_sheet_report,2019-12-31,2020-04-30,2026-07-27,False,available,data/raw/stock_balance_sheet_by_report_em/run_id=62bbe9df-6ed8-48d5-a06b-10fb90171ee0/symbol=002361/data.parquet,
62bbe9df-6ed8-48d5-a06b-10fb90171ee0,002361,balance_sheet_report,2019-09-30,2019-10-31,2026-07-27,False,available,data/raw/stock_balance_sheet_by_report_em/run_id=62bbe9df-6ed8-48d5-a06b-10fb90171ee0/symbol=002361/data.parquet,
62bbe9df-6ed8-48d5-a06b-10fb90171ee0,002361,balance_sheet_report,2019-06-30,2019-08-29,2026-07-27,False,available,data/raw/stock_balance_sheet_by_report_em/run_id=62bbe9df-6ed8-48d5-a06b-10fb90171ee0/symbol=002361/data.parquet,
62bbe9df-6ed8-48d5-a06b-10fb90171ee0,002361,balance_sheet_report,2019-03-31,2019-04-29,2026-07-27,False,available,data/raw/stock_balance_sheet_by_report_em/run_id=62bbe9df-6ed8-48d5-a06b-10fb90171ee0/symbol=002361/data.parquet,
62bbe9df-6ed8-48d5-a06b-10fb90171ee0,002361,balance_sheet_report,2018-12-31,2019-04-29,2026-07-27,False,available,data/raw/stock_balance_sheet_by_report_em/run_id=62bbe9df-6ed8-48d5-a06b-10fb90171ee0/symbol=002361/data.parquet,
62bbe9df-6ed8-48d5-a06b-10fb90171ee0,002361,balance_sheet_report,2018-09-30,2018-10-22,2026-07-27,False,available,data/raw/stock_balance_sheet_by_report_em/run_id=62bbe9df-6ed8-48d5-a06b-10fb90171ee0/symbol=002361/data.parquet,
62bbe9df-6ed8-48d5-a06b-10fb90171ee0,002361,balance_sheet_report,2018-06-30,2018-08-29,2026-07-27,False,available,data/raw/stock_balance_sheet_by_report_em/run_id=62bbe9df-6ed8-48d5-a06b-10fb90171ee0/symbol=002361/data.parquet,
62bbe9df-6ed8-48d5-a06b-10fb90171ee0,002361,balance_sheet_report,2018-03-31,2018-04-27,2026-07-27,False,available,data/raw/stock_balance_sheet_by_report_em/run_id=62bbe9df-6ed8-48d5-a06b-10fb90171ee0/symbol=002361/data.parquet,
62bbe9df-6ed8-48d5-a06b-10fb90171ee0,002361,balance_sheet_report,2017-12-31,2018-04-11,2026-07-27,False,available,data/raw/stock_balance_sheet_by_report_em/run_id=62bbe9df-6ed8-48d5-a06b-10fb90171ee0/symbol=002361/data.parquet,
62bbe9df-6ed8-48d5-a06b-10fb90171ee0,002361,balance_sheet_report,2017-09-30,2017-10-25,2026-07-27,False,available,data/raw/stock_balance_sheet_by_report_em/run_id=62bbe9df-6ed8-48d5-a06b-10fb90171ee0/symbol=002361/data.parquet,
62bbe9df-6ed8-48d5-a06b-10fb90171ee0,002361,balance_sheet_report,2017-06-30,2017-08-28,2026-07-27,False,available,data/raw/stock_balance_sheet_by_report_em/run_id=62bbe9df-6ed8-48d5-a06b-10fb90171ee0/symbol=002361/data.parquet,
62bbe9df-6ed8-48d5-a06b-10fb90171ee0,002361,balance_sheet_report,2017-03-31,2017-04-26,2026-07-27,False,available,data/raw/stock_balance_sheet_by_report_em/run_id=62bbe9df-6ed8-48d5-a06b-10fb90171ee0/symbol=002361/data.parquet,
62bbe9df-6ed8-48d5-a06b-10fb90171ee0,002361,balance_sheet_report,2016-12-31,2017-04-26,2026-07-27,False,available,data/raw/stock_balance_sheet_by_report_em/run_id=62bbe9df-6ed8-48d5-a06b-10fb90171ee0/symbol=002361/data.parquet,
62bbe9df-6ed8-48d5-a06b-10fb90171ee0,002361,balance_sheet_report,2016-09-30,2016-10-25,2026-07-27,False,available,data/raw/stock_balance_sheet_by_report_em/run_id=62bbe9df-6ed8-48d5-a06b-10fb90171ee0/symbol=002361/data.parquet,
62bbe9df-6ed8-48d5-a06b-10fb90171ee0,002361,balance_sheet_report,2016-06-30,2016-08-25,2026-07-27,False,available,data/raw/stock_balance_sheet_by_report_em/run_id=62bbe9df-6ed8-48d5-a06b-10fb90171ee0/symbol=002361/data.parquet,
62bbe9df-6ed8-48d5-a06b-10fb90171ee0,002361,balance_sheet_report,2016-03-31,2016-04-30,2026-07-27,False,available,data/raw/stock_balance_sheet_by_report_em/run_id=62bbe9df-6ed8-48d5-a06b-10fb90171ee0/symbol=002361/data.parquet,
62bbe9df-6ed8-48d5-a06b-10fb90171ee0,002361,balance_sheet_report,2015-12-31,2016-04-21,2026-07-27,False,available,data/raw/stock_balance_sheet_by_report_em/run_id=62bbe9df-6ed8-48d5-a06b-10fb90171ee0/symbol=002361/data.parquet,
62bbe9df-6ed8-48d5-a06b-10fb90171ee0,002361,balance_sheet_report,2015-09-30,2015-10-30,2026-07-27,False,available,data/raw/stock_balance_sheet_by_report_em/run_id=62bbe9df-6ed8-48d5-a06b-10fb90171ee0/symbol=002361/data.parquet,
62bbe9df-6ed8-48d5-a06b-10fb90171ee0,002361,balance_sheet_report,2015-06-30,2015-08-24,2026-07-27,False,available,data/raw/stock_balance_sheet_by_report_em/run_id=62bbe9df-6ed8-48d5-a06b-10fb90171ee0/symbol=002361/data.parquet,
62bbe9df-6ed8-48d5-a06b-10fb90171ee0,002361,balance_sheet_report,2015-03-31,2015-04-27,2026-07-27,False,available,data/raw/stock_balance_sheet_by_report_em/run_id=62bbe9df-6ed8-48d5-a06b-10fb90171ee0/symbol=002361/data.parquet,
62bbe9df-6ed8-48d5-a06b-10fb90171ee0,002361,balance_sheet_report,2014-12-31,2015-03-18,2026-07-27,False,available,data/raw/stock_balance_sheet_by_report_em/run_id=62bbe9df-6ed8-48d5-a06b-10fb90171ee0/symbol=002361/data.parquet,
62bbe9df-6ed8-48d5-a06b-10fb90171ee0,002361,balance_sheet_report,2014-09-30,2014-10-27,2026-07-27,False,available,data/raw/stock_balance_sheet_by_report_em/run_id=62bbe9df-6ed8-48d5-a06b-10fb90171ee0/symbol=002361/data.parquet,
62bbe9df-6ed8-48d5-a06b-10fb90171ee0,002361,balance_sheet_report,2014-06-30,2014-07-31,2026-07-27,False,available,data/raw/stock_balance_sheet_by_report_em/run_id=62bbe9df-6ed8-48d5-a06b-10fb90171ee0/symbol=002361/data.parquet,
62bbe9df-6ed8-48d5-a06b-10fb90171ee0,002361,balance_sheet_report,2014-03-31,2014-04-29,2026-07-27,False,available,data/raw/stock_balance_sheet_by_report_em/run_id=62bbe9df-6ed8-48d5-a06b-10fb90171ee0/symbol=002361/data.parquet,
62bbe9df-6ed8-48d5-a06b-10fb90171ee0,002361,balance_sheet_report,2013-12-31,2014-02-28,2026-07-27,False,available,data/raw/stock_balance_sheet_by_report_em/run_id=62bbe9df-6ed8-48d5-a06b-10fb90171ee0/symbol=002361/data.parquet,
62bbe9df-6ed8-48d5-a06b-10fb90171ee0,002361,balance_sheet_report,2013-09-30,2013-10-25,2026-07-27,False,available,data/raw/stock_balance_sheet_by_report_em/run_id=62bbe9df-6ed8-48d5-a06b-10fb90171ee0/symbol=002361/data.parquet,
62bbe9df-6ed8-48d5-a06b-10fb90171ee0,002361,balance_sheet_report,2013-06-30,2013-08-17,2026-07-27,False,available,data/raw/stock_balance_sheet_by_report_em/run_id=62bbe9df-6ed8-48d5-a06b-10fb90171ee0/symbol=002361/data.parquet,
62bbe9df-6ed8-48d5-a06b-10fb90171ee0,002361,balance_sheet_report,2013-03-31,2013-04-24,2026-07-27,False,available,data/raw/stock_balance_sheet_by_report_em/run_id=62bbe9df-6ed8-48d5-a06b-10fb90171ee0/symbol=002361/data.parquet,
62bbe9df-6ed8-48d5-a06b-10fb90171ee0,002361,balance_sheet_report,2012-12-31,2013-02-28,2026-07-27,False,available,data/raw/stock_balance_sheet_by_report_em/run_id=62bbe9df-6ed8-48d5-a06b-10fb90171ee0/symbol=002361/data.parquet,
62bbe9df-6ed8-48d5-a06b-10fb90171ee0,002361,balance_sheet_report,2012-09-30,2012-10-25,2026-07-27,False,available,data/raw/stock_balance_sheet_by_report_em/run_id=62bbe9df-6ed8-48d5-a06b-10fb90171ee0/symbol=002361/data.parquet,
62bbe9df-6ed8-48d5-a06b-10fb90171ee0,002361,balance_sheet_report,2012-06-30,2012-08-13,2026-07-27,False,available,data/raw/stock_balance_sheet_by_report_em/run_id=62bbe9df-6ed8-48d5-a06b-10fb90171ee0/symbol=002361/data.parquet,
62bbe9df-6ed8-48d5-a06b-10fb90171ee0,002361,balance_sheet_report,2012-03-31,2012-04-24,2026-07-27,False,available,data/raw/stock_balance_sheet_by_report_em/run_id=62bbe9df-6ed8-48d5-a06b-10fb90171ee0/symbol=002361/data.parquet,
62bbe9df-6ed8-48d5-a06b-10fb90171ee0,002361,balance_sheet_report,2011-12-31,2012-03-15,2026-07-27,False,available,data/raw/stock_balance_sheet_by_report_em/run_id=62bbe9df-6ed8-48d5-a06b-10fb90171ee0/symbol=002361/data.parquet,
62bbe9df-6ed8-48d5-a06b-10fb90171ee0,002361,balance_sheet_report,2011-09-30,2011-10-25,2026-07-27,False,available,data/raw/stock_balance_sheet_by_report_em/run_id=62bbe9df-6ed8-48d5-a06b-10fb90171ee0/symbol=002361/data.parquet,
62bbe9df-6ed8-48d5-a06b-10fb90171ee0,002361,balance_sheet_report,2011-06-30,2011-08-16,2026-07-27,False,available,data/raw/stock_balance_sheet_by_report_em/run_id=62bbe9df-6ed8-48d5-a06b-10fb90171ee0/symbol=002361/data.parquet,
62bbe9df-6ed8-48d5-a06b-10fb90171ee0,002361,balance_sheet_report,2011-03-31,2011-04-27,2026-07-27,False,available,data/raw/stock_balance_sheet_by_report_em/run_id=62bbe9df-6ed8-48d5-a06b-10fb90171ee0/symbol=002361/data.parquet,
62bbe9df-6ed8-48d5-a06b-10fb90171ee0,002361,balance_sheet_report,2010-12-31,2011-04-27,2026-07-27,False,available,data/raw/stock_balance_sheet_by_report_em/run_id=62bbe9df-6ed8-48d5-a06b-10fb90171ee0/symbol=002361/data.parquet,
62bbe9df-6ed8-48d5-a06b-10fb90171ee0,002361,balance_sheet_report,2010-09-30,2010-10-25,2026-07-27,False,available,data/raw/stock_balance_sheet_by_report_em/run_id=62bbe9df-6ed8-48d5-a06b-10fb90171ee0/symbol=002361/data.parquet,
62bbe9df-6ed8-48d5-a06b-10fb90171ee0,002361,balance_sheet_report,2010-06-30,2010-08-25,2026-07-27,False,available,data/raw/stock_balance_sheet_by_report_em/run_id=62bbe9df-6ed8-48d5-a06b-10fb90171ee0/symbol=002361/data.parquet,
62bbe9df-6ed8-48d5-a06b-10fb90171ee0,002361,balance_sheet_report,2010-03-31,2010-04-13,2026-07-27,False,available,data/raw/stock_balance_sheet_by_report_em/run_id=62bbe9df-6ed8-48d5-a06b-10fb90171ee0/symbol=002361/data.parquet,
62bbe9df-6ed8-48d5-a06b-10fb90171ee0,002361,balance_sheet_report,2009-12-31,2011-04-27,2026-07-27,False,available,data/raw/stock_balance_sheet_by_report_em/run_id=62bbe9df-6ed8-48d5-a06b-10fb90171ee0/symbol=002361/data.parquet,
62bbe9df-6ed8-48d5-a06b-10fb90171ee0,002361,balance_sheet_report,2009-06-30,2009-11-30,2026-07-27,False,available,data/raw/stock_balance_sheet_by_report_em/run_id=62bbe9df-6ed8-48d5-a06b-10fb90171ee0/symbol=002361/data.parquet,
62bbe9df-6ed8-48d5-a06b-10fb90171ee0,002361,balance_sheet_report,2008-12-31,2010-02-02,2026-07-27,False,available,data/raw/stock_balance_sheet_by_report_em/run_id=62bbe9df-6ed8-48d5-a06b-10fb90171ee0/symbol=002361/data.parquet,
62bbe9df-6ed8-48d5-a06b-10fb90171ee0,002361,balance_sheet_report,2007-12-31,2010-02-02,2026-07-27,False,available,data/raw/stock_balance_sheet_by_report_em/run_id=62bbe9df-6ed8-48d5-a06b-10fb90171ee0/symbol=002361/data.parquet,
62bbe9df-6ed8-48d5-a06b-10fb90171ee0,002361,balance_sheet_report,2006-12-31,2009-11-30,2026-07-27,False,available,data/raw/stock_balance_sheet_by_report_em/run_id=62bbe9df-6ed8-48d5-a06b-10fb90171ee0/symbol=002361/data.parquet,
62bbe9df-6ed8-48d5-a06b-10fb90171ee0,002361,profit_sheet_report,2026-03-31,2026-04-28,2026-07-27,False,available,data/raw/stock_profit_sheet_by_report_em/run_id=62bbe9df-6ed8-48d5-a06b-10fb90171ee0/symbol=002361/data.parquet,
62bbe9df-6ed8-48d5-a06b-10fb90171ee0,002361,profit_sheet_report,2025-12-31,2026-04-28,2026-07-27,False,available,data/raw/stock_profit_sheet_by_report_em/run_id=62bbe9df-6ed8-48d5-a06b-10fb90171ee0/symbol=002361/data.parquet,
62bbe9df-6ed8-48d5-a06b-10fb90171ee0,002361,profit_sheet_report,2025-09-30,2025-10-31,2026-07-27,False,available,data/raw/stock_profit_sheet_by_report_em/run_id=62bbe9df-6ed8-48d5-a06b-10fb90171ee0/symbol=002361/data.parquet,
62bbe9df-6ed8-48d5-a06b-10fb90171ee0,002361,profit_sheet_report,2025-06-30,2025-08-28,2026-07-27,False,available,data/raw/stock_profit_sheet_by_report_em/run_id=62bbe9df-6ed8-48d5-a06b-10fb90171ee0/symbol=002361/data.parquet,
62bbe9df-6ed8-48d5-a06b-10fb90171ee0,002361,profit_sheet_report,2025-03-31,2025-04-25,2026-07-27,False,available,data/raw/stock_profit_sheet_by_report_em/run_id=62bbe9df-6ed8-48d5-a06b-10fb90171ee0/symbol=002361/data.parquet,
62bbe9df-6ed8-48d5-a06b-10fb90171ee0,002361,profit_sheet_report,2024-12-31,2025-04-25,2026-07-27,False,available,data/raw/stock_profit_sheet_by_report_em/run_id=62bbe9df-6ed8-48d5-a06b-10fb90171ee0/symbol=002361/data.parquet,
62bbe9df-6ed8-48d5-a06b-10fb90171ee0,002361,profit_sheet_report,2024-09-30,2024-10-29,2026-07-27,False,available,data/raw/stock_profit_sheet_by_report_em/run_id=62bbe9df-6ed8-48d5-a06b-10fb90171ee0/symbol=002361/data.parquet,
62bbe9df-6ed8-48d5-a06b-10fb90171ee0,002361,profit_sheet_report,2024-06-30,2024-08-29,2026-07-27,False,available,data/raw/stock_profit_sheet_by_report_em/run_id=62bbe9df-6ed8-48d5-a06b-10fb90171ee0/symbol=002361/data.parquet,
62bbe9df-6ed8-48d5-a06b-10fb90171ee0,002361,profit_sheet_report,2024-03-31,2024-04-27,2026-07-27,False,available,data/raw/stock_profit_sheet_by_report_em/run_id=62bbe9df-6ed8-48d5-a06b-10fb90171ee0/symbol=002361/data.parquet,
62bbe9df-6ed8-48d5-a06b-10fb90171ee0,002361,profit_sheet_report,2023-12-31,2024-04-27,2026-07-27,False,available,data/raw/stock_profit_sheet_by_report_em/run_id=62bbe9df-6ed8-48d5-a06b-10fb90171ee0/symbol=002361/data.parquet,
62bbe9df-6ed8-48d5-a06b-10fb90171ee0,002361,profit_sheet_report,2023-09-30,2023-10-30,2026-07-27,False,available,data/raw/stock_profit_sheet_by_report_em/run_id=62bbe9df-6ed8-48d5-a06b-10fb90171ee0/symbol=002361/data.parquet,
62bbe9df-6ed8-48d5-a06b-10fb90171ee0,002361,profit_sheet_report,2023-06-30,2023-08-30,2026-07-27,False,available,data/raw/stock_profit_sheet_by_report_em/run_id=62bbe9df-6ed8-48d5-a06b-10fb90171ee0/symbol=002361/data.parquet,
62bbe9df-6ed8-48d5-a06b-10fb90171ee0,002361,profit_sheet_report,2023-03-31,2023-04-28,2026-07-27,False,available,data/raw/stock_profit_sheet_by_report_em/run_id=62bbe9df-6ed8-48d5-a06b-10fb90171ee0/symbol=002361/data.parquet,
62bbe9df-6ed8-48d5-a06b-10fb90171ee0,002361,profit_sheet_report,2022-12-31,2023-04-28,2026-07-27,False,available,data/raw/stock_profit_sheet_by_report_em/run_id=62bbe9df-6ed8-48d5-a06b-10fb90171ee0/symbol=002361/data.parquet,
62bbe9df-6ed8-48d5-a06b-10fb90171ee0,002361,profit_sheet_report,2022-09-30,2022-10-27,2026-07-27,False,available,data/raw/stock_profit_sheet_by_report_em/run_id=62bbe9df-6ed8-48d5-a06b-10fb90171ee0/symbol=002361/data.parquet,
62bbe9df-6ed8-48d5-a06b-10fb90171ee0,002361,profit_sheet_report,2022-06-30,2022-08-27,2026-07-27,False,available,data/raw/stock_profit_sheet_by_report_em/run_id=62bbe9df-6ed8-48d5-a06b-10fb90171ee0/symbol=002361/data.parquet,
62bbe9df-6ed8-48d5-a06b-10fb90171ee0,002361,profit_sheet_report,2022-03-31,2022-04-28,2026-07-27,False,available,data/raw/stock_profit_sheet_by_report_em/run_id=62bbe9df-6ed8-48d5-a06b-10fb90171ee0/symbol=002361/data.parquet,
62bbe9df-6ed8-48d5-a06b-10fb90171ee0,002361,profit_sheet_report,2021-12-31,2022-04-28,2026-07-27,False,available,data/raw/stock_profit_sheet_by_report_em/run_id=62bbe9df-6ed8-48d5-a06b-10fb90171ee0/symbol=002361/data.parquet,
62bbe9df-6ed8-48d5-a06b-10fb90171ee0,002361,profit_sheet_report,2021-09-30,2021-10-28,2026-07-27,False,available,data/raw/stock_profit_sheet_by_report_em/run_id=62bbe9df-6ed8-48d5-a06b-10fb90171ee0/symbol=002361/data.parquet,
62bbe9df-6ed8-48d5-a06b-10fb90171ee0,002361,profit_sheet_report,2021-06-30,2021-08-25,2026-07-27,False,available,data/raw/stock_profit_sheet_by_report_em/run_id=62bbe9df-6ed8-48d5-a06b-10fb90171ee0/symbol=002361/data.parquet,
62bbe9df-6ed8-48d5-a06b-10fb90171ee0,002361,profit_sheet_report,2021-03-31,2021-04-30,2026-07-27,False,available,data/raw/stock_profit_sheet_by_report_em/run_id=62bbe9df-6ed8-48d5-a06b-10fb90171ee0/symbol=002361/data.parquet,
62bbe9df-6ed8-48d5-a06b-10fb90171ee0,002361,profit_sheet_report,2020-12-31,2021-04-30,2026-07-27,False,available,data/raw/stock_profit_sheet_by_report_em/run_id=62bbe9df-6ed8-48d5-a06b-10fb90171ee0/symbol=002361/data.parquet,
62bbe9df-6ed8-48d5-a06b-10fb90171ee0,002361,profit_sheet_report,2020-09-30,2020-10-27,2026-07-27,False,available,data/raw/stock_profit_sheet_by_report_em/run_id=62bbe9df-6ed8-48d5-a06b-10fb90171ee0/symbol=002361/data.parquet,
62bbe9df-6ed8-48d5-a06b-10fb90171ee0,002361,profit_sheet_report,2020-06-30,2020-08-31,2026-07-27,False,available,data/raw/stock_profit_sheet_by_report_em/run_id=62bbe9df-6ed8-48d5-a06b-10fb90171ee0/symbol=002361/data.parquet,
62bbe9df-6ed8-48d5-a06b-10fb90171ee0,002361,profit_sheet_report,2020-03-31,2020-04-30,2026-07-27,False,available,data/raw/stock_profit_sheet_by_report_em/run_id=62bbe9df-6ed8-48d5-a06b-10fb90171ee0/symbol=002361/data.parquet,
62bbe9df-6ed8-48d5-a06b-10fb90171ee0,002361,profit_sheet_report,2019-12-31,2020-04-30,2026-07-27,False,available,data/raw/stock_profit_sheet_by_report_em/run_id=62bbe9df-6ed8-48d5-a06b-10fb90171ee0/symbol=002361/data.parquet,
62bbe9df-6ed8-48d5-a06b-10fb90171ee0,002361,profit_sheet_report,2019-09-30,2019-10-31,2026-07-27,False,available,data/raw/stock_profit_sheet_by_report_em/run_id=62bbe9df-6ed8-48d5-a06b-10fb90171ee0/symbol=002361/data.parquet,
62bbe9df-6ed8-48d5-a06b-10fb90171ee0,002361,profit_sheet_report,2019-06-30,2019-08-29,2026-07-27,False,available,data/raw/stock_profit_sheet_by_report_em/run_id=62bbe9df-6ed8-48d5-a06b-10fb90171ee0/symbol=002361/data.parquet,
62bbe9df-6ed8-48d5-a06b-10fb90171ee0,002361,profit_sheet_report,2019-03-31,2019-04-29,2026-07-27,False,available,data/raw/stock_profit_sheet_by_report_em/run_id=62bbe9df-6ed8-48d5-a06b-10fb90171ee0/symbol=002361/data.parquet,
62bbe9df-6ed8-48d5-a06b-10fb90171ee0,002361,profit_sheet_report,2018-12-31,2019-04-29,2026-07-27,False,available,data/raw/stock_profit_sheet_by_report_em/run_id=62bbe9df-6ed8-48d5-a06b-10fb90171ee0/symbol=002361/data.parquet,
62bbe9df-6ed8-48d5-a06b-10fb90171ee0,002361,profit_sheet_report,2018-09-30,2018-10-22,2026-07-27,False,available,data/raw/stock_profit_sheet_by_report_em/run_id=62bbe9df-6ed8-48d5-a06b-10fb90171ee0/symbol=002361/data.parquet,
62bbe9df-6ed8-48d5-a06b-10fb90171ee0,002361,profit_sheet_report,2018-06-30,2018-08-29,2026-07-27,False,available,data/raw/stock_profit_sheet_by_report_em/run_id=62bbe9df-6ed8-48d5-a06b-10fb90171ee0/symbol=002361/data.parquet,
62bbe9df-6ed8-48d5-a06b-10fb90171ee0,002361,profit_sheet_report,2018-03-31,2018-04-27,2026-07-27,False,available,data/raw/stock_profit_sheet_by_report_em/run_id=62bbe9df-6ed8-48d5-a06b-10fb90171ee0/symbol=002361/data.parquet,
62bbe9df-6ed8-48d5-a06b-10fb90171ee0,002361,profit_sheet_report,2017-12-31,2018-04-11,2026-07-27,False,available,data/raw/stock_profit_sheet_by_report_em/run_id=62bbe9df-6ed8-48d5-a06b-10fb90171ee0/symbol=002361/data.parquet,
62bbe9df-6ed8-48d5-a06b-10fb90171ee0,002361,profit_sheet_report,2017-09-30,2017-10-25,2026-07-27,False,available,data/raw/stock_profit_sheet_by_report_em/run_id=62bbe9df-6ed8-48d5-a06b-10fb90171ee0/symbol=002361/data.parquet,
62bbe9df-6ed8-48d5-a06b-10fb90171ee0,002361,profit_sheet_report,2017-06-30,2017-08-28,2026-07-27,False,available,data/raw/stock_profit_sheet_by_report_em/run_id=62bbe9df-6ed8-48d5-a06b-10fb90171ee0/symbol=002361/data.parquet,
62bbe9df-6ed8-48d5-a06b-10fb90171ee0,002361,profit_sheet_report,2017-03-31,2017-04-26,2026-07-27,False,available,data/raw/stock_profit_sheet_by_report_em/run_id=62bbe9df-6ed8-48d5-a06b-10fb90171ee0/symbol=002361/data.parquet,
62bbe9df-6ed8-48d5-a06b-10fb90171ee0,002361,profit_sheet_report,2016-12-31,2017-04-26,2026-07-27,False,available,data/raw/stock_profit_sheet_by_report_em/run_id=62bbe9df-6ed8-48d5-a06b-10fb90171ee0/symbol=002361/data.parquet,
62bbe9df-6ed8-48d5-a06b-10fb90171ee0,002361,profit_sheet_report,2016-09-30,2016-10-25,2026-07-27,False,available,data/raw/stock_profit_sheet_by_report_em/run_id=62bbe9df-6ed8-48d5-a06b-10fb90171ee0/symbol=002361/data.parquet,
62bbe9df-6ed8-48d5-a06b-10fb90171ee0,002361,profit_sheet_report,2016-06-30,2016-08-25,2026-07-27,False,available,data/raw/stock_profit_sheet_by_report_em/run_id=62bbe9df-6ed8-48d5-a06b-10fb90171ee0/symbol=002361/data.parquet,
62bbe9df-6ed8-48d5-a06b-10fb90171ee0,002361,profit_sheet_report,2016-03-31,2016-04-30,2026-07-27,False,available,data/raw/stock_profit_sheet_by_report_em/run_id=62bbe9df-6ed8-48d5-a06b-10fb90171ee0/symbol=002361/data.parquet,
62bbe9df-6ed8-48d5-a06b-10fb90171ee0,002361,profit_sheet_report,2015-12-31,2016-04-21,2026-07-27,False,available,data/raw/stock_profit_sheet_by_report_em/run_id=62bbe9df-6ed8-48d5-a06b-10fb90171ee0/symbol=002361/data.parquet,
62bbe9df-6ed8-48d5-a06b-10fb90171ee0,002361,profit_sheet_report,2015-09-30,2015-10-30,2026-07-27,False,available,data/raw/stock_profit_sheet_by_report_em/run_id=62bbe9df-6ed8-48d5-a06b-10fb90171ee0/symbol=002361/data.parquet,
62bbe9df-6ed8-48d5-a06b-10fb90171ee0,002361,profit_sheet_report,2015-06-30,2015-08-24,2026-07-27,False,available,data/raw/stock_profit_sheet_by_report_em/run_id=62bbe9df-6ed8-48d5-a06b-10fb90171ee0/symbol=002361/data.parquet,
62bbe9df-6ed8-48d5-a06b-10fb90171ee0,002361,profit_sheet_report,2015-03-31,2015-04-27,2026-07-27,False,available,data/raw/stock_profit_sheet_by_report_em/run_id=62bbe9df-6ed8-48d5-a06b-10fb90171ee0/symbol=002361/data.parquet,
62bbe9df-6ed8-48d5-a06b-10fb90171ee0,002361,profit_sheet_report,2014-12-31,2015-03-18,2026-07-27,False,available,data/raw/stock_profit_sheet_by_report_em/run_id=62bbe9df-6ed8-48d5-a06b-10fb90171ee0/symbol=002361/data.parquet,
62bbe9df-6ed8-48d5-a06b-10fb90171ee0,002361,profit_sheet_report,2014-09-30,2014-10-27,2026-07-27,False,available,data/raw/stock_profit_sheet_by_report_em/run_id=62bbe9df-6ed8-48d5-a06b-10fb90171ee0/symbol=002361/data.parquet,
62bbe9df-6ed8-48d5-a06b-10fb90171ee0,002361,profit_sheet_report,2014-06-30,2014-07-31,2026-07-27,False,available,data/raw/stock_profit_sheet_by_report_em/run_id=62bbe9df-6ed8-48d5-a06b-10fb90171ee0/symbol=002361/data.parquet,
62bbe9df-6ed8-48d5-a06b-10fb90171ee0,002361,profit_sheet_report,2014-03-31,2014-04-29,2026-07-27,False,available,data/raw/stock_profit_sheet_by_report_em/run_id=62bbe9df-6ed8-48d5-a06b-10fb90171ee0/symbol=002361/data.parquet,
62bbe9df-6ed8-48d5-a06b-10fb90171ee0,002361,profit_sheet_report,2013-12-31,2014-02-28,2026-07-27,False,available,data/raw/stock_profit_sheet_by_report_em/run_id=62bbe9df-6ed8-48d5-a06b-10fb90171ee0/symbol=002361/data.parquet,
62bbe9df-6ed8-48d5-a06b-10fb90171ee0,002361,profit_sheet_report,2013-09-30,2013-10-25,2026-07-27,False,available,data/raw/stock_profit_sheet_by_report_em/run_id=62bbe9df-6ed8-48d5-a06b-10fb90171ee0/symbol=002361/data.parquet,
62bbe9df-6ed8-48d5-a06b-10fb90171ee0,002361,profit_sheet_report,2013-06-30,2013-08-17,2026-07-27,False,available,data/raw/stock_profit_sheet_by_report_em/run_id=62bbe9df-6ed8-48d5-a06b-10fb90171ee0/symbol=002361/data.parquet,
62bbe9df-6ed8-48d5-a06b-10fb90171ee0,002361,profit_sheet_report,2013-03-31,2013-04-24,2026-07-27,False,available,data/raw/stock_profit_sheet_by_report_em/run_id=62bbe9df-6ed8-48d5-a06b-10fb90171ee0/symbol=002361/data.parquet,
62bbe9df-6ed8-48d5-a06b-10fb90171ee0,002361,profit_sheet_report,2012-12-31,2013-02-28,2026-07-27,False,available,data/raw/stock_profit_sheet_by_report_em/run_id=62bbe9df-6ed8-48d5-a06b-10fb90171ee0/symbol=002361/data.parquet,
62bbe9df-6ed8-48d5-a06b-10fb90171ee0,002361,profit_sheet_report,2012-09-30,2012-10-25,2026-07-27,False,available,data/raw/stock_profit_sheet_by_report_em/run_id=62bbe9df-6ed8-48d5-a06b-10fb90171ee0/symbol=002361/data.parquet,
62bbe9df-6ed8-48d5-a06b-10fb90171ee0,002361,profit_sheet_report,2012-06-30,2012-08-13,2026-07-27,False,available,data/raw/stock_profit_sheet_by_report_em/run_id=62bbe9df-6ed8-48d5-a06b-10fb90171ee0/symbol=002361/data.parquet,
62bbe9df-6ed8-48d5-a06b-10fb90171ee0,002361,profit_sheet_report,2012-03-31,2012-04-24,2026-07-27,False,available,data/raw/stock_profit_sheet_by_report_em/run_id=62bbe9df-6ed8-48d5-a06b-10fb90171ee0/symbol=002361/data.parquet,
62bbe9df-6ed8-48d5-a06b-10fb90171ee0,002361,profit_sheet_report,2011-12-31,2012-03-15,2026-07-27,False,available,data/raw/stock_profit_sheet_by_report_em/run_id=62bbe9df-6ed8-48d5-a06b-10fb90171ee0/symbol=002361/data.parquet,
62bbe9df-6ed8-48d5-a06b-10fb90171ee0,002361,profit_sheet_report,2011-09-30,2011-10-25,2026-07-27,False,available,data/raw/stock_profit_sheet_by_report_em/run_id=62bbe9df-6ed8-48d5-a06b-10fb90171ee0/symbol=002361/data.parquet,
62bbe9df-6ed8-48d5-a06b-10fb90171ee0,002361,profit_sheet_report,2011-06-30,2011-08-16,2026-07-27,False,available,data/raw/stock_profit_sheet_by_report_em/run_id=62bbe9df-6ed8-48d5-a06b-10fb90171ee0/symbol=002361/data.parquet,
62bbe9df-6ed8-48d5-a06b-10fb90171ee0,002361,profit_sheet_report,2011-03-31,2011-04-27,2026-07-27,False,available,data/raw/stock_profit_sheet_by_report_em/run_id=62bbe9df-6ed8-48d5-a06b-10fb90171ee0/symbol=002361/data.parquet,
62bbe9df-6ed8-48d5-a06b-10fb90171ee0,002361,profit_sheet_report,2010-12-31,2011-04-27,2026-07-27,False,available,data/raw/stock_profit_sheet_by_report_em/run_id=62bbe9df-6ed8-48d5-a06b-10fb90171ee0/symbol=002361/data.parquet,
62bbe9df-6ed8-48d5-a06b-10fb90171ee0,002361,profit_sheet_report,2010-09-30,2010-10-25,2026-07-27,False,available,data/raw/stock_profit_sheet_by_report_em/run_id=62bbe9df-6ed8-48d5-a06b-10fb90171ee0/symbol=002361/data.parquet,
62bbe9df-6ed8-48d5-a06b-10fb90171ee0,002361,profit_sheet_report,2010-06-30,2010-08-25,2026-07-27,False,available,data/raw/stock_profit_sheet_by_report_em/run_id=62bbe9df-6ed8-48d5-a06b-10fb90171ee0/symbol=002361/data.parquet,
62bbe9df-6ed8-48d5-a06b-10fb90171ee0,002361,profit_sheet_report,2010-03-31,2010-04-13,2026-07-27,False,available,data/raw/stock_profit_sheet_by_report_em/run_id=62bbe9df-6ed8-48d5-a06b-10fb90171ee0/symbol=002361/data.parquet,
62bbe9df-6ed8-48d5-a06b-10fb90171ee0,002361,profit_sheet_report,2009-12-31,2011-04-27,2026-07-27,False,available,data/raw/stock_profit_sheet_by_report_em/run_id=62bbe9df-6ed8-48d5-a06b-10fb90171ee0/symbol=002361/data.parquet,
62bbe9df-6ed8-48d5-a06b-10fb90171ee0,002361,profit_sheet_report,2009-09-30,2010-10-25,2026-07-27,False,available,data/raw/stock_profit_sheet_by_report_em/run_id=62bbe9df-6ed8-48d5-a06b-10fb90171ee0/symbol=002361/data.parquet,
62bbe9df-6ed8-48d5-a06b-10fb90171ee0,002361,profit_sheet_report,2009-06-30,2010-08-25,2026-07-27,False,available,data/raw/stock_profit_sheet_by_report_em/run_id=62bbe9df-6ed8-48d5-a06b-10fb90171ee0/symbol=002361/data.parquet,
62bbe9df-6ed8-48d5-a06b-10fb90171ee0,002361,profit_sheet_report,2009-03-31,2010-04-13,2026-07-27,False,available,data/raw/stock_profit_sheet_by_report_em/run_id=62bbe9df-6ed8-48d5-a06b-10fb90171ee0/symbol=002361/data.parquet,
62bbe9df-6ed8-48d5-a06b-10fb90171ee0,002361,profit_sheet_report,2008-12-31,2010-02-02,2026-07-27,False,available,data/raw/stock_profit_sheet_by_report_em/run_id=62bbe9df-6ed8-48d5-a06b-10fb90171ee0/symbol=002361/data.parquet,
62bbe9df-6ed8-48d5-a06b-10fb90171ee0,002361,profit_sheet_report,2007-12-31,2010-02-02,2026-07-27,False,available,data/raw/stock_profit_sheet_by_report_em/run_id=62bbe9df-6ed8-48d5-a06b-10fb90171ee0/symbol=002361/data.parquet,
62bbe9df-6ed8-48d5-a06b-10fb90171ee0,002361,profit_sheet_report,2006-12-31,2009-11-30,2026-07-27,False,available,data/raw/stock_profit_sheet_by_report_em/run_id=62bbe9df-6ed8-48d5-a06b-10fb90171ee0/symbol=002361/data.parquet,
62bbe9df-6ed8-48d5-a06b-10fb90171ee0,002361,cashflow_sheet_report,2026-03-31,2026-04-28,2026-07-27,False,available,data/raw/stock_cash_flow_sheet_by_report_em/run_id=62bbe9df-6ed8-48d5-a06b-10fb90171ee0/symbol=002361/data.parquet,
62bbe9df-6ed8-48d5-a06b-10fb90171ee0,002361,cashflow_sheet_report,2025-12-31,2026-04-28,2026-07-27,False,available,data/raw/stock_cash_flow_sheet_by_report_em/run_id=62bbe9df-6ed8-48d5-a06b-10fb90171ee0/symbol=002361/data.parquet,
62bbe9df-6ed8-48d5-a06b-10fb90171ee0,002361,cashflow_sheet_report,2025-09-30,2025-10-31,2026-07-27,False,available,data/raw/stock_cash_flow_sheet_by_report_em/run_id=62bbe9df-6ed8-48d5-a06b-10fb90171ee0/symbol=002361/data.parquet,
62bbe9df-6ed8-48d5-a06b-10fb90171ee0,002361,cashflow_sheet_report,2025-06-30,2025-08-28,2026-07-27,False,available,data/raw/stock_cash_flow_sheet_by_report_em/run_id=62bbe9df-6ed8-48d5-a06b-10fb90171ee0/symbol=002361/data.parquet,
62bbe9df-6ed8-48d5-a06b-10fb90171ee0,002361,cashflow_sheet_report,2025-03-31,2025-04-25,2026-07-27,False,available,data/raw/stock_cash_flow_sheet_by_report_em/run_id=62bbe9df-6ed8-48d5-a06b-10fb90171ee0/symbol=002361/data.parquet,
62bbe9df-6ed8-48d5-a06b-10fb90171ee0,002361,cashflow_sheet_report,2024-12-31,2025-04-25,2026-07-27,False,available,data/raw/stock_cash_flow_sheet_by_report_em/run_id=62bbe9df-6ed8-48d5-a06b-10fb90171ee0/symbol=002361/data.parquet,
62bbe9df-6ed8-48d5-a06b-10fb90171ee0,002361,cashflow_sheet_report,2024-09-30,2024-10-29,2026-07-27,False,available,data/raw/stock_cash_flow_sheet_by_report_em/run_id=62bbe9df-6ed8-48d5-a06b-10fb90171ee0/symbol=002361/data.parquet,
62bbe9df-6ed8-48d5-a06b-10fb90171ee0,002361,cashflow_sheet_report,2024-06-30,2024-08-29,2026-07-27,False,available,data/raw/stock_cash_flow_sheet_by_report_em/run_id=62bbe9df-6ed8-48d5-a06b-10fb90171ee0/symbol=002361/data.parquet,
62bbe9df-6ed8-48d5-a06b-10fb90171ee0,002361,cashflow_sheet_report,2024-03-31,2024-04-27,2026-07-27,False,available,data/raw/stock_cash_flow_sheet_by_report_em/run_id=62bbe9df-6ed8-48d5-a06b-10fb90171ee0/symbol=002361/data.parquet,
62bbe9df-6ed8-48d5-a06b-10fb90171ee0,002361,cashflow_sheet_report,2023-12-31,2024-04-27,2026-07-27,False,available,data/raw/stock_cash_flow_sheet_by_report_em/run_id=62bbe9df-6ed8-48d5-a06b-10fb90171ee0/symbol=002361/data.parquet,
62bbe9df-6ed8-48d5-a06b-10fb90171ee0,002361,cashflow_sheet_report,2023-09-30,2023-10-30,2026-07-27,False,available,data/raw/stock_cash_flow_sheet_by_report_em/run_id=62bbe9df-6ed8-48d5-a06b-10fb90171ee0/symbol=002361/data.parquet,
62bbe9df-6ed8-48d5-a06b-10fb90171ee0,002361,cashflow_sheet_report,2023-06-30,2023-08-30,2026-07-27,False,available,data/raw/stock_cash_flow_sheet_by_report_em/run_id=62bbe9df-6ed8-48d5-a06b-10fb90171ee0/symbol=002361/data.parquet,
62bbe9df-6ed8-48d5-a06b-10fb90171ee0,002361,cashflow_sheet_report,2023-03-31,2023-04-28,2026-07-27,False,available,data/raw/stock_cash_flow_sheet_by_report_em/run_id=62bbe9df-6ed8-48d5-a06b-10fb90171ee0/symbol=002361/data.parquet,
62bbe9df-6ed8-48d5-a06b-10fb90171ee0,002361,cashflow_sheet_report,2022-12-31,2023-04-28,2026-07-27,False,available,data/raw/stock_cash_flow_sheet_by_report_em/run_id=62bbe9df-6ed8-48d5-a06b-10fb90171ee0/symbol=002361/data.parquet,
62bbe9df-6ed8-48d5-a06b-10fb90171ee0,002361,cashflow_sheet_report,2022-09-30,2022-10-27,2026-07-27,False,available,data/raw/stock_cash_flow_sheet_by_report_em/run_id=62bbe9df-6ed8-48d5-a06b-10fb90171ee0/symbol=002361/data.parquet,
62bbe9df-6ed8-48d5-a06b-10fb90171ee0,002361,cashflow_sheet_report,2022-06-30,2022-08-27,2026-07-27,False,available,data/raw/stock_cash_flow_sheet_by_report_em/run_id=62bbe9df-6ed8-48d5-a06b-10fb90171ee0/symbol=002361/data.parquet,
62bbe9df-6ed8-48d5-a06b-10fb90171ee0,002361,cashflow_sheet_report,2022-03-31,2022-04-28,2026-07-27,False,available,data/raw/stock_cash_flow_sheet_by_report_em/run_id=62bbe9df-6ed8-48d5-a06b-10fb90171ee0/symbol=002361/data.parquet,
62bbe9df-6ed8-48d5-a06b-10fb90171ee0,002361,cashflow_sheet_report,2021-12-31,2022-04-28,2026-07-27,False,available,data/raw/stock_cash_flow_sheet_by_report_em/run_id=62bbe9df-6ed8-48d5-a06b-10fb90171ee0/symbol=002361/data.parquet,
62bbe9df-6ed8-48d5-a06b-10fb90171ee0,002361,cashflow_sheet_report,2021-09-30,2021-10-28,2026-07-27,False,available,data/raw/stock_cash_flow_sheet_by_report_em/run_id=62bbe9df-6ed8-48d5-a06b-10fb90171ee0/symbol=002361/data.parquet,
62bbe9df-6ed8-48d5-a06b-10fb90171ee0,002361,cashflow_sheet_report,2021-06-30,2021-08-25,2026-07-27,False,available,data/raw/stock_cash_flow_sheet_by_report_em/run_id=62bbe9df-6ed8-48d5-a06b-10fb90171ee0/symbol=002361/data.parquet,
62bbe9df-6ed8-48d5-a06b-10fb90171ee0,002361,cashflow_sheet_report,2021-03-31,2021-04-30,2026-07-27,False,available,data/raw/stock_cash_flow_sheet_by_report_em/run_id=62bbe9df-6ed8-48d5-a06b-10fb90171ee0/symbol=002361/data.parquet,
62bbe9df-6ed8-48d5-a06b-10fb90171ee0,002361,cashflow_sheet_report,2020-12-31,2021-04-30,2026-07-27,False,available,data/raw/stock_cash_flow_sheet_by_report_em/run_id=62bbe9df-6ed8-48d5-a06b-10fb90171ee0/symbol=002361/data.parquet,
62bbe9df-6ed8-48d5-a06b-10fb90171ee0,002361,cashflow_sheet_report,2020-09-30,2020-10-27,2026-07-27,False,available,data/raw/stock_cash_flow_sheet_by_report_em/run_id=62bbe9df-6ed8-48d5-a06b-10fb90171ee0/symbol=002361/data.parquet,
62bbe9df-6ed8-48d5-a06b-10fb90171ee0,002361,cashflow_sheet_report,2020-06-30,2020-08-31,2026-07-27,False,available,data/raw/stock_cash_flow_sheet_by_report_em/run_id=62bbe9df-6ed8-48d5-a06b-10fb90171ee0/symbol=002361/data.parquet,
62bbe9df-6ed8-48d5-a06b-10fb90171ee0,002361,cashflow_sheet_report,2020-03-31,2020-04-30,2026-07-27,False,available,data/raw/stock_cash_flow_sheet_by_report_em/run_id=62bbe9df-6ed8-48d5-a06b-10fb90171ee0/symbol=002361/data.parquet,
62bbe9df-6ed8-48d5-a06b-10fb90171ee0,002361,cashflow_sheet_report,2019-12-31,2020-04-30,2026-07-27,False,available,data/raw/stock_cash_flow_sheet_by_report_em/run_id=62bbe9df-6ed8-48d5-a06b-10fb90171ee0/symbol=002361/data.parquet,
62bbe9df-6ed8-48d5-a06b-10fb90171ee0,002361,cashflow_sheet_report,2019-09-30,2019-10-31,2026-07-27,False,available,data/raw/stock_cash_flow_sheet_by_report_em/run_id=62bbe9df-6ed8-48d5-a06b-10fb90171ee0/symbol=002361/data.parquet,
62bbe9df-6ed8-48d5-a06b-10fb90171ee0,002361,cashflow_sheet_report,2019-06-30,2019-08-29,2026-07-27,False,available,data/raw/stock_cash_flow_sheet_by_report_em/run_id=62bbe9df-6ed8-48d5-a06b-10fb90171ee0/symbol=002361/data.parquet,
62bbe9df-6ed8-48d5-a06b-10fb90171ee0,002361,cashflow_sheet_report,2019-03-31,2019-04-29,2026-07-27,False,available,data/raw/stock_cash_flow_sheet_by_report_em/run_id=62bbe9df-6ed8-48d5-a06b-10fb90171ee0/symbol=002361/data.parquet,
62bbe9df-6ed8-48d5-a06b-10fb90171ee0,002361,cashflow_sheet_report,2018-12-31,2019-04-29,2026-07-27,False,available,data/raw/stock_cash_flow_sheet_by_report_em/run_id=62bbe9df-6ed8-48d5-a06b-10fb90171ee0/symbol=002361/data.parquet,
62bbe9df-6ed8-48d5-a06b-10fb90171ee0,002361,cashflow_sheet_report,2018-09-30,2018-10-22,2026-07-27,False,available,data/raw/stock_cash_flow_sheet_by_report_em/run_id=62bbe9df-6ed8-48d5-a06b-10fb90171ee0/symbol=002361/data.parquet,
62bbe9df-6ed8-48d5-a06b-10fb90171ee0,002361,cashflow_sheet_report,2018-06-30,2018-08-29,2026-07-27,False,available,data/raw/stock_cash_flow_sheet_by_report_em/run_id=62bbe9df-6ed8-48d5-a06b-10fb90171ee0/symbol=002361/data.parquet,
62bbe9df-6ed8-48d5-a06b-10fb90171ee0,002361,cashflow_sheet_report,2018-03-31,2018-04-27,2026-07-27,False,available,data/raw/stock_cash_flow_sheet_by_report_em/run_id=62bbe9df-6ed8-48d5-a06b-10fb90171ee0/symbol=002361/data.parquet,
62bbe9df-6ed8-48d5-a06b-10fb90171ee0,002361,cashflow_sheet_report,2017-12-31,2018-04-11,2026-07-27,False,available,data/raw/stock_cash_flow_sheet_by_report_em/run_id=62bbe9df-6ed8-48d5-a06b-10fb90171ee0/symbol=002361/data.parquet,
62bbe9df-6ed8-48d5-a06b-10fb90171ee0,002361,cashflow_sheet_report,2017-09-30,2017-10-25,2026-07-27,False,available,data/raw/stock_cash_flow_sheet_by_report_em/run_id=62bbe9df-6ed8-48d5-a06b-10fb90171ee0/symbol=002361/data.parquet,
62bbe9df-6ed8-48d5-a06b-10fb90171ee0,002361,cashflow_sheet_report,2017-06-30,2017-08-28,2026-07-27,False,available,data/raw/stock_cash_flow_sheet_by_report_em/run_id=62bbe9df-6ed8-48d5-a06b-10fb90171ee0/symbol=002361/data.parquet,
62bbe9df-6ed8-48d5-a06b-10fb90171ee0,002361,cashflow_sheet_report,2017-03-31,2017-04-26,2026-07-27,False,available,data/raw/stock_cash_flow_sheet_by_report_em/run_id=62bbe9df-6ed8-48d5-a06b-10fb90171ee0/symbol=002361/data.parquet,
62bbe9df-6ed8-48d5-a06b-10fb90171ee0,002361,cashflow_sheet_report,2016-12-31,2017-04-26,2026-07-27,False,available,data/raw/stock_cash_flow_sheet_by_report_em/run_id=62bbe9df-6ed8-48d5-a06b-10fb90171ee0/symbol=002361/data.parquet,
62bbe9df-6ed8-48d5-a06b-10fb90171ee0,002361,cashflow_sheet_report,2016-09-30,2016-10-25,2026-07-27,False,available,data/raw/stock_cash_flow_sheet_by_report_em/run_id=62bbe9df-6ed8-48d5-a06b-10fb90171ee0/symbol=002361/data.parquet,
62bbe9df-6ed8-48d5-a06b-10fb90171ee0,002361,cashflow_sheet_report,2016-06-30,2016-08-25,2026-07-27,False,available,data/raw/stock_cash_flow_sheet_by_report_em/run_id=62bbe9df-6ed8-48d5-a06b-10fb90171ee0/symbol=002361/data.parquet,
62bbe9df-6ed8-48d5-a06b-10fb90171ee0,002361,cashflow_sheet_report,2016-03-31,2016-04-30,2026-07-27,False,available,data/raw/stock_cash_flow_sheet_by_report_em/run_id=62bbe9df-6ed8-48d5-a06b-10fb90171ee0/symbol=002361/data.parquet,
62bbe9df-6ed8-48d5-a06b-10fb90171ee0,002361,cashflow_sheet_report,2015-12-31,2016-04-21,2026-07-27,False,available,data/raw/stock_cash_flow_sheet_by_report_em/run_id=62bbe9df-6ed8-48d5-a06b-10fb90171ee0/symbol=002361/data.parquet,
62bbe9df-6ed8-48d5-a06b-10fb90171ee0,002361,cashflow_sheet_report,2015-09-30,2015-10-30,2026-07-27,False,available,data/raw/stock_cash_flow_sheet_by_report_em/run_id=62bbe9df-6ed8-48d5-a06b-10fb90171ee0/symbol=002361/data.parquet,
62bbe9df-6ed8-48d5-a06b-10fb90171ee0,002361,cashflow_sheet_report,2015-06-30,2015-08-24,2026-07-27,False,available,data/raw/stock_cash_flow_sheet_by_report_em/run_id=62bbe9df-6ed8-48d5-a06b-10fb90171ee0/symbol=002361/data.parquet,
62bbe9df-6ed8-48d5-a06b-10fb90171ee0,002361,cashflow_sheet_report,2015-03-31,2015-04-27,2026-07-27,False,available,data/raw/stock_cash_flow_sheet_by_report_em/run_id=62bbe9df-6ed8-48d5-a06b-10fb90171ee0/symbol=002361/data.parquet,
62bbe9df-6ed8-48d5-a06b-10fb90171ee0,002361,cashflow_sheet_report,2014-12-31,2015-03-18,2026-07-27,False,available,data/raw/stock_cash_flow_sheet_by_report_em/run_id=62bbe9df-6ed8-48d5-a06b-10fb90171ee0/symbol=002361/data.parquet,
62bbe9df-6ed8-48d5-a06b-10fb90171ee0,002361,cashflow_sheet_report,2014-09-30,2014-10-27,2026-07-27,False,available,data/raw/stock_cash_flow_sheet_by_report_em/run_id=62bbe9df-6ed8-48d5-a06b-10fb90171ee0/symbol=002361/data.parquet,
62bbe9df-6ed8-48d5-a06b-10fb90171ee0,002361,cashflow_sheet_report,2014-06-30,2014-07-31,2026-07-27,False,available,data/raw/stock_cash_flow_sheet_by_report_em/run_id=62bbe9df-6ed8-48d5-a06b-10fb90171ee0/symbol=002361/data.parquet,
62bbe9df-6ed8-48d5-a06b-10fb90171ee0,002361,cashflow_sheet_report,2014-03-31,2014-04-29,2026-07-27,False,available,data/raw/stock_cash_flow_sheet_by_report_em/run_id=62bbe9df-6ed8-48d5-a06b-10fb90171ee0/symbol=002361/data.parquet,
62bbe9df-6ed8-48d5-a06b-10fb90171ee0,002361,cashflow_sheet_report,2013-12-31,2014-02-28,2026-07-27,False,available,data/raw/stock_cash_flow_sheet_by_report_em/run_id=62bbe9df-6ed8-48d5-a06b-10fb90171ee0/symbol=002361/data.parquet,
62bbe9df-6ed8-48d5-a06b-10fb90171ee0,002361,cashflow_sheet_report,2013-09-30,2013-10-25,2026-07-27,False,available,data/raw/stock_cash_flow_sheet_by_report_em/run_id=62bbe9df-6ed8-48d5-a06b-10fb90171ee0/symbol=002361/data.parquet,
62bbe9df-6ed8-48d5-a06b-10fb90171ee0,002361,cashflow_sheet_report,2013-06-30,2013-08-17,2026-07-27,False,available,data/raw/stock_cash_flow_sheet_by_report_em/run_id=62bbe9df-6ed8-48d5-a06b-10fb90171ee0/symbol=002361/data.parquet,
62bbe9df-6ed8-48d5-a06b-10fb90171ee0,002361,cashflow_sheet_report,2013-03-31,2013-04-24,2026-07-27,False,available,data/raw/stock_cash_flow_sheet_by_report_em/run_id=62bbe9df-6ed8-48d5-a06b-10fb90171ee0/symbol=002361/data.parquet,
62bbe9df-6ed8-48d5-a06b-10fb90171ee0,002361,cashflow_sheet_report,2012-12-31,2013-02-28,2026-07-27,False,available,data/raw/stock_cash_flow_sheet_by_report_em/run_id=62bbe9df-6ed8-48d5-a06b-10fb90171ee0/symbol=002361/data.parquet,
62bbe9df-6ed8-48d5-a06b-10fb90171ee0,002361,cashflow_sheet_report,2012-09-30,2012-10-25,2026-07-27,False,available,data/raw/stock_cash_flow_sheet_by_report_em/run_id=62bbe9df-6ed8-48d5-a06b-10fb90171ee0/symbol=002361/data.parquet,
62bbe9df-6ed8-48d5-a06b-10fb90171ee0,002361,cashflow_sheet_report,2012-06-30,2012-08-13,2026-07-27,False,available,data/raw/stock_cash_flow_sheet_by_report_em/run_id=62bbe9df-6ed8-48d5-a06b-10fb90171ee0/symbol=002361/data.parquet,
62bbe9df-6ed8-48d5-a06b-10fb90171ee0,002361,cashflow_sheet_report,2012-03-31,2012-04-24,2026-07-27,False,available,data/raw/stock_cash_flow_sheet_by_report_em/run_id=62bbe9df-6ed8-48d5-a06b-10fb90171ee0/symbol=002361/data.parquet,
62bbe9df-6ed8-48d5-a06b-10fb90171ee0,002361,cashflow_sheet_report,2011-12-31,2012-03-15,2026-07-27,False,available,data/raw/stock_cash_flow_sheet_by_report_em/run_id=62bbe9df-6ed8-48d5-a06b-10fb90171ee0/symbol=002361/data.parquet,
62bbe9df-6ed8-48d5-a06b-10fb90171ee0,002361,cashflow_sheet_report,2011-09-30,2011-10-25,2026-07-27,False,available,data/raw/stock_cash_flow_sheet_by_report_em/run_id=62bbe9df-6ed8-48d5-a06b-10fb90171ee0/symbol=002361/data.parquet,
62bbe9df-6ed8-48d5-a06b-10fb90171ee0,002361,cashflow_sheet_report,2011-06-30,2011-08-16,2026-07-27,False,available,data/raw/stock_cash_flow_sheet_by_report_em/run_id=62bbe9df-6ed8-48d5-a06b-10fb90171ee0/symbol=002361/data.parquet,
62bbe9df-6ed8-48d5-a06b-10fb90171ee0,002361,cashflow_sheet_report,2011-03-31,2011-04-27,2026-07-27,False,available,data/raw/stock_cash_flow_sheet_by_report_em/run_id=62bbe9df-6ed8-48d5-a06b-10fb90171ee0/symbol=002361/data.parquet,
62bbe9df-6ed8-48d5-a06b-10fb90171ee0,002361,cashflow_sheet_report,2010-12-31,2011-04-27,2026-07-27,False,available,data/raw/stock_cash_flow_sheet_by_report_em/run_id=62bbe9df-6ed8-48d5-a06b-10fb90171ee0/symbol=002361/data.parquet,
62bbe9df-6ed8-48d5-a06b-10fb90171ee0,002361,cashflow_sheet_report,2010-09-30,2010-10-25,2026-07-27,False,available,data/raw/stock_cash_flow_sheet_by_report_em/run_id=62bbe9df-6ed8-48d5-a06b-10fb90171ee0/symbol=002361/data.parquet,
62bbe9df-6ed8-48d5-a06b-10fb90171ee0,002361,cashflow_sheet_report,2010-06-30,2010-08-25,2026-07-27,False,available,data/raw/stock_cash_flow_sheet_by_report_em/run_id=62bbe9df-6ed8-48d5-a06b-10fb90171ee0/symbol=002361/data.parquet,
62bbe9df-6ed8-48d5-a06b-10fb90171ee0,002361,cashflow_sheet_report,2010-03-31,2010-04-13,2026-07-27,False,available,data/raw/stock_cash_flow_sheet_by_report_em/run_id=62bbe9df-6ed8-48d5-a06b-10fb90171ee0/symbol=002361/data.parquet,
62bbe9df-6ed8-48d5-a06b-10fb90171ee0,002361,cashflow_sheet_report,2009-12-31,2011-04-27,2026-07-27,False,available,data/raw/stock_cash_flow_sheet_by_report_em/run_id=62bbe9df-6ed8-48d5-a06b-10fb90171ee0/symbol=002361/data.parquet,
62bbe9df-6ed8-48d5-a06b-10fb90171ee0,002361,cashflow_sheet_report,2009-09-30,2010-10-25,2026-07-27,False,available,data/raw/stock_cash_flow_sheet_by_report_em/run_id=62bbe9df-6ed8-48d5-a06b-10fb90171ee0/symbol=002361/data.parquet,
62bbe9df-6ed8-48d5-a06b-10fb90171ee0,002361,cashflow_sheet_report,2009-06-30,2010-08-25,2026-07-27,False,available,data/raw/stock_cash_flow_sheet_by_report_em/run_id=62bbe9df-6ed8-48d5-a06b-10fb90171ee0/symbol=002361/data.parquet,
62bbe9df-6ed8-48d5-a06b-10fb90171ee0,002361,cashflow_sheet_report,2009-03-31,2010-04-13,2026-07-27,False,available,data/raw/stock_cash_flow_sheet_by_report_em/run_id=62bbe9df-6ed8-48d5-a06b-10fb90171ee0/symbol=002361/data.parquet,
62bbe9df-6ed8-48d5-a06b-10fb90171ee0,002361,cashflow_sheet_report,2008-12-31,2010-02-02,2026-07-27,False,available,data/raw/stock_cash_flow_sheet_by_report_em/run_id=62bbe9df-6ed8-48d5-a06b-10fb90171ee0/symbol=002361/data.parquet,
62bbe9df-6ed8-48d5-a06b-10fb90171ee0,002361,cashflow_sheet_report,2007-12-31,2010-02-02,2026-07-27,False,available,data/raw/stock_cash_flow_sheet_by_report_em/run_id=62bbe9df-6ed8-48d5-a06b-10fb90171ee0/symbol=002361/data.parquet,
62bbe9df-6ed8-48d5-a06b-10fb90171ee0,002361,cashflow_sheet_report,2006-12-31,2009-11-30,2026-07-27,False,available,data/raw/stock_cash_flow_sheet_by_report_em/run_id=62bbe9df-6ed8-48d5-a06b-10fb90171ee0/symbol=002361/data.parquet,
62bbe9df-6ed8-48d5-a06b-10fb90171ee0,601500,financial_abstract,,,2026-07-27,False,unavailable,data/raw/stock_financial_abstract/run_id=62bbe9df-6ed8-48d5-a06b-10fb90171ee0/symbol=601500/data.parquet,WARN: report/announcement date could not be paired
62bbe9df-6ed8-48d5-a06b-10fb90171ee0,601500,financial_indicator,,,2026-07-27,False,unavailable,data/raw/stock_financial_analysis_indicator/run_id=62bbe9df-6ed8-48d5-a06b-10fb90171ee0/symbol=601500/data.parquet,WARN: report/announcement date could not be paired
62bbe9df-6ed8-48d5-a06b-10fb90171ee0,601500,balance_sheet_report,2026-03-31,2026-04-30,2026-07-27,False,available,data/raw/stock_balance_sheet_by_report_em/run_id=62bbe9df-6ed8-48d5-a06b-10fb90171ee0/symbol=601500/data.parquet,
62bbe9df-6ed8-48d5-a06b-10fb90171ee0,601500,balance_sheet_report,2025-12-31,2026-04-30,2026-07-27,False,available,data/raw/stock_balance_sheet_by_report_em/run_id=62bbe9df-6ed8-48d5-a06b-10fb90171ee0/symbol=601500/data.parquet,
62bbe9df-6ed8-48d5-a06b-10fb90171ee0,601500,balance_sheet_report,2025-09-30,2025-10-30,2026-07-27,False,available,data/raw/stock_balance_sheet_by_report_em/run_id=62bbe9df-6ed8-48d5-a06b-10fb90171ee0/symbol=601500/data.parquet,
62bbe9df-6ed8-48d5-a06b-10fb90171ee0,601500,balance_sheet_report,2025-06-30,2025-08-28,2026-07-27,False,available,data/raw/stock_balance_sheet_by_report_em/run_id=62bbe9df-6ed8-48d5-a06b-10fb90171ee0/symbol=601500/data.parquet,
62bbe9df-6ed8-48d5-a06b-10fb90171ee0,601500,balance_sheet_report,2025-03-31,2025-04-30,2026-07-27,False,available,data/raw/stock_balance_sheet_by_report_em/run_id=62bbe9df-6ed8-48d5-a06b-10fb90171ee0/symbol=601500/data.parquet,
62bbe9df-6ed8-48d5-a06b-10fb90171ee0,601500,balance_sheet_report,2024-12-31,2025-04-30,2026-07-27,False,available,data/raw/stock_balance_sheet_by_report_em/run_id=62bbe9df-6ed8-48d5-a06b-10fb90171ee0/symbol=601500/data.parquet,
62bbe9df-6ed8-48d5-a06b-10fb90171ee0,601500,balance_sheet_report,2024-09-30,2024-10-29,2026-07-27,False,available,data/raw/stock_balance_sheet_by_report_em/run_id=62bbe9df-6ed8-48d5-a06b-10fb90171ee0/symbol=601500/data.parquet,
62bbe9df-6ed8-48d5-a06b-10fb90171ee0,601500,balance_sheet_report,2024-06-30,2024-08-28,2026-07-27,False,available,data/raw/stock_balance_sheet_by_report_em/run_id=62bbe9df-6ed8-48d5-a06b-10fb90171ee0/symbol=601500/data.parquet,
62bbe9df-6ed8-48d5-a06b-10fb90171ee0,601500,balance_sheet_report,2024-03-31,2024-04-26,2026-07-27,False,available,data/raw/stock_balance_sheet_by_report_em/run_id=62bbe9df-6ed8-48d5-a06b-10fb90171ee0/symbol=601500/data.parquet,
62bbe9df-6ed8-48d5-a06b-10fb90171ee0,601500,balance_sheet_report,2023-12-31,2024-04-26,2026-07-27,False,available,data/raw/stock_balance_sheet_by_report_em/run_id=62bbe9df-6ed8-48d5-a06b-10fb90171ee0/symbol=601500/data.parquet,
62bbe9df-6ed8-48d5-a06b-10fb90171ee0,601500,balance_sheet_report,2023-09-30,2023-10-28,2026-07-27,False,available,data/raw/stock_balance_sheet_by_report_em/run_id=62bbe9df-6ed8-48d5-a06b-10fb90171ee0/symbol=601500/data.parquet,
62bbe9df-6ed8-48d5-a06b-10fb90171ee0,601500,balance_sheet_report,2023-06-30,2023-08-29,2026-07-27,False,available,data/raw/stock_balance_sheet_by_report_em/run_id=62bbe9df-6ed8-48d5-a06b-10fb90171ee0/symbol=601500/data.parquet,
62bbe9df-6ed8-48d5-a06b-10fb90171ee0,601500,balance_sheet_report,2023-03-31,2023-04-27,2026-07-27,False,available,data/raw/stock_balance_sheet_by_report_em/run_id=62bbe9df-6ed8-48d5-a06b-10fb90171ee0/symbol=601500/data.parquet,
62bbe9df-6ed8-48d5-a06b-10fb90171ee0,601500,balance_sheet_report,2022-12-31,2023-04-26,2026-07-27,False,available,data/raw/stock_balance_sheet_by_report_em/run_id=62bbe9df-6ed8-48d5-a06b-10fb90171ee0/symbol=601500/data.parquet,
62bbe9df-6ed8-48d5-a06b-10fb90171ee0,601500,balance_sheet_report,2022-09-30,2022-10-29,2026-07-27,False,available,data/raw/stock_balance_sheet_by_report_em/run_id=62bbe9df-6ed8-48d5-a06b-10fb90171ee0/symbol=601500/data.parquet,
62bbe9df-6ed8-48d5-a06b-10fb90171ee0,601500,balance_sheet_report,2022-06-30,2022-08-27,2026-07-27,False,available,data/raw/stock_balance_sheet_by_report_em/run_id=62bbe9df-6ed8-48d5-a06b-10fb90171ee0/symbol=601500/data.parquet,
62bbe9df-6ed8-48d5-a06b-10fb90171ee0,601500,balance_sheet_report,2022-03-31,2022-04-30,2026-07-27,False,available,data/raw/stock_balance_sheet_by_report_em/run_id=62bbe9df-6ed8-48d5-a06b-10fb90171ee0/symbol=601500/data.parquet,
62bbe9df-6ed8-48d5-a06b-10fb90171ee0,601500,balance_sheet_report,2021-12-31,2022-04-28,2026-07-27,False,available,data/raw/stock_balance_sheet_by_report_em/run_id=62bbe9df-6ed8-48d5-a06b-10fb90171ee0/symbol=601500/data.parquet,
62bbe9df-6ed8-48d5-a06b-10fb90171ee0,601500,balance_sheet_report,2021-09-30,2021-10-28,2026-07-27,False,available,data/raw/stock_balance_sheet_by_report_em/run_id=62bbe9df-6ed8-48d5-a06b-10fb90171ee0/symbol=601500/data.parquet,
62bbe9df-6ed8-48d5-a06b-10fb90171ee0,601500,balance_sheet_report,2021-06-30,2021-08-28,2026-07-27,False,available,data/raw/stock_balance_sheet_by_report_em/run_id=62bbe9df-6ed8-48d5-a06b-10fb90171ee0/symbol=601500/data.parquet,
62bbe9df-6ed8-48d5-a06b-10fb90171ee0,601500,balance_sheet_report,2021-03-31,2021-04-28,2026-07-27,False,available,data/raw/stock_balance_sheet_by_report_em/run_id=62bbe9df-6ed8-48d5-a06b-10fb90171ee0/symbol=601500/data.parquet,
62bbe9df-6ed8-48d5-a06b-10fb90171ee0,601500,balance_sheet_report,2020-12-31,2021-04-28,2026-07-27,False,available,data/raw/stock_balance_sheet_by_report_em/run_id=62bbe9df-6ed8-48d5-a06b-10fb90171ee0/symbol=601500/data.parquet,
62bbe9df-6ed8-48d5-a06b-10fb90171ee0,601500,balance_sheet_report,2020-09-30,2020-10-29,2026-07-27,False,available,data/raw/stock_balance_sheet_by_report_em/run_id=62bbe9df-6ed8-48d5-a06b-10fb90171ee0/symbol=601500/data.parquet,
62bbe9df-6ed8-48d5-a06b-10fb90171ee0,601500,balance_sheet_report,2020-06-30,2020-08-27,2026-07-27,False,available,data/raw/stock_balance_sheet_by_report_em/run_id=62bbe9df-6ed8-48d5-a06b-10fb90171ee0/symbol=601500/data.parquet,
62bbe9df-6ed8-48d5-a06b-10fb90171ee0,601500,balance_sheet_report,2020-03-31,2020-04-28,2026-07-27,False,available,data/raw/stock_balance_sheet_by_report_em/run_id=62bbe9df-6ed8-48d5-a06b-10fb90171ee0/symbol=601500/data.parquet,
62bbe9df-6ed8-48d5-a06b-10fb90171ee0,601500,balance_sheet_report,2019-12-31,2020-04-28,2026-07-27,False,available,data/raw/stock_balance_sheet_by_report_em/run_id=62bbe9df-6ed8-48d5-a06b-10fb90171ee0/symbol=601500/data.parquet,
62bbe9df-6ed8-48d5-a06b-10fb90171ee0,601500,balance_sheet_report,2019-09-30,2019-10-30,2026-07-27,False,available,data/raw/stock_balance_sheet_by_report_em/run_id=62bbe9df-6ed8-48d5-a06b-10fb90171ee0/symbol=601500/data.parquet,
62bbe9df-6ed8-48d5-a06b-10fb90171ee0,601500,balance_sheet_report,2019-06-30,2019-08-30,2026-07-27,False,available,data/raw/stock_balance_sheet_by_report_em/run_id=62bbe9df-6ed8-48d5-a06b-10fb90171ee0/symbol=601500/data.parquet,
62bbe9df-6ed8-48d5-a06b-10fb90171ee0,601500,balance_sheet_report,2019-03-31,2019-04-26,2026-07-27,False,available,data/raw/stock_balance_sheet_by_report_em/run_id=62bbe9df-6ed8-48d5-a06b-10fb90171ee0/symbol=601500/data.parquet,
62bbe9df-6ed8-48d5-a06b-10fb90171ee0,601500,balance_sheet_report,2018-12-31,2019-03-29,2026-07-27,False,available,data/raw/stock_balance_sheet_by_report_em/run_id=62bbe9df-6ed8-48d5-a06b-10fb90171ee0/symbol=601500/data.parquet,
62bbe9df-6ed8-48d5-a06b-10fb90171ee0,601500,balance_sheet_report,2018-09-30,2018-10-26,2026-07-27,False,available,data/raw/stock_balance_sheet_by_report_em/run_id=62bbe9df-6ed8-48d5-a06b-10fb90171ee0/symbol=601500/data.parquet,
62bbe9df-6ed8-48d5-a06b-10fb90171ee0,601500,balance_sheet_report,2018-06-30,2018-08-27,2026-07-27,False,available,data/raw/stock_balance_sheet_by_report_em/run_id=62bbe9df-6ed8-48d5-a06b-10fb90171ee0/symbol=601500/data.parquet,
62bbe9df-6ed8-48d5-a06b-10fb90171ee0,601500,balance_sheet_report,2018-03-31,2018-04-20,2026-07-27,False,available,data/raw/stock_balance_sheet_by_report_em/run_id=62bbe9df-6ed8-48d5-a06b-10fb90171ee0/symbol=601500/data.parquet,
62bbe9df-6ed8-48d5-a06b-10fb90171ee0,601500,balance_sheet_report,2017-12-31,2018-03-28,2026-07-27,False,available,data/raw/stock_balance_sheet_by_report_em/run_id=62bbe9df-6ed8-48d5-a06b-10fb90171ee0/symbol=601500/data.parquet,
62bbe9df-6ed8-48d5-a06b-10fb90171ee0,601500,balance_sheet_report,2017-09-30,2017-10-31,2026-07-27,False,available,data/raw/stock_balance_sheet_by_report_em/run_id=62bbe9df-6ed8-48d5-a06b-10fb90171ee0/symbol=601500/data.parquet,
62bbe9df-6ed8-48d5-a06b-10fb90171ee0,601500,balance_sheet_report,2017-06-30,2017-08-29,2026-07-27,False,available,data/raw/stock_balance_sheet_by_report_em/run_id=62bbe9df-6ed8-48d5-a06b-10fb90171ee0/symbol=601500/data.parquet,
62bbe9df-6ed8-48d5-a06b-10fb90171ee0,601500,balance_sheet_report,2017-03-31,2017-04-28,2026-07-27,False,available,data/raw/stock_balance_sheet_by_report_em/run_id=62bbe9df-6ed8-48d5-a06b-10fb90171ee0/symbol=601500/data.parquet,
62bbe9df-6ed8-48d5-a06b-10fb90171ee0,601500,balance_sheet_report,2016-12-31,2017-04-28,2026-07-27,False,available,data/raw/stock_balance_sheet_by_report_em/run_id=62bbe9df-6ed8-48d5-a06b-10fb90171ee0/symbol=601500/data.parquet,
62bbe9df-6ed8-48d5-a06b-10fb90171ee0,601500,balance_sheet_report,2016-09-30,2016-10-31,2026-07-27,False,available,data/raw/stock_balance_sheet_by_report_em/run_id=62bbe9df-6ed8-48d5-a06b-10fb90171ee0/symbol=601500/data.parquet,
62bbe9df-6ed8-48d5-a06b-10fb90171ee0,601500,balance_sheet_report,2016-06-30,2016-08-26,2026-07-27,False,available,data/raw/stock_balance_sheet_by_report_em/run_id=62bbe9df-6ed8-48d5-a06b-10fb90171ee0/symbol=601500/data.parquet,
62bbe9df-6ed8-48d5-a06b-10fb90171ee0,601500,balance_sheet_report,2015-12-31,2016-08-26,2026-07-27,False,available,data/raw/stock_balance_sheet_by_report_em/run_id=62bbe9df-6ed8-48d5-a06b-10fb90171ee0/symbol=601500/data.parquet,
62bbe9df-6ed8-48d5-a06b-10fb90171ee0,601500,balance_sheet_report,2015-09-30,2016-02-19,2026-07-27,False,available,data/raw/stock_balance_sheet_by_report_em/run_id=62bbe9df-6ed8-48d5-a06b-10fb90171ee0/symbol=601500/data.parquet,
62bbe9df-6ed8-48d5-a06b-10fb90171ee0,601500,balance_sheet_report,2014-12-31,2016-02-19,2026-07-27,False,available,data/raw/stock_balance_sheet_by_report_em/run_id=62bbe9df-6ed8-48d5-a06b-10fb90171ee0/symbol=601500/data.parquet,
62bbe9df-6ed8-48d5-a06b-10fb90171ee0,601500,balance_sheet_report,2013-12-31,2016-02-19,2026-07-27,False,available,data/raw/stock_balance_sheet_by_report_em/run_id=62bbe9df-6ed8-48d5-a06b-10fb90171ee0/symbol=601500/data.parquet,
62bbe9df-6ed8-48d5-a06b-10fb90171ee0,601500,balance_sheet_report,2012-12-31,2014-05-05,2026-07-27,False,available,data/raw/stock_balance_sheet_by_report_em/run_id=62bbe9df-6ed8-48d5-a06b-10fb90171ee0/symbol=601500/data.parquet,
62bbe9df-6ed8-48d5-a06b-10fb90171ee0,601500,balance_sheet_report,2011-12-31,2014-05-05,2026-07-27,False,available,data/raw/stock_balance_sheet_by_report_em/run_id=62bbe9df-6ed8-48d5-a06b-10fb90171ee0/symbol=601500/data.parquet,
62bbe9df-6ed8-48d5-a06b-10fb90171ee0,601500,profit_sheet_report,2026-03-31,2026-04-30,2026-07-27,False,available,data/raw/stock_profit_sheet_by_report_em/run_id=62bbe9df-6ed8-48d5-a06b-10fb90171ee0/symbol=601500/data.parquet,
62bbe9df-6ed8-48d5-a06b-10fb90171ee0,601500,profit_sheet_report,2025-12-31,2026-04-30,2026-07-27,False,available,data/raw/stock_profit_sheet_by_report_em/run_id=62bbe9df-6ed8-48d5-a06b-10fb90171ee0/symbol=601500/data.parquet,
62bbe9df-6ed8-48d5-a06b-10fb90171ee0,601500,profit_sheet_report,2025-09-30,2025-10-30,2026-07-27,False,available,data/raw/stock_profit_sheet_by_report_em/run_id=62bbe9df-6ed8-48d5-a06b-10fb90171ee0/symbol=601500/data.parquet,
62bbe9df-6ed8-48d5-a06b-10fb90171ee0,601500,profit_sheet_report,2025-06-30,2025-08-28,2026-07-27,False,available,data/raw/stock_profit_sheet_by_report_em/run_id=62bbe9df-6ed8-48d5-a06b-10fb90171ee0/symbol=601500/data.parquet,
62bbe9df-6ed8-48d5-a06b-10fb90171ee0,601500,profit_sheet_report,2025-03-31,2025-04-30,2026-07-27,False,available,data/raw/stock_profit_sheet_by_report_em/run_id=62bbe9df-6ed8-48d5-a06b-10fb90171ee0/symbol=601500/data.parquet,
62bbe9df-6ed8-48d5-a06b-10fb90171ee0,601500,profit_sheet_report,2024-12-31,2025-04-30,2026-07-27,False,available,data/raw/stock_profit_sheet_by_report_em/run_id=62bbe9df-6ed8-48d5-a06b-10fb90171ee0/symbol=601500/data.parquet,
62bbe9df-6ed8-48d5-a06b-10fb90171ee0,601500,profit_sheet_report,2024-09-30,2024-10-29,2026-07-27,False,available,data/raw/stock_profit_sheet_by_report_em/run_id=62bbe9df-6ed8-48d5-a06b-10fb90171ee0/symbol=601500/data.parquet,
62bbe9df-6ed8-48d5-a06b-10fb90171ee0,601500,profit_sheet_report,2024-06-30,2024-08-28,2026-07-27,False,available,data/raw/stock_profit_sheet_by_report_em/run_id=62bbe9df-6ed8-48d5-a06b-10fb90171ee0/symbol=601500/data.parquet,
62bbe9df-6ed8-48d5-a06b-10fb90171ee0,601500,profit_sheet_report,2024-03-31,2024-04-26,2026-07-27,False,available,data/raw/stock_profit_sheet_by_report_em/run_id=62bbe9df-6ed8-48d5-a06b-10fb90171ee0/symbol=601500/data.parquet,
62bbe9df-6ed8-48d5-a06b-10fb90171ee0,601500,profit_sheet_report,2023-12-31,2024-04-26,2026-07-27,False,available,data/raw/stock_profit_sheet_by_report_em/run_id=62bbe9df-6ed8-48d5-a06b-10fb90171ee0/symbol=601500/data.parquet,
62bbe9df-6ed8-48d5-a06b-10fb90171ee0,601500,profit_sheet_report,2023-09-30,2023-10-28,2026-07-27,False,available,data/raw/stock_profit_sheet_by_report_em/run_id=62bbe9df-6ed8-48d5-a06b-10fb90171ee0/symbol=601500/data.parquet,
62bbe9df-6ed8-48d5-a06b-10fb90171ee0,601500,profit_sheet_report,2023-06-30,2023-08-29,2026-07-27,False,available,data/raw/stock_profit_sheet_by_report_em/run_id=62bbe9df-6ed8-48d5-a06b-10fb90171ee0/symbol=601500/data.parquet,
62bbe9df-6ed8-48d5-a06b-10fb90171ee0,601500,profit_sheet_report,2023-03-31,2023-04-27,2026-07-27,False,available,data/raw/stock_profit_sheet_by_report_em/run_id=62bbe9df-6ed8-48d5-a06b-10fb90171ee0/symbol=601500/data.parquet,
62bbe9df-6ed8-48d5-a06b-10fb90171ee0,601500,profit_sheet_report,2022-12-31,2023-04-26,2026-07-27,False,available,data/raw/stock_profit_sheet_by_report_em/run_id=62bbe9df-6ed8-48d5-a06b-10fb90171ee0/symbol=601500/data.parquet,
62bbe9df-6ed8-48d5-a06b-10fb90171ee0,601500,profit_sheet_report,2022-09-30,2022-10-29,2026-07-27,False,available,data/raw/stock_profit_sheet_by_report_em/run_id=62bbe9df-6ed8-48d5-a06b-10fb90171ee0/symbol=601500/data.parquet,
62bbe9df-6ed8-48d5-a06b-10fb90171ee0,601500,profit_sheet_report,2022-06-30,2022-08-27,2026-07-27,False,available,data/raw/stock_profit_sheet_by_report_em/run_id=62bbe9df-6ed8-48d5-a06b-10fb90171ee0/symbol=601500/data.parquet,
62bbe9df-6ed8-48d5-a06b-10fb90171ee0,601500,profit_sheet_report,2022-03-31,2022-04-30,2026-07-27,False,available,data/raw/stock_profit_sheet_by_report_em/run_id=62bbe9df-6ed8-48d5-a06b-10fb90171ee0/symbol=601500/data.parquet,
62bbe9df-6ed8-48d5-a06b-10fb90171ee0,601500,profit_sheet_report,2021-12-31,2022-04-28,2026-07-27,False,available,data/raw/stock_profit_sheet_by_report_em/run_id=62bbe9df-6ed8-48d5-a06b-10fb90171ee0/symbol=601500/data.parquet,
62bbe9df-6ed8-48d5-a06b-10fb90171ee0,601500,profit_sheet_report,2021-09-30,2021-10-28,2026-07-27,False,available,data/raw/stock_profit_sheet_by_report_em/run_id=62bbe9df-6ed8-48d5-a06b-10fb90171ee0/symbol=601500/data.parquet,
62bbe9df-6ed8-48d5-a06b-10fb90171ee0,601500,profit_sheet_report,2021-06-30,2021-08-28,2026-07-27,False,available,data/raw/stock_profit_sheet_by_report_em/run_id=62bbe9df-6ed8-48d5-a06b-10fb90171ee0/symbol=601500/data.parquet,
62bbe9df-6ed8-48d5-a06b-10fb90171ee0,601500,profit_sheet_report,2021-03-31,2021-04-28,2026-07-27,False,available,data/raw/stock_profit_sheet_by_report_em/run_id=62bbe9df-6ed8-48d5-a06b-10fb90171ee0/symbol=601500/data.parquet,
62bbe9df-6ed8-48d5-a06b-10fb90171ee0,601500,profit_sheet_report,2020-12-31,2021-04-28,2026-07-27,False,available,data/raw/stock_profit_sheet_by_report_em/run_id=62bbe9df-6ed8-48d5-a06b-10fb90171ee0/symbol=601500/data.parquet,
62bbe9df-6ed8-48d5-a06b-10fb90171ee0,601500,profit_sheet_report,2020-09-30,2020-10-29,2026-07-27,False,available,data/raw/stock_profit_sheet_by_report_em/run_id=62bbe9df-6ed8-48d5-a06b-10fb90171ee0/symbol=601500/data.parquet,
62bbe9df-6ed8-48d5-a06b-10fb90171ee0,601500,profit_sheet_report,2020-06-30,2020-08-27,2026-07-27,False,available,data/raw/stock_profit_sheet_by_report_em/run_id=62bbe9df-6ed8-48d5-a06b-10fb90171ee0/symbol=601500/data.parquet,
62bbe9df-6ed8-48d5-a06b-10fb90171ee0,601500,profit_sheet_report,2020-03-31,2020-04-28,2026-07-27,False,available,data/raw/stock_profit_sheet_by_report_em/run_id=62bbe9df-6ed8-48d5-a06b-10fb90171ee0/symbol=601500/data.parquet,
62bbe9df-6ed8-48d5-a06b-10fb90171ee0,601500,profit_sheet_report,2019-12-31,2020-04-28,2026-07-27,False,available,data/raw/stock_profit_sheet_by_report_em/run_id=62bbe9df-6ed8-48d5-a06b-10fb90171ee0/symbol=601500/data.parquet,
62bbe9df-6ed8-48d5-a06b-10fb90171ee0,601500,profit_sheet_report,2019-09-30,2019-10-30,2026-07-27,False,available,data/raw/stock_profit_sheet_by_report_em/run_id=62bbe9df-6ed8-48d5-a06b-10fb90171ee0/symbol=601500/data.parquet,
62bbe9df-6ed8-48d5-a06b-10fb90171ee0,601500,profit_sheet_report,2019-06-30,2019-08-30,2026-07-27,False,available,data/raw/stock_profit_sheet_by_report_em/run_id=62bbe9df-6ed8-48d5-a06b-10fb90171ee0/symbol=601500/data.parquet,
62bbe9df-6ed8-48d5-a06b-10fb90171ee0,601500,profit_sheet_report,2019-03-31,2019-04-26,2026-07-27,False,available,data/raw/stock_profit_sheet_by_report_em/run_id=62bbe9df-6ed8-48d5-a06b-10fb90171ee0/symbol=601500/data.parquet,
62bbe9df-6ed8-48d5-a06b-10fb90171ee0,601500,profit_sheet_report,2018-12-31,2019-03-29,2026-07-27,False,available,data/raw/stock_profit_sheet_by_report_em/run_id=62bbe9df-6ed8-48d5-a06b-10fb90171ee0/symbol=601500/data.parquet,
62bbe9df-6ed8-48d5-a06b-10fb90171ee0,601500,profit_sheet_report,2018-09-30,2018-10-26,2026-07-27,False,available,data/raw/stock_profit_sheet_by_report_em/run_id=62bbe9df-6ed8-48d5-a06b-10fb90171ee0/symbol=601500/data.parquet,
62bbe9df-6ed8-48d5-a06b-10fb90171ee0,601500,profit_sheet_report,2018-06-30,2018-08-27,2026-07-27,False,available,data/raw/stock_profit_sheet_by_report_em/run_id=62bbe9df-6ed8-48d5-a06b-10fb90171ee0/symbol=601500/data.parquet,
62bbe9df-6ed8-48d5-a06b-10fb90171ee0,601500,profit_sheet_report,2018-03-31,2018-04-20,2026-07-27,False,available,data/raw/stock_profit_sheet_by_report_em/run_id=62bbe9df-6ed8-48d5-a06b-10fb90171ee0/symbol=601500/data.parquet,
62bbe9df-6ed8-48d5-a06b-10fb90171ee0,601500,profit_sheet_report,2017-12-31,2018-03-28,2026-07-27,False,available,data/raw/stock_profit_sheet_by_report_em/run_id=62bbe9df-6ed8-48d5-a06b-10fb90171ee0/symbol=601500/data.parquet,
62bbe9df-6ed8-48d5-a06b-10fb90171ee0,601500,profit_sheet_report,2017-09-30,2017-10-31,2026-07-27,False,available,data/raw/stock_profit_sheet_by_report_em/run_id=62bbe9df-6ed8-48d5-a06b-10fb90171ee0/symbol=601500/data.parquet,
62bbe9df-6ed8-48d5-a06b-10fb90171ee0,601500,profit_sheet_report,2017-06-30,2017-08-29,2026-07-27,False,available,data/raw/stock_profit_sheet_by_report_em/run_id=62bbe9df-6ed8-48d5-a06b-10fb90171ee0/symbol=601500/data.parquet,
62bbe9df-6ed8-48d5-a06b-10fb90171ee0,601500,profit_sheet_report,2017-03-31,2017-04-28,2026-07-27,False,available,data/raw/stock_profit_sheet_by_report_em/run_id=62bbe9df-6ed8-48d5-a06b-10fb90171ee0/symbol=601500/data.parquet,
62bbe9df-6ed8-48d5-a06b-10fb90171ee0,601500,profit_sheet_report,2016-12-31,2017-04-18,2026-07-27,False,available,data/raw/stock_profit_sheet_by_report_em/run_id=62bbe9df-6ed8-48d5-a06b-10fb90171ee0/symbol=601500/data.parquet,
62bbe9df-6ed8-48d5-a06b-10fb90171ee0,601500,profit_sheet_report,2016-09-30,2016-10-31,2026-07-27,False,available,data/raw/stock_profit_sheet_by_report_em/run_id=62bbe9df-6ed8-48d5-a06b-10fb90171ee0/symbol=601500/data.parquet,
62bbe9df-6ed8-48d5-a06b-10fb90171ee0,601500,profit_sheet_report,2016-06-30,2016-08-26,2026-07-27,False,available,data/raw/stock_profit_sheet_by_report_em/run_id=62bbe9df-6ed8-48d5-a06b-10fb90171ee0/symbol=601500/data.parquet,
62bbe9df-6ed8-48d5-a06b-10fb90171ee0,601500,profit_sheet_report,2016-03-31,2017-04-28,2026-07-27,False,available,data/raw/stock_profit_sheet_by_report_em/run_id=62bbe9df-6ed8-48d5-a06b-10fb90171ee0/symbol=601500/data.parquet,
62bbe9df-6ed8-48d5-a06b-10fb90171ee0,601500,profit_sheet_report,2015-12-31,2016-08-26,2026-07-27,False,available,data/raw/stock_profit_sheet_by_report_em/run_id=62bbe9df-6ed8-48d5-a06b-10fb90171ee0/symbol=601500/data.parquet,
62bbe9df-6ed8-48d5-a06b-10fb90171ee0,601500,profit_sheet_report,2015-09-30,2016-02-19,2026-07-27,False,available,data/raw/stock_profit_sheet_by_report_em/run_id=62bbe9df-6ed8-48d5-a06b-10fb90171ee0/symbol=601500/data.parquet,
62bbe9df-6ed8-48d5-a06b-10fb90171ee0,601500,profit_sheet_report,2014-12-31,2016-02-19,2026-07-27,False,available,data/raw/stock_profit_sheet_by_report_em/run_id=62bbe9df-6ed8-48d5-a06b-10fb90171ee0/symbol=601500/data.parquet,
62bbe9df-6ed8-48d5-a06b-10fb90171ee0,601500,profit_sheet_report,2013-12-31,2014-05-05,2026-07-27,False,available,data/raw/stock_profit_sheet_by_report_em/run_id=62bbe9df-6ed8-48d5-a06b-10fb90171ee0/symbol=601500/data.parquet,
62bbe9df-6ed8-48d5-a06b-10fb90171ee0,601500,profit_sheet_report,2012-12-31,2014-05-05,2026-07-27,False,available,data/raw/stock_profit_sheet_by_report_em/run_id=62bbe9df-6ed8-48d5-a06b-10fb90171ee0/symbol=601500/data.parquet,
62bbe9df-6ed8-48d5-a06b-10fb90171ee0,601500,profit_sheet_report,2011-12-31,2014-05-05,2026-07-27,False,available,data/raw/stock_profit_sheet_by_report_em/run_id=62bbe9df-6ed8-48d5-a06b-10fb90171ee0/symbol=601500/data.parquet,
62bbe9df-6ed8-48d5-a06b-10fb90171ee0,601500,cashflow_sheet_report,2026-03-31,2026-04-30,2026-07-27,False,available,data/raw/stock_cash_flow_sheet_by_report_em/run_id=62bbe9df-6ed8-48d5-a06b-10fb90171ee0/symbol=601500/data.parquet,
62bbe9df-6ed8-48d5-a06b-10fb90171ee0,601500,cashflow_sheet_report,2025-12-31,2026-04-30,2026-07-27,False,available,data/raw/stock_cash_flow_sheet_by_report_em/run_id=62bbe9df-6ed8-48d5-a06b-10fb90171ee0/symbol=601500/data.parquet,
62bbe9df-6ed8-48d5-a06b-10fb90171ee0,601500,cashflow_sheet_report,2025-09-30,2025-10-30,2026-07-27,False,available,data/raw/stock_cash_flow_sheet_by_report_em/run_id=62bbe9df-6ed8-48d5-a06b-10fb90171ee0/symbol=601500/data.parquet,
62bbe9df-6ed8-48d5-a06b-10fb90171ee0,601500,cashflow_sheet_report,2025-06-30,2025-08-28,2026-07-27,False,available,data/raw/stock_cash_flow_sheet_by_report_em/run_id=62bbe9df-6ed8-48d5-a06b-10fb90171ee0/symbol=601500/data.parquet,
62bbe9df-6ed8-48d5-a06b-10fb90171ee0,601500,cashflow_sheet_report,2025-03-31,2025-04-30,2026-07-27,False,available,data/raw/stock_cash_flow_sheet_by_report_em/run_id=62bbe9df-6ed8-48d5-a06b-10fb90171ee0/symbol=601500/data.parquet,
62bbe9df-6ed8-48d5-a06b-10fb90171ee0,601500,cashflow_sheet_report,2024-12-31,2025-04-30,2026-07-27,False,available,data/raw/stock_cash_flow_sheet_by_report_em/run_id=62bbe9df-6ed8-48d5-a06b-10fb90171ee0/symbol=601500/data.parquet,
62bbe9df-6ed8-48d5-a06b-10fb90171ee0,601500,cashflow_sheet_report,2024-09-30,2024-10-29,2026-07-27,False,available,data/raw/stock_cash_flow_sheet_by_report_em/run_id=62bbe9df-6ed8-48d5-a06b-10fb90171ee0/symbol=601500/data.parquet,
62bbe9df-6ed8-48d5-a06b-10fb90171ee0,601500,cashflow_sheet_report,2024-06-30,2024-08-28,2026-07-27,False,available,data/raw/stock_cash_flow_sheet_by_report_em/run_id=62bbe9df-6ed8-48d5-a06b-10fb90171ee0/symbol=601500/data.parquet,
62bbe9df-6ed8-48d5-a06b-10fb90171ee0,601500,cashflow_sheet_report,2024-03-31,2024-04-26,2026-07-27,False,available,data/raw/stock_cash_flow_sheet_by_report_em/run_id=62bbe9df-6ed8-48d5-a06b-10fb90171ee0/symbol=601500/data.parquet,
62bbe9df-6ed8-48d5-a06b-10fb90171ee0,601500,cashflow_sheet_report,2023-12-31,2024-04-26,2026-07-27,False,available,data/raw/stock_cash_flow_sheet_by_report_em/run_id=62bbe9df-6ed8-48d5-a06b-10fb90171ee0/symbol=601500/data.parquet,
62bbe9df-6ed8-48d5-a06b-10fb90171ee0,601500,cashflow_sheet_report,2023-09-30,2023-10-28,2026-07-27,False,available,data/raw/stock_cash_flow_sheet_by_report_em/run_id=62bbe9df-6ed8-48d5-a06b-10fb90171ee0/symbol=601500/data.parquet,
62bbe9df-6ed8-48d5-a06b-10fb90171ee0,601500,cashflow_sheet_report,2023-06-30,2023-08-29,2026-07-27,False,available,data/raw/stock_cash_flow_sheet_by_report_em/run_id=62bbe9df-6ed8-48d5-a06b-10fb90171ee0/symbol=601500/data.parquet,
62bbe9df-6ed8-48d5-a06b-10fb90171ee0,601500,cashflow_sheet_report,2023-03-31,2023-04-27,2026-07-27,False,available,data/raw/stock_cash_flow_sheet_by_report_em/run_id=62bbe9df-6ed8-48d5-a06b-10fb90171ee0/symbol=601500/data.parquet,
62bbe9df-6ed8-48d5-a06b-10fb90171ee0,601500,cashflow_sheet_report,2022-12-31,2023-04-26,2026-07-27,False,available,data/raw/stock_cash_flow_sheet_by_report_em/run_id=62bbe9df-6ed8-48d5-a06b-10fb90171ee0/symbol=601500/data.parquet,
62bbe9df-6ed8-48d5-a06b-10fb90171ee0,601500,cashflow_sheet_report,2022-09-30,2022-10-29,2026-07-27,False,available,data/raw/stock_cash_flow_sheet_by_report_em/run_id=62bbe9df-6ed8-48d5-a06b-10fb90171ee0/symbol=601500/data.parquet,
62bbe9df-6ed8-48d5-a06b-10fb90171ee0,601500,cashflow_sheet_report,2022-06-30,2022-08-27,2026-07-27,False,available,data/raw/stock_cash_flow_sheet_by_report_em/run_id=62bbe9df-6ed8-48d5-a06b-10fb90171ee0/symbol=601500/data.parquet,
62bbe9df-6ed8-48d5-a06b-10fb90171ee0,601500,cashflow_sheet_report,2022-03-31,2022-04-30,2026-07-27,False,available,data/raw/stock_cash_flow_sheet_by_report_em/run_id=62bbe9df-6ed8-48d5-a06b-10fb90171ee0/symbol=601500/data.parquet,
62bbe9df-6ed8-48d5-a06b-10fb90171ee0,601500,cashflow_sheet_report,2021-12-31,2022-04-28,2026-07-27,False,available,data/raw/stock_cash_flow_sheet_by_report_em/run_id=62bbe9df-6ed8-48d5-a06b-10fb90171ee0/symbol=601500/data.parquet,
62bbe9df-6ed8-48d5-a06b-10fb90171ee0,601500,cashflow_sheet_report,2021-09-30,2021-10-28,2026-07-27,False,available,data/raw/stock_cash_flow_sheet_by_report_em/run_id=62bbe9df-6ed8-48d5-a06b-10fb90171ee0/symbol=601500/data.parquet,
62bbe9df-6ed8-48d5-a06b-10fb90171ee0,601500,cashflow_sheet_report,2021-06-30,2021-08-28,2026-07-27,False,available,data/raw/stock_cash_flow_sheet_by_report_em/run_id=62bbe9df-6ed8-48d5-a06b-10fb90171ee0/symbol=601500/data.parquet,
62bbe9df-6ed8-48d5-a06b-10fb90171ee0,601500,cashflow_sheet_report,2021-03-31,2021-04-28,2026-07-27,False,available,data/raw/stock_cash_flow_sheet_by_report_em/run_id=62bbe9df-6ed8-48d5-a06b-10fb90171ee0/symbol=601500/data.parquet,
62bbe9df-6ed8-48d5-a06b-10fb90171ee0,601500,cashflow_sheet_report,2020-12-31,2021-04-28,2026-07-27,False,available,data/raw/stock_cash_flow_sheet_by_report_em/run_id=62bbe9df-6ed8-48d5-a06b-10fb90171ee0/symbol=601500/data.parquet,
62bbe9df-6ed8-48d5-a06b-10fb90171ee0,601500,cashflow_sheet_report,2020-09-30,2020-10-29,2026-07-27,False,available,data/raw/stock_cash_flow_sheet_by_report_em/run_id=62bbe9df-6ed8-48d5-a06b-10fb90171ee0/symbol=601500/data.parquet,
62bbe9df-6ed8-48d5-a06b-10fb90171ee0,601500,cashflow_sheet_report,2020-06-30,2020-08-27,2026-07-27,False,available,data/raw/stock_cash_flow_sheet_by_report_em/run_id=62bbe9df-6ed8-48d5-a06b-10fb90171ee0/symbol=601500/data.parquet,
62bbe9df-6ed8-48d5-a06b-10fb90171ee0,601500,cashflow_sheet_report,2020-03-31,2020-04-28,2026-07-27,False,available,data/raw/stock_cash_flow_sheet_by_report_em/run_id=62bbe9df-6ed8-48d5-a06b-10fb90171ee0/symbol=601500/data.parquet,
62bbe9df-6ed8-48d5-a06b-10fb90171ee0,601500,cashflow_sheet_report,2019-12-31,2020-04-28,2026-07-27,False,available,data/raw/stock_cash_flow_sheet_by_report_em/run_id=62bbe9df-6ed8-48d5-a06b-10fb90171ee0/symbol=601500/data.parquet,
62bbe9df-6ed8-48d5-a06b-10fb90171ee0,601500,cashflow_sheet_report,2019-09-30,2019-10-30,2026-07-27,False,available,data/raw/stock_cash_flow_sheet_by_report_em/run_id=62bbe9df-6ed8-48d5-a06b-10fb90171ee0/symbol=601500/data.parquet,
62bbe9df-6ed8-48d5-a06b-10fb90171ee0,601500,cashflow_sheet_report,2019-06-30,2019-08-30,2026-07-27,False,available,data/raw/stock_cash_flow_sheet_by_report_em/run_id=62bbe9df-6ed8-48d5-a06b-10fb90171ee0/symbol=601500/data.parquet,
62bbe9df-6ed8-48d5-a06b-10fb90171ee0,601500,cashflow_sheet_report,2019-03-31,2019-04-26,2026-07-27,False,available,data/raw/stock_cash_flow_sheet_by_report_em/run_id=62bbe9df-6ed8-48d5-a06b-10fb90171ee0/symbol=601500/data.parquet,
62bbe9df-6ed8-48d5-a06b-10fb90171ee0,601500,cashflow_sheet_report,2018-12-31,2019-03-29,2026-07-27,False,available,data/raw/stock_cash_flow_sheet_by_report_em/run_id=62bbe9df-6ed8-48d5-a06b-10fb90171ee0/symbol=601500/data.parquet,
62bbe9df-6ed8-48d5-a06b-10fb90171ee0,601500,cashflow_sheet_report,2018-09-30,2018-10-26,2026-07-27,False,available,data/raw/stock_cash_flow_sheet_by_report_em/run_id=62bbe9df-6ed8-48d5-a06b-10fb90171ee0/symbol=601500/data.parquet,
62bbe9df-6ed8-48d5-a06b-10fb90171ee0,601500,cashflow_sheet_report,2018-06-30,2018-08-27,2026-07-27,False,available,data/raw/stock_cash_flow_sheet_by_report_em/run_id=62bbe9df-6ed8-48d5-a06b-10fb90171ee0/symbol=601500/data.parquet,
62bbe9df-6ed8-48d5-a06b-10fb90171ee0,601500,cashflow_sheet_report,2018-03-31,2018-04-20,2026-07-27,False,available,data/raw/stock_cash_flow_sheet_by_report_em/run_id=62bbe9df-6ed8-48d5-a06b-10fb90171ee0/symbol=601500/data.parquet,
62bbe9df-6ed8-48d5-a06b-10fb90171ee0,601500,cashflow_sheet_report,2017-12-31,2018-03-28,2026-07-27,False,available,data/raw/stock_cash_flow_sheet_by_report_em/run_id=62bbe9df-6ed8-48d5-a06b-10fb90171ee0/symbol=601500/data.parquet,
62bbe9df-6ed8-48d5-a06b-10fb90171ee0,601500,cashflow_sheet_report,2017-09-30,2017-10-31,2026-07-27,False,available,data/raw/stock_cash_flow_sheet_by_report_em/run_id=62bbe9df-6ed8-48d5-a06b-10fb90171ee0/symbol=601500/data.parquet,
62bbe9df-6ed8-48d5-a06b-10fb90171ee0,601500,cashflow_sheet_report,2017-06-30,2017-08-29,2026-07-27,False,available,data/raw/stock_cash_flow_sheet_by_report_em/run_id=62bbe9df-6ed8-48d5-a06b-10fb90171ee0/symbol=601500/data.parquet,
62bbe9df-6ed8-48d5-a06b-10fb90171ee0,601500,cashflow_sheet_report,2017-03-31,2017-04-28,2026-07-27,False,available,data/raw/stock_cash_flow_sheet_by_report_em/run_id=62bbe9df-6ed8-48d5-a06b-10fb90171ee0/symbol=601500/data.parquet,
62bbe9df-6ed8-48d5-a06b-10fb90171ee0,601500,cashflow_sheet_report,2016-12-31,2017-04-18,2026-07-27,False,available,data/raw/stock_cash_flow_sheet_by_report_em/run_id=62bbe9df-6ed8-48d5-a06b-10fb90171ee0/symbol=601500/data.parquet,
62bbe9df-6ed8-48d5-a06b-10fb90171ee0,601500,cashflow_sheet_report,2016-09-30,2016-10-31,2026-07-27,False,available,data/raw/stock_cash_flow_sheet_by_report_em/run_id=62bbe9df-6ed8-48d5-a06b-10fb90171ee0/symbol=601500/data.parquet,
62bbe9df-6ed8-48d5-a06b-10fb90171ee0,601500,cashflow_sheet_report,2016-06-30,2016-08-26,2026-07-27,False,available,data/raw/stock_cash_flow_sheet_by_report_em/run_id=62bbe9df-6ed8-48d5-a06b-10fb90171ee0/symbol=601500/data.parquet,
62bbe9df-6ed8-48d5-a06b-10fb90171ee0,601500,cashflow_sheet_report,2016-03-31,2017-04-28,2026-07-27,False,available,data/raw/stock_cash_flow_sheet_by_report_em/run_id=62bbe9df-6ed8-48d5-a06b-10fb90171ee0/symbol=601500/data.parquet,
62bbe9df-6ed8-48d5-a06b-10fb90171ee0,601500,cashflow_sheet_report,2015-12-31,2016-08-26,2026-07-27,False,available,data/raw/stock_cash_flow_sheet_by_report_em/run_id=62bbe9df-6ed8-48d5-a06b-10fb90171ee0/symbol=601500/data.parquet,
62bbe9df-6ed8-48d5-a06b-10fb90171ee0,601500,cashflow_sheet_report,2015-09-30,2016-02-19,2026-07-27,False,available,data/raw/stock_cash_flow_sheet_by_report_em/run_id=62bbe9df-6ed8-48d5-a06b-10fb90171ee0/symbol=601500/data.parquet,
62bbe9df-6ed8-48d5-a06b-10fb90171ee0,601500,cashflow_sheet_report,2014-12-31,2016-02-19,2026-07-27,False,available,data/raw/stock_cash_flow_sheet_by_report_em/run_id=62bbe9df-6ed8-48d5-a06b-10fb90171ee0/symbol=601500/data.parquet,
62bbe9df-6ed8-48d5-a06b-10fb90171ee0,601500,cashflow_sheet_report,2013-12-31,2016-02-19,2026-07-27,False,available,data/raw/stock_cash_flow_sheet_by_report_em/run_id=62bbe9df-6ed8-48d5-a06b-10fb90171ee0/symbol=601500/data.parquet,
62bbe9df-6ed8-48d5-a06b-10fb90171ee0,601500,cashflow_sheet_report,2012-12-31,2014-05-05,2026-07-27,False,available,data/raw/stock_cash_flow_sheet_by_report_em/run_id=62bbe9df-6ed8-48d5-a06b-10fb90171ee0/symbol=601500/data.parquet,
62bbe9df-6ed8-48d5-a06b-10fb90171ee0,601500,cashflow_sheet_report,2011-12-31,2014-05-05,2026-07-27,False,available,data/raw/stock_cash_flow_sheet_by_report_em/run_id=62bbe9df-6ed8-48d5-a06b-10fb90171ee0/symbol=601500/data.parquet,
62bbe9df-6ed8-48d5-a06b-10fb90171ee0,600231,financial_abstract,,,2026-07-27,False,unavailable,data/raw/stock_financial_abstract/run_id=62bbe9df-6ed8-48d5-a06b-10fb90171ee0/symbol=600231/data.parquet,WARN: report/announcement date could not be paired
62bbe9df-6ed8-48d5-a06b-10fb90171ee0,600231,financial_indicator,,,2026-07-27,False,unavailable,data/raw/stock_financial_analysis_indicator/run_id=62bbe9df-6ed8-48d5-a06b-10fb90171ee0/symbol=600231/data.parquet,WARN: report/announcement date could not be paired
62bbe9df-6ed8-48d5-a06b-10fb90171ee0,600231,balance_sheet_report,2026-03-31,2026-04-30,2026-07-27,False,available,data/raw/stock_balance_sheet_by_report_em/run_id=62bbe9df-6ed8-48d5-a06b-10fb90171ee0/symbol=600231/data.parquet,
62bbe9df-6ed8-48d5-a06b-10fb90171ee0,600231,balance_sheet_report,2025-12-31,2026-04-01,2026-07-27,False,available,data/raw/stock_balance_sheet_by_report_em/run_id=62bbe9df-6ed8-48d5-a06b-10fb90171ee0/symbol=600231/data.parquet,
62bbe9df-6ed8-48d5-a06b-10fb90171ee0,600231,balance_sheet_report,2025-09-30,2025-10-25,2026-07-27,False,available,data/raw/stock_balance_sheet_by_report_em/run_id=62bbe9df-6ed8-48d5-a06b-10fb90171ee0/symbol=600231/data.parquet,
62bbe9df-6ed8-48d5-a06b-10fb90171ee0,600231,balance_sheet_report,2025-06-30,2025-08-28,2026-07-27,False,available,data/raw/stock_balance_sheet_by_report_em/run_id=62bbe9df-6ed8-48d5-a06b-10fb90171ee0/symbol=600231/data.parquet,
62bbe9df-6ed8-48d5-a06b-10fb90171ee0,600231,balance_sheet_report,2025-03-31,2025-04-30,2026-07-27,False,available,data/raw/stock_balance_sheet_by_report_em/run_id=62bbe9df-6ed8-48d5-a06b-10fb90171ee0/symbol=600231/data.parquet,
62bbe9df-6ed8-48d5-a06b-10fb90171ee0,600231,balance_sheet_report,2024-12-31,2025-04-01,2026-07-27,False,available,data/raw/stock_balance_sheet_by_report_em/run_id=62bbe9df-6ed8-48d5-a06b-10fb90171ee0/symbol=600231/data.parquet,
62bbe9df-6ed8-48d5-a06b-10fb90171ee0,600231,balance_sheet_report,2024-09-30,2024-10-31,2026-07-27,False,available,data/raw/stock_balance_sheet_by_report_em/run_id=62bbe9df-6ed8-48d5-a06b-10fb90171ee0/symbol=600231/data.parquet,
62bbe9df-6ed8-48d5-a06b-10fb90171ee0,600231,balance_sheet_report,2024-06-30,2024-08-31,2026-07-27,False,available,data/raw/stock_balance_sheet_by_report_em/run_id=62bbe9df-6ed8-48d5-a06b-10fb90171ee0/symbol=600231/data.parquet,
62bbe9df-6ed8-48d5-a06b-10fb90171ee0,600231,balance_sheet_report,2024-03-31,2024-04-30,2026-07-27,False,available,data/raw/stock_balance_sheet_by_report_em/run_id=62bbe9df-6ed8-48d5-a06b-10fb90171ee0/symbol=600231/data.parquet,
62bbe9df-6ed8-48d5-a06b-10fb90171ee0,600231,balance_sheet_report,2023-12-31,2024-04-25,2026-07-27,False,available,data/raw/stock_balance_sheet_by_report_em/run_id=62bbe9df-6ed8-48d5-a06b-10fb90171ee0/symbol=600231/data.parquet,
62bbe9df-6ed8-48d5-a06b-10fb90171ee0,600231,balance_sheet_report,2023-09-30,2023-10-28,2026-07-27,False,available,data/raw/stock_balance_sheet_by_report_em/run_id=62bbe9df-6ed8-48d5-a06b-10fb90171ee0/symbol=600231/data.parquet,
62bbe9df-6ed8-48d5-a06b-10fb90171ee0,600231,balance_sheet_report,2023-06-30,2023-08-31,2026-07-27,False,available,data/raw/stock_balance_sheet_by_report_em/run_id=62bbe9df-6ed8-48d5-a06b-10fb90171ee0/symbol=600231/data.parquet,
62bbe9df-6ed8-48d5-a06b-10fb90171ee0,600231,balance_sheet_report,2023-03-31,2023-04-29,2026-07-27,False,available,data/raw/stock_balance_sheet_by_report_em/run_id=62bbe9df-6ed8-48d5-a06b-10fb90171ee0/symbol=600231/data.parquet,
62bbe9df-6ed8-48d5-a06b-10fb90171ee0,600231,balance_sheet_report,2022-12-31,2023-04-29,2026-07-27,False,available,data/raw/stock_balance_sheet_by_report_em/run_id=62bbe9df-6ed8-48d5-a06b-10fb90171ee0/symbol=600231/data.parquet,
62bbe9df-6ed8-48d5-a06b-10fb90171ee0,600231,balance_sheet_report,2022-09-30,2022-10-29,2026-07-27,False,available,data/raw/stock_balance_sheet_by_report_em/run_id=62bbe9df-6ed8-48d5-a06b-10fb90171ee0/symbol=600231/data.parquet,
62bbe9df-6ed8-48d5-a06b-10fb90171ee0,600231,balance_sheet_report,2022-06-30,2022-08-31,2026-07-27,False,available,data/raw/stock_balance_sheet_by_report_em/run_id=62bbe9df-6ed8-48d5-a06b-10fb90171ee0/symbol=600231/data.parquet,
62bbe9df-6ed8-48d5-a06b-10fb90171ee0,600231,balance_sheet_report,2022-03-31,2022-04-29,2026-07-27,False,available,data/raw/stock_balance_sheet_by_report_em/run_id=62bbe9df-6ed8-48d5-a06b-10fb90171ee0/symbol=600231/data.parquet,
62bbe9df-6ed8-48d5-a06b-10fb90171ee0,600231,balance_sheet_report,2021-12-31,2022-03-02,2026-07-27,False,available,data/raw/stock_balance_sheet_by_report_em/run_id=62bbe9df-6ed8-48d5-a06b-10fb90171ee0/symbol=600231/data.parquet,
62bbe9df-6ed8-48d5-a06b-10fb90171ee0,600231,balance_sheet_report,2021-09-30,2021-10-30,2026-07-27,False,available,data/raw/stock_balance_sheet_by_report_em/run_id=62bbe9df-6ed8-48d5-a06b-10fb90171ee0/symbol=600231/data.parquet,
62bbe9df-6ed8-48d5-a06b-10fb90171ee0,600231,balance_sheet_report,2021-06-30,2021-08-31,2026-07-27,False,available,data/raw/stock_balance_sheet_by_report_em/run_id=62bbe9df-6ed8-48d5-a06b-10fb90171ee0/symbol=600231/data.parquet,
62bbe9df-6ed8-48d5-a06b-10fb90171ee0,600231,balance_sheet_report,2021-03-31,2021-04-30,2026-07-27,False,available,data/raw/stock_balance_sheet_by_report_em/run_id=62bbe9df-6ed8-48d5-a06b-10fb90171ee0/symbol=600231/data.parquet,
62bbe9df-6ed8-48d5-a06b-10fb90171ee0,600231,balance_sheet_report,2020-12-31,2021-04-30,2026-07-27,False,available,data/raw/stock_balance_sheet_by_report_em/run_id=62bbe9df-6ed8-48d5-a06b-10fb90171ee0/symbol=600231/data.parquet,
62bbe9df-6ed8-48d5-a06b-10fb90171ee0,600231,balance_sheet_report,2020-09-30,2020-10-31,2026-07-27,False,available,data/raw/stock_balance_sheet_by_report_em/run_id=62bbe9df-6ed8-48d5-a06b-10fb90171ee0/symbol=600231/data.parquet,
62bbe9df-6ed8-48d5-a06b-10fb90171ee0,600231,balance_sheet_report,2020-06-30,2020-08-19,2026-07-27,False,available,data/raw/stock_balance_sheet_by_report_em/run_id=62bbe9df-6ed8-48d5-a06b-10fb90171ee0/symbol=600231/data.parquet,
62bbe9df-6ed8-48d5-a06b-10fb90171ee0,600231,balance_sheet_report,2020-03-31,2020-04-30,2026-07-27,False,available,data/raw/stock_balance_sheet_by_report_em/run_id=62bbe9df-6ed8-48d5-a06b-10fb90171ee0/symbol=600231/data.parquet,
62bbe9df-6ed8-48d5-a06b-10fb90171ee0,600231,balance_sheet_report,2019-12-31,2020-04-30,2026-07-27,False,available,data/raw/stock_balance_sheet_by_report_em/run_id=62bbe9df-6ed8-48d5-a06b-10fb90171ee0/symbol=600231/data.parquet,
62bbe9df-6ed8-48d5-a06b-10fb90171ee0,600231,balance_sheet_report,2019-09-30,2019-10-31,2026-07-27,False,available,data/raw/stock_balance_sheet_by_report_em/run_id=62bbe9df-6ed8-48d5-a06b-10fb90171ee0/symbol=600231/data.parquet,
62bbe9df-6ed8-48d5-a06b-10fb90171ee0,600231,balance_sheet_report,2019-06-30,2019-08-24,2026-07-27,False,available,data/raw/stock_balance_sheet_by_report_em/run_id=62bbe9df-6ed8-48d5-a06b-10fb90171ee0/symbol=600231/data.parquet,
62bbe9df-6ed8-48d5-a06b-10fb90171ee0,600231,balance_sheet_report,2019-03-31,2019-04-30,2026-07-27,False,available,data/raw/stock_balance_sheet_by_report_em/run_id=62bbe9df-6ed8-48d5-a06b-10fb90171ee0/symbol=600231/data.parquet,
62bbe9df-6ed8-48d5-a06b-10fb90171ee0,600231,balance_sheet_report,2018-12-31,2019-03-02,2026-07-27,False,available,data/raw/stock_balance_sheet_by_report_em/run_id=62bbe9df-6ed8-48d5-a06b-10fb90171ee0/symbol=600231/data.parquet,
62bbe9df-6ed8-48d5-a06b-10fb90171ee0,600231,balance_sheet_report,2018-09-30,2018-10-10,2026-07-27,False,available,data/raw/stock_balance_sheet_by_report_em/run_id=62bbe9df-6ed8-48d5-a06b-10fb90171ee0/symbol=600231/data.parquet,
62bbe9df-6ed8-48d5-a06b-10fb90171ee0,600231,balance_sheet_report,2018-06-30,2018-08-11,2026-07-27,False,available,data/raw/stock_balance_sheet_by_report_em/run_id=62bbe9df-6ed8-48d5-a06b-10fb90171ee0/symbol=600231/data.parquet,
62bbe9df-6ed8-48d5-a06b-10fb90171ee0,600231,balance_sheet_report,2018-03-31,2018-04-21,2026-07-27,False,available,data/raw/stock_balance_sheet_by_report_em/run_id=62bbe9df-6ed8-48d5-a06b-10fb90171ee0/symbol=600231/data.parquet,
62bbe9df-6ed8-48d5-a06b-10fb90171ee0,600231,balance_sheet_report,2017-12-31,2018-04-21,2026-07-27,False,available,data/raw/stock_balance_sheet_by_report_em/run_id=62bbe9df-6ed8-48d5-a06b-10fb90171ee0/symbol=600231/data.parquet,
62bbe9df-6ed8-48d5-a06b-10fb90171ee0,600231,balance_sheet_report,2017-09-30,2017-10-14,2026-07-27,False,available,data/raw/stock_balance_sheet_by_report_em/run_id=62bbe9df-6ed8-48d5-a06b-10fb90171ee0/symbol=600231/data.parquet,
62bbe9df-6ed8-48d5-a06b-10fb90171ee0,600231,balance_sheet_report,2017-06-30,2017-07-22,2026-07-27,False,available,data/raw/stock_balance_sheet_by_report_em/run_id=62bbe9df-6ed8-48d5-a06b-10fb90171ee0/symbol=600231/data.parquet,
62bbe9df-6ed8-48d5-a06b-10fb90171ee0,600231,balance_sheet_report,2017-03-31,2017-04-13,2026-07-27,False,available,data/raw/stock_balance_sheet_by_report_em/run_id=62bbe9df-6ed8-48d5-a06b-10fb90171ee0/symbol=600231/data.parquet,
62bbe9df-6ed8-48d5-a06b-10fb90171ee0,600231,balance_sheet_report,2016-12-31,2017-07-22,2026-07-27,False,available,data/raw/stock_balance_sheet_by_report_em/run_id=62bbe9df-6ed8-48d5-a06b-10fb90171ee0/symbol=600231/data.parquet,
62bbe9df-6ed8-48d5-a06b-10fb90171ee0,600231,balance_sheet_report,2016-09-30,2016-10-29,2026-07-27,False,available,data/raw/stock_balance_sheet_by_report_em/run_id=62bbe9df-6ed8-48d5-a06b-10fb90171ee0/symbol=600231/data.parquet,
62bbe9df-6ed8-48d5-a06b-10fb90171ee0,600231,balance_sheet_report,2016-06-30,2016-08-30,2026-07-27,False,available,data/raw/stock_balance_sheet_by_report_em/run_id=62bbe9df-6ed8-48d5-a06b-10fb90171ee0/symbol=600231/data.parquet,
62bbe9df-6ed8-48d5-a06b-10fb90171ee0,600231,balance_sheet_report,2016-03-31,2016-04-22,2026-07-27,False,available,data/raw/stock_balance_sheet_by_report_em/run_id=62bbe9df-6ed8-48d5-a06b-10fb90171ee0/symbol=600231/data.parquet,
62bbe9df-6ed8-48d5-a06b-10fb90171ee0,600231,balance_sheet_report,2015-12-31,2016-03-31,2026-07-27,False,available,data/raw/stock_balance_sheet_by_report_em/run_id=62bbe9df-6ed8-48d5-a06b-10fb90171ee0/symbol=600231/data.parquet,
62bbe9df-6ed8-48d5-a06b-10fb90171ee0,600231,balance_sheet_report,2015-09-30,2015-10-31,2026-07-27,False,available,data/raw/stock_balance_sheet_by_report_em/run_id=62bbe9df-6ed8-48d5-a06b-10fb90171ee0/symbol=600231/data.parquet,
62bbe9df-6ed8-48d5-a06b-10fb90171ee0,600231,balance_sheet_report,2015-06-30,2015-08-29,2026-07-27,False,available,data/raw/stock_balance_sheet_by_report_em/run_id=62bbe9df-6ed8-48d5-a06b-10fb90171ee0/symbol=600231/data.parquet,
62bbe9df-6ed8-48d5-a06b-10fb90171ee0,600231,balance_sheet_report,2015-03-31,2015-04-30,2026-07-27,False,available,data/raw/stock_balance_sheet_by_report_em/run_id=62bbe9df-6ed8-48d5-a06b-10fb90171ee0/symbol=600231/data.parquet,
62bbe9df-6ed8-48d5-a06b-10fb90171ee0,600231,balance_sheet_report,2014-12-31,2015-03-07,2026-07-27,False,available,data/raw/stock_balance_sheet_by_report_em/run_id=62bbe9df-6ed8-48d5-a06b-10fb90171ee0/symbol=600231/data.parquet,
62bbe9df-6ed8-48d5-a06b-10fb90171ee0,600231,balance_sheet_report,2014-09-30,2014-10-18,2026-07-27,False,available,data/raw/stock_balance_sheet_by_report_em/run_id=62bbe9df-6ed8-48d5-a06b-10fb90171ee0/symbol=600231/data.parquet,
62bbe9df-6ed8-48d5-a06b-10fb90171ee0,600231,balance_sheet_report,2014-06-30,2014-07-29,2026-07-27,False,available,data/raw/stock_balance_sheet_by_report_em/run_id=62bbe9df-6ed8-48d5-a06b-10fb90171ee0/symbol=600231/data.parquet,
62bbe9df-6ed8-48d5-a06b-10fb90171ee0,600231,balance_sheet_report,2014-03-31,2014-04-30,2026-07-27,False,available,data/raw/stock_balance_sheet_by_report_em/run_id=62bbe9df-6ed8-48d5-a06b-10fb90171ee0/symbol=600231/data.parquet,
62bbe9df-6ed8-48d5-a06b-10fb90171ee0,600231,balance_sheet_report,2013-12-31,2014-04-30,2026-07-27,False,available,data/raw/stock_balance_sheet_by_report_em/run_id=62bbe9df-6ed8-48d5-a06b-10fb90171ee0/symbol=600231/data.parquet,
62bbe9df-6ed8-48d5-a06b-10fb90171ee0,600231,balance_sheet_report,2013-09-30,2013-10-31,2026-07-27,False,available,data/raw/stock_balance_sheet_by_report_em/run_id=62bbe9df-6ed8-48d5-a06b-10fb90171ee0/symbol=600231/data.parquet,
62bbe9df-6ed8-48d5-a06b-10fb90171ee0,600231,balance_sheet_report,2013-06-30,2013-08-10,2026-07-27,False,available,data/raw/stock_balance_sheet_by_report_em/run_id=62bbe9df-6ed8-48d5-a06b-10fb90171ee0/symbol=600231/data.parquet,
62bbe9df-6ed8-48d5-a06b-10fb90171ee0,600231,balance_sheet_report,2013-03-31,2013-04-16,2026-07-27,False,available,data/raw/stock_balance_sheet_by_report_em/run_id=62bbe9df-6ed8-48d5-a06b-10fb90171ee0/symbol=600231/data.parquet,
62bbe9df-6ed8-48d5-a06b-10fb90171ee0,600231,balance_sheet_report,2012-12-31,2013-04-16,2026-07-27,False,available,data/raw/stock_balance_sheet_by_report_em/run_id=62bbe9df-6ed8-48d5-a06b-10fb90171ee0/symbol=600231/data.parquet,
62bbe9df-6ed8-48d5-a06b-10fb90171ee0,600231,balance_sheet_report,2012-09-30,2012-10-30,2026-07-27,False,available,data/raw/stock_balance_sheet_by_report_em/run_id=62bbe9df-6ed8-48d5-a06b-10fb90171ee0/symbol=600231/data.parquet,
62bbe9df-6ed8-48d5-a06b-10fb90171ee0,600231,balance_sheet_report,2012-06-30,2012-08-15,2026-07-27,False,available,data/raw/stock_balance_sheet_by_report_em/run_id=62bbe9df-6ed8-48d5-a06b-10fb90171ee0/symbol=600231/data.parquet,
62bbe9df-6ed8-48d5-a06b-10fb90171ee0,600231,balance_sheet_report,2012-03-31,2012-04-17,2026-07-27,False,available,data/raw/stock_balance_sheet_by_report_em/run_id=62bbe9df-6ed8-48d5-a06b-10fb90171ee0/symbol=600231/data.parquet,
62bbe9df-6ed8-48d5-a06b-10fb90171ee0,600231,balance_sheet_report,2011-12-31,2012-03-07,2026-07-27,False,available,data/raw/stock_balance_sheet_by_report_em/run_id=62bbe9df-6ed8-48d5-a06b-10fb90171ee0/symbol=600231/data.parquet,
62bbe9df-6ed8-48d5-a06b-10fb90171ee0,600231,balance_sheet_report,2011-09-30,2011-10-19,2026-07-27,False,available,data/raw/stock_balance_sheet_by_report_em/run_id=62bbe9df-6ed8-48d5-a06b-10fb90171ee0/symbol=600231/data.parquet,
62bbe9df-6ed8-48d5-a06b-10fb90171ee0,600231,balance_sheet_report,2011-06-30,2011-08-02,2026-07-27,False,available,data/raw/stock_balance_sheet_by_report_em/run_id=62bbe9df-6ed8-48d5-a06b-10fb90171ee0/symbol=600231/data.parquet,
62bbe9df-6ed8-48d5-a06b-10fb90171ee0,600231,balance_sheet_report,2011-03-31,2011-04-20,2026-07-27,False,available,data/raw/stock_balance_sheet_by_report_em/run_id=62bbe9df-6ed8-48d5-a06b-10fb90171ee0/symbol=600231/data.parquet,
62bbe9df-6ed8-48d5-a06b-10fb90171ee0,600231,balance_sheet_report,2010-12-31,2012-02-29,2026-07-27,False,available,data/raw/stock_balance_sheet_by_report_em/run_id=62bbe9df-6ed8-48d5-a06b-10fb90171ee0/symbol=600231/data.parquet,
62bbe9df-6ed8-48d5-a06b-10fb90171ee0,600231,balance_sheet_report,2010-09-30,2010-10-21,2026-07-27,False,available,data/raw/stock_balance_sheet_by_report_em/run_id=62bbe9df-6ed8-48d5-a06b-10fb90171ee0/symbol=600231/data.parquet,
62bbe9df-6ed8-48d5-a06b-10fb90171ee0,600231,balance_sheet_report,2010-06-30,2010-08-10,2026-07-27,False,available,data/raw/stock_balance_sheet_by_report_em/run_id=62bbe9df-6ed8-48d5-a06b-10fb90171ee0/symbol=600231/data.parquet,
62bbe9df-6ed8-48d5-a06b-10fb90171ee0,600231,balance_sheet_report,2010-03-31,2010-04-17,2026-07-27,False,available,data/raw/stock_balance_sheet_by_report_em/run_id=62bbe9df-6ed8-48d5-a06b-10fb90171ee0/symbol=600231/data.parquet,
62bbe9df-6ed8-48d5-a06b-10fb90171ee0,600231,balance_sheet_report,2009-12-31,2011-02-28,2026-07-27,False,available,data/raw/stock_balance_sheet_by_report_em/run_id=62bbe9df-6ed8-48d5-a06b-10fb90171ee0/symbol=600231/data.parquet,
62bbe9df-6ed8-48d5-a06b-10fb90171ee0,600231,balance_sheet_report,2009-09-30,2009-10-27,2026-07-27,False,available,data/raw/stock_balance_sheet_by_report_em/run_id=62bbe9df-6ed8-48d5-a06b-10fb90171ee0/symbol=600231/data.parquet,
62bbe9df-6ed8-48d5-a06b-10fb90171ee0,600231,balance_sheet_report,2009-06-30,2009-07-31,2026-07-27,False,available,data/raw/stock_balance_sheet_by_report_em/run_id=62bbe9df-6ed8-48d5-a06b-10fb90171ee0/symbol=600231/data.parquet,
62bbe9df-6ed8-48d5-a06b-10fb90171ee0,600231,balance_sheet_report,2009-03-31,2009-04-29,2026-07-27,False,available,data/raw/stock_balance_sheet_by_report_em/run_id=62bbe9df-6ed8-48d5-a06b-10fb90171ee0/symbol=600231/data.parquet,
62bbe9df-6ed8-48d5-a06b-10fb90171ee0,600231,balance_sheet_report,2008-12-31,2010-02-09,2026-07-27,False,available,data/raw/stock_balance_sheet_by_report_em/run_id=62bbe9df-6ed8-48d5-a06b-10fb90171ee0/symbol=600231/data.parquet,
62bbe9df-6ed8-48d5-a06b-10fb90171ee0,600231,balance_sheet_report,2008-09-30,2008-10-25,2026-07-27,False,available,data/raw/stock_balance_sheet_by_report_em/run_id=62bbe9df-6ed8-48d5-a06b-10fb90171ee0/symbol=600231/data.parquet,
62bbe9df-6ed8-48d5-a06b-10fb90171ee0,600231,balance_sheet_report,2008-06-30,2008-08-19,2026-07-27,False,available,data/raw/stock_balance_sheet_by_report_em/run_id=62bbe9df-6ed8-48d5-a06b-10fb90171ee0/symbol=600231/data.parquet,
62bbe9df-6ed8-48d5-a06b-10fb90171ee0,600231,balance_sheet_report,2008-03-31,2008-04-28,2026-07-27,False,available,data/raw/stock_balance_sheet_by_report_em/run_id=62bbe9df-6ed8-48d5-a06b-10fb90171ee0/symbol=600231/data.parquet,
62bbe9df-6ed8-48d5-a06b-10fb90171ee0,600231,balance_sheet_report,2007-12-31,2009-03-25,2026-07-27,False,available,data/raw/stock_balance_sheet_by_report_em/run_id=62bbe9df-6ed8-48d5-a06b-10fb90171ee0/symbol=600231/data.parquet,
62bbe9df-6ed8-48d5-a06b-10fb90171ee0,600231,balance_sheet_report,2007-09-30,2007-10-22,2026-07-27,False,available,data/raw/stock_balance_sheet_by_report_em/run_id=62bbe9df-6ed8-48d5-a06b-10fb90171ee0/symbol=600231/data.parquet,
62bbe9df-6ed8-48d5-a06b-10fb90171ee0,600231,balance_sheet_report,2007-06-30,2007-07-17,2026-07-27,False,available,data/raw/stock_balance_sheet_by_report_em/run_id=62bbe9df-6ed8-48d5-a06b-10fb90171ee0/symbol=600231/data.parquet,
62bbe9df-6ed8-48d5-a06b-10fb90171ee0,600231,balance_sheet_report,2007-03-31,2007-04-21,2026-07-27,False,available,data/raw/stock_balance_sheet_by_report_em/run_id=62bbe9df-6ed8-48d5-a06b-10fb90171ee0/symbol=600231/data.parquet,
62bbe9df-6ed8-48d5-a06b-10fb90171ee0,600231,balance_sheet_report,2006-12-31,2007-03-28,2026-07-27,False,available,data/raw/stock_balance_sheet_by_report_em/run_id=62bbe9df-6ed8-48d5-a06b-10fb90171ee0/symbol=600231/data.parquet,
62bbe9df-6ed8-48d5-a06b-10fb90171ee0,600231,balance_sheet_report,2006-09-30,2006-10-18,2026-07-27,False,available,data/raw/stock_balance_sheet_by_report_em/run_id=62bbe9df-6ed8-48d5-a06b-10fb90171ee0/symbol=600231/data.parquet,
62bbe9df-6ed8-48d5-a06b-10fb90171ee0,600231,balance_sheet_report,2006-06-30,2006-07-18,2026-07-27,False,available,data/raw/stock_balance_sheet_by_report_em/run_id=62bbe9df-6ed8-48d5-a06b-10fb90171ee0/symbol=600231/data.parquet,
62bbe9df-6ed8-48d5-a06b-10fb90171ee0,600231,balance_sheet_report,2006-03-31,2006-04-15,2026-07-27,False,available,data/raw/stock_balance_sheet_by_report_em/run_id=62bbe9df-6ed8-48d5-a06b-10fb90171ee0/symbol=600231/data.parquet,
62bbe9df-6ed8-48d5-a06b-10fb90171ee0,600231,balance_sheet_report,2005-12-31,2007-03-28,2026-07-27,False,available,data/raw/stock_balance_sheet_by_report_em/run_id=62bbe9df-6ed8-48d5-a06b-10fb90171ee0/symbol=600231/data.parquet,
62bbe9df-6ed8-48d5-a06b-10fb90171ee0,600231,balance_sheet_report,2005-09-30,2005-10-18,2026-07-27,False,available,data/raw/stock_balance_sheet_by_report_em/run_id=62bbe9df-6ed8-48d5-a06b-10fb90171ee0/symbol=600231/data.parquet,
62bbe9df-6ed8-48d5-a06b-10fb90171ee0,600231,balance_sheet_report,2005-06-30,2005-07-12,2026-07-27,False,available,data/raw/stock_balance_sheet_by_report_em/run_id=62bbe9df-6ed8-48d5-a06b-10fb90171ee0/symbol=600231/data.parquet,
62bbe9df-6ed8-48d5-a06b-10fb90171ee0,600231,balance_sheet_report,2005-03-31,2005-04-12,2026-07-27,False,available,data/raw/stock_balance_sheet_by_report_em/run_id=62bbe9df-6ed8-48d5-a06b-10fb90171ee0/symbol=600231/data.parquet,
62bbe9df-6ed8-48d5-a06b-10fb90171ee0,600231,balance_sheet_report,2004-12-31,2006-03-28,2026-07-27,False,available,data/raw/stock_balance_sheet_by_report_em/run_id=62bbe9df-6ed8-48d5-a06b-10fb90171ee0/symbol=600231/data.parquet,
62bbe9df-6ed8-48d5-a06b-10fb90171ee0,600231,balance_sheet_report,2004-09-30,2004-10-16,2026-07-27,False,available,data/raw/stock_balance_sheet_by_report_em/run_id=62bbe9df-6ed8-48d5-a06b-10fb90171ee0/symbol=600231/data.parquet,
62bbe9df-6ed8-48d5-a06b-10fb90171ee0,600231,balance_sheet_report,2004-06-30,2004-08-10,2026-07-27,False,available,data/raw/stock_balance_sheet_by_report_em/run_id=62bbe9df-6ed8-48d5-a06b-10fb90171ee0/symbol=600231/data.parquet,
62bbe9df-6ed8-48d5-a06b-10fb90171ee0,600231,balance_sheet_report,2004-03-31,2004-04-10,2026-07-27,False,available,data/raw/stock_balance_sheet_by_report_em/run_id=62bbe9df-6ed8-48d5-a06b-10fb90171ee0/symbol=600231/data.parquet,
62bbe9df-6ed8-48d5-a06b-10fb90171ee0,600231,balance_sheet_report,2003-12-31,2005-03-01,2026-07-27,False,available,data/raw/stock_balance_sheet_by_report_em/run_id=62bbe9df-6ed8-48d5-a06b-10fb90171ee0/symbol=600231/data.parquet,
62bbe9df-6ed8-48d5-a06b-10fb90171ee0,600231,balance_sheet_report,2003-09-30,2003-10-14,2026-07-27,False,available,data/raw/stock_balance_sheet_by_report_em/run_id=62bbe9df-6ed8-48d5-a06b-10fb90171ee0/symbol=600231/data.parquet,
62bbe9df-6ed8-48d5-a06b-10fb90171ee0,600231,balance_sheet_report,2003-06-30,2003-07-17,2026-07-27,False,available,data/raw/stock_balance_sheet_by_report_em/run_id=62bbe9df-6ed8-48d5-a06b-10fb90171ee0/symbol=600231/data.parquet,
62bbe9df-6ed8-48d5-a06b-10fb90171ee0,600231,balance_sheet_report,2003-03-31,2003-04-08,2026-07-27,False,available,data/raw/stock_balance_sheet_by_report_em/run_id=62bbe9df-6ed8-48d5-a06b-10fb90171ee0/symbol=600231/data.parquet,
62bbe9df-6ed8-48d5-a06b-10fb90171ee0,600231,balance_sheet_report,2002-12-31,2004-02-11,2026-07-27,False,available,data/raw/stock_balance_sheet_by_report_em/run_id=62bbe9df-6ed8-48d5-a06b-10fb90171ee0/symbol=600231/data.parquet,
62bbe9df-6ed8-48d5-a06b-10fb90171ee0,600231,balance_sheet_report,2002-09-30,2002-10-15,2026-07-27,False,available,data/raw/stock_balance_sheet_by_report_em/run_id=62bbe9df-6ed8-48d5-a06b-10fb90171ee0/symbol=600231/data.parquet,
62bbe9df-6ed8-48d5-a06b-10fb90171ee0,600231,balance_sheet_report,2002-06-30,2002-08-06,2026-07-27,False,available,data/raw/stock_balance_sheet_by_report_em/run_id=62bbe9df-6ed8-48d5-a06b-10fb90171ee0/symbol=600231/data.parquet,
62bbe9df-6ed8-48d5-a06b-10fb90171ee0,600231,balance_sheet_report,2002-03-31,2002-04-13,2026-07-27,False,available,data/raw/stock_balance_sheet_by_report_em/run_id=62bbe9df-6ed8-48d5-a06b-10fb90171ee0/symbol=600231/data.parquet,
62bbe9df-6ed8-48d5-a06b-10fb90171ee0,600231,balance_sheet_report,2001-12-31,2003-02-18,2026-07-27,False,available,data/raw/stock_balance_sheet_by_report_em/run_id=62bbe9df-6ed8-48d5-a06b-10fb90171ee0/symbol=600231/data.parquet,
62bbe9df-6ed8-48d5-a06b-10fb90171ee0,600231,balance_sheet_report,2001-09-30,2001-10-24,2026-07-27,False,available,data/raw/stock_balance_sheet_by_report_em/run_id=62bbe9df-6ed8-48d5-a06b-10fb90171ee0/symbol=600231/data.parquet,
62bbe9df-6ed8-48d5-a06b-10fb90171ee0,600231,balance_sheet_report,2001-06-30,2001-08-16,2026-07-27,False,available,data/raw/stock_balance_sheet_by_report_em/run_id=62bbe9df-6ed8-48d5-a06b-10fb90171ee0/symbol=600231/data.parquet,
62bbe9df-6ed8-48d5-a06b-10fb90171ee0,600231,balance_sheet_report,2000-12-31,2002-03-16,2026-07-27,False,available,data/raw/stock_balance_sheet_by_report_em/run_id=62bbe9df-6ed8-48d5-a06b-10fb90171ee0/symbol=600231/data.parquet,
62bbe9df-6ed8-48d5-a06b-10fb90171ee0,600231,balance_sheet_report,2000-06-30,2000-07-28,2026-07-27,False,available,data/raw/stock_balance_sheet_by_report_em/run_id=62bbe9df-6ed8-48d5-a06b-10fb90171ee0/symbol=600231/data.parquet,
62bbe9df-6ed8-48d5-a06b-10fb90171ee0,600231,balance_sheet_report,1999-12-31,2001-03-28,2026-07-27,False,available,data/raw/stock_balance_sheet_by_report_em/run_id=62bbe9df-6ed8-48d5-a06b-10fb90171ee0/symbol=600231/data.parquet,
62bbe9df-6ed8-48d5-a06b-10fb90171ee0,600231,balance_sheet_report,1998-12-31,2000-04-29,2026-07-27,False,available,data/raw/stock_balance_sheet_by_report_em/run_id=62bbe9df-6ed8-48d5-a06b-10fb90171ee0/symbol=600231/data.parquet,
62bbe9df-6ed8-48d5-a06b-10fb90171ee0,600231,balance_sheet_report,1997-12-31,2000-04-29,2026-07-27,False,available,data/raw/stock_balance_sheet_by_report_em/run_id=62bbe9df-6ed8-48d5-a06b-10fb90171ee0/symbol=600231/data.parquet,
62bbe9df-6ed8-48d5-a06b-10fb90171ee0,600231,profit_sheet_report,2026-03-31,2026-04-30,2026-07-27,False,available,data/raw/stock_profit_sheet_by_report_em/run_id=62bbe9df-6ed8-48d5-a06b-10fb90171ee0/symbol=600231/data.parquet,
62bbe9df-6ed8-48d5-a06b-10fb90171ee0,600231,profit_sheet_report,2025-12-31,2026-04-01,2026-07-27,False,available,data/raw/stock_profit_sheet_by_report_em/run_id=62bbe9df-6ed8-48d5-a06b-10fb90171ee0/symbol=600231/data.parquet,
62bbe9df-6ed8-48d5-a06b-10fb90171ee0,600231,profit_sheet_report,2025-09-30,2025-10-25,2026-07-27,False,available,data/raw/stock_profit_sheet_by_report_em/run_id=62bbe9df-6ed8-48d5-a06b-10fb90171ee0/symbol=600231/data.parquet,
62bbe9df-6ed8-48d5-a06b-10fb90171ee0,600231,profit_sheet_report,2025-06-30,2025-08-28,2026-07-27,False,available,data/raw/stock_profit_sheet_by_report_em/run_id=62bbe9df-6ed8-48d5-a06b-10fb90171ee0/symbol=600231/data.parquet,
62bbe9df-6ed8-48d5-a06b-10fb90171ee0,600231,profit_sheet_report,2025-03-31,2025-04-30,2026-07-27,False,available,data/raw/stock_profit_sheet_by_report_em/run_id=62bbe9df-6ed8-48d5-a06b-10fb90171ee0/symbol=600231/data.parquet,
62bbe9df-6ed8-48d5-a06b-10fb90171ee0,600231,profit_sheet_report,2024-12-31,2025-04-01,2026-07-27,False,available,data/raw/stock_profit_sheet_by_report_em/run_id=62bbe9df-6ed8-48d5-a06b-10fb90171ee0/symbol=600231/data.parquet,
62bbe9df-6ed8-48d5-a06b-10fb90171ee0,600231,profit_sheet_report,2024-09-30,2024-10-31,2026-07-27,False,available,data/raw/stock_profit_sheet_by_report_em/run_id=62bbe9df-6ed8-48d5-a06b-10fb90171ee0/symbol=600231/data.parquet,
62bbe9df-6ed8-48d5-a06b-10fb90171ee0,600231,profit_sheet_report,2024-06-30,2024-08-31,2026-07-27,False,available,data/raw/stock_profit_sheet_by_report_em/run_id=62bbe9df-6ed8-48d5-a06b-10fb90171ee0/symbol=600231/data.parquet,
62bbe9df-6ed8-48d5-a06b-10fb90171ee0,600231,profit_sheet_report,2024-03-31,2024-04-30,2026-07-27,False,available,data/raw/stock_profit_sheet_by_report_em/run_id=62bbe9df-6ed8-48d5-a06b-10fb90171ee0/symbol=600231/data.parquet,
62bbe9df-6ed8-48d5-a06b-10fb90171ee0,600231,profit_sheet_report,2023-12-31,2024-04-25,2026-07-27,False,available,data/raw/stock_profit_sheet_by_report_em/run_id=62bbe9df-6ed8-48d5-a06b-10fb90171ee0/symbol=600231/data.parquet,
62bbe9df-6ed8-48d5-a06b-10fb90171ee0,600231,profit_sheet_report,2023-09-30,2023-10-28,2026-07-27,False,available,data/raw/stock_profit_sheet_by_report_em/run_id=62bbe9df-6ed8-48d5-a06b-10fb90171ee0/symbol=600231/data.parquet,
62bbe9df-6ed8-48d5-a06b-10fb90171ee0,600231,profit_sheet_report,2023-06-30,2023-08-31,2026-07-27,False,available,data/raw/stock_profit_sheet_by_report_em/run_id=62bbe9df-6ed8-48d5-a06b-10fb90171ee0/symbol=600231/data.parquet,
62bbe9df-6ed8-48d5-a06b-10fb90171ee0,600231,profit_sheet_report,2023-03-31,2023-04-29,2026-07-27,False,available,data/raw/stock_profit_sheet_by_report_em/run_id=62bbe9df-6ed8-48d5-a06b-10fb90171ee0/symbol=600231/data.parquet,
62bbe9df-6ed8-48d5-a06b-10fb90171ee0,600231,profit_sheet_report,2022-12-31,2023-04-29,2026-07-27,False,available,data/raw/stock_profit_sheet_by_report_em/run_id=62bbe9df-6ed8-48d5-a06b-10fb90171ee0/symbol=600231/data.parquet,
62bbe9df-6ed8-48d5-a06b-10fb90171ee0,600231,profit_sheet_report,2022-09-30,2022-10-29,2026-07-27,False,available,data/raw/stock_profit_sheet_by_report_em/run_id=62bbe9df-6ed8-48d5-a06b-10fb90171ee0/symbol=600231/data.parquet,
62bbe9df-6ed8-48d5-a06b-10fb90171ee0,600231,profit_sheet_report,2022-06-30,2022-08-31,2026-07-27,False,available,data/raw/stock_profit_sheet_by_report_em/run_id=62bbe9df-6ed8-48d5-a06b-10fb90171ee0/symbol=600231/data.parquet,
62bbe9df-6ed8-48d5-a06b-10fb90171ee0,600231,profit_sheet_report,2022-03-31,2022-04-29,2026-07-27,False,available,data/raw/stock_profit_sheet_by_report_em/run_id=62bbe9df-6ed8-48d5-a06b-10fb90171ee0/symbol=600231/data.parquet,
62bbe9df-6ed8-48d5-a06b-10fb90171ee0,600231,profit_sheet_report,2021-12-31,2022-03-02,2026-07-27,False,available,data/raw/stock_profit_sheet_by_report_em/run_id=62bbe9df-6ed8-48d5-a06b-10fb90171ee0/symbol=600231/data.parquet,
62bbe9df-6ed8-48d5-a06b-10fb90171ee0,600231,profit_sheet_report,2021-09-30,2021-10-30,2026-07-27,False,available,data/raw/stock_profit_sheet_by_report_em/run_id=62bbe9df-6ed8-48d5-a06b-10fb90171ee0/symbol=600231/data.parquet,
62bbe9df-6ed8-48d5-a06b-10fb90171ee0,600231,profit_sheet_report,2021-06-30,2021-08-31,2026-07-27,False,available,data/raw/stock_profit_sheet_by_report_em/run_id=62bbe9df-6ed8-48d5-a06b-10fb90171ee0/symbol=600231/data.parquet,
62bbe9df-6ed8-48d5-a06b-10fb90171ee0,600231,profit_sheet_report,2021-03-31,2021-04-30,2026-07-27,False,available,data/raw/stock_profit_sheet_by_report_em/run_id=62bbe9df-6ed8-48d5-a06b-10fb90171ee0/symbol=600231/data.parquet,
62bbe9df-6ed8-48d5-a06b-10fb90171ee0,600231,profit_sheet_report,2020-12-31,2021-04-30,2026-07-27,False,available,data/raw/stock_profit_sheet_by_report_em/run_id=62bbe9df-6ed8-48d5-a06b-10fb90171ee0/symbol=600231/data.parquet,
62bbe9df-6ed8-48d5-a06b-10fb90171ee0,600231,profit_sheet_report,2020-09-30,2020-10-31,2026-07-27,False,available,data/raw/stock_profit_sheet_by_report_em/run_id=62bbe9df-6ed8-48d5-a06b-10fb90171ee0/symbol=600231/data.parquet,
62bbe9df-6ed8-48d5-a06b-10fb90171ee0,600231,profit_sheet_report,2020-06-30,2020-08-19,2026-07-27,False,available,data/raw/stock_profit_sheet_by_report_em/run_id=62bbe9df-6ed8-48d5-a06b-10fb90171ee0/symbol=600231/data.parquet,
62bbe9df-6ed8-48d5-a06b-10fb90171ee0,600231,profit_sheet_report,2020-03-31,2020-04-30,2026-07-27,False,available,data/raw/stock_profit_sheet_by_report_em/run_id=62bbe9df-6ed8-48d5-a06b-10fb90171ee0/symbol=600231/data.parquet,
62bbe9df-6ed8-48d5-a06b-10fb90171ee0,600231,profit_sheet_report,2019-12-31,2020-04-30,2026-07-27,False,available,data/raw/stock_profit_sheet_by_report_em/run_id=62bbe9df-6ed8-48d5-a06b-10fb90171ee0/symbol=600231/data.parquet,
62bbe9df-6ed8-48d5-a06b-10fb90171ee0,600231,profit_sheet_report,2019-09-30,2019-10-31,2026-07-27,False,available,data/raw/stock_profit_sheet_by_report_em/run_id=62bbe9df-6ed8-48d5-a06b-10fb90171ee0/symbol=600231/data.parquet,
62bbe9df-6ed8-48d5-a06b-10fb90171ee0,600231,profit_sheet_report,2019-06-30,2019-08-24,2026-07-27,False,available,data/raw/stock_profit_sheet_by_report_em/run_id=62bbe9df-6ed8-48d5-a06b-10fb90171ee0/symbol=600231/data.parquet,
62bbe9df-6ed8-48d5-a06b-10fb90171ee0,600231,profit_sheet_report,2019-03-31,2019-04-30,2026-07-27,False,available,data/raw/stock_profit_sheet_by_report_em/run_id=62bbe9df-6ed8-48d5-a06b-10fb90171ee0/symbol=600231/data.parquet,
62bbe9df-6ed8-48d5-a06b-10fb90171ee0,600231,profit_sheet_report,2018-12-31,2019-03-02,2026-07-27,False,available,data/raw/stock_profit_sheet_by_report_em/run_id=62bbe9df-6ed8-48d5-a06b-10fb90171ee0/symbol=600231/data.parquet,
62bbe9df-6ed8-48d5-a06b-10fb90171ee0,600231,profit_sheet_report,2018-09-30,2018-10-10,2026-07-27,False,available,data/raw/stock_profit_sheet_by_report_em/run_id=62bbe9df-6ed8-48d5-a06b-10fb90171ee0/symbol=600231/data.parquet,
62bbe9df-6ed8-48d5-a06b-10fb90171ee0,600231,profit_sheet_report,2018-06-30,2018-08-11,2026-07-27,False,available,data/raw/stock_profit_sheet_by_report_em/run_id=62bbe9df-6ed8-48d5-a06b-10fb90171ee0/symbol=600231/data.parquet,
62bbe9df-6ed8-48d5-a06b-10fb90171ee0,600231,profit_sheet_report,2018-03-31,2018-04-21,2026-07-27,False,available,data/raw/stock_profit_sheet_by_report_em/run_id=62bbe9df-6ed8-48d5-a06b-10fb90171ee0/symbol=600231/data.parquet,
62bbe9df-6ed8-48d5-a06b-10fb90171ee0,600231,profit_sheet_report,2017-12-31,2018-04-21,2026-07-27,False,available,data/raw/stock_profit_sheet_by_report_em/run_id=62bbe9df-6ed8-48d5-a06b-10fb90171ee0/symbol=600231/data.parquet,
62bbe9df-6ed8-48d5-a06b-10fb90171ee0,600231,profit_sheet_report,2017-09-30,2017-10-14,2026-07-27,False,available,data/raw/stock_profit_sheet_by_report_em/run_id=62bbe9df-6ed8-48d5-a06b-10fb90171ee0/symbol=600231/data.parquet,
62bbe9df-6ed8-48d5-a06b-10fb90171ee0,600231,profit_sheet_report,2017-06-30,2017-07-22,2026-07-27,False,available,data/raw/stock_profit_sheet_by_report_em/run_id=62bbe9df-6ed8-48d5-a06b-10fb90171ee0/symbol=600231/data.parquet,
62bbe9df-6ed8-48d5-a06b-10fb90171ee0,600231,profit_sheet_report,2017-03-31,2017-04-13,2026-07-27,False,available,data/raw/stock_profit_sheet_by_report_em/run_id=62bbe9df-6ed8-48d5-a06b-10fb90171ee0/symbol=600231/data.parquet,
62bbe9df-6ed8-48d5-a06b-10fb90171ee0,600231,profit_sheet_report,2016-12-31,2017-03-03,2026-07-27,False,available,data/raw/stock_profit_sheet_by_report_em/run_id=62bbe9df-6ed8-48d5-a06b-10fb90171ee0/symbol=600231/data.parquet,
62bbe9df-6ed8-48d5-a06b-10fb90171ee0,600231,profit_sheet_report,2016-09-30,2016-10-29,2026-07-27,False,available,data/raw/stock_profit_sheet_by_report_em/run_id=62bbe9df-6ed8-48d5-a06b-10fb90171ee0/symbol=600231/data.parquet,
62bbe9df-6ed8-48d5-a06b-10fb90171ee0,600231,profit_sheet_report,2016-06-30,2016-08-30,2026-07-27,False,available,data/raw/stock_profit_sheet_by_report_em/run_id=62bbe9df-6ed8-48d5-a06b-10fb90171ee0/symbol=600231/data.parquet,
62bbe9df-6ed8-48d5-a06b-10fb90171ee0,600231,profit_sheet_report,2016-03-31,2016-04-22,2026-07-27,False,available,data/raw/stock_profit_sheet_by_report_em/run_id=62bbe9df-6ed8-48d5-a06b-10fb90171ee0/symbol=600231/data.parquet,
62bbe9df-6ed8-48d5-a06b-10fb90171ee0,600231,profit_sheet_report,2015-12-31,2016-03-31,2026-07-27,False,available,data/raw/stock_profit_sheet_by_report_em/run_id=62bbe9df-6ed8-48d5-a06b-10fb90171ee0/symbol=600231/data.parquet,
62bbe9df-6ed8-48d5-a06b-10fb90171ee0,600231,profit_sheet_report,2015-09-30,2015-10-31,2026-07-27,False,available,data/raw/stock_profit_sheet_by_report_em/run_id=62bbe9df-6ed8-48d5-a06b-10fb90171ee0/symbol=600231/data.parquet,
62bbe9df-6ed8-48d5-a06b-10fb90171ee0,600231,profit_sheet_report,2015-06-30,2015-08-29,2026-07-27,False,available,data/raw/stock_profit_sheet_by_report_em/run_id=62bbe9df-6ed8-48d5-a06b-10fb90171ee0/symbol=600231/data.parquet,
62bbe9df-6ed8-48d5-a06b-10fb90171ee0,600231,profit_sheet_report,2015-03-31,2015-04-30,2026-07-27,False,available,data/raw/stock_profit_sheet_by_report_em/run_id=62bbe9df-6ed8-48d5-a06b-10fb90171ee0/symbol=600231/data.parquet,
62bbe9df-6ed8-48d5-a06b-10fb90171ee0,600231,profit_sheet_report,2014-12-31,2015-03-07,2026-07-27,False,available,data/raw/stock_profit_sheet_by_report_em/run_id=62bbe9df-6ed8-48d5-a06b-10fb90171ee0/symbol=600231/data.parquet,
62bbe9df-6ed8-48d5-a06b-10fb90171ee0,600231,profit_sheet_report,2014-09-30,2014-10-18,2026-07-27,False,available,data/raw/stock_profit_sheet_by_report_em/run_id=62bbe9df-6ed8-48d5-a06b-10fb90171ee0/symbol=600231/data.parquet,
62bbe9df-6ed8-48d5-a06b-10fb90171ee0,600231,profit_sheet_report,2014-06-30,2014-07-29,2026-07-27,False,available,data/raw/stock_profit_sheet_by_report_em/run_id=62bbe9df-6ed8-48d5-a06b-10fb90171ee0/symbol=600231/data.parquet,
62bbe9df-6ed8-48d5-a06b-10fb90171ee0,600231,profit_sheet_report,2014-03-31,2014-04-30,2026-07-27,False,available,data/raw/stock_profit_sheet_by_report_em/run_id=62bbe9df-6ed8-48d5-a06b-10fb90171ee0/symbol=600231/data.parquet,
62bbe9df-6ed8-48d5-a06b-10fb90171ee0,600231,profit_sheet_report,2013-12-31,2014-04-30,2026-07-27,False,available,data/raw/stock_profit_sheet_by_report_em/run_id=62bbe9df-6ed8-48d5-a06b-10fb90171ee0/symbol=600231/data.parquet,
62bbe9df-6ed8-48d5-a06b-10fb90171ee0,600231,profit_sheet_report,2013-09-30,2013-10-31,2026-07-27,False,available,data/raw/stock_profit_sheet_by_report_em/run_id=62bbe9df-6ed8-48d5-a06b-10fb90171ee0/symbol=600231/data.parquet,
62bbe9df-6ed8-48d5-a06b-10fb90171ee0,600231,profit_sheet_report,2013-06-30,2013-08-10,2026-07-27,False,available,data/raw/stock_profit_sheet_by_report_em/run_id=62bbe9df-6ed8-48d5-a06b-10fb90171ee0/symbol=600231/data.parquet,
62bbe9df-6ed8-48d5-a06b-10fb90171ee0,600231,profit_sheet_report,2013-03-31,2013-04-16,2026-07-27,False,available,data/raw/stock_profit_sheet_by_report_em/run_id=62bbe9df-6ed8-48d5-a06b-10fb90171ee0/symbol=600231/data.parquet,
62bbe9df-6ed8-48d5-a06b-10fb90171ee0,600231,profit_sheet_report,2012-12-31,2013-04-16,2026-07-27,False,available,data/raw/stock_profit_sheet_by_report_em/run_id=62bbe9df-6ed8-48d5-a06b-10fb90171ee0/symbol=600231/data.parquet,
62bbe9df-6ed8-48d5-a06b-10fb90171ee0,600231,profit_sheet_report,2012-09-30,2012-10-30,2026-07-27,False,available,data/raw/stock_profit_sheet_by_report_em/run_id=62bbe9df-6ed8-48d5-a06b-10fb90171ee0/symbol=600231/data.parquet,
62bbe9df-6ed8-48d5-a06b-10fb90171ee0,600231,profit_sheet_report,2012-06-30,2012-08-15,2026-07-27,False,available,data/raw/stock_profit_sheet_by_report_em/run_id=62bbe9df-6ed8-48d5-a06b-10fb90171ee0/symbol=600231/data.parquet,
62bbe9df-6ed8-48d5-a06b-10fb90171ee0,600231,profit_sheet_report,2012-03-31,2012-04-17,2026-07-27,False,available,data/raw/stock_profit_sheet_by_report_em/run_id=62bbe9df-6ed8-48d5-a06b-10fb90171ee0/symbol=600231/data.parquet,
62bbe9df-6ed8-48d5-a06b-10fb90171ee0,600231,profit_sheet_report,2011-12-31,2012-03-07,2026-07-27,False,available,data/raw/stock_profit_sheet_by_report_em/run_id=62bbe9df-6ed8-48d5-a06b-10fb90171ee0/symbol=600231/data.parquet,
62bbe9df-6ed8-48d5-a06b-10fb90171ee0,600231,profit_sheet_report,2011-09-30,2011-10-19,2026-07-27,False,available,data/raw/stock_profit_sheet_by_report_em/run_id=62bbe9df-6ed8-48d5-a06b-10fb90171ee0/symbol=600231/data.parquet,
62bbe9df-6ed8-48d5-a06b-10fb90171ee0,600231,profit_sheet_report,2011-06-30,2011-08-02,2026-07-27,False,available,data/raw/stock_profit_sheet_by_report_em/run_id=62bbe9df-6ed8-48d5-a06b-10fb90171ee0/symbol=600231/data.parquet,
62bbe9df-6ed8-48d5-a06b-10fb90171ee0,600231,profit_sheet_report,2011-03-31,2011-04-20,2026-07-27,False,available,data/raw/stock_profit_sheet_by_report_em/run_id=62bbe9df-6ed8-48d5-a06b-10fb90171ee0/symbol=600231/data.parquet,
62bbe9df-6ed8-48d5-a06b-10fb90171ee0,600231,profit_sheet_report,2010-12-31,2012-02-29,2026-07-27,False,available,data/raw/stock_profit_sheet_by_report_em/run_id=62bbe9df-6ed8-48d5-a06b-10fb90171ee0/symbol=600231/data.parquet,
62bbe9df-6ed8-48d5-a06b-10fb90171ee0,600231,profit_sheet_report,2010-09-30,2010-10-21,2026-07-27,False,available,data/raw/stock_profit_sheet_by_report_em/run_id=62bbe9df-6ed8-48d5-a06b-10fb90171ee0/symbol=600231/data.parquet,
62bbe9df-6ed8-48d5-a06b-10fb90171ee0,600231,profit_sheet_report,2010-06-30,2010-08-10,2026-07-27,False,available,data/raw/stock_profit_sheet_by_report_em/run_id=62bbe9df-6ed8-48d5-a06b-10fb90171ee0/symbol=600231/data.parquet,
62bbe9df-6ed8-48d5-a06b-10fb90171ee0,600231,profit_sheet_report,2010-03-31,2010-04-17,2026-07-27,False,available,data/raw/stock_profit_sheet_by_report_em/run_id=62bbe9df-6ed8-48d5-a06b-10fb90171ee0/symbol=600231/data.parquet,
62bbe9df-6ed8-48d5-a06b-10fb90171ee0,600231,profit_sheet_report,2009-12-31,2011-02-28,2026-07-27,False,available,data/raw/stock_profit_sheet_by_report_em/run_id=62bbe9df-6ed8-48d5-a06b-10fb90171ee0/symbol=600231/data.parquet,
62bbe9df-6ed8-48d5-a06b-10fb90171ee0,600231,profit_sheet_report,2009-09-30,2010-10-21,2026-07-27,False,available,data/raw/stock_profit_sheet_by_report_em/run_id=62bbe9df-6ed8-48d5-a06b-10fb90171ee0/symbol=600231/data.parquet,
62bbe9df-6ed8-48d5-a06b-10fb90171ee0,600231,profit_sheet_report,2009-06-30,2010-08-10,2026-07-27,False,available,data/raw/stock_profit_sheet_by_report_em/run_id=62bbe9df-6ed8-48d5-a06b-10fb90171ee0/symbol=600231/data.parquet,
62bbe9df-6ed8-48d5-a06b-10fb90171ee0,600231,profit_sheet_report,2009-03-31,2010-04-17,2026-07-27,False,available,data/raw/stock_profit_sheet_by_report_em/run_id=62bbe9df-6ed8-48d5-a06b-10fb90171ee0/symbol=600231/data.parquet,
62bbe9df-6ed8-48d5-a06b-10fb90171ee0,600231,profit_sheet_report,2008-12-31,2010-02-09,2026-07-27,False,available,data/raw/stock_profit_sheet_by_report_em/run_id=62bbe9df-6ed8-48d5-a06b-10fb90171ee0/symbol=600231/data.parquet,
62bbe9df-6ed8-48d5-a06b-10fb90171ee0,600231,profit_sheet_report,2008-09-30,2009-10-27,2026-07-27,False,available,data/raw/stock_profit_sheet_by_report_em/run_id=62bbe9df-6ed8-48d5-a06b-10fb90171ee0/symbol=600231/data.parquet,
62bbe9df-6ed8-48d5-a06b-10fb90171ee0,600231,profit_sheet_report,2008-06-30,2009-07-31,2026-07-27,False,available,data/raw/stock_profit_sheet_by_report_em/run_id=62bbe9df-6ed8-48d5-a06b-10fb90171ee0/symbol=600231/data.parquet,
62bbe9df-6ed8-48d5-a06b-10fb90171ee0,600231,profit_sheet_report,2008-03-31,2009-04-29,2026-07-27,False,available,data/raw/stock_profit_sheet_by_report_em/run_id=62bbe9df-6ed8-48d5-a06b-10fb90171ee0/symbol=600231/data.parquet,
62bbe9df-6ed8-48d5-a06b-10fb90171ee0,600231,profit_sheet_report,2007-12-31,2009-03-25,2026-07-27,False,available,data/raw/stock_profit_sheet_by_report_em/run_id=62bbe9df-6ed8-48d5-a06b-10fb90171ee0/symbol=600231/data.parquet,
62bbe9df-6ed8-48d5-a06b-10fb90171ee0,600231,profit_sheet_report,2007-09-30,2008-10-25,2026-07-27,False,available,data/raw/stock_profit_sheet_by_report_em/run_id=62bbe9df-6ed8-48d5-a06b-10fb90171ee0/symbol=600231/data.parquet,
62bbe9df-6ed8-48d5-a06b-10fb90171ee0,600231,profit_sheet_report,2007-06-30,2008-08-19,2026-07-27,False,available,data/raw/stock_profit_sheet_by_report_em/run_id=62bbe9df-6ed8-48d5-a06b-10fb90171ee0/symbol=600231/data.parquet,
62bbe9df-6ed8-48d5-a06b-10fb90171ee0,600231,profit_sheet_report,2007-03-31,2008-04-28,2026-07-27,False,available,data/raw/stock_profit_sheet_by_report_em/run_id=62bbe9df-6ed8-48d5-a06b-10fb90171ee0/symbol=600231/data.parquet,
62bbe9df-6ed8-48d5-a06b-10fb90171ee0,600231,profit_sheet_report,2006-12-31,2008-02-15,2026-07-27,False,available,data/raw/stock_profit_sheet_by_report_em/run_id=62bbe9df-6ed8-48d5-a06b-10fb90171ee0/symbol=600231/data.parquet,
62bbe9df-6ed8-48d5-a06b-10fb90171ee0,600231,profit_sheet_report,2006-09-30,2007-10-22,2026-07-27,False,available,data/raw/stock_profit_sheet_by_report_em/run_id=62bbe9df-6ed8-48d5-a06b-10fb90171ee0/symbol=600231/data.parquet,
62bbe9df-6ed8-48d5-a06b-10fb90171ee0,600231,profit_sheet_report,2006-06-30,2007-07-17,2026-07-27,False,available,data/raw/stock_profit_sheet_by_report_em/run_id=62bbe9df-6ed8-48d5-a06b-10fb90171ee0/symbol=600231/data.parquet,
62bbe9df-6ed8-48d5-a06b-10fb90171ee0,600231,profit_sheet_report,2006-03-31,2007-04-21,2026-07-27,False,available,data/raw/stock_profit_sheet_by_report_em/run_id=62bbe9df-6ed8-48d5-a06b-10fb90171ee0/symbol=600231/data.parquet,
62bbe9df-6ed8-48d5-a06b-10fb90171ee0,600231,profit_sheet_report,2005-09-30,2006-10-18,2026-07-27,False,available,data/raw/stock_profit_sheet_by_report_em/run_id=62bbe9df-6ed8-48d5-a06b-10fb90171ee0/symbol=600231/data.parquet,
62bbe9df-6ed8-48d5-a06b-10fb90171ee0,600231,profit_sheet_report,2005-06-30,2006-07-18,2026-07-27,False,available,data/raw/stock_profit_sheet_by_report_em/run_id=62bbe9df-6ed8-48d5-a06b-10fb90171ee0/symbol=600231/data.parquet,
62bbe9df-6ed8-48d5-a06b-10fb90171ee0,600231,profit_sheet_report,2005-03-31,2006-04-15,2026-07-27,False,available,data/raw/stock_profit_sheet_by_report_em/run_id=62bbe9df-6ed8-48d5-a06b-10fb90171ee0/symbol=600231/data.parquet,
62bbe9df-6ed8-48d5-a06b-10fb90171ee0,600231,profit_sheet_report,2004-09-30,2005-10-18,2026-07-27,False,available,data/raw/stock_profit_sheet_by_report_em/run_id=62bbe9df-6ed8-48d5-a06b-10fb90171ee0/symbol=600231/data.parquet,
62bbe9df-6ed8-48d5-a06b-10fb90171ee0,600231,profit_sheet_report,2004-06-30,2005-07-12,2026-07-27,False,available,data/raw/stock_profit_sheet_by_report_em/run_id=62bbe9df-6ed8-48d5-a06b-10fb90171ee0/symbol=600231/data.parquet,
62bbe9df-6ed8-48d5-a06b-10fb90171ee0,600231,profit_sheet_report,2004-03-31,2005-04-12,2026-07-27,False,available,data/raw/stock_profit_sheet_by_report_em/run_id=62bbe9df-6ed8-48d5-a06b-10fb90171ee0/symbol=600231/data.parquet,
62bbe9df-6ed8-48d5-a06b-10fb90171ee0,600231,profit_sheet_report,2003-12-31,2005-03-01,2026-07-27,False,available,data/raw/stock_profit_sheet_by_report_em/run_id=62bbe9df-6ed8-48d5-a06b-10fb90171ee0/symbol=600231/data.parquet,
62bbe9df-6ed8-48d5-a06b-10fb90171ee0,600231,profit_sheet_report,2003-09-30,2004-10-16,2026-07-27,False,available,data/raw/stock_profit_sheet_by_report_em/run_id=62bbe9df-6ed8-48d5-a06b-10fb90171ee0/symbol=600231/data.parquet,
62bbe9df-6ed8-48d5-a06b-10fb90171ee0,600231,profit_sheet_report,2003-06-30,2004-08-10,2026-07-27,False,available,data/raw/stock_profit_sheet_by_report_em/run_id=62bbe9df-6ed8-48d5-a06b-10fb90171ee0/symbol=600231/data.parquet,
62bbe9df-6ed8-48d5-a06b-10fb90171ee0,600231,profit_sheet_report,2003-03-31,2004-04-10,2026-07-27,False,available,data/raw/stock_profit_sheet_by_report_em/run_id=62bbe9df-6ed8-48d5-a06b-10fb90171ee0/symbol=600231/data.parquet,
62bbe9df-6ed8-48d5-a06b-10fb90171ee0,600231,profit_sheet_report,2002-12-31,2004-02-11,2026-07-27,False,available,data/raw/stock_profit_sheet_by_report_em/run_id=62bbe9df-6ed8-48d5-a06b-10fb90171ee0/symbol=600231/data.parquet,
62bbe9df-6ed8-48d5-a06b-10fb90171ee0,600231,profit_sheet_report,2002-09-30,2003-10-14,2026-07-27,False,available,data/raw/stock_profit_sheet_by_report_em/run_id=62bbe9df-6ed8-48d5-a06b-10fb90171ee0/symbol=600231/data.parquet,
62bbe9df-6ed8-48d5-a06b-10fb90171ee0,600231,profit_sheet_report,2002-06-30,2003-07-17,2026-07-27,False,available,data/raw/stock_profit_sheet_by_report_em/run_id=62bbe9df-6ed8-48d5-a06b-10fb90171ee0/symbol=600231/data.parquet,
62bbe9df-6ed8-48d5-a06b-10fb90171ee0,600231,profit_sheet_report,2002-03-31,2002-04-13,2026-07-27,False,available,data/raw/stock_profit_sheet_by_report_em/run_id=62bbe9df-6ed8-48d5-a06b-10fb90171ee0/symbol=600231/data.parquet,
62bbe9df-6ed8-48d5-a06b-10fb90171ee0,600231,profit_sheet_report,2001-12-31,2003-02-18,2026-07-27,False,available,data/raw/stock_profit_sheet_by_report_em/run_id=62bbe9df-6ed8-48d5-a06b-10fb90171ee0/symbol=600231/data.parquet,
62bbe9df-6ed8-48d5-a06b-10fb90171ee0,600231,profit_sheet_report,2001-09-30,2002-10-15,2026-07-27,False,available,data/raw/stock_profit_sheet_by_report_em/run_id=62bbe9df-6ed8-48d5-a06b-10fb90171ee0/symbol=600231/data.parquet,
62bbe9df-6ed8-48d5-a06b-10fb90171ee0,600231,profit_sheet_report,2001-06-30,2002-08-06,2026-07-27,False,available,data/raw/stock_profit_sheet_by_report_em/run_id=62bbe9df-6ed8-48d5-a06b-10fb90171ee0/symbol=600231/data.parquet,
62bbe9df-6ed8-48d5-a06b-10fb90171ee0,600231,profit_sheet_report,2000-12-31,2002-03-16,2026-07-27,False,available,data/raw/stock_profit_sheet_by_report_em/run_id=62bbe9df-6ed8-48d5-a06b-10fb90171ee0/symbol=600231/data.parquet,
62bbe9df-6ed8-48d5-a06b-10fb90171ee0,600231,profit_sheet_report,2000-09-30,2001-10-24,2026-07-27,False,available,data/raw/stock_profit_sheet_by_report_em/run_id=62bbe9df-6ed8-48d5-a06b-10fb90171ee0/symbol=600231/data.parquet,
62bbe9df-6ed8-48d5-a06b-10fb90171ee0,600231,profit_sheet_report,2000-06-30,2001-08-16,2026-07-27,False,available,data/raw/stock_profit_sheet_by_report_em/run_id=62bbe9df-6ed8-48d5-a06b-10fb90171ee0/symbol=600231/data.parquet,
62bbe9df-6ed8-48d5-a06b-10fb90171ee0,600231,profit_sheet_report,1999-12-31,2001-03-28,2026-07-27,False,available,data/raw/stock_profit_sheet_by_report_em/run_id=62bbe9df-6ed8-48d5-a06b-10fb90171ee0/symbol=600231/data.parquet,
62bbe9df-6ed8-48d5-a06b-10fb90171ee0,600231,profit_sheet_report,1999-06-30,2000-07-28,2026-07-27,False,available,data/raw/stock_profit_sheet_by_report_em/run_id=62bbe9df-6ed8-48d5-a06b-10fb90171ee0/symbol=600231/data.parquet,
62bbe9df-6ed8-48d5-a06b-10fb90171ee0,600231,profit_sheet_report,1998-12-31,2000-04-29,2026-07-27,False,available,data/raw/stock_profit_sheet_by_report_em/run_id=62bbe9df-6ed8-48d5-a06b-10fb90171ee0/symbol=600231/data.parquet,
62bbe9df-6ed8-48d5-a06b-10fb90171ee0,600231,profit_sheet_report,1997-12-31,2000-04-29,2026-07-27,False,available,data/raw/stock_profit_sheet_by_report_em/run_id=62bbe9df-6ed8-48d5-a06b-10fb90171ee0/symbol=600231/data.parquet,
62bbe9df-6ed8-48d5-a06b-10fb90171ee0,600231,cashflow_sheet_report,2026-03-31,2026-04-30,2026-07-27,False,available,data/raw/stock_cash_flow_sheet_by_report_em/run_id=62bbe9df-6ed8-48d5-a06b-10fb90171ee0/symbol=600231/data.parquet,
62bbe9df-6ed8-48d5-a06b-10fb90171ee0,600231,cashflow_sheet_report,2025-12-31,2026-04-01,2026-07-27,False,available,data/raw/stock_cash_flow_sheet_by_report_em/run_id=62bbe9df-6ed8-48d5-a06b-10fb90171ee0/symbol=600231/data.parquet,
62bbe9df-6ed8-48d5-a06b-10fb90171ee0,600231,cashflow_sheet_report,2025-09-30,2025-10-25,2026-07-27,False,available,data/raw/stock_cash_flow_sheet_by_report_em/run_id=62bbe9df-6ed8-48d5-a06b-10fb90171ee0/symbol=600231/data.parquet,
62bbe9df-6ed8-48d5-a06b-10fb90171ee0,600231,cashflow_sheet_report,2025-06-30,2025-08-28,2026-07-27,False,available,data/raw/stock_cash_flow_sheet_by_report_em/run_id=62bbe9df-6ed8-48d5-a06b-10fb90171ee0/symbol=600231/data.parquet,
62bbe9df-6ed8-48d5-a06b-10fb90171ee0,600231,cashflow_sheet_report,2025-03-31,2025-04-30,2026-07-27,False,available,data/raw/stock_cash_flow_sheet_by_report_em/run_id=62bbe9df-6ed8-48d5-a06b-10fb90171ee0/symbol=600231/data.parquet,
62bbe9df-6ed8-48d5-a06b-10fb90171ee0,600231,cashflow_sheet_report,2024-12-31,2025-04-01,2026-07-27,False,available,data/raw/stock_cash_flow_sheet_by_report_em/run_id=62bbe9df-6ed8-48d5-a06b-10fb90171ee0/symbol=600231/data.parquet,
62bbe9df-6ed8-48d5-a06b-10fb90171ee0,600231,cashflow_sheet_report,2024-09-30,2024-10-31,2026-07-27,False,available,data/raw/stock_cash_flow_sheet_by_report_em/run_id=62bbe9df-6ed8-48d5-a06b-10fb90171ee0/symbol=600231/data.parquet,
62bbe9df-6ed8-48d5-a06b-10fb90171ee0,600231,cashflow_sheet_report,2024-06-30,2024-08-31,2026-07-27,False,available,data/raw/stock_cash_flow_sheet_by_report_em/run_id=62bbe9df-6ed8-48d5-a06b-10fb90171ee0/symbol=600231/data.parquet,
62bbe9df-6ed8-48d5-a06b-10fb90171ee0,600231,cashflow_sheet_report,2024-03-31,2024-04-30,2026-07-27,False,available,data/raw/stock_cash_flow_sheet_by_report_em/run_id=62bbe9df-6ed8-48d5-a06b-10fb90171ee0/symbol=600231/data.parquet,
62bbe9df-6ed8-48d5-a06b-10fb90171ee0,600231,cashflow_sheet_report,2023-12-31,2024-04-25,2026-07-27,False,available,data/raw/stock_cash_flow_sheet_by_report_em/run_id=62bbe9df-6ed8-48d5-a06b-10fb90171ee0/symbol=600231/data.parquet,
62bbe9df-6ed8-48d5-a06b-10fb90171ee0,600231,cashflow_sheet_report,2023-09-30,2023-10-28,2026-07-27,False,available,data/raw/stock_cash_flow_sheet_by_report_em/run_id=62bbe9df-6ed8-48d5-a06b-10fb90171ee0/symbol=600231/data.parquet,
62bbe9df-6ed8-48d5-a06b-10fb90171ee0,600231,cashflow_sheet_report,2023-06-30,2023-08-31,2026-07-27,False,available,data/raw/stock_cash_flow_sheet_by_report_em/run_id=62bbe9df-6ed8-48d5-a06b-10fb90171ee0/symbol=600231/data.parquet,
62bbe9df-6ed8-48d5-a06b-10fb90171ee0,600231,cashflow_sheet_report,2023-03-31,2023-04-29,2026-07-27,False,available,data/raw/stock_cash_flow_sheet_by_report_em/run_id=62bbe9df-6ed8-48d5-a06b-10fb90171ee0/symbol=600231/data.parquet,
62bbe9df-6ed8-48d5-a06b-10fb90171ee0,600231,cashflow_sheet_report,2022-12-31,2023-04-29,2026-07-27,False,available,data/raw/stock_cash_flow_sheet_by_report_em/run_id=62bbe9df-6ed8-48d5-a06b-10fb90171ee0/symbol=600231/data.parquet,
62bbe9df-6ed8-48d5-a06b-10fb90171ee0,600231,cashflow_sheet_report,2022-09-30,2022-10-29,2026-07-27,False,available,data/raw/stock_cash_flow_sheet_by_report_em/run_id=62bbe9df-6ed8-48d5-a06b-10fb90171ee0/symbol=600231/data.parquet,
62bbe9df-6ed8-48d5-a06b-10fb90171ee0,600231,cashflow_sheet_report,2022-06-30,2022-08-31,2026-07-27,False,available,data/raw/stock_cash_flow_sheet_by_report_em/run_id=62bbe9df-6ed8-48d5-a06b-10fb90171ee0/symbol=600231/data.parquet,
62bbe9df-6ed8-48d5-a06b-10fb90171ee0,600231,cashflow_sheet_report,2022-03-31,2022-04-29,2026-07-27,False,available,data/raw/stock_cash_flow_sheet_by_report_em/run_id=62bbe9df-6ed8-48d5-a06b-10fb90171ee0/symbol=600231/data.parquet,
62bbe9df-6ed8-48d5-a06b-10fb90171ee0,600231,cashflow_sheet_report,2021-12-31,2022-03-02,2026-07-27,False,available,data/raw/stock_cash_flow_sheet_by_report_em/run_id=62bbe9df-6ed8-48d5-a06b-10fb90171ee0/symbol=600231/data.parquet,
62bbe9df-6ed8-48d5-a06b-10fb90171ee0,600231,cashflow_sheet_report,2021-09-30,2021-10-30,2026-07-27,False,available,data/raw/stock_cash_flow_sheet_by_report_em/run_id=62bbe9df-6ed8-48d5-a06b-10fb90171ee0/symbol=600231/data.parquet,
62bbe9df-6ed8-48d5-a06b-10fb90171ee0,600231,cashflow_sheet_report,2021-06-30,2021-08-31,2026-07-27,False,available,data/raw/stock_cash_flow_sheet_by_report_em/run_id=62bbe9df-6ed8-48d5-a06b-10fb90171ee0/symbol=600231/data.parquet,
62bbe9df-6ed8-48d5-a06b-10fb90171ee0,600231,cashflow_sheet_report,2021-03-31,2021-04-30,2026-07-27,False,available,data/raw/stock_cash_flow_sheet_by_report_em/run_id=62bbe9df-6ed8-48d5-a06b-10fb90171ee0/symbol=600231/data.parquet,
62bbe9df-6ed8-48d5-a06b-10fb90171ee0,600231,cashflow_sheet_report,2020-12-31,2021-04-30,2026-07-27,False,available,data/raw/stock_cash_flow_sheet_by_report_em/run_id=62bbe9df-6ed8-48d5-a06b-10fb90171ee0/symbol=600231/data.parquet,
62bbe9df-6ed8-48d5-a06b-10fb90171ee0,600231,cashflow_sheet_report,2020-09-30,2020-10-31,2026-07-27,False,available,data/raw/stock_cash_flow_sheet_by_report_em/run_id=62bbe9df-6ed8-48d5-a06b-10fb90171ee0/symbol=600231/data.parquet,
62bbe9df-6ed8-48d5-a06b-10fb90171ee0,600231,cashflow_sheet_report,2020-06-30,2020-08-19,2026-07-27,False,available,data/raw/stock_cash_flow_sheet_by_report_em/run_id=62bbe9df-6ed8-48d5-a06b-10fb90171ee0/symbol=600231/data.parquet,
62bbe9df-6ed8-48d5-a06b-10fb90171ee0,600231,cashflow_sheet_report,2020-03-31,2020-04-30,2026-07-27,False,available,data/raw/stock_cash_flow_sheet_by_report_em/run_id=62bbe9df-6ed8-48d5-a06b-10fb90171ee0/symbol=600231/data.parquet,
62bbe9df-6ed8-48d5-a06b-10fb90171ee0,600231,cashflow_sheet_report,2019-12-31,2020-04-30,2026-07-27,False,available,data/raw/stock_cash_flow_sheet_by_report_em/run_id=62bbe9df-6ed8-48d5-a06b-10fb90171ee0/symbol=600231/data.parquet,
62bbe9df-6ed8-48d5-a06b-10fb90171ee0,600231,cashflow_sheet_report,2019-09-30,2019-10-31,2026-07-27,False,available,data/raw/stock_cash_flow_sheet_by_report_em/run_id=62bbe9df-6ed8-48d5-a06b-10fb90171ee0/symbol=600231/data.parquet,
62bbe9df-6ed8-48d5-a06b-10fb90171ee0,600231,cashflow_sheet_report,2019-06-30,2019-08-24,2026-07-27,False,available,data/raw/stock_cash_flow_sheet_by_report_em/run_id=62bbe9df-6ed8-48d5-a06b-10fb90171ee0/symbol=600231/data.parquet,
62bbe9df-6ed8-48d5-a06b-10fb90171ee0,600231,cashflow_sheet_report,2019-03-31,2019-04-30,2026-07-27,False,available,data/raw/stock_cash_flow_sheet_by_report_em/run_id=62bbe9df-6ed8-48d5-a06b-10fb90171ee0/symbol=600231/data.parquet,
62bbe9df-6ed8-48d5-a06b-10fb90171ee0,600231,cashflow_sheet_report,2018-12-31,2019-03-02,2026-07-27,False,available,data/raw/stock_cash_flow_sheet_by_report_em/run_id=62bbe9df-6ed8-48d5-a06b-10fb90171ee0/symbol=600231/data.parquet,
62bbe9df-6ed8-48d5-a06b-10fb90171ee0,600231,cashflow_sheet_report,2018-09-30,2018-10-10,2026-07-27,False,available,data/raw/stock_cash_flow_sheet_by_report_em/run_id=62bbe9df-6ed8-48d5-a06b-10fb90171ee0/symbol=600231/data.parquet,
62bbe9df-6ed8-48d5-a06b-10fb90171ee0,600231,cashflow_sheet_report,2018-06-30,2018-08-11,2026-07-27,False,available,data/raw/stock_cash_flow_sheet_by_report_em/run_id=62bbe9df-6ed8-48d5-a06b-10fb90171ee0/symbol=600231/data.parquet,
62bbe9df-6ed8-48d5-a06b-10fb90171ee0,600231,cashflow_sheet_report,2018-03-31,2018-04-21,2026-07-27,False,available,data/raw/stock_cash_flow_sheet_by_report_em/run_id=62bbe9df-6ed8-48d5-a06b-10fb90171ee0/symbol=600231/data.parquet,
62bbe9df-6ed8-48d5-a06b-10fb90171ee0,600231,cashflow_sheet_report,2017-12-31,2018-04-21,2026-07-27,False,available,data/raw/stock_cash_flow_sheet_by_report_em/run_id=62bbe9df-6ed8-48d5-a06b-10fb90171ee0/symbol=600231/data.parquet,
62bbe9df-6ed8-48d5-a06b-10fb90171ee0,600231,cashflow_sheet_report,2017-09-30,2017-10-14,2026-07-27,False,available,data/raw/stock_cash_flow_sheet_by_report_em/run_id=62bbe9df-6ed8-48d5-a06b-10fb90171ee0/symbol=600231/data.parquet,
62bbe9df-6ed8-48d5-a06b-10fb90171ee0,600231,cashflow_sheet_report,2017-06-30,2017-07-22,2026-07-27,False,available,data/raw/stock_cash_flow_sheet_by_report_em/run_id=62bbe9df-6ed8-48d5-a06b-10fb90171ee0/symbol=600231/data.parquet,
62bbe9df-6ed8-48d5-a06b-10fb90171ee0,600231,cashflow_sheet_report,2017-03-31,2017-04-13,2026-07-27,False,available,data/raw/stock_cash_flow_sheet_by_report_em/run_id=62bbe9df-6ed8-48d5-a06b-10fb90171ee0/symbol=600231/data.parquet,
62bbe9df-6ed8-48d5-a06b-10fb90171ee0,600231,cashflow_sheet_report,2016-12-31,2017-03-03,2026-07-27,False,available,data/raw/stock_cash_flow_sheet_by_report_em/run_id=62bbe9df-6ed8-48d5-a06b-10fb90171ee0/symbol=600231/data.parquet,
62bbe9df-6ed8-48d5-a06b-10fb90171ee0,600231,cashflow_sheet_report,2016-09-30,2016-10-29,2026-07-27,False,available,data/raw/stock_cash_flow_sheet_by_report_em/run_id=62bbe9df-6ed8-48d5-a06b-10fb90171ee0/symbol=600231/data.parquet,
62bbe9df-6ed8-48d5-a06b-10fb90171ee0,600231,cashflow_sheet_report,2016-06-30,2016-08-30,2026-07-27,False,available,data/raw/stock_cash_flow_sheet_by_report_em/run_id=62bbe9df-6ed8-48d5-a06b-10fb90171ee0/symbol=600231/data.parquet,
62bbe9df-6ed8-48d5-a06b-10fb90171ee0,600231,cashflow_sheet_report,2016-03-31,2016-04-22,2026-07-27,False,available,data/raw/stock_cash_flow_sheet_by_report_em/run_id=62bbe9df-6ed8-48d5-a06b-10fb90171ee0/symbol=600231/data.parquet,
62bbe9df-6ed8-48d5-a06b-10fb90171ee0,600231,cashflow_sheet_report,2015-12-31,2016-03-31,2026-07-27,False,available,data/raw/stock_cash_flow_sheet_by_report_em/run_id=62bbe9df-6ed8-48d5-a06b-10fb90171ee0/symbol=600231/data.parquet,
62bbe9df-6ed8-48d5-a06b-10fb90171ee0,600231,cashflow_sheet_report,2015-09-30,2015-10-31,2026-07-27,False,available,data/raw/stock_cash_flow_sheet_by_report_em/run_id=62bbe9df-6ed8-48d5-a06b-10fb90171ee0/symbol=600231/data.parquet,
62bbe9df-6ed8-48d5-a06b-10fb90171ee0,600231,cashflow_sheet_report,2015-06-30,2015-08-29,2026-07-27,False,available,data/raw/stock_cash_flow_sheet_by_report_em/run_id=62bbe9df-6ed8-48d5-a06b-10fb90171ee0/symbol=600231/data.parquet,
62bbe9df-6ed8-48d5-a06b-10fb90171ee0,600231,cashflow_sheet_report,2015-03-31,2015-04-30,2026-07-27,False,available,data/raw/stock_cash_flow_sheet_by_report_em/run_id=62bbe9df-6ed8-48d5-a06b-10fb90171ee0/symbol=600231/data.parquet,
62bbe9df-6ed8-48d5-a06b-10fb90171ee0,600231,cashflow_sheet_report,2014-12-31,2015-03-07,2026-07-27,False,available,data/raw/stock_cash_flow_sheet_by_report_em/run_id=62bbe9df-6ed8-48d5-a06b-10fb90171ee0/symbol=600231/data.parquet,
62bbe9df-6ed8-48d5-a06b-10fb90171ee0,600231,cashflow_sheet_report,2014-09-30,2014-10-18,2026-07-27,False,available,data/raw/stock_cash_flow_sheet_by_report_em/run_id=62bbe9df-6ed8-48d5-a06b-10fb90171ee0/symbol=600231/data.parquet,
62bbe9df-6ed8-48d5-a06b-10fb90171ee0,600231,cashflow_sheet_report,2014-06-30,2014-07-29,2026-07-27,False,available,data/raw/stock_cash_flow_sheet_by_report_em/run_id=62bbe9df-6ed8-48d5-a06b-10fb90171ee0/symbol=600231/data.parquet,
62bbe9df-6ed8-48d5-a06b-10fb90171ee0,600231,cashflow_sheet_report,2014-03-31,2014-04-30,2026-07-27,False,available,data/raw/stock_cash_flow_sheet_by_report_em/run_id=62bbe9df-6ed8-48d5-a06b-10fb90171ee0/symbol=600231/data.parquet,
62bbe9df-6ed8-48d5-a06b-10fb90171ee0,600231,cashflow_sheet_report,2013-12-31,2014-04-30,2026-07-27,False,available,data/raw/stock_cash_flow_sheet_by_report_em/run_id=62bbe9df-6ed8-48d5-a06b-10fb90171ee0/symbol=600231/data.parquet,
62bbe9df-6ed8-48d5-a06b-10fb90171ee0,600231,cashflow_sheet_report,2013-09-30,2013-10-31,2026-07-27,False,available,data/raw/stock_cash_flow_sheet_by_report_em/run_id=62bbe9df-6ed8-48d5-a06b-10fb90171ee0/symbol=600231/data.parquet,
62bbe9df-6ed8-48d5-a06b-10fb90171ee0,600231,cashflow_sheet_report,2013-06-30,2013-08-10,2026-07-27,False,available,data/raw/stock_cash_flow_sheet_by_report_em/run_id=62bbe9df-6ed8-48d5-a06b-10fb90171ee0/symbol=600231/data.parquet,
62bbe9df-6ed8-48d5-a06b-10fb90171ee0,600231,cashflow_sheet_report,2013-03-31,2013-04-16,2026-07-27,False,available,data/raw/stock_cash_flow_sheet_by_report_em/run_id=62bbe9df-6ed8-48d5-a06b-10fb90171ee0/symbol=600231/data.parquet,
62bbe9df-6ed8-48d5-a06b-10fb90171ee0,600231,cashflow_sheet_report,2012-12-31,2013-04-16,2026-07-27,False,available,data/raw/stock_cash_flow_sheet_by_report_em/run_id=62bbe9df-6ed8-48d5-a06b-10fb90171ee0/symbol=600231/data.parquet,
62bbe9df-6ed8-48d5-a06b-10fb90171ee0,600231,cashflow_sheet_report,2012-09-30,2012-10-30,2026-07-27,False,available,data/raw/stock_cash_flow_sheet_by_report_em/run_id=62bbe9df-6ed8-48d5-a06b-10fb90171ee0/symbol=600231/data.parquet,
62bbe9df-6ed8-48d5-a06b-10fb90171ee0,600231,cashflow_sheet_report,2012-06-30,2012-08-15,2026-07-27,False,available,data/raw/stock_cash_flow_sheet_by_report_em/run_id=62bbe9df-6ed8-48d5-a06b-10fb90171ee0/symbol=600231/data.parquet,
62bbe9df-6ed8-48d5-a06b-10fb90171ee0,600231,cashflow_sheet_report,2012-03-31,2012-04-17,2026-07-27,False,available,data/raw/stock_cash_flow_sheet_by_report_em/run_id=62bbe9df-6ed8-48d5-a06b-10fb90171ee0/symbol=600231/data.parquet,
62bbe9df-6ed8-48d5-a06b-10fb90171ee0,600231,cashflow_sheet_report,2011-12-31,2012-03-07,2026-07-27,False,available,data/raw/stock_cash_flow_sheet_by_report_em/run_id=62bbe9df-6ed8-48d5-a06b-10fb90171ee0/symbol=600231/data.parquet,
62bbe9df-6ed8-48d5-a06b-10fb90171ee0,600231,cashflow_sheet_report,2011-09-30,2011-10-19,2026-07-27,False,available,data/raw/stock_cash_flow_sheet_by_report_em/run_id=62bbe9df-6ed8-48d5-a06b-10fb90171ee0/symbol=600231/data.parquet,
62bbe9df-6ed8-48d5-a06b-10fb90171ee0,600231,cashflow_sheet_report,2011-06-30,2011-08-02,2026-07-27,False,available,data/raw/stock_cash_flow_sheet_by_report_em/run_id=62bbe9df-6ed8-48d5-a06b-10fb90171ee0/symbol=600231/data.parquet,
62bbe9df-6ed8-48d5-a06b-10fb90171ee0,600231,cashflow_sheet_report,2011-03-31,2011-04-20,2026-07-27,False,available,data/raw/stock_cash_flow_sheet_by_report_em/run_id=62bbe9df-6ed8-48d5-a06b-10fb90171ee0/symbol=600231/data.parquet,
62bbe9df-6ed8-48d5-a06b-10fb90171ee0,600231,cashflow_sheet_report,2010-12-31,2012-02-29,2026-07-27,False,available,data/raw/stock_cash_flow_sheet_by_report_em/run_id=62bbe9df-6ed8-48d5-a06b-10fb90171ee0/symbol=600231/data.parquet,
62bbe9df-6ed8-48d5-a06b-10fb90171ee0,600231,cashflow_sheet_report,2010-09-30,2010-10-21,2026-07-27,False,available,data/raw/stock_cash_flow_sheet_by_report_em/run_id=62bbe9df-6ed8-48d5-a06b-10fb90171ee0/symbol=600231/data.parquet,
62bbe9df-6ed8-48d5-a06b-10fb90171ee0,600231,cashflow_sheet_report,2010-06-30,2010-08-10,2026-07-27,False,available,data/raw/stock_cash_flow_sheet_by_report_em/run_id=62bbe9df-6ed8-48d5-a06b-10fb90171ee0/symbol=600231/data.parquet,
62bbe9df-6ed8-48d5-a06b-10fb90171ee0,600231,cashflow_sheet_report,2010-03-31,2010-04-17,2026-07-27,False,available,data/raw/stock_cash_flow_sheet_by_report_em/run_id=62bbe9df-6ed8-48d5-a06b-10fb90171ee0/symbol=600231/data.parquet,
62bbe9df-6ed8-48d5-a06b-10fb90171ee0,600231,cashflow_sheet_report,2009-12-31,2011-02-28,2026-07-27,False,available,data/raw/stock_cash_flow_sheet_by_report_em/run_id=62bbe9df-6ed8-48d5-a06b-10fb90171ee0/symbol=600231/data.parquet,
62bbe9df-6ed8-48d5-a06b-10fb90171ee0,600231,cashflow_sheet_report,2009-09-30,2010-10-21,2026-07-27,False,available,data/raw/stock_cash_flow_sheet_by_report_em/run_id=62bbe9df-6ed8-48d5-a06b-10fb90171ee0/symbol=600231/data.parquet,
62bbe9df-6ed8-48d5-a06b-10fb90171ee0,600231,cashflow_sheet_report,2009-06-30,2010-08-10,2026-07-27,False,available,data/raw/stock_cash_flow_sheet_by_report_em/run_id=62bbe9df-6ed8-48d5-a06b-10fb90171ee0/symbol=600231/data.parquet,
62bbe9df-6ed8-48d5-a06b-10fb90171ee0,600231,cashflow_sheet_report,2009-03-31,2010-04-17,2026-07-27,False,available,data/raw/stock_cash_flow_sheet_by_report_em/run_id=62bbe9df-6ed8-48d5-a06b-10fb90171ee0/symbol=600231/data.parquet,
62bbe9df-6ed8-48d5-a06b-10fb90171ee0,600231,cashflow_sheet_report,2008-12-31,2010-02-09,2026-07-27,False,available,data/raw/stock_cash_flow_sheet_by_report_em/run_id=62bbe9df-6ed8-48d5-a06b-10fb90171ee0/symbol=600231/data.parquet,
62bbe9df-6ed8-48d5-a06b-10fb90171ee0,600231,cashflow_sheet_report,2008-09-30,2009-10-27,2026-07-27,False,available,data/raw/stock_cash_flow_sheet_by_report_em/run_id=62bbe9df-6ed8-48d5-a06b-10fb90171ee0/symbol=600231/data.parquet,
62bbe9df-6ed8-48d5-a06b-10fb90171ee0,600231,cashflow_sheet_report,2008-06-30,2009-07-31,2026-07-27,False,available,data/raw/stock_cash_flow_sheet_by_report_em/run_id=62bbe9df-6ed8-48d5-a06b-10fb90171ee0/symbol=600231/data.parquet,
62bbe9df-6ed8-48d5-a06b-10fb90171ee0,600231,cashflow_sheet_report,2008-03-31,2009-04-29,2026-07-27,False,available,data/raw/stock_cash_flow_sheet_by_report_em/run_id=62bbe9df-6ed8-48d5-a06b-10fb90171ee0/symbol=600231/data.parquet,
62bbe9df-6ed8-48d5-a06b-10fb90171ee0,600231,cashflow_sheet_report,2007-12-31,2009-03-25,2026-07-27,False,available,data/raw/stock_cash_flow_sheet_by_report_em/run_id=62bbe9df-6ed8-48d5-a06b-10fb90171ee0/symbol=600231/data.parquet,
62bbe9df-6ed8-48d5-a06b-10fb90171ee0,600231,cashflow_sheet_report,2007-09-30,2008-10-25,2026-07-27,False,available,data/raw/stock_cash_flow_sheet_by_report_em/run_id=62bbe9df-6ed8-48d5-a06b-10fb90171ee0/symbol=600231/data.parquet,
62bbe9df-6ed8-48d5-a06b-10fb90171ee0,600231,cashflow_sheet_report,2007-06-30,2008-08-19,2026-07-27,False,available,data/raw/stock_cash_flow_sheet_by_report_em/run_id=62bbe9df-6ed8-48d5-a06b-10fb90171ee0/symbol=600231/data.parquet,
62bbe9df-6ed8-48d5-a06b-10fb90171ee0,600231,cashflow_sheet_report,2007-03-31,2008-04-28,2026-07-27,False,available,data/raw/stock_cash_flow_sheet_by_report_em/run_id=62bbe9df-6ed8-48d5-a06b-10fb90171ee0/symbol=600231/data.parquet,
62bbe9df-6ed8-48d5-a06b-10fb90171ee0,600231,cashflow_sheet_report,2006-12-31,2008-02-15,2026-07-27,False,available,data/raw/stock_cash_flow_sheet_by_report_em/run_id=62bbe9df-6ed8-48d5-a06b-10fb90171ee0/symbol=600231/data.parquet,
62bbe9df-6ed8-48d5-a06b-10fb90171ee0,600231,cashflow_sheet_report,2006-09-30,2007-10-22,2026-07-27,False,available,data/raw/stock_cash_flow_sheet_by_report_em/run_id=62bbe9df-6ed8-48d5-a06b-10fb90171ee0/symbol=600231/data.parquet,
62bbe9df-6ed8-48d5-a06b-10fb90171ee0,600231,cashflow_sheet_report,2006-06-30,2007-07-17,2026-07-27,False,available,data/raw/stock_cash_flow_sheet_by_report_em/run_id=62bbe9df-6ed8-48d5-a06b-10fb90171ee0/symbol=600231/data.parquet,
62bbe9df-6ed8-48d5-a06b-10fb90171ee0,600231,cashflow_sheet_report,2006-03-31,2007-04-21,2026-07-27,False,available,data/raw/stock_cash_flow_sheet_by_report_em/run_id=62bbe9df-6ed8-48d5-a06b-10fb90171ee0/symbol=600231/data.parquet,
62bbe9df-6ed8-48d5-a06b-10fb90171ee0,600231,cashflow_sheet_report,2005-12-31,2006-03-28,2026-07-27,False,available,data/raw/stock_cash_flow_sheet_by_report_em/run_id=62bbe9df-6ed8-48d5-a06b-10fb90171ee0/symbol=600231/data.parquet,
62bbe9df-6ed8-48d5-a06b-10fb90171ee0,600231,cashflow_sheet_report,2005-09-30,2005-10-18,2026-07-27,False,available,data/raw/stock_cash_flow_sheet_by_report_em/run_id=62bbe9df-6ed8-48d5-a06b-10fb90171ee0/symbol=600231/data.parquet,
62bbe9df-6ed8-48d5-a06b-10fb90171ee0,600231,cashflow_sheet_report,2005-06-30,2005-07-12,2026-07-27,False,available,data/raw/stock_cash_flow_sheet_by_report_em/run_id=62bbe9df-6ed8-48d5-a06b-10fb90171ee0/symbol=600231/data.parquet,
62bbe9df-6ed8-48d5-a06b-10fb90171ee0,600231,cashflow_sheet_report,2005-03-31,2005-04-12,2026-07-27,False,available,data/raw/stock_cash_flow_sheet_by_report_em/run_id=62bbe9df-6ed8-48d5-a06b-10fb90171ee0/symbol=600231/data.parquet,
62bbe9df-6ed8-48d5-a06b-10fb90171ee0,600231,cashflow_sheet_report,2004-12-31,2005-03-01,2026-07-27,False,available,data/raw/stock_cash_flow_sheet_by_report_em/run_id=62bbe9df-6ed8-48d5-a06b-10fb90171ee0/symbol=600231/data.parquet,
62bbe9df-6ed8-48d5-a06b-10fb90171ee0,600231,cashflow_sheet_report,2004-09-30,2004-10-16,2026-07-27,False,available,data/raw/stock_cash_flow_sheet_by_report_em/run_id=62bbe9df-6ed8-48d5-a06b-10fb90171ee0/symbol=600231/data.parquet,
62bbe9df-6ed8-48d5-a06b-10fb90171ee0,600231,cashflow_sheet_report,2004-06-30,2004-08-10,2026-07-27,False,available,data/raw/stock_cash_flow_sheet_by_report_em/run_id=62bbe9df-6ed8-48d5-a06b-10fb90171ee0/symbol=600231/data.parquet,
62bbe9df-6ed8-48d5-a06b-10fb90171ee0,600231,cashflow_sheet_report,2004-03-31,2004-04-10,2026-07-27,False,available,data/raw/stock_cash_flow_sheet_by_report_em/run_id=62bbe9df-6ed8-48d5-a06b-10fb90171ee0/symbol=600231/data.parquet,
62bbe9df-6ed8-48d5-a06b-10fb90171ee0,600231,cashflow_sheet_report,2003-12-31,2004-02-11,2026-07-27,False,available,data/raw/stock_cash_flow_sheet_by_report_em/run_id=62bbe9df-6ed8-48d5-a06b-10fb90171ee0/symbol=600231/data.parquet,
62bbe9df-6ed8-48d5-a06b-10fb90171ee0,600231,cashflow_sheet_report,2003-09-30,2003-10-14,2026-07-27,False,available,data/raw/stock_cash_flow_sheet_by_report_em/run_id=62bbe9df-6ed8-48d5-a06b-10fb90171ee0/symbol=600231/data.parquet,
62bbe9df-6ed8-48d5-a06b-10fb90171ee0,600231,cashflow_sheet_report,2003-06-30,2003-07-17,2026-07-27,False,available,data/raw/stock_cash_flow_sheet_by_report_em/run_id=62bbe9df-6ed8-48d5-a06b-10fb90171ee0/symbol=600231/data.parquet,
62bbe9df-6ed8-48d5-a06b-10fb90171ee0,600231,cashflow_sheet_report,2003-03-31,2003-04-08,2026-07-27,False,available,data/raw/stock_cash_flow_sheet_by_report_em/run_id=62bbe9df-6ed8-48d5-a06b-10fb90171ee0/symbol=600231/data.parquet,
62bbe9df-6ed8-48d5-a06b-10fb90171ee0,600231,cashflow_sheet_report,2002-12-31,2003-02-18,2026-07-27,False,available,data/raw/stock_cash_flow_sheet_by_report_em/run_id=62bbe9df-6ed8-48d5-a06b-10fb90171ee0/symbol=600231/data.parquet,
62bbe9df-6ed8-48d5-a06b-10fb90171ee0,600231,cashflow_sheet_report,2002-06-30,2002-08-06,2026-07-27,False,available,data/raw/stock_cash_flow_sheet_by_report_em/run_id=62bbe9df-6ed8-48d5-a06b-10fb90171ee0/symbol=600231/data.parquet,
62bbe9df-6ed8-48d5-a06b-10fb90171ee0,600231,cashflow_sheet_report,2001-12-31,2002-03-16,2026-07-27,False,available,data/raw/stock_cash_flow_sheet_by_report_em/run_id=62bbe9df-6ed8-48d5-a06b-10fb90171ee0/symbol=600231/data.parquet,
62bbe9df-6ed8-48d5-a06b-10fb90171ee0,600231,cashflow_sheet_report,2001-06-30,2001-08-16,2026-07-27,False,available,data/raw/stock_cash_flow_sheet_by_report_em/run_id=62bbe9df-6ed8-48d5-a06b-10fb90171ee0/symbol=600231/data.parquet,
62bbe9df-6ed8-48d5-a06b-10fb90171ee0,600231,cashflow_sheet_report,2000-12-31,2001-03-28,2026-07-27,False,available,data/raw/stock_cash_flow_sheet_by_report_em/run_id=62bbe9df-6ed8-48d5-a06b-10fb90171ee0/symbol=600231/data.parquet,
62bbe9df-6ed8-48d5-a06b-10fb90171ee0,600231,cashflow_sheet_report,2000-06-30,2000-07-28,2026-07-27,False,available,data/raw/stock_cash_flow_sheet_by_report_em/run_id=62bbe9df-6ed8-48d5-a06b-10fb90171ee0/symbol=600231/data.parquet,
62bbe9df-6ed8-48d5-a06b-10fb90171ee0,600231,cashflow_sheet_report,1999-12-31,2000-04-29,2026-07-27,False,available,data/raw/stock_cash_flow_sheet_by_report_em/run_id=62bbe9df-6ed8-48d5-a06b-10fb90171ee0/symbol=600231/data.parquet,
62bbe9df-6ed8-48d5-a06b-10fb90171ee0,300274,financial_abstract,,,2026-07-27,False,unavailable,data/raw/stock_financial_abstract/run_id=62bbe9df-6ed8-48d5-a06b-10fb90171ee0/symbol=300274/data.parquet,WARN: report/announcement date could not be paired
62bbe9df-6ed8-48d5-a06b-10fb90171ee0,300274,financial_indicator,,,2026-07-27,False,unavailable,data/raw/stock_financial_analysis_indicator/run_id=62bbe9df-6ed8-48d5-a06b-10fb90171ee0/symbol=300274/data.parquet,WARN: report/announcement date could not be paired
62bbe9df-6ed8-48d5-a06b-10fb90171ee0,300274,balance_sheet_report,2026-03-31,2026-04-28,2026-07-27,False,available,data/raw/stock_balance_sheet_by_report_em/run_id=62bbe9df-6ed8-48d5-a06b-10fb90171ee0/symbol=300274/data.parquet,
62bbe9df-6ed8-48d5-a06b-10fb90171ee0,300274,balance_sheet_report,2025-12-31,2026-04-01,2026-07-27,False,available,data/raw/stock_balance_sheet_by_report_em/run_id=62bbe9df-6ed8-48d5-a06b-10fb90171ee0/symbol=300274/data.parquet,
62bbe9df-6ed8-48d5-a06b-10fb90171ee0,300274,balance_sheet_report,2025-09-30,2025-10-29,2026-07-27,False,available,data/raw/stock_balance_sheet_by_report_em/run_id=62bbe9df-6ed8-48d5-a06b-10fb90171ee0/symbol=300274/data.parquet,
62bbe9df-6ed8-48d5-a06b-10fb90171ee0,300274,balance_sheet_report,2025-06-30,2025-08-26,2026-07-27,False,available,data/raw/stock_balance_sheet_by_report_em/run_id=62bbe9df-6ed8-48d5-a06b-10fb90171ee0/symbol=300274/data.parquet,
62bbe9df-6ed8-48d5-a06b-10fb90171ee0,300274,balance_sheet_report,2025-03-31,2025-04-26,2026-07-27,False,available,data/raw/stock_balance_sheet_by_report_em/run_id=62bbe9df-6ed8-48d5-a06b-10fb90171ee0/symbol=300274/data.parquet,
62bbe9df-6ed8-48d5-a06b-10fb90171ee0,300274,balance_sheet_report,2024-12-31,2025-04-26,2026-07-27,False,available,data/raw/stock_balance_sheet_by_report_em/run_id=62bbe9df-6ed8-48d5-a06b-10fb90171ee0/symbol=300274/data.parquet,
62bbe9df-6ed8-48d5-a06b-10fb90171ee0,300274,balance_sheet_report,2024-09-30,2024-10-31,2026-07-27,False,available,data/raw/stock_balance_sheet_by_report_em/run_id=62bbe9df-6ed8-48d5-a06b-10fb90171ee0/symbol=300274/data.parquet,
62bbe9df-6ed8-48d5-a06b-10fb90171ee0,300274,balance_sheet_report,2024-06-30,2024-08-24,2026-07-27,False,available,data/raw/stock_balance_sheet_by_report_em/run_id=62bbe9df-6ed8-48d5-a06b-10fb90171ee0/symbol=300274/data.parquet,
62bbe9df-6ed8-48d5-a06b-10fb90171ee0,300274,balance_sheet_report,2024-03-31,2024-04-23,2026-07-27,False,available,data/raw/stock_balance_sheet_by_report_em/run_id=62bbe9df-6ed8-48d5-a06b-10fb90171ee0/symbol=300274/data.parquet,
62bbe9df-6ed8-48d5-a06b-10fb90171ee0,300274,balance_sheet_report,2023-12-31,2024-04-23,2026-07-27,False,available,data/raw/stock_balance_sheet_by_report_em/run_id=62bbe9df-6ed8-48d5-a06b-10fb90171ee0/symbol=300274/data.parquet,
62bbe9df-6ed8-48d5-a06b-10fb90171ee0,300274,balance_sheet_report,2023-09-30,2023-10-28,2026-07-27,False,available,data/raw/stock_balance_sheet_by_report_em/run_id=62bbe9df-6ed8-48d5-a06b-10fb90171ee0/symbol=300274/data.parquet,
62bbe9df-6ed8-48d5-a06b-10fb90171ee0,300274,balance_sheet_report,2023-06-30,2023-08-25,2026-07-27,False,available,data/raw/stock_balance_sheet_by_report_em/run_id=62bbe9df-6ed8-48d5-a06b-10fb90171ee0/symbol=300274/data.parquet,
62bbe9df-6ed8-48d5-a06b-10fb90171ee0,300274,balance_sheet_report,2023-03-31,2023-04-25,2026-07-27,False,available,data/raw/stock_balance_sheet_by_report_em/run_id=62bbe9df-6ed8-48d5-a06b-10fb90171ee0/symbol=300274/data.parquet,
62bbe9df-6ed8-48d5-a06b-10fb90171ee0,300274,balance_sheet_report,2022-12-31,2023-04-25,2026-07-27,False,available,data/raw/stock_balance_sheet_by_report_em/run_id=62bbe9df-6ed8-48d5-a06b-10fb90171ee0/symbol=300274/data.parquet,
62bbe9df-6ed8-48d5-a06b-10fb90171ee0,300274,balance_sheet_report,2022-09-30,2022-10-27,2026-07-27,False,available,data/raw/stock_balance_sheet_by_report_em/run_id=62bbe9df-6ed8-48d5-a06b-10fb90171ee0/symbol=300274/data.parquet,
62bbe9df-6ed8-48d5-a06b-10fb90171ee0,300274,balance_sheet_report,2022-06-30,2022-08-27,2026-07-27,False,available,data/raw/stock_balance_sheet_by_report_em/run_id=62bbe9df-6ed8-48d5-a06b-10fb90171ee0/symbol=300274/data.parquet,
62bbe9df-6ed8-48d5-a06b-10fb90171ee0,300274,balance_sheet_report,2022-03-31,2022-04-20,2026-07-27,False,available,data/raw/stock_balance_sheet_by_report_em/run_id=62bbe9df-6ed8-48d5-a06b-10fb90171ee0/symbol=300274/data.parquet,
62bbe9df-6ed8-48d5-a06b-10fb90171ee0,300274,balance_sheet_report,2021-12-31,2022-04-20,2026-07-27,False,available,data/raw/stock_balance_sheet_by_report_em/run_id=62bbe9df-6ed8-48d5-a06b-10fb90171ee0/symbol=300274/data.parquet,
62bbe9df-6ed8-48d5-a06b-10fb90171ee0,300274,balance_sheet_report,2021-09-30,2021-10-29,2026-07-27,False,available,data/raw/stock_balance_sheet_by_report_em/run_id=62bbe9df-6ed8-48d5-a06b-10fb90171ee0/symbol=300274/data.parquet,
62bbe9df-6ed8-48d5-a06b-10fb90171ee0,300274,balance_sheet_report,2021-06-30,2021-08-28,2026-07-27,False,available,data/raw/stock_balance_sheet_by_report_em/run_id=62bbe9df-6ed8-48d5-a06b-10fb90171ee0/symbol=300274/data.parquet,
62bbe9df-6ed8-48d5-a06b-10fb90171ee0,300274,balance_sheet_report,2021-03-31,2021-04-29,2026-07-27,False,available,data/raw/stock_balance_sheet_by_report_em/run_id=62bbe9df-6ed8-48d5-a06b-10fb90171ee0/symbol=300274/data.parquet,
62bbe9df-6ed8-48d5-a06b-10fb90171ee0,300274,balance_sheet_report,2020-12-31,2021-04-27,2026-07-27,False,available,data/raw/stock_balance_sheet_by_report_em/run_id=62bbe9df-6ed8-48d5-a06b-10fb90171ee0/symbol=300274/data.parquet,
62bbe9df-6ed8-48d5-a06b-10fb90171ee0,300274,balance_sheet_report,2020-09-30,2020-10-30,2026-07-27,False,available,data/raw/stock_balance_sheet_by_report_em/run_id=62bbe9df-6ed8-48d5-a06b-10fb90171ee0/symbol=300274/data.parquet,
62bbe9df-6ed8-48d5-a06b-10fb90171ee0,300274,balance_sheet_report,2020-06-30,2020-08-28,2026-07-27,False,available,data/raw/stock_balance_sheet_by_report_em/run_id=62bbe9df-6ed8-48d5-a06b-10fb90171ee0/symbol=300274/data.parquet,
62bbe9df-6ed8-48d5-a06b-10fb90171ee0,300274,balance_sheet_report,2020-03-31,2020-04-29,2026-07-27,False,available,data/raw/stock_balance_sheet_by_report_em/run_id=62bbe9df-6ed8-48d5-a06b-10fb90171ee0/symbol=300274/data.parquet,
62bbe9df-6ed8-48d5-a06b-10fb90171ee0,300274,balance_sheet_report,2019-12-31,2020-04-25,2026-07-27,False,available,data/raw/stock_balance_sheet_by_report_em/run_id=62bbe9df-6ed8-48d5-a06b-10fb90171ee0/symbol=300274/data.parquet,
62bbe9df-6ed8-48d5-a06b-10fb90171ee0,300274,balance_sheet_report,2019-09-30,2019-10-26,2026-07-27,False,available,data/raw/stock_balance_sheet_by_report_em/run_id=62bbe9df-6ed8-48d5-a06b-10fb90171ee0/symbol=300274/data.parquet,
62bbe9df-6ed8-48d5-a06b-10fb90171ee0,300274,balance_sheet_report,2019-06-30,2019-08-15,2026-07-27,False,available,data/raw/stock_balance_sheet_by_report_em/run_id=62bbe9df-6ed8-48d5-a06b-10fb90171ee0/symbol=300274/data.parquet,
62bbe9df-6ed8-48d5-a06b-10fb90171ee0,300274,balance_sheet_report,2019-03-31,2019-04-20,2026-07-27,False,available,data/raw/stock_balance_sheet_by_report_em/run_id=62bbe9df-6ed8-48d5-a06b-10fb90171ee0/symbol=300274/data.parquet,
62bbe9df-6ed8-48d5-a06b-10fb90171ee0,300274,balance_sheet_report,2018-12-31,2019-03-30,2026-07-27,False,available,data/raw/stock_balance_sheet_by_report_em/run_id=62bbe9df-6ed8-48d5-a06b-10fb90171ee0/symbol=300274/data.parquet,
62bbe9df-6ed8-48d5-a06b-10fb90171ee0,300274,balance_sheet_report,2018-09-30,2018-10-27,2026-07-27,False,available,data/raw/stock_balance_sheet_by_report_em/run_id=62bbe9df-6ed8-48d5-a06b-10fb90171ee0/symbol=300274/data.parquet,
62bbe9df-6ed8-48d5-a06b-10fb90171ee0,300274,balance_sheet_report,2018-06-30,2018-08-15,2026-07-27,False,available,data/raw/stock_balance_sheet_by_report_em/run_id=62bbe9df-6ed8-48d5-a06b-10fb90171ee0/symbol=300274/data.parquet,
62bbe9df-6ed8-48d5-a06b-10fb90171ee0,300274,balance_sheet_report,2018-03-31,2018-04-24,2026-07-27,False,available,data/raw/stock_balance_sheet_by_report_em/run_id=62bbe9df-6ed8-48d5-a06b-10fb90171ee0/symbol=300274/data.parquet,
62bbe9df-6ed8-48d5-a06b-10fb90171ee0,300274,balance_sheet_report,2017-12-31,2018-04-24,2026-07-27,False,available,data/raw/stock_balance_sheet_by_report_em/run_id=62bbe9df-6ed8-48d5-a06b-10fb90171ee0/symbol=300274/data.parquet,
62bbe9df-6ed8-48d5-a06b-10fb90171ee0,300274,balance_sheet_report,2017-09-30,2017-10-28,2026-07-27,False,available,data/raw/stock_balance_sheet_by_report_em/run_id=62bbe9df-6ed8-48d5-a06b-10fb90171ee0/symbol=300274/data.parquet,
62bbe9df-6ed8-48d5-a06b-10fb90171ee0,300274,balance_sheet_report,2017-06-30,2017-08-15,2026-07-27,False,available,data/raw/stock_balance_sheet_by_report_em/run_id=62bbe9df-6ed8-48d5-a06b-10fb90171ee0/symbol=300274/data.parquet,
62bbe9df-6ed8-48d5-a06b-10fb90171ee0,300274,balance_sheet_report,2017-03-31,2017-04-18,2026-07-27,False,available,data/raw/stock_balance_sheet_by_report_em/run_id=62bbe9df-6ed8-48d5-a06b-10fb90171ee0/symbol=300274/data.parquet,
62bbe9df-6ed8-48d5-a06b-10fb90171ee0,300274,balance_sheet_report,2016-12-31,2017-04-18,2026-07-27,False,available,data/raw/stock_balance_sheet_by_report_em/run_id=62bbe9df-6ed8-48d5-a06b-10fb90171ee0/symbol=300274/data.parquet,
62bbe9df-6ed8-48d5-a06b-10fb90171ee0,300274,balance_sheet_report,2016-09-30,2016-10-20,2026-07-27,False,available,data/raw/stock_balance_sheet_by_report_em/run_id=62bbe9df-6ed8-48d5-a06b-10fb90171ee0/symbol=300274/data.parquet,
62bbe9df-6ed8-48d5-a06b-10fb90171ee0,300274,balance_sheet_report,2016-06-30,2016-08-16,2026-07-27,False,available,data/raw/stock_balance_sheet_by_report_em/run_id=62bbe9df-6ed8-48d5-a06b-10fb90171ee0/symbol=300274/data.parquet,
62bbe9df-6ed8-48d5-a06b-10fb90171ee0,300274,balance_sheet_report,2016-03-31,2016-04-27,2026-07-27,False,available,data/raw/stock_balance_sheet_by_report_em/run_id=62bbe9df-6ed8-48d5-a06b-10fb90171ee0/symbol=300274/data.parquet,
62bbe9df-6ed8-48d5-a06b-10fb90171ee0,300274,balance_sheet_report,2015-12-31,2016-04-27,2026-07-27,False,available,data/raw/stock_balance_sheet_by_report_em/run_id=62bbe9df-6ed8-48d5-a06b-10fb90171ee0/symbol=300274/data.parquet,
62bbe9df-6ed8-48d5-a06b-10fb90171ee0,300274,balance_sheet_report,2015-09-30,2015-10-27,2026-07-27,False,available,data/raw/stock_balance_sheet_by_report_em/run_id=62bbe9df-6ed8-48d5-a06b-10fb90171ee0/symbol=300274/data.parquet,
62bbe9df-6ed8-48d5-a06b-10fb90171ee0,300274,balance_sheet_report,2015-06-30,2015-07-21,2026-07-27,False,available,data/raw/stock_balance_sheet_by_report_em/run_id=62bbe9df-6ed8-48d5-a06b-10fb90171ee0/symbol=300274/data.parquet,
62bbe9df-6ed8-48d5-a06b-10fb90171ee0,300274,balance_sheet_report,2015-03-31,2015-04-25,2026-07-27,False,available,data/raw/stock_balance_sheet_by_report_em/run_id=62bbe9df-6ed8-48d5-a06b-10fb90171ee0/symbol=300274/data.parquet,
62bbe9df-6ed8-48d5-a06b-10fb90171ee0,300274,balance_sheet_report,2014-12-31,2015-04-15,2026-07-27,False,available,data/raw/stock_balance_sheet_by_report_em/run_id=62bbe9df-6ed8-48d5-a06b-10fb90171ee0/symbol=300274/data.parquet,
62bbe9df-6ed8-48d5-a06b-10fb90171ee0,300274,balance_sheet_report,2014-09-30,2014-10-21,2026-07-27,False,available,data/raw/stock_balance_sheet_by_report_em/run_id=62bbe9df-6ed8-48d5-a06b-10fb90171ee0/symbol=300274/data.parquet,
62bbe9df-6ed8-48d5-a06b-10fb90171ee0,300274,balance_sheet_report,2014-06-30,2014-08-26,2026-07-27,False,available,data/raw/stock_balance_sheet_by_report_em/run_id=62bbe9df-6ed8-48d5-a06b-10fb90171ee0/symbol=300274/data.parquet,
62bbe9df-6ed8-48d5-a06b-10fb90171ee0,300274,balance_sheet_report,2014-03-31,2014-04-26,2026-07-27,False,available,data/raw/stock_balance_sheet_by_report_em/run_id=62bbe9df-6ed8-48d5-a06b-10fb90171ee0/symbol=300274/data.parquet,
62bbe9df-6ed8-48d5-a06b-10fb90171ee0,300274,balance_sheet_report,2013-12-31,2014-03-20,2026-07-27,False,available,data/raw/stock_balance_sheet_by_report_em/run_id=62bbe9df-6ed8-48d5-a06b-10fb90171ee0/symbol=300274/data.parquet,
62bbe9df-6ed8-48d5-a06b-10fb90171ee0,300274,balance_sheet_report,2013-09-30,2013-10-24,2026-07-27,False,available,data/raw/stock_balance_sheet_by_report_em/run_id=62bbe9df-6ed8-48d5-a06b-10fb90171ee0/symbol=300274/data.parquet,
62bbe9df-6ed8-48d5-a06b-10fb90171ee0,300274,balance_sheet_report,2013-06-30,2013-07-27,2026-07-27,False,available,data/raw/stock_balance_sheet_by_report_em/run_id=62bbe9df-6ed8-48d5-a06b-10fb90171ee0/symbol=300274/data.parquet,
62bbe9df-6ed8-48d5-a06b-10fb90171ee0,300274,balance_sheet_report,2013-03-31,2013-04-25,2026-07-27,False,available,data/raw/stock_balance_sheet_by_report_em/run_id=62bbe9df-6ed8-48d5-a06b-10fb90171ee0/symbol=300274/data.parquet,
62bbe9df-6ed8-48d5-a06b-10fb90171ee0,300274,balance_sheet_report,2012-12-31,2013-03-30,2026-07-27,False,available,data/raw/stock_balance_sheet_by_report_em/run_id=62bbe9df-6ed8-48d5-a06b-10fb90171ee0/symbol=300274/data.parquet,
62bbe9df-6ed8-48d5-a06b-10fb90171ee0,300274,balance_sheet_report,2012-09-30,2012-10-24,2026-07-27,False,available,data/raw/stock_balance_sheet_by_report_em/run_id=62bbe9df-6ed8-48d5-a06b-10fb90171ee0/symbol=300274/data.parquet,
62bbe9df-6ed8-48d5-a06b-10fb90171ee0,300274,balance_sheet_report,2012-06-30,2012-08-14,2026-07-27,False,available,data/raw/stock_balance_sheet_by_report_em/run_id=62bbe9df-6ed8-48d5-a06b-10fb90171ee0/symbol=300274/data.parquet,
62bbe9df-6ed8-48d5-a06b-10fb90171ee0,300274,balance_sheet_report,2012-03-31,2012-04-25,2026-07-27,False,available,data/raw/stock_balance_sheet_by_report_em/run_id=62bbe9df-6ed8-48d5-a06b-10fb90171ee0/symbol=300274/data.parquet,
62bbe9df-6ed8-48d5-a06b-10fb90171ee0,300274,balance_sheet_report,2011-12-31,2012-02-28,2026-07-27,False,available,data/raw/stock_balance_sheet_by_report_em/run_id=62bbe9df-6ed8-48d5-a06b-10fb90171ee0/symbol=300274/data.parquet,
62bbe9df-6ed8-48d5-a06b-10fb90171ee0,300274,balance_sheet_report,2011-09-30,2011-11-01,2026-07-27,False,available,data/raw/stock_balance_sheet_by_report_em/run_id=62bbe9df-6ed8-48d5-a06b-10fb90171ee0/symbol=300274/data.parquet,
62bbe9df-6ed8-48d5-a06b-10fb90171ee0,300274,balance_sheet_report,2011-06-30,2011-10-12,2026-07-27,False,available,data/raw/stock_balance_sheet_by_report_em/run_id=62bbe9df-6ed8-48d5-a06b-10fb90171ee0/symbol=300274/data.parquet,
62bbe9df-6ed8-48d5-a06b-10fb90171ee0,300274,balance_sheet_report,2010-12-31,2012-02-28,2026-07-27,False,available,data/raw/stock_balance_sheet_by_report_em/run_id=62bbe9df-6ed8-48d5-a06b-10fb90171ee0/symbol=300274/data.parquet,
62bbe9df-6ed8-48d5-a06b-10fb90171ee0,300274,balance_sheet_report,2009-12-31,2011-10-12,2026-07-27,False,available,data/raw/stock_balance_sheet_by_report_em/run_id=62bbe9df-6ed8-48d5-a06b-10fb90171ee0/symbol=300274/data.parquet,
62bbe9df-6ed8-48d5-a06b-10fb90171ee0,300274,balance_sheet_report,2008-12-31,2011-10-12,2026-07-27,False,available,data/raw/stock_balance_sheet_by_report_em/run_id=62bbe9df-6ed8-48d5-a06b-10fb90171ee0/symbol=300274/data.parquet,
62bbe9df-6ed8-48d5-a06b-10fb90171ee0,300274,profit_sheet_report,2026-03-31,2026-04-28,2026-07-27,False,available,data/raw/stock_profit_sheet_by_report_em/run_id=62bbe9df-6ed8-48d5-a06b-10fb90171ee0/symbol=300274/data.parquet,
62bbe9df-6ed8-48d5-a06b-10fb90171ee0,300274,profit_sheet_report,2025-12-31,2026-04-01,2026-07-27,False,available,data/raw/stock_profit_sheet_by_report_em/run_id=62bbe9df-6ed8-48d5-a06b-10fb90171ee0/symbol=300274/data.parquet,
62bbe9df-6ed8-48d5-a06b-10fb90171ee0,300274,profit_sheet_report,2025-09-30,2025-10-29,2026-07-27,False,available,data/raw/stock_profit_sheet_by_report_em/run_id=62bbe9df-6ed8-48d5-a06b-10fb90171ee0/symbol=300274/data.parquet,
62bbe9df-6ed8-48d5-a06b-10fb90171ee0,300274,profit_sheet_report,2025-06-30,2025-08-26,2026-07-27,False,available,data/raw/stock_profit_sheet_by_report_em/run_id=62bbe9df-6ed8-48d5-a06b-10fb90171ee0/symbol=300274/data.parquet,
62bbe9df-6ed8-48d5-a06b-10fb90171ee0,300274,profit_sheet_report,2025-03-31,2025-04-26,2026-07-27,False,available,data/raw/stock_profit_sheet_by_report_em/run_id=62bbe9df-6ed8-48d5-a06b-10fb90171ee0/symbol=300274/data.parquet,
62bbe9df-6ed8-48d5-a06b-10fb90171ee0,300274,profit_sheet_report,2024-12-31,2025-04-26,2026-07-27,False,available,data/raw/stock_profit_sheet_by_report_em/run_id=62bbe9df-6ed8-48d5-a06b-10fb90171ee0/symbol=300274/data.parquet,
62bbe9df-6ed8-48d5-a06b-10fb90171ee0,300274,profit_sheet_report,2024-09-30,2024-10-31,2026-07-27,False,available,data/raw/stock_profit_sheet_by_report_em/run_id=62bbe9df-6ed8-48d5-a06b-10fb90171ee0/symbol=300274/data.parquet,
62bbe9df-6ed8-48d5-a06b-10fb90171ee0,300274,profit_sheet_report,2024-06-30,2024-08-24,2026-07-27,False,available,data/raw/stock_profit_sheet_by_report_em/run_id=62bbe9df-6ed8-48d5-a06b-10fb90171ee0/symbol=300274/data.parquet,
62bbe9df-6ed8-48d5-a06b-10fb90171ee0,300274,profit_sheet_report,2024-03-31,2024-04-23,2026-07-27,False,available,data/raw/stock_profit_sheet_by_report_em/run_id=62bbe9df-6ed8-48d5-a06b-10fb90171ee0/symbol=300274/data.parquet,
62bbe9df-6ed8-48d5-a06b-10fb90171ee0,300274,profit_sheet_report,2023-12-31,2024-04-23,2026-07-27,False,available,data/raw/stock_profit_sheet_by_report_em/run_id=62bbe9df-6ed8-48d5-a06b-10fb90171ee0/symbol=300274/data.parquet,
62bbe9df-6ed8-48d5-a06b-10fb90171ee0,300274,profit_sheet_report,2023-09-30,2023-10-28,2026-07-27,False,available,data/raw/stock_profit_sheet_by_report_em/run_id=62bbe9df-6ed8-48d5-a06b-10fb90171ee0/symbol=300274/data.parquet,
62bbe9df-6ed8-48d5-a06b-10fb90171ee0,300274,profit_sheet_report,2023-06-30,2023-08-25,2026-07-27,False,available,data/raw/stock_profit_sheet_by_report_em/run_id=62bbe9df-6ed8-48d5-a06b-10fb90171ee0/symbol=300274/data.parquet,
62bbe9df-6ed8-48d5-a06b-10fb90171ee0,300274,profit_sheet_report,2023-03-31,2023-04-25,2026-07-27,False,available,data/raw/stock_profit_sheet_by_report_em/run_id=62bbe9df-6ed8-48d5-a06b-10fb90171ee0/symbol=300274/data.parquet,
62bbe9df-6ed8-48d5-a06b-10fb90171ee0,300274,profit_sheet_report,2022-12-31,2023-04-25,2026-07-27,False,available,data/raw/stock_profit_sheet_by_report_em/run_id=62bbe9df-6ed8-48d5-a06b-10fb90171ee0/symbol=300274/data.parquet,
62bbe9df-6ed8-48d5-a06b-10fb90171ee0,300274,profit_sheet_report,2022-09-30,2022-10-27,2026-07-27,False,available,data/raw/stock_profit_sheet_by_report_em/run_id=62bbe9df-6ed8-48d5-a06b-10fb90171ee0/symbol=300274/data.parquet,
62bbe9df-6ed8-48d5-a06b-10fb90171ee0,300274,profit_sheet_report,2022-06-30,2022-08-27,2026-07-27,False,available,data/raw/stock_profit_sheet_by_report_em/run_id=62bbe9df-6ed8-48d5-a06b-10fb90171ee0/symbol=300274/data.parquet,
62bbe9df-6ed8-48d5-a06b-10fb90171ee0,300274,profit_sheet_report,2022-03-31,2022-04-20,2026-07-27,False,available,data/raw/stock_profit_sheet_by_report_em/run_id=62bbe9df-6ed8-48d5-a06b-10fb90171ee0/symbol=300274/data.parquet,
62bbe9df-6ed8-48d5-a06b-10fb90171ee0,300274,profit_sheet_report,2021-12-31,2022-04-20,2026-07-27,False,available,data/raw/stock_profit_sheet_by_report_em/run_id=62bbe9df-6ed8-48d5-a06b-10fb90171ee0/symbol=300274/data.parquet,
62bbe9df-6ed8-48d5-a06b-10fb90171ee0,300274,profit_sheet_report,2021-09-30,2021-10-29,2026-07-27,False,available,data/raw/stock_profit_sheet_by_report_em/run_id=62bbe9df-6ed8-48d5-a06b-10fb90171ee0/symbol=300274/data.parquet,
62bbe9df-6ed8-48d5-a06b-10fb90171ee0,300274,profit_sheet_report,2021-06-30,2021-08-28,2026-07-27,False,available,data/raw/stock_profit_sheet_by_report_em/run_id=62bbe9df-6ed8-48d5-a06b-10fb90171ee0/symbol=300274/data.parquet,
62bbe9df-6ed8-48d5-a06b-10fb90171ee0,300274,profit_sheet_report,2021-03-31,2021-04-29,2026-07-27,False,available,data/raw/stock_profit_sheet_by_report_em/run_id=62bbe9df-6ed8-48d5-a06b-10fb90171ee0/symbol=300274/data.parquet,
62bbe9df-6ed8-48d5-a06b-10fb90171ee0,300274,profit_sheet_report,2020-12-31,2021-04-27,2026-07-27,False,available,data/raw/stock_profit_sheet_by_report_em/run_id=62bbe9df-6ed8-48d5-a06b-10fb90171ee0/symbol=300274/data.parquet,
62bbe9df-6ed8-48d5-a06b-10fb90171ee0,300274,profit_sheet_report,2020-09-30,2020-10-30,2026-07-27,False,available,data/raw/stock_profit_sheet_by_report_em/run_id=62bbe9df-6ed8-48d5-a06b-10fb90171ee0/symbol=300274/data.parquet,
62bbe9df-6ed8-48d5-a06b-10fb90171ee0,300274,profit_sheet_report,2020-06-30,2020-08-28,2026-07-27,False,available,data/raw/stock_profit_sheet_by_report_em/run_id=62bbe9df-6ed8-48d5-a06b-10fb90171ee0/symbol=300274/data.parquet,
62bbe9df-6ed8-48d5-a06b-10fb90171ee0,300274,profit_sheet_report,2020-03-31,2020-04-29,2026-07-27,False,available,data/raw/stock_profit_sheet_by_report_em/run_id=62bbe9df-6ed8-48d5-a06b-10fb90171ee0/symbol=300274/data.parquet,
62bbe9df-6ed8-48d5-a06b-10fb90171ee0,300274,profit_sheet_report,2019-12-31,2020-04-25,2026-07-27,False,available,data/raw/stock_profit_sheet_by_report_em/run_id=62bbe9df-6ed8-48d5-a06b-10fb90171ee0/symbol=300274/data.parquet,
62bbe9df-6ed8-48d5-a06b-10fb90171ee0,300274,profit_sheet_report,2019-09-30,2019-10-26,2026-07-27,False,available,data/raw/stock_profit_sheet_by_report_em/run_id=62bbe9df-6ed8-48d5-a06b-10fb90171ee0/symbol=300274/data.parquet,
62bbe9df-6ed8-48d5-a06b-10fb90171ee0,300274,profit_sheet_report,2019-06-30,2019-08-15,2026-07-27,False,available,data/raw/stock_profit_sheet_by_report_em/run_id=62bbe9df-6ed8-48d5-a06b-10fb90171ee0/symbol=300274/data.parquet,
62bbe9df-6ed8-48d5-a06b-10fb90171ee0,300274,profit_sheet_report,2019-03-31,2019-04-20,2026-07-27,False,available,data/raw/stock_profit_sheet_by_report_em/run_id=62bbe9df-6ed8-48d5-a06b-10fb90171ee0/symbol=300274/data.parquet,
62bbe9df-6ed8-48d5-a06b-10fb90171ee0,300274,profit_sheet_report,2018-12-31,2019-03-30,2026-07-27,False,available,data/raw/stock_profit_sheet_by_report_em/run_id=62bbe9df-6ed8-48d5-a06b-10fb90171ee0/symbol=300274/data.parquet,
62bbe9df-6ed8-48d5-a06b-10fb90171ee0,300274,profit_sheet_report,2018-09-30,2018-10-27,2026-07-27,False,available,data/raw/stock_profit_sheet_by_report_em/run_id=62bbe9df-6ed8-48d5-a06b-10fb90171ee0/symbol=300274/data.parquet,
62bbe9df-6ed8-48d5-a06b-10fb90171ee0,300274,profit_sheet_report,2018-06-30,2018-08-15,2026-07-27,False,available,data/raw/stock_profit_sheet_by_report_em/run_id=62bbe9df-6ed8-48d5-a06b-10fb90171ee0/symbol=300274/data.parquet,
62bbe9df-6ed8-48d5-a06b-10fb90171ee0,300274,profit_sheet_report,2018-03-31,2018-04-24,2026-07-27,False,available,data/raw/stock_profit_sheet_by_report_em/run_id=62bbe9df-6ed8-48d5-a06b-10fb90171ee0/symbol=300274/data.parquet,
62bbe9df-6ed8-48d5-a06b-10fb90171ee0,300274,profit_sheet_report,2017-12-31,2018-04-24,2026-07-27,False,available,data/raw/stock_profit_sheet_by_report_em/run_id=62bbe9df-6ed8-48d5-a06b-10fb90171ee0/symbol=300274/data.parquet,
62bbe9df-6ed8-48d5-a06b-10fb90171ee0,300274,profit_sheet_report,2017-09-30,2017-10-28,2026-07-27,False,available,data/raw/stock_profit_sheet_by_report_em/run_id=62bbe9df-6ed8-48d5-a06b-10fb90171ee0/symbol=300274/data.parquet,
62bbe9df-6ed8-48d5-a06b-10fb90171ee0,300274,profit_sheet_report,2017-06-30,2017-08-15,2026-07-27,False,available,data/raw/stock_profit_sheet_by_report_em/run_id=62bbe9df-6ed8-48d5-a06b-10fb90171ee0/symbol=300274/data.parquet,
62bbe9df-6ed8-48d5-a06b-10fb90171ee0,300274,profit_sheet_report,2017-03-31,2017-04-18,2026-07-27,False,available,data/raw/stock_profit_sheet_by_report_em/run_id=62bbe9df-6ed8-48d5-a06b-10fb90171ee0/symbol=300274/data.parquet,
62bbe9df-6ed8-48d5-a06b-10fb90171ee0,300274,profit_sheet_report,2016-12-31,2017-04-18,2026-07-27,False,available,data/raw/stock_profit_sheet_by_report_em/run_id=62bbe9df-6ed8-48d5-a06b-10fb90171ee0/symbol=300274/data.parquet,
62bbe9df-6ed8-48d5-a06b-10fb90171ee0,300274,profit_sheet_report,2016-09-30,2016-10-20,2026-07-27,False,available,data/raw/stock_profit_sheet_by_report_em/run_id=62bbe9df-6ed8-48d5-a06b-10fb90171ee0/symbol=300274/data.parquet,
62bbe9df-6ed8-48d5-a06b-10fb90171ee0,300274,profit_sheet_report,2016-06-30,2016-08-16,2026-07-27,False,available,data/raw/stock_profit_sheet_by_report_em/run_id=62bbe9df-6ed8-48d5-a06b-10fb90171ee0/symbol=300274/data.parquet,
62bbe9df-6ed8-48d5-a06b-10fb90171ee0,300274,profit_sheet_report,2016-03-31,2016-04-27,2026-07-27,False,available,data/raw/stock_profit_sheet_by_report_em/run_id=62bbe9df-6ed8-48d5-a06b-10fb90171ee0/symbol=300274/data.parquet,
62bbe9df-6ed8-48d5-a06b-10fb90171ee0,300274,profit_sheet_report,2015-12-31,2016-04-27,2026-07-27,False,available,data/raw/stock_profit_sheet_by_report_em/run_id=62bbe9df-6ed8-48d5-a06b-10fb90171ee0/symbol=300274/data.parquet,
62bbe9df-6ed8-48d5-a06b-10fb90171ee0,300274,profit_sheet_report,2015-09-30,2015-10-27,2026-07-27,False,available,data/raw/stock_profit_sheet_by_report_em/run_id=62bbe9df-6ed8-48d5-a06b-10fb90171ee0/symbol=300274/data.parquet,
62bbe9df-6ed8-48d5-a06b-10fb90171ee0,300274,profit_sheet_report,2015-06-30,2015-07-21,2026-07-27,False,available,data/raw/stock_profit_sheet_by_report_em/run_id=62bbe9df-6ed8-48d5-a06b-10fb90171ee0/symbol=300274/data.parquet,
62bbe9df-6ed8-48d5-a06b-10fb90171ee0,300274,profit_sheet_report,2015-03-31,2015-04-25,2026-07-27,False,available,data/raw/stock_profit_sheet_by_report_em/run_id=62bbe9df-6ed8-48d5-a06b-10fb90171ee0/symbol=300274/data.parquet,
62bbe9df-6ed8-48d5-a06b-10fb90171ee0,300274,profit_sheet_report,2014-12-31,2015-04-15,2026-07-27,False,available,data/raw/stock_profit_sheet_by_report_em/run_id=62bbe9df-6ed8-48d5-a06b-10fb90171ee0/symbol=300274/data.parquet,
62bbe9df-6ed8-48d5-a06b-10fb90171ee0,300274,profit_sheet_report,2014-09-30,2014-10-21,2026-07-27,False,available,data/raw/stock_profit_sheet_by_report_em/run_id=62bbe9df-6ed8-48d5-a06b-10fb90171ee0/symbol=300274/data.parquet,
62bbe9df-6ed8-48d5-a06b-10fb90171ee0,300274,profit_sheet_report,2014-06-30,2014-08-26,2026-07-27,False,available,data/raw/stock_profit_sheet_by_report_em/run_id=62bbe9df-6ed8-48d5-a06b-10fb90171ee0/symbol=300274/data.parquet,
62bbe9df-6ed8-48d5-a06b-10fb90171ee0,300274,profit_sheet_report,2014-03-31,2014-04-26,2026-07-27,False,available,data/raw/stock_profit_sheet_by_report_em/run_id=62bbe9df-6ed8-48d5-a06b-10fb90171ee0/symbol=300274/data.parquet,
62bbe9df-6ed8-48d5-a06b-10fb90171ee0,300274,profit_sheet_report,2013-12-31,2014-03-20,2026-07-27,False,available,data/raw/stock_profit_sheet_by_report_em/run_id=62bbe9df-6ed8-48d5-a06b-10fb90171ee0/symbol=300274/data.parquet,
62bbe9df-6ed8-48d5-a06b-10fb90171ee0,300274,profit_sheet_report,2013-09-30,2013-10-24,2026-07-27,False,available,data/raw/stock_profit_sheet_by_report_em/run_id=62bbe9df-6ed8-48d5-a06b-10fb90171ee0/symbol=300274/data.parquet,
62bbe9df-6ed8-48d5-a06b-10fb90171ee0,300274,profit_sheet_report,2013-06-30,2013-07-27,2026-07-27,False,available,data/raw/stock_profit_sheet_by_report_em/run_id=62bbe9df-6ed8-48d5-a06b-10fb90171ee0/symbol=300274/data.parquet,
62bbe9df-6ed8-48d5-a06b-10fb90171ee0,300274,profit_sheet_report,2013-03-31,2013-04-25,2026-07-27,False,available,data/raw/stock_profit_sheet_by_report_em/run_id=62bbe9df-6ed8-48d5-a06b-10fb90171ee0/symbol=300274/data.parquet,
62bbe9df-6ed8-48d5-a06b-10fb90171ee0,300274,profit_sheet_report,2012-12-31,2013-03-30,2026-07-27,False,available,data/raw/stock_profit_sheet_by_report_em/run_id=62bbe9df-6ed8-48d5-a06b-10fb90171ee0/symbol=300274/data.parquet,
62bbe9df-6ed8-48d5-a06b-10fb90171ee0,300274,profit_sheet_report,2012-09-30,2012-10-24,2026-07-27,False,available,data/raw/stock_profit_sheet_by_report_em/run_id=62bbe9df-6ed8-48d5-a06b-10fb90171ee0/symbol=300274/data.parquet,
62bbe9df-6ed8-48d5-a06b-10fb90171ee0,300274,profit_sheet_report,2012-06-30,2012-08-14,2026-07-27,False,available,data/raw/stock_profit_sheet_by_report_em/run_id=62bbe9df-6ed8-48d5-a06b-10fb90171ee0/symbol=300274/data.parquet,
62bbe9df-6ed8-48d5-a06b-10fb90171ee0,300274,profit_sheet_report,2012-03-31,2012-04-25,2026-07-27,False,available,data/raw/stock_profit_sheet_by_report_em/run_id=62bbe9df-6ed8-48d5-a06b-10fb90171ee0/symbol=300274/data.parquet,
62bbe9df-6ed8-48d5-a06b-10fb90171ee0,300274,profit_sheet_report,2011-12-31,2012-02-28,2026-07-27,False,available,data/raw/stock_profit_sheet_by_report_em/run_id=62bbe9df-6ed8-48d5-a06b-10fb90171ee0/symbol=300274/data.parquet,
62bbe9df-6ed8-48d5-a06b-10fb90171ee0,300274,profit_sheet_report,2011-09-30,2012-10-24,2026-07-27,False,available,data/raw/stock_profit_sheet_by_report_em/run_id=62bbe9df-6ed8-48d5-a06b-10fb90171ee0/symbol=300274/data.parquet,
62bbe9df-6ed8-48d5-a06b-10fb90171ee0,300274,profit_sheet_report,2011-06-30,2011-08-05,2026-07-27,False,available,data/raw/stock_profit_sheet_by_report_em/run_id=62bbe9df-6ed8-48d5-a06b-10fb90171ee0/symbol=300274/data.parquet,
62bbe9df-6ed8-48d5-a06b-10fb90171ee0,300274,profit_sheet_report,2011-03-31,2012-04-25,2026-07-27,False,available,data/raw/stock_profit_sheet_by_report_em/run_id=62bbe9df-6ed8-48d5-a06b-10fb90171ee0/symbol=300274/data.parquet,
62bbe9df-6ed8-48d5-a06b-10fb90171ee0,300274,profit_sheet_report,2010-12-31,2011-08-05,2026-07-27,False,available,data/raw/stock_profit_sheet_by_report_em/run_id=62bbe9df-6ed8-48d5-a06b-10fb90171ee0/symbol=300274/data.parquet,
62bbe9df-6ed8-48d5-a06b-10fb90171ee0,300274,profit_sheet_report,2010-09-30,2011-11-01,2026-07-27,False,available,data/raw/stock_profit_sheet_by_report_em/run_id=62bbe9df-6ed8-48d5-a06b-10fb90171ee0/symbol=300274/data.parquet,
62bbe9df-6ed8-48d5-a06b-10fb90171ee0,300274,profit_sheet_report,2009-12-31,2011-08-05,2026-07-27,False,available,data/raw/stock_profit_sheet_by_report_em/run_id=62bbe9df-6ed8-48d5-a06b-10fb90171ee0/symbol=300274/data.parquet,
62bbe9df-6ed8-48d5-a06b-10fb90171ee0,300274,profit_sheet_report,2008-12-31,2011-08-05,2026-07-27,False,available,data/raw/stock_profit_sheet_by_report_em/run_id=62bbe9df-6ed8-48d5-a06b-10fb90171ee0/symbol=300274/data.parquet,
62bbe9df-6ed8-48d5-a06b-10fb90171ee0,300274,cashflow_sheet_report,2026-03-31,2026-04-28,2026-07-27,False,available,data/raw/stock_cash_flow_sheet_by_report_em/run_id=62bbe9df-6ed8-48d5-a06b-10fb90171ee0/symbol=300274/data.parquet,
62bbe9df-6ed8-48d5-a06b-10fb90171ee0,300274,cashflow_sheet_report,2025-12-31,2026-04-01,2026-07-27,False,available,data/raw/stock_cash_flow_sheet_by_report_em/run_id=62bbe9df-6ed8-48d5-a06b-10fb90171ee0/symbol=300274/data.parquet,
62bbe9df-6ed8-48d5-a06b-10fb90171ee0,300274,cashflow_sheet_report,2025-09-30,2025-10-29,2026-07-27,False,available,data/raw/stock_cash_flow_sheet_by_report_em/run_id=62bbe9df-6ed8-48d5-a06b-10fb90171ee0/symbol=300274/data.parquet,
62bbe9df-6ed8-48d5-a06b-10fb90171ee0,300274,cashflow_sheet_report,2025-06-30,2025-08-26,2026-07-27,False,available,data/raw/stock_cash_flow_sheet_by_report_em/run_id=62bbe9df-6ed8-48d5-a06b-10fb90171ee0/symbol=300274/data.parquet,
62bbe9df-6ed8-48d5-a06b-10fb90171ee0,300274,cashflow_sheet_report,2025-03-31,2025-04-26,2026-07-27,False,available,data/raw/stock_cash_flow_sheet_by_report_em/run_id=62bbe9df-6ed8-48d5-a06b-10fb90171ee0/symbol=300274/data.parquet,
62bbe9df-6ed8-48d5-a06b-10fb90171ee0,300274,cashflow_sheet_report,2024-12-31,2025-04-26,2026-07-27,False,available,data/raw/stock_cash_flow_sheet_by_report_em/run_id=62bbe9df-6ed8-48d5-a06b-10fb90171ee0/symbol=300274/data.parquet,
62bbe9df-6ed8-48d5-a06b-10fb90171ee0,300274,cashflow_sheet_report,2024-09-30,2024-10-31,2026-07-27,False,available,data/raw/stock_cash_flow_sheet_by_report_em/run_id=62bbe9df-6ed8-48d5-a06b-10fb90171ee0/symbol=300274/data.parquet,
62bbe9df-6ed8-48d5-a06b-10fb90171ee0,300274,cashflow_sheet_report,2024-06-30,2024-08-24,2026-07-27,False,available,data/raw/stock_cash_flow_sheet_by_report_em/run_id=62bbe9df-6ed8-48d5-a06b-10fb90171ee0/symbol=300274/data.parquet,
62bbe9df-6ed8-48d5-a06b-10fb90171ee0,300274,cashflow_sheet_report,2024-03-31,2024-04-23,2026-07-27,False,available,data/raw/stock_cash_flow_sheet_by_report_em/run_id=62bbe9df-6ed8-48d5-a06b-10fb90171ee0/symbol=300274/data.parquet,
62bbe9df-6ed8-48d5-a06b-10fb90171ee0,300274,cashflow_sheet_report,2023-12-31,2024-04-23,2026-07-27,False,available,data/raw/stock_cash_flow_sheet_by_report_em/run_id=62bbe9df-6ed8-48d5-a06b-10fb90171ee0/symbol=300274/data.parquet,
62bbe9df-6ed8-48d5-a06b-10fb90171ee0,300274,cashflow_sheet_report,2023-09-30,2023-10-28,2026-07-27,False,available,data/raw/stock_cash_flow_sheet_by_report_em/run_id=62bbe9df-6ed8-48d5-a06b-10fb90171ee0/symbol=300274/data.parquet,
62bbe9df-6ed8-48d5-a06b-10fb90171ee0,300274,cashflow_sheet_report,2023-06-30,2023-08-25,2026-07-27,False,available,data/raw/stock_cash_flow_sheet_by_report_em/run_id=62bbe9df-6ed8-48d5-a06b-10fb90171ee0/symbol=300274/data.parquet,
62bbe9df-6ed8-48d5-a06b-10fb90171ee0,300274,cashflow_sheet_report,2023-03-31,2023-04-25,2026-07-27,False,available,data/raw/stock_cash_flow_sheet_by_report_em/run_id=62bbe9df-6ed8-48d5-a06b-10fb90171ee0/symbol=300274/data.parquet,
62bbe9df-6ed8-48d5-a06b-10fb90171ee0,300274,cashflow_sheet_report,2022-12-31,2023-04-25,2026-07-27,False,available,data/raw/stock_cash_flow_sheet_by_report_em/run_id=62bbe9df-6ed8-48d5-a06b-10fb90171ee0/symbol=300274/data.parquet,
62bbe9df-6ed8-48d5-a06b-10fb90171ee0,300274,cashflow_sheet_report,2022-09-30,2022-10-27,2026-07-27,False,available,data/raw/stock_cash_flow_sheet_by_report_em/run_id=62bbe9df-6ed8-48d5-a06b-10fb90171ee0/symbol=300274/data.parquet,
62bbe9df-6ed8-48d5-a06b-10fb90171ee0,300274,cashflow_sheet_report,2022-06-30,2022-08-27,2026-07-27,False,available,data/raw/stock_cash_flow_sheet_by_report_em/run_id=62bbe9df-6ed8-48d5-a06b-10fb90171ee0/symbol=300274/data.parquet,
62bbe9df-6ed8-48d5-a06b-10fb90171ee0,300274,cashflow_sheet_report,2022-03-31,2022-04-20,2026-07-27,False,available,data/raw/stock_cash_flow_sheet_by_report_em/run_id=62bbe9df-6ed8-48d5-a06b-10fb90171ee0/symbol=300274/data.parquet,
62bbe9df-6ed8-48d5-a06b-10fb90171ee0,300274,cashflow_sheet_report,2021-12-31,2022-04-20,2026-07-27,False,available,data/raw/stock_cash_flow_sheet_by_report_em/run_id=62bbe9df-6ed8-48d5-a06b-10fb90171ee0/symbol=300274/data.parquet,
62bbe9df-6ed8-48d5-a06b-10fb90171ee0,300274,cashflow_sheet_report,2021-09-30,2021-10-29,2026-07-27,False,available,data/raw/stock_cash_flow_sheet_by_report_em/run_id=62bbe9df-6ed8-48d5-a06b-10fb90171ee0/symbol=300274/data.parquet,
62bbe9df-6ed8-48d5-a06b-10fb90171ee0,300274,cashflow_sheet_report,2021-06-30,2021-08-28,2026-07-27,False,available,data/raw/stock_cash_flow_sheet_by_report_em/run_id=62bbe9df-6ed8-48d5-a06b-10fb90171ee0/symbol=300274/data.parquet,
62bbe9df-6ed8-48d5-a06b-10fb90171ee0,300274,cashflow_sheet_report,2021-03-31,2021-04-29,2026-07-27,False,available,data/raw/stock_cash_flow_sheet_by_report_em/run_id=62bbe9df-6ed8-48d5-a06b-10fb90171ee0/symbol=300274/data.parquet,
62bbe9df-6ed8-48d5-a06b-10fb90171ee0,300274,cashflow_sheet_report,2020-12-31,2021-04-27,2026-07-27,False,available,data/raw/stock_cash_flow_sheet_by_report_em/run_id=62bbe9df-6ed8-48d5-a06b-10fb90171ee0/symbol=300274/data.parquet,
62bbe9df-6ed8-48d5-a06b-10fb90171ee0,300274,cashflow_sheet_report,2020-09-30,2020-10-30,2026-07-27,False,available,data/raw/stock_cash_flow_sheet_by_report_em/run_id=62bbe9df-6ed8-48d5-a06b-10fb90171ee0/symbol=300274/data.parquet,
62bbe9df-6ed8-48d5-a06b-10fb90171ee0,300274,cashflow_sheet_report,2020-06-30,2020-08-28,2026-07-27,False,available,data/raw/stock_cash_flow_sheet_by_report_em/run_id=62bbe9df-6ed8-48d5-a06b-10fb90171ee0/symbol=300274/data.parquet,
62bbe9df-6ed8-48d5-a06b-10fb90171ee0,300274,cashflow_sheet_report,2020-03-31,2020-04-29,2026-07-27,False,available,data/raw/stock_cash_flow_sheet_by_report_em/run_id=62bbe9df-6ed8-48d5-a06b-10fb90171ee0/symbol=300274/data.parquet,
62bbe9df-6ed8-48d5-a06b-10fb90171ee0,300274,cashflow_sheet_report,2019-12-31,2020-04-25,2026-07-27,False,available,data/raw/stock_cash_flow_sheet_by_report_em/run_id=62bbe9df-6ed8-48d5-a06b-10fb90171ee0/symbol=300274/data.parquet,
62bbe9df-6ed8-48d5-a06b-10fb90171ee0,300274,cashflow_sheet_report,2019-09-30,2019-10-26,2026-07-27,False,available,data/raw/stock_cash_flow_sheet_by_report_em/run_id=62bbe9df-6ed8-48d5-a06b-10fb90171ee0/symbol=300274/data.parquet,
62bbe9df-6ed8-48d5-a06b-10fb90171ee0,300274,cashflow_sheet_report,2019-06-30,2019-08-15,2026-07-27,False,available,data/raw/stock_cash_flow_sheet_by_report_em/run_id=62bbe9df-6ed8-48d5-a06b-10fb90171ee0/symbol=300274/data.parquet,
62bbe9df-6ed8-48d5-a06b-10fb90171ee0,300274,cashflow_sheet_report,2019-03-31,2019-04-20,2026-07-27,False,available,data/raw/stock_cash_flow_sheet_by_report_em/run_id=62bbe9df-6ed8-48d5-a06b-10fb90171ee0/symbol=300274/data.parquet,
62bbe9df-6ed8-48d5-a06b-10fb90171ee0,300274,cashflow_sheet_report,2018-12-31,2019-03-30,2026-07-27,False,available,data/raw/stock_cash_flow_sheet_by_report_em/run_id=62bbe9df-6ed8-48d5-a06b-10fb90171ee0/symbol=300274/data.parquet,
62bbe9df-6ed8-48d5-a06b-10fb90171ee0,300274,cashflow_sheet_report,2018-09-30,2018-10-27,2026-07-27,False,available,data/raw/stock_cash_flow_sheet_by_report_em/run_id=62bbe9df-6ed8-48d5-a06b-10fb90171ee0/symbol=300274/data.parquet,
62bbe9df-6ed8-48d5-a06b-10fb90171ee0,300274,cashflow_sheet_report,2018-06-30,2018-08-15,2026-07-27,False,available,data/raw/stock_cash_flow_sheet_by_report_em/run_id=62bbe9df-6ed8-48d5-a06b-10fb90171ee0/symbol=300274/data.parquet,
62bbe9df-6ed8-48d5-a06b-10fb90171ee0,300274,cashflow_sheet_report,2018-03-31,2018-04-24,2026-07-27,False,available,data/raw/stock_cash_flow_sheet_by_report_em/run_id=62bbe9df-6ed8-48d5-a06b-10fb90171ee0/symbol=300274/data.parquet,
62bbe9df-6ed8-48d5-a06b-10fb90171ee0,300274,cashflow_sheet_report,2017-12-31,2018-04-24,2026-07-27,False,available,data/raw/stock_cash_flow_sheet_by_report_em/run_id=62bbe9df-6ed8-48d5-a06b-10fb90171ee0/symbol=300274/data.parquet,
62bbe9df-6ed8-48d5-a06b-10fb90171ee0,300274,cashflow_sheet_report,2017-09-30,2017-10-28,2026-07-27,False,available,data/raw/stock_cash_flow_sheet_by_report_em/run_id=62bbe9df-6ed8-48d5-a06b-10fb90171ee0/symbol=300274/data.parquet,
62bbe9df-6ed8-48d5-a06b-10fb90171ee0,300274,cashflow_sheet_report,2017-06-30,2017-08-15,2026-07-27,False,available,data/raw/stock_cash_flow_sheet_by_report_em/run_id=62bbe9df-6ed8-48d5-a06b-10fb90171ee0/symbol=300274/data.parquet,
62bbe9df-6ed8-48d5-a06b-10fb90171ee0,300274,cashflow_sheet_report,2017-03-31,2017-04-18,2026-07-27,False,available,data/raw/stock_cash_flow_sheet_by_report_em/run_id=62bbe9df-6ed8-48d5-a06b-10fb90171ee0/symbol=300274/data.parquet,
62bbe9df-6ed8-48d5-a06b-10fb90171ee0,300274,cashflow_sheet_report,2016-12-31,2017-04-18,2026-07-27,False,available,data/raw/stock_cash_flow_sheet_by_report_em/run_id=62bbe9df-6ed8-48d5-a06b-10fb90171ee0/symbol=300274/data.parquet,
62bbe9df-6ed8-48d5-a06b-10fb90171ee0,300274,cashflow_sheet_report,2016-09-30,2016-10-20,2026-07-27,False,available,data/raw/stock_cash_flow_sheet_by_report_em/run_id=62bbe9df-6ed8-48d5-a06b-10fb90171ee0/symbol=300274/data.parquet,
62bbe9df-6ed8-48d5-a06b-10fb90171ee0,300274,cashflow_sheet_report,2016-06-30,2016-08-16,2026-07-27,False,available,data/raw/stock_cash_flow_sheet_by_report_em/run_id=62bbe9df-6ed8-48d5-a06b-10fb90171ee0/symbol=300274/data.parquet,
62bbe9df-6ed8-48d5-a06b-10fb90171ee0,300274,cashflow_sheet_report,2016-03-31,2016-04-27,2026-07-27,False,available,data/raw/stock_cash_flow_sheet_by_report_em/run_id=62bbe9df-6ed8-48d5-a06b-10fb90171ee0/symbol=300274/data.parquet,
62bbe9df-6ed8-48d5-a06b-10fb90171ee0,300274,cashflow_sheet_report,2015-12-31,2016-04-27,2026-07-27,False,available,data/raw/stock_cash_flow_sheet_by_report_em/run_id=62bbe9df-6ed8-48d5-a06b-10fb90171ee0/symbol=300274/data.parquet,
62bbe9df-6ed8-48d5-a06b-10fb90171ee0,300274,cashflow_sheet_report,2015-09-30,2015-10-27,2026-07-27,False,available,data/raw/stock_cash_flow_sheet_by_report_em/run_id=62bbe9df-6ed8-48d5-a06b-10fb90171ee0/symbol=300274/data.parquet,
62bbe9df-6ed8-48d5-a06b-10fb90171ee0,300274,cashflow_sheet_report,2015-06-30,2015-07-21,2026-07-27,False,available,data/raw/stock_cash_flow_sheet_by_report_em/run_id=62bbe9df-6ed8-48d5-a06b-10fb90171ee0/symbol=300274/data.parquet,
62bbe9df-6ed8-48d5-a06b-10fb90171ee0,300274,cashflow_sheet_report,2015-03-31,2015-04-25,2026-07-27,False,available,data/raw/stock_cash_flow_sheet_by_report_em/run_id=62bbe9df-6ed8-48d5-a06b-10fb90171ee0/symbol=300274/data.parquet,
62bbe9df-6ed8-48d5-a06b-10fb90171ee0,300274,cashflow_sheet_report,2014-12-31,2015-04-15,2026-07-27,False,available,data/raw/stock_cash_flow_sheet_by_report_em/run_id=62bbe9df-6ed8-48d5-a06b-10fb90171ee0/symbol=300274/data.parquet,
62bbe9df-6ed8-48d5-a06b-10fb90171ee0,300274,cashflow_sheet_report,2014-09-30,2014-10-21,2026-07-27,False,available,data/raw/stock_cash_flow_sheet_by_report_em/run_id=62bbe9df-6ed8-48d5-a06b-10fb90171ee0/symbol=300274/data.parquet,
62bbe9df-6ed8-48d5-a06b-10fb90171ee0,300274,cashflow_sheet_report,2014-06-30,2014-08-26,2026-07-27,False,available,data/raw/stock_cash_flow_sheet_by_report_em/run_id=62bbe9df-6ed8-48d5-a06b-10fb90171ee0/symbol=300274/data.parquet,
62bbe9df-6ed8-48d5-a06b-10fb90171ee0,300274,cashflow_sheet_report,2014-03-31,2014-04-26,2026-07-27,False,available,data/raw/stock_cash_flow_sheet_by_report_em/run_id=62bbe9df-6ed8-48d5-a06b-10fb90171ee0/symbol=300274/data.parquet,
62bbe9df-6ed8-48d5-a06b-10fb90171ee0,300274,cashflow_sheet_report,2013-12-31,2014-03-20,2026-07-27,False,available,data/raw/stock_cash_flow_sheet_by_report_em/run_id=62bbe9df-6ed8-48d5-a06b-10fb90171ee0/symbol=300274/data.parquet,
62bbe9df-6ed8-48d5-a06b-10fb90171ee0,300274,cashflow_sheet_report,2013-09-30,2013-10-24,2026-07-27,False,available,data/raw/stock_cash_flow_sheet_by_report_em/run_id=62bbe9df-6ed8-48d5-a06b-10fb90171ee0/symbol=300274/data.parquet,
62bbe9df-6ed8-48d5-a06b-10fb90171ee0,300274,cashflow_sheet_report,2013-06-30,2013-07-27,2026-07-27,False,available,data/raw/stock_cash_flow_sheet_by_report_em/run_id=62bbe9df-6ed8-48d5-a06b-10fb90171ee0/symbol=300274/data.parquet,
62bbe9df-6ed8-48d5-a06b-10fb90171ee0,300274,cashflow_sheet_report,2013-03-31,2013-04-25,2026-07-27,False,available,data/raw/stock_cash_flow_sheet_by_report_em/run_id=62bbe9df-6ed8-48d5-a06b-10fb90171ee0/symbol=300274/data.parquet,
62bbe9df-6ed8-48d5-a06b-10fb90171ee0,300274,cashflow_sheet_report,2012-12-31,2013-03-30,2026-07-27,False,available,data/raw/stock_cash_flow_sheet_by_report_em/run_id=62bbe9df-6ed8-48d5-a06b-10fb90171ee0/symbol=300274/data.parquet,
62bbe9df-6ed8-48d5-a06b-10fb90171ee0,300274,cashflow_sheet_report,2012-09-30,2012-10-24,2026-07-27,False,available,data/raw/stock_cash_flow_sheet_by_report_em/run_id=62bbe9df-6ed8-48d5-a06b-10fb90171ee0/symbol=300274/data.parquet,
62bbe9df-6ed8-48d5-a06b-10fb90171ee0,300274,cashflow_sheet_report,2012-06-30,2012-08-14,2026-07-27,False,available,data/raw/stock_cash_flow_sheet_by_report_em/run_id=62bbe9df-6ed8-48d5-a06b-10fb90171ee0/symbol=300274/data.parquet,
62bbe9df-6ed8-48d5-a06b-10fb90171ee0,300274,cashflow_sheet_report,2012-03-31,2012-04-25,2026-07-27,False,available,data/raw/stock_cash_flow_sheet_by_report_em/run_id=62bbe9df-6ed8-48d5-a06b-10fb90171ee0/symbol=300274/data.parquet,
62bbe9df-6ed8-48d5-a06b-10fb90171ee0,300274,cashflow_sheet_report,2011-12-31,2012-02-28,2026-07-27,False,available,data/raw/stock_cash_flow_sheet_by_report_em/run_id=62bbe9df-6ed8-48d5-a06b-10fb90171ee0/symbol=300274/data.parquet,
62bbe9df-6ed8-48d5-a06b-10fb90171ee0,300274,cashflow_sheet_report,2011-09-30,2012-10-24,2026-07-27,False,available,data/raw/stock_cash_flow_sheet_by_report_em/run_id=62bbe9df-6ed8-48d5-a06b-10fb90171ee0/symbol=300274/data.parquet,
62bbe9df-6ed8-48d5-a06b-10fb90171ee0,300274,cashflow_sheet_report,2011-06-30,2012-08-14,2026-07-27,False,available,data/raw/stock_cash_flow_sheet_by_report_em/run_id=62bbe9df-6ed8-48d5-a06b-10fb90171ee0/symbol=300274/data.parquet,
62bbe9df-6ed8-48d5-a06b-10fb90171ee0,300274,cashflow_sheet_report,2011-03-31,2012-04-25,2026-07-27,False,available,data/raw/stock_cash_flow_sheet_by_report_em/run_id=62bbe9df-6ed8-48d5-a06b-10fb90171ee0/symbol=300274/data.parquet,
62bbe9df-6ed8-48d5-a06b-10fb90171ee0,300274,cashflow_sheet_report,2010-12-31,2012-02-28,2026-07-27,False,available,data/raw/stock_cash_flow_sheet_by_report_em/run_id=62bbe9df-6ed8-48d5-a06b-10fb90171ee0/symbol=300274/data.parquet,
62bbe9df-6ed8-48d5-a06b-10fb90171ee0,300274,cashflow_sheet_report,2010-09-30,2011-11-01,2026-07-27,False,available,data/raw/stock_cash_flow_sheet_by_report_em/run_id=62bbe9df-6ed8-48d5-a06b-10fb90171ee0/symbol=300274/data.parquet,
62bbe9df-6ed8-48d5-a06b-10fb90171ee0,300274,cashflow_sheet_report,2009-12-31,2011-10-12,2026-07-27,False,available,data/raw/stock_cash_flow_sheet_by_report_em/run_id=62bbe9df-6ed8-48d5-a06b-10fb90171ee0/symbol=300274/data.parquet,
62bbe9df-6ed8-48d5-a06b-10fb90171ee0,300274,cashflow_sheet_report,2008-12-31,2011-10-12,2026-07-27,False,available,data/raw/stock_cash_flow_sheet_by_report_em/run_id=62bbe9df-6ed8-48d5-a06b-10fb90171ee0/symbol=300274/data.parquet,
62bbe9df-6ed8-48d5-a06b-10fb90171ee0,601636,financial_abstract,,,2026-07-27,False,unavailable,data/raw/stock_financial_abstract/run_id=62bbe9df-6ed8-48d5-a06b-10fb90171ee0/symbol=601636/data.parquet,WARN: report/announcement date could not be paired
62bbe9df-6ed8-48d5-a06b-10fb90171ee0,601636,financial_indicator,,,2026-07-27,False,unavailable,data/raw/stock_financial_analysis_indicator/run_id=62bbe9df-6ed8-48d5-a06b-10fb90171ee0/symbol=601636/data.parquet,WARN: report/announcement date could not be paired
62bbe9df-6ed8-48d5-a06b-10fb90171ee0,601636,balance_sheet_report,2026-03-31,2026-04-23,2026-07-27,False,available,data/raw/stock_balance_sheet_by_report_em/run_id=62bbe9df-6ed8-48d5-a06b-10fb90171ee0/symbol=601636/data.parquet,
62bbe9df-6ed8-48d5-a06b-10fb90171ee0,601636,balance_sheet_report,2025-12-31,2026-04-23,2026-07-27,False,available,data/raw/stock_balance_sheet_by_report_em/run_id=62bbe9df-6ed8-48d5-a06b-10fb90171ee0/symbol=601636/data.parquet,
62bbe9df-6ed8-48d5-a06b-10fb90171ee0,601636,balance_sheet_report,2025-09-30,2025-10-31,2026-07-27,False,available,data/raw/stock_balance_sheet_by_report_em/run_id=62bbe9df-6ed8-48d5-a06b-10fb90171ee0/symbol=601636/data.parquet,
62bbe9df-6ed8-48d5-a06b-10fb90171ee0,601636,balance_sheet_report,2025-06-30,2025-08-28,2026-07-27,False,available,data/raw/stock_balance_sheet_by_report_em/run_id=62bbe9df-6ed8-48d5-a06b-10fb90171ee0/symbol=601636/data.parquet,
62bbe9df-6ed8-48d5-a06b-10fb90171ee0,601636,balance_sheet_report,2025-03-31,2025-04-25,2026-07-27,False,available,data/raw/stock_balance_sheet_by_report_em/run_id=62bbe9df-6ed8-48d5-a06b-10fb90171ee0/symbol=601636/data.parquet,
62bbe9df-6ed8-48d5-a06b-10fb90171ee0,601636,balance_sheet_report,2024-12-31,2025-04-25,2026-07-27,False,available,data/raw/stock_balance_sheet_by_report_em/run_id=62bbe9df-6ed8-48d5-a06b-10fb90171ee0/symbol=601636/data.parquet,
62bbe9df-6ed8-48d5-a06b-10fb90171ee0,601636,balance_sheet_report,2024-09-30,2024-10-30,2026-07-27,False,available,data/raw/stock_balance_sheet_by_report_em/run_id=62bbe9df-6ed8-48d5-a06b-10fb90171ee0/symbol=601636/data.parquet,
62bbe9df-6ed8-48d5-a06b-10fb90171ee0,601636,balance_sheet_report,2024-06-30,2024-08-28,2026-07-27,False,available,data/raw/stock_balance_sheet_by_report_em/run_id=62bbe9df-6ed8-48d5-a06b-10fb90171ee0/symbol=601636/data.parquet,
62bbe9df-6ed8-48d5-a06b-10fb90171ee0,601636,balance_sheet_report,2024-03-31,2024-04-25,2026-07-27,False,available,data/raw/stock_balance_sheet_by_report_em/run_id=62bbe9df-6ed8-48d5-a06b-10fb90171ee0/symbol=601636/data.parquet,
62bbe9df-6ed8-48d5-a06b-10fb90171ee0,601636,balance_sheet_report,2023-12-31,2024-04-25,2026-07-27,False,available,data/raw/stock_balance_sheet_by_report_em/run_id=62bbe9df-6ed8-48d5-a06b-10fb90171ee0/symbol=601636/data.parquet,
62bbe9df-6ed8-48d5-a06b-10fb90171ee0,601636,balance_sheet_report,2023-09-30,2023-10-14,2026-07-27,False,available,data/raw/stock_balance_sheet_by_report_em/run_id=62bbe9df-6ed8-48d5-a06b-10fb90171ee0/symbol=601636/data.parquet,
62bbe9df-6ed8-48d5-a06b-10fb90171ee0,601636,balance_sheet_report,2023-06-30,2023-08-29,2026-07-27,False,available,data/raw/stock_balance_sheet_by_report_em/run_id=62bbe9df-6ed8-48d5-a06b-10fb90171ee0/symbol=601636/data.parquet,
62bbe9df-6ed8-48d5-a06b-10fb90171ee0,601636,balance_sheet_report,2023-03-31,2023-04-26,2026-07-27,False,available,data/raw/stock_balance_sheet_by_report_em/run_id=62bbe9df-6ed8-48d5-a06b-10fb90171ee0/symbol=601636/data.parquet,
62bbe9df-6ed8-48d5-a06b-10fb90171ee0,601636,balance_sheet_report,2022-12-31,2023-04-26,2026-07-27,False,available,data/raw/stock_balance_sheet_by_report_em/run_id=62bbe9df-6ed8-48d5-a06b-10fb90171ee0/symbol=601636/data.parquet,
62bbe9df-6ed8-48d5-a06b-10fb90171ee0,601636,balance_sheet_report,2022-09-30,2022-10-27,2026-07-27,False,available,data/raw/stock_balance_sheet_by_report_em/run_id=62bbe9df-6ed8-48d5-a06b-10fb90171ee0/symbol=601636/data.parquet,
62bbe9df-6ed8-48d5-a06b-10fb90171ee0,601636,balance_sheet_report,2022-06-30,2022-08-31,2026-07-27,False,available,data/raw/stock_balance_sheet_by_report_em/run_id=62bbe9df-6ed8-48d5-a06b-10fb90171ee0/symbol=601636/data.parquet,
62bbe9df-6ed8-48d5-a06b-10fb90171ee0,601636,balance_sheet_report,2022-03-31,2022-04-12,2026-07-27,False,available,data/raw/stock_balance_sheet_by_report_em/run_id=62bbe9df-6ed8-48d5-a06b-10fb90171ee0/symbol=601636/data.parquet,
62bbe9df-6ed8-48d5-a06b-10fb90171ee0,601636,balance_sheet_report,2021-12-31,2022-04-08,2026-07-27,False,available,data/raw/stock_balance_sheet_by_report_em/run_id=62bbe9df-6ed8-48d5-a06b-10fb90171ee0/symbol=601636/data.parquet,
62bbe9df-6ed8-48d5-a06b-10fb90171ee0,601636,balance_sheet_report,2021-09-30,2021-10-12,2026-07-27,False,available,data/raw/stock_balance_sheet_by_report_em/run_id=62bbe9df-6ed8-48d5-a06b-10fb90171ee0/symbol=601636/data.parquet,
62bbe9df-6ed8-48d5-a06b-10fb90171ee0,601636,balance_sheet_report,2021-06-30,2021-08-20,2026-07-27,False,available,data/raw/stock_balance_sheet_by_report_em/run_id=62bbe9df-6ed8-48d5-a06b-10fb90171ee0/symbol=601636/data.parquet,
62bbe9df-6ed8-48d5-a06b-10fb90171ee0,601636,balance_sheet_report,2021-03-31,2021-04-30,2026-07-27,False,available,data/raw/stock_balance_sheet_by_report_em/run_id=62bbe9df-6ed8-48d5-a06b-10fb90171ee0/symbol=601636/data.parquet,
62bbe9df-6ed8-48d5-a06b-10fb90171ee0,601636,balance_sheet_report,2020-12-31,2021-04-30,2026-07-27,False,available,data/raw/stock_balance_sheet_by_report_em/run_id=62bbe9df-6ed8-48d5-a06b-10fb90171ee0/symbol=601636/data.parquet,
62bbe9df-6ed8-48d5-a06b-10fb90171ee0,601636,balance_sheet_report,2020-09-30,2020-10-29,2026-07-27,False,available,data/raw/stock_balance_sheet_by_report_em/run_id=62bbe9df-6ed8-48d5-a06b-10fb90171ee0/symbol=601636/data.parquet,
62bbe9df-6ed8-48d5-a06b-10fb90171ee0,601636,balance_sheet_report,2020-06-30,2020-08-11,2026-07-27,False,available,data/raw/stock_balance_sheet_by_report_em/run_id=62bbe9df-6ed8-48d5-a06b-10fb90171ee0/symbol=601636/data.parquet,
62bbe9df-6ed8-48d5-a06b-10fb90171ee0,601636,balance_sheet_report,2020-03-31,2020-04-15,2026-07-27,False,available,data/raw/stock_balance_sheet_by_report_em/run_id=62bbe9df-6ed8-48d5-a06b-10fb90171ee0/symbol=601636/data.parquet,
62bbe9df-6ed8-48d5-a06b-10fb90171ee0,601636,balance_sheet_report,2019-12-31,2020-04-10,2026-07-27,False,available,data/raw/stock_balance_sheet_by_report_em/run_id=62bbe9df-6ed8-48d5-a06b-10fb90171ee0/symbol=601636/data.parquet,
62bbe9df-6ed8-48d5-a06b-10fb90171ee0,601636,balance_sheet_report,2019-09-30,2019-10-18,2026-07-27,False,available,data/raw/stock_balance_sheet_by_report_em/run_id=62bbe9df-6ed8-48d5-a06b-10fb90171ee0/symbol=601636/data.parquet,
62bbe9df-6ed8-48d5-a06b-10fb90171ee0,601636,balance_sheet_report,2019-06-30,2019-08-20,2026-07-27,False,available,data/raw/stock_balance_sheet_by_report_em/run_id=62bbe9df-6ed8-48d5-a06b-10fb90171ee0/symbol=601636/data.parquet,
62bbe9df-6ed8-48d5-a06b-10fb90171ee0,601636,balance_sheet_report,2019-03-31,2019-04-26,2026-07-27,False,available,data/raw/stock_balance_sheet_by_report_em/run_id=62bbe9df-6ed8-48d5-a06b-10fb90171ee0/symbol=601636/data.parquet,
62bbe9df-6ed8-48d5-a06b-10fb90171ee0,601636,balance_sheet_report,2018-12-31,2019-03-29,2026-07-27,False,available,data/raw/stock_balance_sheet_by_report_em/run_id=62bbe9df-6ed8-48d5-a06b-10fb90171ee0/symbol=601636/data.parquet,
62bbe9df-6ed8-48d5-a06b-10fb90171ee0,601636,balance_sheet_report,2018-09-30,2018-10-12,2026-07-27,False,available,data/raw/stock_balance_sheet_by_report_em/run_id=62bbe9df-6ed8-48d5-a06b-10fb90171ee0/symbol=601636/data.parquet,
62bbe9df-6ed8-48d5-a06b-10fb90171ee0,601636,balance_sheet_report,2018-06-30,2018-08-15,2026-07-27,False,available,data/raw/stock_balance_sheet_by_report_em/run_id=62bbe9df-6ed8-48d5-a06b-10fb90171ee0/symbol=601636/data.parquet,
62bbe9df-6ed8-48d5-a06b-10fb90171ee0,601636,balance_sheet_report,2018-03-31,2018-04-18,2026-07-27,False,available,data/raw/stock_balance_sheet_by_report_em/run_id=62bbe9df-6ed8-48d5-a06b-10fb90171ee0/symbol=601636/data.parquet,
62bbe9df-6ed8-48d5-a06b-10fb90171ee0,601636,balance_sheet_report,2017-12-31,2018-03-29,2026-07-27,False,available,data/raw/stock_balance_sheet_by_report_em/run_id=62bbe9df-6ed8-48d5-a06b-10fb90171ee0/symbol=601636/data.parquet,
62bbe9df-6ed8-48d5-a06b-10fb90171ee0,601636,balance_sheet_report,2017-09-30,2017-10-11,2026-07-27,False,available,data/raw/stock_balance_sheet_by_report_em/run_id=62bbe9df-6ed8-48d5-a06b-10fb90171ee0/symbol=601636/data.parquet,
62bbe9df-6ed8-48d5-a06b-10fb90171ee0,601636,balance_sheet_report,2017-06-30,2017-08-25,2026-07-27,False,available,data/raw/stock_balance_sheet_by_report_em/run_id=62bbe9df-6ed8-48d5-a06b-10fb90171ee0/symbol=601636/data.parquet,
62bbe9df-6ed8-48d5-a06b-10fb90171ee0,601636,balance_sheet_report,2017-03-31,2017-04-29,2026-07-27,False,available,data/raw/stock_balance_sheet_by_report_em/run_id=62bbe9df-6ed8-48d5-a06b-10fb90171ee0/symbol=601636/data.parquet,
62bbe9df-6ed8-48d5-a06b-10fb90171ee0,601636,balance_sheet_report,2016-12-31,2017-04-29,2026-07-27,False,available,data/raw/stock_balance_sheet_by_report_em/run_id=62bbe9df-6ed8-48d5-a06b-10fb90171ee0/symbol=601636/data.parquet,
62bbe9df-6ed8-48d5-a06b-10fb90171ee0,601636,balance_sheet_report,2016-09-30,2016-10-28,2026-07-27,False,available,data/raw/stock_balance_sheet_by_report_em/run_id=62bbe9df-6ed8-48d5-a06b-10fb90171ee0/symbol=601636/data.parquet,
62bbe9df-6ed8-48d5-a06b-10fb90171ee0,601636,balance_sheet_report,2016-06-30,2016-08-16,2026-07-27,False,available,data/raw/stock_balance_sheet_by_report_em/run_id=62bbe9df-6ed8-48d5-a06b-10fb90171ee0/symbol=601636/data.parquet,
62bbe9df-6ed8-48d5-a06b-10fb90171ee0,601636,balance_sheet_report,2016-03-31,2016-04-29,2026-07-27,False,available,data/raw/stock_balance_sheet_by_report_em/run_id=62bbe9df-6ed8-48d5-a06b-10fb90171ee0/symbol=601636/data.parquet,
62bbe9df-6ed8-48d5-a06b-10fb90171ee0,601636,balance_sheet_report,2015-12-31,2016-04-29,2026-07-27,False,available,data/raw/stock_balance_sheet_by_report_em/run_id=62bbe9df-6ed8-48d5-a06b-10fb90171ee0/symbol=601636/data.parquet,
62bbe9df-6ed8-48d5-a06b-10fb90171ee0,601636,balance_sheet_report,2015-09-30,2015-10-29,2026-07-27,False,available,data/raw/stock_balance_sheet_by_report_em/run_id=62bbe9df-6ed8-48d5-a06b-10fb90171ee0/symbol=601636/data.parquet,
62bbe9df-6ed8-48d5-a06b-10fb90171ee0,601636,balance_sheet_report,2015-06-30,2015-08-22,2026-07-27,False,available,data/raw/stock_balance_sheet_by_report_em/run_id=62bbe9df-6ed8-48d5-a06b-10fb90171ee0/symbol=601636/data.parquet,
62bbe9df-6ed8-48d5-a06b-10fb90171ee0,601636,balance_sheet_report,2015-03-31,2015-04-25,2026-07-27,False,available,data/raw/stock_balance_sheet_by_report_em/run_id=62bbe9df-6ed8-48d5-a06b-10fb90171ee0/symbol=601636/data.parquet,
62bbe9df-6ed8-48d5-a06b-10fb90171ee0,601636,balance_sheet_report,2014-12-31,2015-04-25,2026-07-27,False,available,data/raw/stock_balance_sheet_by_report_em/run_id=62bbe9df-6ed8-48d5-a06b-10fb90171ee0/symbol=601636/data.parquet,
62bbe9df-6ed8-48d5-a06b-10fb90171ee0,601636,balance_sheet_report,2014-09-30,2014-10-24,2026-07-27,False,available,data/raw/stock_balance_sheet_by_report_em/run_id=62bbe9df-6ed8-48d5-a06b-10fb90171ee0/symbol=601636/data.parquet,
62bbe9df-6ed8-48d5-a06b-10fb90171ee0,601636,balance_sheet_report,2014-06-30,2014-07-25,2026-07-27,False,available,data/raw/stock_balance_sheet_by_report_em/run_id=62bbe9df-6ed8-48d5-a06b-10fb90171ee0/symbol=601636/data.parquet,
62bbe9df-6ed8-48d5-a06b-10fb90171ee0,601636,balance_sheet_report,2014-03-31,2014-04-29,2026-07-27,False,available,data/raw/stock_balance_sheet_by_report_em/run_id=62bbe9df-6ed8-48d5-a06b-10fb90171ee0/symbol=601636/data.parquet,
62bbe9df-6ed8-48d5-a06b-10fb90171ee0,601636,balance_sheet_report,2013-12-31,2014-03-04,2026-07-27,False,available,data/raw/stock_balance_sheet_by_report_em/run_id=62bbe9df-6ed8-48d5-a06b-10fb90171ee0/symbol=601636/data.parquet,
62bbe9df-6ed8-48d5-a06b-10fb90171ee0,601636,balance_sheet_report,2013-09-30,2013-10-25,2026-07-27,False,available,data/raw/stock_balance_sheet_by_report_em/run_id=62bbe9df-6ed8-48d5-a06b-10fb90171ee0/symbol=601636/data.parquet,
62bbe9df-6ed8-48d5-a06b-10fb90171ee0,601636,balance_sheet_report,2013-06-30,2013-07-26,2026-07-27,False,available,data/raw/stock_balance_sheet_by_report_em/run_id=62bbe9df-6ed8-48d5-a06b-10fb90171ee0/symbol=601636/data.parquet,
62bbe9df-6ed8-48d5-a06b-10fb90171ee0,601636,balance_sheet_report,2013-03-31,2013-04-25,2026-07-27,False,available,data/raw/stock_balance_sheet_by_report_em/run_id=62bbe9df-6ed8-48d5-a06b-10fb90171ee0/symbol=601636/data.parquet,
62bbe9df-6ed8-48d5-a06b-10fb90171ee0,601636,balance_sheet_report,2012-12-31,2013-03-16,2026-07-27,False,available,data/raw/stock_balance_sheet_by_report_em/run_id=62bbe9df-6ed8-48d5-a06b-10fb90171ee0/symbol=601636/data.parquet,
62bbe9df-6ed8-48d5-a06b-10fb90171ee0,601636,balance_sheet_report,2012-09-30,2012-10-19,2026-07-27,False,available,data/raw/stock_balance_sheet_by_report_em/run_id=62bbe9df-6ed8-48d5-a06b-10fb90171ee0/symbol=601636/data.parquet,
62bbe9df-6ed8-48d5-a06b-10fb90171ee0,601636,balance_sheet_report,2012-06-30,2012-08-21,2026-07-27,False,available,data/raw/stock_balance_sheet_by_report_em/run_id=62bbe9df-6ed8-48d5-a06b-10fb90171ee0/symbol=601636/data.parquet,
62bbe9df-6ed8-48d5-a06b-10fb90171ee0,601636,balance_sheet_report,2012-03-31,2012-04-20,2026-07-27,False,available,data/raw/stock_balance_sheet_by_report_em/run_id=62bbe9df-6ed8-48d5-a06b-10fb90171ee0/symbol=601636/data.parquet,
62bbe9df-6ed8-48d5-a06b-10fb90171ee0,601636,balance_sheet_report,2011-12-31,2012-04-07,2026-07-27,False,available,data/raw/stock_balance_sheet_by_report_em/run_id=62bbe9df-6ed8-48d5-a06b-10fb90171ee0/symbol=601636/data.parquet,
62bbe9df-6ed8-48d5-a06b-10fb90171ee0,601636,balance_sheet_report,2011-09-30,2011-10-25,2026-07-27,False,available,data/raw/stock_balance_sheet_by_report_em/run_id=62bbe9df-6ed8-48d5-a06b-10fb90171ee0/symbol=601636/data.parquet,
62bbe9df-6ed8-48d5-a06b-10fb90171ee0,601636,balance_sheet_report,2011-06-30,2011-08-23,2026-07-27,False,available,data/raw/stock_balance_sheet_by_report_em/run_id=62bbe9df-6ed8-48d5-a06b-10fb90171ee0/symbol=601636/data.parquet,
62bbe9df-6ed8-48d5-a06b-10fb90171ee0,601636,balance_sheet_report,2010-12-31,2012-04-07,2026-07-27,False,available,data/raw/stock_balance_sheet_by_report_em/run_id=62bbe9df-6ed8-48d5-a06b-10fb90171ee0/symbol=601636/data.parquet,
62bbe9df-6ed8-48d5-a06b-10fb90171ee0,601636,balance_sheet_report,2009-12-31,2011-07-25,2026-07-27,False,available,data/raw/stock_balance_sheet_by_report_em/run_id=62bbe9df-6ed8-48d5-a06b-10fb90171ee0/symbol=601636/data.parquet,
62bbe9df-6ed8-48d5-a06b-10fb90171ee0,601636,balance_sheet_report,2008-12-31,2011-07-25,2026-07-27,False,available,data/raw/stock_balance_sheet_by_report_em/run_id=62bbe9df-6ed8-48d5-a06b-10fb90171ee0/symbol=601636/data.parquet,
62bbe9df-6ed8-48d5-a06b-10fb90171ee0,601636,profit_sheet_report,2026-03-31,2026-04-23,2026-07-27,False,available,data/raw/stock_profit_sheet_by_report_em/run_id=62bbe9df-6ed8-48d5-a06b-10fb90171ee0/symbol=601636/data.parquet,
62bbe9df-6ed8-48d5-a06b-10fb90171ee0,601636,profit_sheet_report,2025-12-31,2026-04-23,2026-07-27,False,available,data/raw/stock_profit_sheet_by_report_em/run_id=62bbe9df-6ed8-48d5-a06b-10fb90171ee0/symbol=601636/data.parquet,
62bbe9df-6ed8-48d5-a06b-10fb90171ee0,601636,profit_sheet_report,2025-09-30,2025-10-31,2026-07-27,False,available,data/raw/stock_profit_sheet_by_report_em/run_id=62bbe9df-6ed8-48d5-a06b-10fb90171ee0/symbol=601636/data.parquet,
62bbe9df-6ed8-48d5-a06b-10fb90171ee0,601636,profit_sheet_report,2025-06-30,2025-08-28,2026-07-27,False,available,data/raw/stock_profit_sheet_by_report_em/run_id=62bbe9df-6ed8-48d5-a06b-10fb90171ee0/symbol=601636/data.parquet,
62bbe9df-6ed8-48d5-a06b-10fb90171ee0,601636,profit_sheet_report,2025-03-31,2025-04-25,2026-07-27,False,available,data/raw/stock_profit_sheet_by_report_em/run_id=62bbe9df-6ed8-48d5-a06b-10fb90171ee0/symbol=601636/data.parquet,
62bbe9df-6ed8-48d5-a06b-10fb90171ee0,601636,profit_sheet_report,2024-12-31,2025-04-25,2026-07-27,False,available,data/raw/stock_profit_sheet_by_report_em/run_id=62bbe9df-6ed8-48d5-a06b-10fb90171ee0/symbol=601636/data.parquet,
62bbe9df-6ed8-48d5-a06b-10fb90171ee0,601636,profit_sheet_report,2024-09-30,2024-10-30,2026-07-27,False,available,data/raw/stock_profit_sheet_by_report_em/run_id=62bbe9df-6ed8-48d5-a06b-10fb90171ee0/symbol=601636/data.parquet,
62bbe9df-6ed8-48d5-a06b-10fb90171ee0,601636,profit_sheet_report,2024-06-30,2024-08-28,2026-07-27,False,available,data/raw/stock_profit_sheet_by_report_em/run_id=62bbe9df-6ed8-48d5-a06b-10fb90171ee0/symbol=601636/data.parquet,
62bbe9df-6ed8-48d5-a06b-10fb90171ee0,601636,profit_sheet_report,2024-03-31,2024-04-25,2026-07-27,False,available,data/raw/stock_profit_sheet_by_report_em/run_id=62bbe9df-6ed8-48d5-a06b-10fb90171ee0/symbol=601636/data.parquet,
62bbe9df-6ed8-48d5-a06b-10fb90171ee0,601636,profit_sheet_report,2023-12-31,2024-04-25,2026-07-27,False,available,data/raw/stock_profit_sheet_by_report_em/run_id=62bbe9df-6ed8-48d5-a06b-10fb90171ee0/symbol=601636/data.parquet,
62bbe9df-6ed8-48d5-a06b-10fb90171ee0,601636,profit_sheet_report,2023-09-30,2023-10-14,2026-07-27,False,available,data/raw/stock_profit_sheet_by_report_em/run_id=62bbe9df-6ed8-48d5-a06b-10fb90171ee0/symbol=601636/data.parquet,
62bbe9df-6ed8-48d5-a06b-10fb90171ee0,601636,profit_sheet_report,2023-06-30,2023-08-29,2026-07-27,False,available,data/raw/stock_profit_sheet_by_report_em/run_id=62bbe9df-6ed8-48d5-a06b-10fb90171ee0/symbol=601636/data.parquet,
62bbe9df-6ed8-48d5-a06b-10fb90171ee0,601636,profit_sheet_report,2023-03-31,2023-04-26,2026-07-27,False,available,data/raw/stock_profit_sheet_by_report_em/run_id=62bbe9df-6ed8-48d5-a06b-10fb90171ee0/symbol=601636/data.parquet,
62bbe9df-6ed8-48d5-a06b-10fb90171ee0,601636,profit_sheet_report,2022-12-31,2023-04-26,2026-07-27,False,available,data/raw/stock_profit_sheet_by_report_em/run_id=62bbe9df-6ed8-48d5-a06b-10fb90171ee0/symbol=601636/data.parquet,
62bbe9df-6ed8-48d5-a06b-10fb90171ee0,601636,profit_sheet_report,2022-09-30,2022-10-27,2026-07-27,False,available,data/raw/stock_profit_sheet_by_report_em/run_id=62bbe9df-6ed8-48d5-a06b-10fb90171ee0/symbol=601636/data.parquet,
62bbe9df-6ed8-48d5-a06b-10fb90171ee0,601636,profit_sheet_report,2022-06-30,2022-08-31,2026-07-27,False,available,data/raw/stock_profit_sheet_by_report_em/run_id=62bbe9df-6ed8-48d5-a06b-10fb90171ee0/symbol=601636/data.parquet,
62bbe9df-6ed8-48d5-a06b-10fb90171ee0,601636,profit_sheet_report,2022-03-31,2022-04-12,2026-07-27,False,available,data/raw/stock_profit_sheet_by_report_em/run_id=62bbe9df-6ed8-48d5-a06b-10fb90171ee0/symbol=601636/data.parquet,
62bbe9df-6ed8-48d5-a06b-10fb90171ee0,601636,profit_sheet_report,2021-12-31,2022-04-08,2026-07-27,False,available,data/raw/stock_profit_sheet_by_report_em/run_id=62bbe9df-6ed8-48d5-a06b-10fb90171ee0/symbol=601636/data.parquet,
62bbe9df-6ed8-48d5-a06b-10fb90171ee0,601636,profit_sheet_report,2021-09-30,2021-10-12,2026-07-27,False,available,data/raw/stock_profit_sheet_by_report_em/run_id=62bbe9df-6ed8-48d5-a06b-10fb90171ee0/symbol=601636/data.parquet,
62bbe9df-6ed8-48d5-a06b-10fb90171ee0,601636,profit_sheet_report,2021-06-30,2021-08-20,2026-07-27,False,available,data/raw/stock_profit_sheet_by_report_em/run_id=62bbe9df-6ed8-48d5-a06b-10fb90171ee0/symbol=601636/data.parquet,
62bbe9df-6ed8-48d5-a06b-10fb90171ee0,601636,profit_sheet_report,2021-03-31,2021-04-30,2026-07-27,False,available,data/raw/stock_profit_sheet_by_report_em/run_id=62bbe9df-6ed8-48d5-a06b-10fb90171ee0/symbol=601636/data.parquet,
62bbe9df-6ed8-48d5-a06b-10fb90171ee0,601636,profit_sheet_report,2020-12-31,2021-04-30,2026-07-27,False,available,data/raw/stock_profit_sheet_by_report_em/run_id=62bbe9df-6ed8-48d5-a06b-10fb90171ee0/symbol=601636/data.parquet,
62bbe9df-6ed8-48d5-a06b-10fb90171ee0,601636,profit_sheet_report,2020-09-30,2020-10-29,2026-07-27,False,available,data/raw/stock_profit_sheet_by_report_em/run_id=62bbe9df-6ed8-48d5-a06b-10fb90171ee0/symbol=601636/data.parquet,
62bbe9df-6ed8-48d5-a06b-10fb90171ee0,601636,profit_sheet_report,2020-06-30,2020-08-11,2026-07-27,False,available,data/raw/stock_profit_sheet_by_report_em/run_id=62bbe9df-6ed8-48d5-a06b-10fb90171ee0/symbol=601636/data.parquet,
62bbe9df-6ed8-48d5-a06b-10fb90171ee0,601636,profit_sheet_report,2020-03-31,2020-04-15,2026-07-27,False,available,data/raw/stock_profit_sheet_by_report_em/run_id=62bbe9df-6ed8-48d5-a06b-10fb90171ee0/symbol=601636/data.parquet,
62bbe9df-6ed8-48d5-a06b-10fb90171ee0,601636,profit_sheet_report,2019-12-31,2020-04-10,2026-07-27,False,available,data/raw/stock_profit_sheet_by_report_em/run_id=62bbe9df-6ed8-48d5-a06b-10fb90171ee0/symbol=601636/data.parquet,
62bbe9df-6ed8-48d5-a06b-10fb90171ee0,601636,profit_sheet_report,2019-09-30,2019-10-18,2026-07-27,False,available,data/raw/stock_profit_sheet_by_report_em/run_id=62bbe9df-6ed8-48d5-a06b-10fb90171ee0/symbol=601636/data.parquet,
62bbe9df-6ed8-48d5-a06b-10fb90171ee0,601636,profit_sheet_report,2019-06-30,2019-08-20,2026-07-27,False,available,data/raw/stock_profit_sheet_by_report_em/run_id=62bbe9df-6ed8-48d5-a06b-10fb90171ee0/symbol=601636/data.parquet,
62bbe9df-6ed8-48d5-a06b-10fb90171ee0,601636,profit_sheet_report,2019-03-31,2019-04-26,2026-07-27,False,available,data/raw/stock_profit_sheet_by_report_em/run_id=62bbe9df-6ed8-48d5-a06b-10fb90171ee0/symbol=601636/data.parquet,
62bbe9df-6ed8-48d5-a06b-10fb90171ee0,601636,profit_sheet_report,2018-12-31,2019-03-29,2026-07-27,False,available,data/raw/stock_profit_sheet_by_report_em/run_id=62bbe9df-6ed8-48d5-a06b-10fb90171ee0/symbol=601636/data.parquet,
62bbe9df-6ed8-48d5-a06b-10fb90171ee0,601636,profit_sheet_report,2018-09-30,2018-10-12,2026-07-27,False,available,data/raw/stock_profit_sheet_by_report_em/run_id=62bbe9df-6ed8-48d5-a06b-10fb90171ee0/symbol=601636/data.parquet,
62bbe9df-6ed8-48d5-a06b-10fb90171ee0,601636,profit_sheet_report,2018-06-30,2018-08-15,2026-07-27,False,available,data/raw/stock_profit_sheet_by_report_em/run_id=62bbe9df-6ed8-48d5-a06b-10fb90171ee0/symbol=601636/data.parquet,
62bbe9df-6ed8-48d5-a06b-10fb90171ee0,601636,profit_sheet_report,2018-03-31,2018-04-18,2026-07-27,False,available,data/raw/stock_profit_sheet_by_report_em/run_id=62bbe9df-6ed8-48d5-a06b-10fb90171ee0/symbol=601636/data.parquet,
62bbe9df-6ed8-48d5-a06b-10fb90171ee0,601636,profit_sheet_report,2017-12-31,2018-03-29,2026-07-27,False,available,data/raw/stock_profit_sheet_by_report_em/run_id=62bbe9df-6ed8-48d5-a06b-10fb90171ee0/symbol=601636/data.parquet,
62bbe9df-6ed8-48d5-a06b-10fb90171ee0,601636,profit_sheet_report,2017-09-30,2017-10-11,2026-07-27,False,available,data/raw/stock_profit_sheet_by_report_em/run_id=62bbe9df-6ed8-48d5-a06b-10fb90171ee0/symbol=601636/data.parquet,
62bbe9df-6ed8-48d5-a06b-10fb90171ee0,601636,profit_sheet_report,2017-06-30,2017-08-25,2026-07-27,False,available,data/raw/stock_profit_sheet_by_report_em/run_id=62bbe9df-6ed8-48d5-a06b-10fb90171ee0/symbol=601636/data.parquet,
62bbe9df-6ed8-48d5-a06b-10fb90171ee0,601636,profit_sheet_report,2017-03-31,2017-04-29,2026-07-27,False,available,data/raw/stock_profit_sheet_by_report_em/run_id=62bbe9df-6ed8-48d5-a06b-10fb90171ee0/symbol=601636/data.parquet,
62bbe9df-6ed8-48d5-a06b-10fb90171ee0,601636,profit_sheet_report,2016-12-31,2017-03-31,2026-07-27,False,available,data/raw/stock_profit_sheet_by_report_em/run_id=62bbe9df-6ed8-48d5-a06b-10fb90171ee0/symbol=601636/data.parquet,
62bbe9df-6ed8-48d5-a06b-10fb90171ee0,601636,profit_sheet_report,2016-09-30,2016-10-28,2026-07-27,False,available,data/raw/stock_profit_sheet_by_report_em/run_id=62bbe9df-6ed8-48d5-a06b-10fb90171ee0/symbol=601636/data.parquet,
62bbe9df-6ed8-48d5-a06b-10fb90171ee0,601636,profit_sheet_report,2016-06-30,2016-08-16,2026-07-27,False,available,data/raw/stock_profit_sheet_by_report_em/run_id=62bbe9df-6ed8-48d5-a06b-10fb90171ee0/symbol=601636/data.parquet,
62bbe9df-6ed8-48d5-a06b-10fb90171ee0,601636,profit_sheet_report,2016-03-31,2016-04-29,2026-07-27,False,available,data/raw/stock_profit_sheet_by_report_em/run_id=62bbe9df-6ed8-48d5-a06b-10fb90171ee0/symbol=601636/data.parquet,
62bbe9df-6ed8-48d5-a06b-10fb90171ee0,601636,profit_sheet_report,2015-12-31,2016-04-29,2026-07-27,False,available,data/raw/stock_profit_sheet_by_report_em/run_id=62bbe9df-6ed8-48d5-a06b-10fb90171ee0/symbol=601636/data.parquet,
62bbe9df-6ed8-48d5-a06b-10fb90171ee0,601636,profit_sheet_report,2015-09-30,2015-10-29,2026-07-27,False,available,data/raw/stock_profit_sheet_by_report_em/run_id=62bbe9df-6ed8-48d5-a06b-10fb90171ee0/symbol=601636/data.parquet,
62bbe9df-6ed8-48d5-a06b-10fb90171ee0,601636,profit_sheet_report,2015-06-30,2015-08-22,2026-07-27,False,available,data/raw/stock_profit_sheet_by_report_em/run_id=62bbe9df-6ed8-48d5-a06b-10fb90171ee0/symbol=601636/data.parquet,
62bbe9df-6ed8-48d5-a06b-10fb90171ee0,601636,profit_sheet_report,2015-03-31,2015-04-25,2026-07-27,False,available,data/raw/stock_profit_sheet_by_report_em/run_id=62bbe9df-6ed8-48d5-a06b-10fb90171ee0/symbol=601636/data.parquet,
62bbe9df-6ed8-48d5-a06b-10fb90171ee0,601636,profit_sheet_report,2014-12-31,2015-04-25,2026-07-27,False,available,data/raw/stock_profit_sheet_by_report_em/run_id=62bbe9df-6ed8-48d5-a06b-10fb90171ee0/symbol=601636/data.parquet,
62bbe9df-6ed8-48d5-a06b-10fb90171ee0,601636,profit_sheet_report,2014-09-30,2014-10-24,2026-07-27,False,available,data/raw/stock_profit_sheet_by_report_em/run_id=62bbe9df-6ed8-48d5-a06b-10fb90171ee0/symbol=601636/data.parquet,
62bbe9df-6ed8-48d5-a06b-10fb90171ee0,601636,profit_sheet_report,2014-06-30,2014-07-25,2026-07-27,False,available,data/raw/stock_profit_sheet_by_report_em/run_id=62bbe9df-6ed8-48d5-a06b-10fb90171ee0/symbol=601636/data.parquet,
62bbe9df-6ed8-48d5-a06b-10fb90171ee0,601636,profit_sheet_report,2014-03-31,2014-04-29,2026-07-27,False,available,data/raw/stock_profit_sheet_by_report_em/run_id=62bbe9df-6ed8-48d5-a06b-10fb90171ee0/symbol=601636/data.parquet,
62bbe9df-6ed8-48d5-a06b-10fb90171ee0,601636,profit_sheet_report,2013-12-31,2014-03-04,2026-07-27,False,available,data/raw/stock_profit_sheet_by_report_em/run_id=62bbe9df-6ed8-48d5-a06b-10fb90171ee0/symbol=601636/data.parquet,
62bbe9df-6ed8-48d5-a06b-10fb90171ee0,601636,profit_sheet_report,2013-09-30,2013-10-25,2026-07-27,False,available,data/raw/stock_profit_sheet_by_report_em/run_id=62bbe9df-6ed8-48d5-a06b-10fb90171ee0/symbol=601636/data.parquet,
62bbe9df-6ed8-48d5-a06b-10fb90171ee0,601636,profit_sheet_report,2013-06-30,2013-07-26,2026-07-27,False,available,data/raw/stock_profit_sheet_by_report_em/run_id=62bbe9df-6ed8-48d5-a06b-10fb90171ee0/symbol=601636/data.parquet,
62bbe9df-6ed8-48d5-a06b-10fb90171ee0,601636,profit_sheet_report,2013-03-31,2013-04-25,2026-07-27,False,available,data/raw/stock_profit_sheet_by_report_em/run_id=62bbe9df-6ed8-48d5-a06b-10fb90171ee0/symbol=601636/data.parquet,
62bbe9df-6ed8-48d5-a06b-10fb90171ee0,601636,profit_sheet_report,2012-12-31,2013-03-16,2026-07-27,False,available,data/raw/stock_profit_sheet_by_report_em/run_id=62bbe9df-6ed8-48d5-a06b-10fb90171ee0/symbol=601636/data.parquet,
62bbe9df-6ed8-48d5-a06b-10fb90171ee0,601636,profit_sheet_report,2012-09-30,2012-10-19,2026-07-27,False,available,data/raw/stock_profit_sheet_by_report_em/run_id=62bbe9df-6ed8-48d5-a06b-10fb90171ee0/symbol=601636/data.parquet,
62bbe9df-6ed8-48d5-a06b-10fb90171ee0,601636,profit_sheet_report,2012-06-30,2012-08-21,2026-07-27,False,available,data/raw/stock_profit_sheet_by_report_em/run_id=62bbe9df-6ed8-48d5-a06b-10fb90171ee0/symbol=601636/data.parquet,
62bbe9df-6ed8-48d5-a06b-10fb90171ee0,601636,profit_sheet_report,2012-03-31,2012-04-20,2026-07-27,False,available,data/raw/stock_profit_sheet_by_report_em/run_id=62bbe9df-6ed8-48d5-a06b-10fb90171ee0/symbol=601636/data.parquet,
62bbe9df-6ed8-48d5-a06b-10fb90171ee0,601636,profit_sheet_report,2011-12-31,2012-04-07,2026-07-27,False,available,data/raw/stock_profit_sheet_by_report_em/run_id=62bbe9df-6ed8-48d5-a06b-10fb90171ee0/symbol=601636/data.parquet,
62bbe9df-6ed8-48d5-a06b-10fb90171ee0,601636,profit_sheet_report,2011-09-30,2011-10-25,2026-07-27,False,available,data/raw/stock_profit_sheet_by_report_em/run_id=62bbe9df-6ed8-48d5-a06b-10fb90171ee0/symbol=601636/data.parquet,
62bbe9df-6ed8-48d5-a06b-10fb90171ee0,601636,profit_sheet_report,2011-06-30,2011-08-23,2026-07-27,False,available,data/raw/stock_profit_sheet_by_report_em/run_id=62bbe9df-6ed8-48d5-a06b-10fb90171ee0/symbol=601636/data.parquet,
62bbe9df-6ed8-48d5-a06b-10fb90171ee0,601636,profit_sheet_report,2011-03-31,2012-04-20,2026-07-27,False,available,data/raw/stock_profit_sheet_by_report_em/run_id=62bbe9df-6ed8-48d5-a06b-10fb90171ee0/symbol=601636/data.parquet,
62bbe9df-6ed8-48d5-a06b-10fb90171ee0,601636,profit_sheet_report,2010-12-31,2012-04-07,2026-07-27,False,available,data/raw/stock_profit_sheet_by_report_em/run_id=62bbe9df-6ed8-48d5-a06b-10fb90171ee0/symbol=601636/data.parquet,
62bbe9df-6ed8-48d5-a06b-10fb90171ee0,601636,profit_sheet_report,2010-09-30,2011-10-25,2026-07-27,False,available,data/raw/stock_profit_sheet_by_report_em/run_id=62bbe9df-6ed8-48d5-a06b-10fb90171ee0/symbol=601636/data.parquet,
62bbe9df-6ed8-48d5-a06b-10fb90171ee0,601636,profit_sheet_report,2010-06-30,2011-08-23,2026-07-27,False,available,data/raw/stock_profit_sheet_by_report_em/run_id=62bbe9df-6ed8-48d5-a06b-10fb90171ee0/symbol=601636/data.parquet,
62bbe9df-6ed8-48d5-a06b-10fb90171ee0,601636,profit_sheet_report,2009-12-31,2011-07-25,2026-07-27,False,available,data/raw/stock_profit_sheet_by_report_em/run_id=62bbe9df-6ed8-48d5-a06b-10fb90171ee0/symbol=601636/data.parquet,
62bbe9df-6ed8-48d5-a06b-10fb90171ee0,601636,profit_sheet_report,2008-12-31,2011-07-25,2026-07-27,False,available,data/raw/stock_profit_sheet_by_report_em/run_id=62bbe9df-6ed8-48d5-a06b-10fb90171ee0/symbol=601636/data.parquet,
62bbe9df-6ed8-48d5-a06b-10fb90171ee0,601636,cashflow_sheet_report,2026-03-31,2026-04-23,2026-07-27,False,available,data/raw/stock_cash_flow_sheet_by_report_em/run_id=62bbe9df-6ed8-48d5-a06b-10fb90171ee0/symbol=601636/data.parquet,
62bbe9df-6ed8-48d5-a06b-10fb90171ee0,601636,cashflow_sheet_report,2025-12-31,2026-04-23,2026-07-27,False,available,data/raw/stock_cash_flow_sheet_by_report_em/run_id=62bbe9df-6ed8-48d5-a06b-10fb90171ee0/symbol=601636/data.parquet,
62bbe9df-6ed8-48d5-a06b-10fb90171ee0,601636,cashflow_sheet_report,2025-09-30,2025-10-31,2026-07-27,False,available,data/raw/stock_cash_flow_sheet_by_report_em/run_id=62bbe9df-6ed8-48d5-a06b-10fb90171ee0/symbol=601636/data.parquet,
62bbe9df-6ed8-48d5-a06b-10fb90171ee0,601636,cashflow_sheet_report,2025-06-30,2025-08-28,2026-07-27,False,available,data/raw/stock_cash_flow_sheet_by_report_em/run_id=62bbe9df-6ed8-48d5-a06b-10fb90171ee0/symbol=601636/data.parquet,
62bbe9df-6ed8-48d5-a06b-10fb90171ee0,601636,cashflow_sheet_report,2025-03-31,2025-04-25,2026-07-27,False,available,data/raw/stock_cash_flow_sheet_by_report_em/run_id=62bbe9df-6ed8-48d5-a06b-10fb90171ee0/symbol=601636/data.parquet,
62bbe9df-6ed8-48d5-a06b-10fb90171ee0,601636,cashflow_sheet_report,2024-12-31,2025-04-25,2026-07-27,False,available,data/raw/stock_cash_flow_sheet_by_report_em/run_id=62bbe9df-6ed8-48d5-a06b-10fb90171ee0/symbol=601636/data.parquet,
62bbe9df-6ed8-48d5-a06b-10fb90171ee0,601636,cashflow_sheet_report,2024-09-30,2024-10-30,2026-07-27,False,available,data/raw/stock_cash_flow_sheet_by_report_em/run_id=62bbe9df-6ed8-48d5-a06b-10fb90171ee0/symbol=601636/data.parquet,
62bbe9df-6ed8-48d5-a06b-10fb90171ee0,601636,cashflow_sheet_report,2024-06-30,2024-08-28,2026-07-27,False,available,data/raw/stock_cash_flow_sheet_by_report_em/run_id=62bbe9df-6ed8-48d5-a06b-10fb90171ee0/symbol=601636/data.parquet,
62bbe9df-6ed8-48d5-a06b-10fb90171ee0,601636,cashflow_sheet_report,2024-03-31,2024-04-25,2026-07-27,False,available,data/raw/stock_cash_flow_sheet_by_report_em/run_id=62bbe9df-6ed8-48d5-a06b-10fb90171ee0/symbol=601636/data.parquet,
62bbe9df-6ed8-48d5-a06b-10fb90171ee0,601636,cashflow_sheet_report,2023-12-31,2024-04-25,2026-07-27,False,available,data/raw/stock_cash_flow_sheet_by_report_em/run_id=62bbe9df-6ed8-48d5-a06b-10fb90171ee0/symbol=601636/data.parquet,
62bbe9df-6ed8-48d5-a06b-10fb90171ee0,601636,cashflow_sheet_report,2023-09-30,2023-10-14,2026-07-27,False,available,data/raw/stock_cash_flow_sheet_by_report_em/run_id=62bbe9df-6ed8-48d5-a06b-10fb90171ee0/symbol=601636/data.parquet,
62bbe9df-6ed8-48d5-a06b-10fb90171ee0,601636,cashflow_sheet_report,2023-06-30,2023-08-29,2026-07-27,False,available,data/raw/stock_cash_flow_sheet_by_report_em/run_id=62bbe9df-6ed8-48d5-a06b-10fb90171ee0/symbol=601636/data.parquet,
62bbe9df-6ed8-48d5-a06b-10fb90171ee0,601636,cashflow_sheet_report,2023-03-31,2023-04-26,2026-07-27,False,available,data/raw/stock_cash_flow_sheet_by_report_em/run_id=62bbe9df-6ed8-48d5-a06b-10fb90171ee0/symbol=601636/data.parquet,
62bbe9df-6ed8-48d5-a06b-10fb90171ee0,601636,cashflow_sheet_report,2022-12-31,2023-04-26,2026-07-27,False,available,data/raw/stock_cash_flow_sheet_by_report_em/run_id=62bbe9df-6ed8-48d5-a06b-10fb90171ee0/symbol=601636/data.parquet,
62bbe9df-6ed8-48d5-a06b-10fb90171ee0,601636,cashflow_sheet_report,2022-09-30,2022-10-27,2026-07-27,False,available,data/raw/stock_cash_flow_sheet_by_report_em/run_id=62bbe9df-6ed8-48d5-a06b-10fb90171ee0/symbol=601636/data.parquet,
62bbe9df-6ed8-48d5-a06b-10fb90171ee0,601636,cashflow_sheet_report,2022-06-30,2022-08-31,2026-07-27,False,available,data/raw/stock_cash_flow_sheet_by_report_em/run_id=62bbe9df-6ed8-48d5-a06b-10fb90171ee0/symbol=601636/data.parquet,
62bbe9df-6ed8-48d5-a06b-10fb90171ee0,601636,cashflow_sheet_report,2022-03-31,2022-04-12,2026-07-27,False,available,data/raw/stock_cash_flow_sheet_by_report_em/run_id=62bbe9df-6ed8-48d5-a06b-10fb90171ee0/symbol=601636/data.parquet,
62bbe9df-6ed8-48d5-a06b-10fb90171ee0,601636,cashflow_sheet_report,2021-12-31,2022-04-08,2026-07-27,False,available,data/raw/stock_cash_flow_sheet_by_report_em/run_id=62bbe9df-6ed8-48d5-a06b-10fb90171ee0/symbol=601636/data.parquet,
62bbe9df-6ed8-48d5-a06b-10fb90171ee0,601636,cashflow_sheet_report,2021-09-30,2021-10-12,2026-07-27,False,available,data/raw/stock_cash_flow_sheet_by_report_em/run_id=62bbe9df-6ed8-48d5-a06b-10fb90171ee0/symbol=601636/data.parquet,
62bbe9df-6ed8-48d5-a06b-10fb90171ee0,601636,cashflow_sheet_report,2021-06-30,2021-08-20,2026-07-27,False,available,data/raw/stock_cash_flow_sheet_by_report_em/run_id=62bbe9df-6ed8-48d5-a06b-10fb90171ee0/symbol=601636/data.parquet,
62bbe9df-6ed8-48d5-a06b-10fb90171ee0,601636,cashflow_sheet_report,2021-03-31,2021-04-30,2026-07-27,False,available,data/raw/stock_cash_flow_sheet_by_report_em/run_id=62bbe9df-6ed8-48d5-a06b-10fb90171ee0/symbol=601636/data.parquet,
62bbe9df-6ed8-48d5-a06b-10fb90171ee0,601636,cashflow_sheet_report,2020-12-31,2021-04-30,2026-07-27,False,available,data/raw/stock_cash_flow_sheet_by_report_em/run_id=62bbe9df-6ed8-48d5-a06b-10fb90171ee0/symbol=601636/data.parquet,
62bbe9df-6ed8-48d5-a06b-10fb90171ee0,601636,cashflow_sheet_report,2020-09-30,2020-10-29,2026-07-27,False,available,data/raw/stock_cash_flow_sheet_by_report_em/run_id=62bbe9df-6ed8-48d5-a06b-10fb90171ee0/symbol=601636/data.parquet,
62bbe9df-6ed8-48d5-a06b-10fb90171ee0,601636,cashflow_sheet_report,2020-06-30,2020-08-11,2026-07-27,False,available,data/raw/stock_cash_flow_sheet_by_report_em/run_id=62bbe9df-6ed8-48d5-a06b-10fb90171ee0/symbol=601636/data.parquet,
62bbe9df-6ed8-48d5-a06b-10fb90171ee0,601636,cashflow_sheet_report,2020-03-31,2020-04-15,2026-07-27,False,available,data/raw/stock_cash_flow_sheet_by_report_em/run_id=62bbe9df-6ed8-48d5-a06b-10fb90171ee0/symbol=601636/data.parquet,
62bbe9df-6ed8-48d5-a06b-10fb90171ee0,601636,cashflow_sheet_report,2019-12-31,2020-04-10,2026-07-27,False,available,data/raw/stock_cash_flow_sheet_by_report_em/run_id=62bbe9df-6ed8-48d5-a06b-10fb90171ee0/symbol=601636/data.parquet,
62bbe9df-6ed8-48d5-a06b-10fb90171ee0,601636,cashflow_sheet_report,2019-09-30,2019-10-18,2026-07-27,False,available,data/raw/stock_cash_flow_sheet_by_report_em/run_id=62bbe9df-6ed8-48d5-a06b-10fb90171ee0/symbol=601636/data.parquet,
62bbe9df-6ed8-48d5-a06b-10fb90171ee0,601636,cashflow_sheet_report,2019-06-30,2019-08-20,2026-07-27,False,available,data/raw/stock_cash_flow_sheet_by_report_em/run_id=62bbe9df-6ed8-48d5-a06b-10fb90171ee0/symbol=601636/data.parquet,
62bbe9df-6ed8-48d5-a06b-10fb90171ee0,601636,cashflow_sheet_report,2019-03-31,2019-04-26,2026-07-27,False,available,data/raw/stock_cash_flow_sheet_by_report_em/run_id=62bbe9df-6ed8-48d5-a06b-10fb90171ee0/symbol=601636/data.parquet,
62bbe9df-6ed8-48d5-a06b-10fb90171ee0,601636,cashflow_sheet_report,2018-12-31,2019-03-29,2026-07-27,False,available,data/raw/stock_cash_flow_sheet_by_report_em/run_id=62bbe9df-6ed8-48d5-a06b-10fb90171ee0/symbol=601636/data.parquet,
62bbe9df-6ed8-48d5-a06b-10fb90171ee0,601636,cashflow_sheet_report,2018-09-30,2018-10-12,2026-07-27,False,available,data/raw/stock_cash_flow_sheet_by_report_em/run_id=62bbe9df-6ed8-48d5-a06b-10fb90171ee0/symbol=601636/data.parquet,
62bbe9df-6ed8-48d5-a06b-10fb90171ee0,601636,cashflow_sheet_report,2018-06-30,2018-08-15,2026-07-27,False,available,data/raw/stock_cash_flow_sheet_by_report_em/run_id=62bbe9df-6ed8-48d5-a06b-10fb90171ee0/symbol=601636/data.parquet,
62bbe9df-6ed8-48d5-a06b-10fb90171ee0,601636,cashflow_sheet_report,2018-03-31,2018-04-18,2026-07-27,False,available,data/raw/stock_cash_flow_sheet_by_report_em/run_id=62bbe9df-6ed8-48d5-a06b-10fb90171ee0/symbol=601636/data.parquet,
62bbe9df-6ed8-48d5-a06b-10fb90171ee0,601636,cashflow_sheet_report,2017-12-31,2018-03-29,2026-07-27,False,available,data/raw/stock_cash_flow_sheet_by_report_em/run_id=62bbe9df-6ed8-48d5-a06b-10fb90171ee0/symbol=601636/data.parquet,
62bbe9df-6ed8-48d5-a06b-10fb90171ee0,601636,cashflow_sheet_report,2017-09-30,2017-10-11,2026-07-27,False,available,data/raw/stock_cash_flow_sheet_by_report_em/run_id=62bbe9df-6ed8-48d5-a06b-10fb90171ee0/symbol=601636/data.parquet,
62bbe9df-6ed8-48d5-a06b-10fb90171ee0,601636,cashflow_sheet_report,2017-06-30,2017-08-25,2026-07-27,False,available,data/raw/stock_cash_flow_sheet_by_report_em/run_id=62bbe9df-6ed8-48d5-a06b-10fb90171ee0/symbol=601636/data.parquet,
62bbe9df-6ed8-48d5-a06b-10fb90171ee0,601636,cashflow_sheet_report,2017-03-31,2017-04-29,2026-07-27,False,available,data/raw/stock_cash_flow_sheet_by_report_em/run_id=62bbe9df-6ed8-48d5-a06b-10fb90171ee0/symbol=601636/data.parquet,
62bbe9df-6ed8-48d5-a06b-10fb90171ee0,601636,cashflow_sheet_report,2016-12-31,2017-03-31,2026-07-27,False,available,data/raw/stock_cash_flow_sheet_by_report_em/run_id=62bbe9df-6ed8-48d5-a06b-10fb90171ee0/symbol=601636/data.parquet,
62bbe9df-6ed8-48d5-a06b-10fb90171ee0,601636,cashflow_sheet_report,2016-09-30,2016-10-28,2026-07-27,False,available,data/raw/stock_cash_flow_sheet_by_report_em/run_id=62bbe9df-6ed8-48d5-a06b-10fb90171ee0/symbol=601636/data.parquet,
62bbe9df-6ed8-48d5-a06b-10fb90171ee0,601636,cashflow_sheet_report,2016-06-30,2016-08-16,2026-07-27,False,available,data/raw/stock_cash_flow_sheet_by_report_em/run_id=62bbe9df-6ed8-48d5-a06b-10fb90171ee0/symbol=601636/data.parquet,
62bbe9df-6ed8-48d5-a06b-10fb90171ee0,601636,cashflow_sheet_report,2016-03-31,2016-04-29,2026-07-27,False,available,data/raw/stock_cash_flow_sheet_by_report_em/run_id=62bbe9df-6ed8-48d5-a06b-10fb90171ee0/symbol=601636/data.parquet,
62bbe9df-6ed8-48d5-a06b-10fb90171ee0,601636,cashflow_sheet_report,2015-12-31,2016-04-29,2026-07-27,False,available,data/raw/stock_cash_flow_sheet_by_report_em/run_id=62bbe9df-6ed8-48d5-a06b-10fb90171ee0/symbol=601636/data.parquet,
62bbe9df-6ed8-48d5-a06b-10fb90171ee0,601636,cashflow_sheet_report,2015-09-30,2015-10-29,2026-07-27,False,available,data/raw/stock_cash_flow_sheet_by_report_em/run_id=62bbe9df-6ed8-48d5-a06b-10fb90171ee0/symbol=601636/data.parquet,
62bbe9df-6ed8-48d5-a06b-10fb90171ee0,601636,cashflow_sheet_report,2015-06-30,2015-08-22,2026-07-27,False,available,data/raw/stock_cash_flow_sheet_by_report_em/run_id=62bbe9df-6ed8-48d5-a06b-10fb90171ee0/symbol=601636/data.parquet,
62bbe9df-6ed8-48d5-a06b-10fb90171ee0,601636,cashflow_sheet_report,2015-03-31,2015-04-25,2026-07-27,False,available,data/raw/stock_cash_flow_sheet_by_report_em/run_id=62bbe9df-6ed8-48d5-a06b-10fb90171ee0/symbol=601636/data.parquet,
62bbe9df-6ed8-48d5-a06b-10fb90171ee0,601636,cashflow_sheet_report,2014-12-31,2015-04-25,2026-07-27,False,available,data/raw/stock_cash_flow_sheet_by_report_em/run_id=62bbe9df-6ed8-48d5-a06b-10fb90171ee0/symbol=601636/data.parquet,
62bbe9df-6ed8-48d5-a06b-10fb90171ee0,601636,cashflow_sheet_report,2014-09-30,2014-10-24,2026-07-27,False,available,data/raw/stock_cash_flow_sheet_by_report_em/run_id=62bbe9df-6ed8-48d5-a06b-10fb90171ee0/symbol=601636/data.parquet,
62bbe9df-6ed8-48d5-a06b-10fb90171ee0,601636,cashflow_sheet_report,2014-06-30,2014-07-25,2026-07-27,False,available,data/raw/stock_cash_flow_sheet_by_report_em/run_id=62bbe9df-6ed8-48d5-a06b-10fb90171ee0/symbol=601636/data.parquet,
62bbe9df-6ed8-48d5-a06b-10fb90171ee0,601636,cashflow_sheet_report,2014-03-31,2014-04-29,2026-07-27,False,available,data/raw/stock_cash_flow_sheet_by_report_em/run_id=62bbe9df-6ed8-48d5-a06b-10fb90171ee0/symbol=601636/data.parquet,
62bbe9df-6ed8-48d5-a06b-10fb90171ee0,601636,cashflow_sheet_report,2013-12-31,2014-03-04,2026-07-27,False,available,data/raw/stock_cash_flow_sheet_by_report_em/run_id=62bbe9df-6ed8-48d5-a06b-10fb90171ee0/symbol=601636/data.parquet,
62bbe9df-6ed8-48d5-a06b-10fb90171ee0,601636,cashflow_sheet_report,2013-09-30,2013-10-25,2026-07-27,False,available,data/raw/stock_cash_flow_sheet_by_report_em/run_id=62bbe9df-6ed8-48d5-a06b-10fb90171ee0/symbol=601636/data.parquet,
62bbe9df-6ed8-48d5-a06b-10fb90171ee0,601636,cashflow_sheet_report,2013-06-30,2013-07-26,2026-07-27,False,available,data/raw/stock_cash_flow_sheet_by_report_em/run_id=62bbe9df-6ed8-48d5-a06b-10fb90171ee0/symbol=601636/data.parquet,
62bbe9df-6ed8-48d5-a06b-10fb90171ee0,601636,cashflow_sheet_report,2013-03-31,2013-04-25,2026-07-27,False,available,data/raw/stock_cash_flow_sheet_by_report_em/run_id=62bbe9df-6ed8-48d5-a06b-10fb90171ee0/symbol=601636/data.parquet,
62bbe9df-6ed8-48d5-a06b-10fb90171ee0,601636,cashflow_sheet_report,2012-12-31,2013-03-16,2026-07-27,False,available,data/raw/stock_cash_flow_sheet_by_report_em/run_id=62bbe9df-6ed8-48d5-a06b-10fb90171ee0/symbol=601636/data.parquet,
62bbe9df-6ed8-48d5-a06b-10fb90171ee0,601636,cashflow_sheet_report,2012-09-30,2012-10-19,2026-07-27,False,available,data/raw/stock_cash_flow_sheet_by_report_em/run_id=62bbe9df-6ed8-48d5-a06b-10fb90171ee0/symbol=601636/data.parquet,
62bbe9df-6ed8-48d5-a06b-10fb90171ee0,601636,cashflow_sheet_report,2012-06-30,2012-08-21,2026-07-27,False,available,data/raw/stock_cash_flow_sheet_by_report_em/run_id=62bbe9df-6ed8-48d5-a06b-10fb90171ee0/symbol=601636/data.parquet,
62bbe9df-6ed8-48d5-a06b-10fb90171ee0,601636,cashflow_sheet_report,2012-03-31,2012-04-20,2026-07-27,False,available,data/raw/stock_cash_flow_sheet_by_report_em/run_id=62bbe9df-6ed8-48d5-a06b-10fb90171ee0/symbol=601636/data.parquet,
62bbe9df-6ed8-48d5-a06b-10fb90171ee0,601636,cashflow_sheet_report,2011-12-31,2012-04-07,2026-07-27,False,available,data/raw/stock_cash_flow_sheet_by_report_em/run_id=62bbe9df-6ed8-48d5-a06b-10fb90171ee0/symbol=601636/data.parquet,
62bbe9df-6ed8-48d5-a06b-10fb90171ee0,601636,cashflow_sheet_report,2011-09-30,2011-10-25,2026-07-27,False,available,data/raw/stock_cash_flow_sheet_by_report_em/run_id=62bbe9df-6ed8-48d5-a06b-10fb90171ee0/symbol=601636/data.parquet,
62bbe9df-6ed8-48d5-a06b-10fb90171ee0,601636,cashflow_sheet_report,2011-06-30,2011-08-23,2026-07-27,False,available,data/raw/stock_cash_flow_sheet_by_report_em/run_id=62bbe9df-6ed8-48d5-a06b-10fb90171ee0/symbol=601636/data.parquet,
62bbe9df-6ed8-48d5-a06b-10fb90171ee0,601636,cashflow_sheet_report,2011-03-31,2012-04-20,2026-07-27,False,available,data/raw/stock_cash_flow_sheet_by_report_em/run_id=62bbe9df-6ed8-48d5-a06b-10fb90171ee0/symbol=601636/data.parquet,
62bbe9df-6ed8-48d5-a06b-10fb90171ee0,601636,cashflow_sheet_report,2010-12-31,2012-04-07,2026-07-27,False,available,data/raw/stock_cash_flow_sheet_by_report_em/run_id=62bbe9df-6ed8-48d5-a06b-10fb90171ee0/symbol=601636/data.parquet,
62bbe9df-6ed8-48d5-a06b-10fb90171ee0,601636,cashflow_sheet_report,2010-09-30,2011-10-25,2026-07-27,False,available,data/raw/stock_cash_flow_sheet_by_report_em/run_id=62bbe9df-6ed8-48d5-a06b-10fb90171ee0/symbol=601636/data.parquet,
62bbe9df-6ed8-48d5-a06b-10fb90171ee0,601636,cashflow_sheet_report,2010-06-30,2011-08-23,2026-07-27,False,available,data/raw/stock_cash_flow_sheet_by_report_em/run_id=62bbe9df-6ed8-48d5-a06b-10fb90171ee0/symbol=601636/data.parquet,
62bbe9df-6ed8-48d5-a06b-10fb90171ee0,601636,cashflow_sheet_report,2009-12-31,2011-07-25,2026-07-27,False,available,data/raw/stock_cash_flow_sheet_by_report_em/run_id=62bbe9df-6ed8-48d5-a06b-10fb90171ee0/symbol=601636/data.parquet,
62bbe9df-6ed8-48d5-a06b-10fb90171ee0,601636,cashflow_sheet_report,2008-12-31,2011-07-25,2026-07-27,False,available,data/raw/stock_cash_flow_sheet_by_report_em/run_id=62bbe9df-6ed8-48d5-a06b-10fb90171ee0/symbol=601636/data.parquet,
62bbe9df-6ed8-48d5-a06b-10fb90171ee0,002129,financial_abstract,,,2026-07-27,False,unavailable,data/raw/stock_financial_abstract/run_id=62bbe9df-6ed8-48d5-a06b-10fb90171ee0/symbol=002129/data.parquet,WARN: report/announcement date could not be paired
62bbe9df-6ed8-48d5-a06b-10fb90171ee0,002129,financial_indicator,,,2026-07-27,False,unavailable,data/raw/stock_financial_analysis_indicator/run_id=62bbe9df-6ed8-48d5-a06b-10fb90171ee0/symbol=002129/data.parquet,WARN: report/announcement date could not be paired
62bbe9df-6ed8-48d5-a06b-10fb90171ee0,002129,balance_sheet_report,2026-03-31,2026-04-28,2026-07-27,False,available,data/raw/stock_balance_sheet_by_report_em/run_id=62bbe9df-6ed8-48d5-a06b-10fb90171ee0/symbol=002129/data.parquet,
62bbe9df-6ed8-48d5-a06b-10fb90171ee0,002129,balance_sheet_report,2025-12-31,2026-03-25,2026-07-27,False,available,data/raw/stock_balance_sheet_by_report_em/run_id=62bbe9df-6ed8-48d5-a06b-10fb90171ee0/symbol=002129/data.parquet,
62bbe9df-6ed8-48d5-a06b-10fb90171ee0,002129,balance_sheet_report,2025-09-30,2025-10-29,2026-07-27,False,available,data/raw/stock_balance_sheet_by_report_em/run_id=62bbe9df-6ed8-48d5-a06b-10fb90171ee0/symbol=002129/data.parquet,
62bbe9df-6ed8-48d5-a06b-10fb90171ee0,002129,balance_sheet_report,2025-06-30,2025-08-23,2026-07-27,False,available,data/raw/stock_balance_sheet_by_report_em/run_id=62bbe9df-6ed8-48d5-a06b-10fb90171ee0/symbol=002129/data.parquet,
62bbe9df-6ed8-48d5-a06b-10fb90171ee0,002129,balance_sheet_report,2025-03-31,2025-04-26,2026-07-27,False,available,data/raw/stock_balance_sheet_by_report_em/run_id=62bbe9df-6ed8-48d5-a06b-10fb90171ee0/symbol=002129/data.parquet,
62bbe9df-6ed8-48d5-a06b-10fb90171ee0,002129,balance_sheet_report,2024-12-31,2025-04-26,2026-07-27,False,available,data/raw/stock_balance_sheet_by_report_em/run_id=62bbe9df-6ed8-48d5-a06b-10fb90171ee0/symbol=002129/data.parquet,
62bbe9df-6ed8-48d5-a06b-10fb90171ee0,002129,balance_sheet_report,2024-09-30,2024-10-29,2026-07-27,False,available,data/raw/stock_balance_sheet_by_report_em/run_id=62bbe9df-6ed8-48d5-a06b-10fb90171ee0/symbol=002129/data.parquet,
62bbe9df-6ed8-48d5-a06b-10fb90171ee0,002129,balance_sheet_report,2024-06-30,2024-08-24,2026-07-27,False,available,data/raw/stock_balance_sheet_by_report_em/run_id=62bbe9df-6ed8-48d5-a06b-10fb90171ee0/symbol=002129/data.parquet,
62bbe9df-6ed8-48d5-a06b-10fb90171ee0,002129,balance_sheet_report,2024-03-31,2024-04-26,2026-07-27,False,available,data/raw/stock_balance_sheet_by_report_em/run_id=62bbe9df-6ed8-48d5-a06b-10fb90171ee0/symbol=002129/data.parquet,
62bbe9df-6ed8-48d5-a06b-10fb90171ee0,002129,balance_sheet_report,2023-12-31,2024-04-26,2026-07-27,False,available,data/raw/stock_balance_sheet_by_report_em/run_id=62bbe9df-6ed8-48d5-a06b-10fb90171ee0/symbol=002129/data.parquet,
62bbe9df-6ed8-48d5-a06b-10fb90171ee0,002129,balance_sheet_report,2023-09-30,2023-10-26,2026-07-27,False,available,data/raw/stock_balance_sheet_by_report_em/run_id=62bbe9df-6ed8-48d5-a06b-10fb90171ee0/symbol=002129/data.parquet,
62bbe9df-6ed8-48d5-a06b-10fb90171ee0,002129,balance_sheet_report,2023-06-30,2023-08-29,2026-07-27,False,available,data/raw/stock_balance_sheet_by_report_em/run_id=62bbe9df-6ed8-48d5-a06b-10fb90171ee0/symbol=002129/data.parquet,
62bbe9df-6ed8-48d5-a06b-10fb90171ee0,002129,balance_sheet_report,2023-03-31,2023-04-28,2026-07-27,False,available,data/raw/stock_balance_sheet_by_report_em/run_id=62bbe9df-6ed8-48d5-a06b-10fb90171ee0/symbol=002129/data.parquet,
62bbe9df-6ed8-48d5-a06b-10fb90171ee0,002129,balance_sheet_report,2022-12-31,2023-03-29,2026-07-27,False,available,data/raw/stock_balance_sheet_by_report_em/run_id=62bbe9df-6ed8-48d5-a06b-10fb90171ee0/symbol=002129/data.parquet,
62bbe9df-6ed8-48d5-a06b-10fb90171ee0,002129,balance_sheet_report,2022-09-30,2022-10-20,2026-07-27,False,available,data/raw/stock_balance_sheet_by_report_em/run_id=62bbe9df-6ed8-48d5-a06b-10fb90171ee0/symbol=002129/data.parquet,
62bbe9df-6ed8-48d5-a06b-10fb90171ee0,002129,balance_sheet_report,2022-06-30,2022-08-25,2026-07-27,False,available,data/raw/stock_balance_sheet_by_report_em/run_id=62bbe9df-6ed8-48d5-a06b-10fb90171ee0/symbol=002129/data.parquet,
62bbe9df-6ed8-48d5-a06b-10fb90171ee0,002129,balance_sheet_report,2022-03-31,2022-04-27,2026-07-27,False,available,data/raw/stock_balance_sheet_by_report_em/run_id=62bbe9df-6ed8-48d5-a06b-10fb90171ee0/symbol=002129/data.parquet,
62bbe9df-6ed8-48d5-a06b-10fb90171ee0,002129,balance_sheet_report,2021-12-31,2022-04-27,2026-07-27,False,available,data/raw/stock_balance_sheet_by_report_em/run_id=62bbe9df-6ed8-48d5-a06b-10fb90171ee0/symbol=002129/data.parquet,
62bbe9df-6ed8-48d5-a06b-10fb90171ee0,002129,balance_sheet_report,2021-09-30,2021-10-26,2026-07-27,False,available,data/raw/stock_balance_sheet_by_report_em/run_id=62bbe9df-6ed8-48d5-a06b-10fb90171ee0/symbol=002129/data.parquet,
62bbe9df-6ed8-48d5-a06b-10fb90171ee0,002129,balance_sheet_report,2021-06-30,2021-08-07,2026-07-27,False,available,data/raw/stock_balance_sheet_by_report_em/run_id=62bbe9df-6ed8-48d5-a06b-10fb90171ee0/symbol=002129/data.parquet,
62bbe9df-6ed8-48d5-a06b-10fb90171ee0,002129,balance_sheet_report,2021-03-31,2021-04-28,2026-07-27,False,available,data/raw/stock_balance_sheet_by_report_em/run_id=62bbe9df-6ed8-48d5-a06b-10fb90171ee0/symbol=002129/data.parquet,
62bbe9df-6ed8-48d5-a06b-10fb90171ee0,002129,balance_sheet_report,2020-12-31,2021-03-11,2026-07-27,False,available,data/raw/stock_balance_sheet_by_report_em/run_id=62bbe9df-6ed8-48d5-a06b-10fb90171ee0/symbol=002129/data.parquet,
62bbe9df-6ed8-48d5-a06b-10fb90171ee0,002129,balance_sheet_report,2020-09-30,2020-10-28,2026-07-27,False,available,data/raw/stock_balance_sheet_by_report_em/run_id=62bbe9df-6ed8-48d5-a06b-10fb90171ee0/symbol=002129/data.parquet,
62bbe9df-6ed8-48d5-a06b-10fb90171ee0,002129,balance_sheet_report,2020-06-30,2020-08-28,2026-07-27,False,available,data/raw/stock_balance_sheet_by_report_em/run_id=62bbe9df-6ed8-48d5-a06b-10fb90171ee0/symbol=002129/data.parquet,
62bbe9df-6ed8-48d5-a06b-10fb90171ee0,002129,balance_sheet_report,2020-03-31,2020-04-29,2026-07-27,False,available,data/raw/stock_balance_sheet_by_report_em/run_id=62bbe9df-6ed8-48d5-a06b-10fb90171ee0/symbol=002129/data.parquet,
62bbe9df-6ed8-48d5-a06b-10fb90171ee0,002129,balance_sheet_report,2019-12-31,2020-03-28,2026-07-27,False,available,data/raw/stock_balance_sheet_by_report_em/run_id=62bbe9df-6ed8-48d5-a06b-10fb90171ee0/symbol=002129/data.parquet,
62bbe9df-6ed8-48d5-a06b-10fb90171ee0,002129,balance_sheet_report,2019-09-30,2019-10-29,2026-07-27,False,available,data/raw/stock_balance_sheet_by_report_em/run_id=62bbe9df-6ed8-48d5-a06b-10fb90171ee0/symbol=002129/data.parquet,
62bbe9df-6ed8-48d5-a06b-10fb90171ee0,002129,balance_sheet_report,2019-06-30,2019-08-22,2026-07-27,False,available,data/raw/stock_balance_sheet_by_report_em/run_id=62bbe9df-6ed8-48d5-a06b-10fb90171ee0/symbol=002129/data.parquet,
62bbe9df-6ed8-48d5-a06b-10fb90171ee0,002129,balance_sheet_report,2019-03-31,2019-04-23,2026-07-27,False,available,data/raw/stock_balance_sheet_by_report_em/run_id=62bbe9df-6ed8-48d5-a06b-10fb90171ee0/symbol=002129/data.parquet,
62bbe9df-6ed8-48d5-a06b-10fb90171ee0,002129,balance_sheet_report,2018-12-31,2019-03-30,2026-07-27,False,available,data/raw/stock_balance_sheet_by_report_em/run_id=62bbe9df-6ed8-48d5-a06b-10fb90171ee0/symbol=002129/data.parquet,
62bbe9df-6ed8-48d5-a06b-10fb90171ee0,002129,balance_sheet_report,2018-09-30,2018-10-29,2026-07-27,False,available,data/raw/stock_balance_sheet_by_report_em/run_id=62bbe9df-6ed8-48d5-a06b-10fb90171ee0/symbol=002129/data.parquet,
62bbe9df-6ed8-48d5-a06b-10fb90171ee0,002129,balance_sheet_report,2018-06-30,2018-08-24,2026-07-27,False,available,data/raw/stock_balance_sheet_by_report_em/run_id=62bbe9df-6ed8-48d5-a06b-10fb90171ee0/symbol=002129/data.parquet,
62bbe9df-6ed8-48d5-a06b-10fb90171ee0,002129,balance_sheet_report,2018-03-31,2018-04-18,2026-07-27,False,available,data/raw/stock_balance_sheet_by_report_em/run_id=62bbe9df-6ed8-48d5-a06b-10fb90171ee0/symbol=002129/data.parquet,
62bbe9df-6ed8-48d5-a06b-10fb90171ee0,002129,balance_sheet_report,2017-12-31,2018-04-18,2026-07-27,False,available,data/raw/stock_balance_sheet_by_report_em/run_id=62bbe9df-6ed8-48d5-a06b-10fb90171ee0/symbol=002129/data.parquet,
62bbe9df-6ed8-48d5-a06b-10fb90171ee0,002129,balance_sheet_report,2017-09-30,2017-10-23,2026-07-27,False,available,data/raw/stock_balance_sheet_by_report_em/run_id=62bbe9df-6ed8-48d5-a06b-10fb90171ee0/symbol=002129/data.parquet,
62bbe9df-6ed8-48d5-a06b-10fb90171ee0,002129,balance_sheet_report,2017-06-30,2017-08-25,2026-07-27,False,available,data/raw/stock_balance_sheet_by_report_em/run_id=62bbe9df-6ed8-48d5-a06b-10fb90171ee0/symbol=002129/data.parquet,
62bbe9df-6ed8-48d5-a06b-10fb90171ee0,002129,balance_sheet_report,2017-03-31,2017-04-22,2026-07-27,False,available,data/raw/stock_balance_sheet_by_report_em/run_id=62bbe9df-6ed8-48d5-a06b-10fb90171ee0/symbol=002129/data.parquet,
62bbe9df-6ed8-48d5-a06b-10fb90171ee0,002129,balance_sheet_report,2016-12-31,2017-04-22,2026-07-27,False,available,data/raw/stock_balance_sheet_by_report_em/run_id=62bbe9df-6ed8-48d5-a06b-10fb90171ee0/symbol=002129/data.parquet,
62bbe9df-6ed8-48d5-a06b-10fb90171ee0,002129,balance_sheet_report,2016-09-30,2016-10-26,2026-07-27,False,available,data/raw/stock_balance_sheet_by_report_em/run_id=62bbe9df-6ed8-48d5-a06b-10fb90171ee0/symbol=002129/data.parquet,
62bbe9df-6ed8-48d5-a06b-10fb90171ee0,002129,balance_sheet_report,2016-06-30,2016-08-18,2026-07-27,False,available,data/raw/stock_balance_sheet_by_report_em/run_id=62bbe9df-6ed8-48d5-a06b-10fb90171ee0/symbol=002129/data.parquet,
62bbe9df-6ed8-48d5-a06b-10fb90171ee0,002129,balance_sheet_report,2016-03-31,2016-04-26,2026-07-27,False,available,data/raw/stock_balance_sheet_by_report_em/run_id=62bbe9df-6ed8-48d5-a06b-10fb90171ee0/symbol=002129/data.parquet,
62bbe9df-6ed8-48d5-a06b-10fb90171ee0,002129,balance_sheet_report,2015-12-31,2016-04-26,2026-07-27,False,available,data/raw/stock_balance_sheet_by_report_em/run_id=62bbe9df-6ed8-48d5-a06b-10fb90171ee0/symbol=002129/data.parquet,
62bbe9df-6ed8-48d5-a06b-10fb90171ee0,002129,balance_sheet_report,2015-09-30,2015-10-29,2026-07-27,False,available,data/raw/stock_balance_sheet_by_report_em/run_id=62bbe9df-6ed8-48d5-a06b-10fb90171ee0/symbol=002129/data.parquet,
62bbe9df-6ed8-48d5-a06b-10fb90171ee0,002129,balance_sheet_report,2015-06-30,2015-08-28,2026-07-27,False,available,data/raw/stock_balance_sheet_by_report_em/run_id=62bbe9df-6ed8-48d5-a06b-10fb90171ee0/symbol=002129/data.parquet,
62bbe9df-6ed8-48d5-a06b-10fb90171ee0,002129,balance_sheet_report,2015-03-31,2015-04-18,2026-07-27,False,available,data/raw/stock_balance_sheet_by_report_em/run_id=62bbe9df-6ed8-48d5-a06b-10fb90171ee0/symbol=002129/data.parquet,
62bbe9df-6ed8-48d5-a06b-10fb90171ee0,002129,balance_sheet_report,2014-12-31,2015-03-25,2026-07-27,False,available,data/raw/stock_balance_sheet_by_report_em/run_id=62bbe9df-6ed8-48d5-a06b-10fb90171ee0/symbol=002129/data.parquet,
62bbe9df-6ed8-48d5-a06b-10fb90171ee0,002129,balance_sheet_report,2014-09-30,2014-10-28,2026-07-27,False,available,data/raw/stock_balance_sheet_by_report_em/run_id=62bbe9df-6ed8-48d5-a06b-10fb90171ee0/symbol=002129/data.parquet,
62bbe9df-6ed8-48d5-a06b-10fb90171ee0,002129,balance_sheet_report,2014-06-30,2014-08-30,2026-07-27,False,available,data/raw/stock_balance_sheet_by_report_em/run_id=62bbe9df-6ed8-48d5-a06b-10fb90171ee0/symbol=002129/data.parquet,
62bbe9df-6ed8-48d5-a06b-10fb90171ee0,002129,balance_sheet_report,2014-03-31,2014-04-26,2026-07-27,False,available,data/raw/stock_balance_sheet_by_report_em/run_id=62bbe9df-6ed8-48d5-a06b-10fb90171ee0/symbol=002129/data.parquet,
62bbe9df-6ed8-48d5-a06b-10fb90171ee0,002129,balance_sheet_report,2013-12-31,2014-03-20,2026-07-27,False,available,data/raw/stock_balance_sheet_by_report_em/run_id=62bbe9df-6ed8-48d5-a06b-10fb90171ee0/symbol=002129/data.parquet,
62bbe9df-6ed8-48d5-a06b-10fb90171ee0,002129,balance_sheet_report,2013-09-30,2013-10-25,2026-07-27,False,available,data/raw/stock_balance_sheet_by_report_em/run_id=62bbe9df-6ed8-48d5-a06b-10fb90171ee0/symbol=002129/data.parquet,
62bbe9df-6ed8-48d5-a06b-10fb90171ee0,002129,balance_sheet_report,2013-06-30,2013-08-16,2026-07-27,False,available,data/raw/stock_balance_sheet_by_report_em/run_id=62bbe9df-6ed8-48d5-a06b-10fb90171ee0/symbol=002129/data.parquet,
62bbe9df-6ed8-48d5-a06b-10fb90171ee0,002129,balance_sheet_report,2013-03-31,2013-04-23,2026-07-27,False,available,data/raw/stock_balance_sheet_by_report_em/run_id=62bbe9df-6ed8-48d5-a06b-10fb90171ee0/symbol=002129/data.parquet,
62bbe9df-6ed8-48d5-a06b-10fb90171ee0,002129,balance_sheet_report,2012-12-31,2013-04-23,2026-07-27,False,available,data/raw/stock_balance_sheet_by_report_em/run_id=62bbe9df-6ed8-48d5-a06b-10fb90171ee0/symbol=002129/data.parquet,
62bbe9df-6ed8-48d5-a06b-10fb90171ee0,002129,balance_sheet_report,2012-09-30,2012-10-25,2026-07-27,False,available,data/raw/stock_balance_sheet_by_report_em/run_id=62bbe9df-6ed8-48d5-a06b-10fb90171ee0/symbol=002129/data.parquet,
62bbe9df-6ed8-48d5-a06b-10fb90171ee0,002129,balance_sheet_report,2012-06-30,2012-08-01,2026-07-27,False,available,data/raw/stock_balance_sheet_by_report_em/run_id=62bbe9df-6ed8-48d5-a06b-10fb90171ee0/symbol=002129/data.parquet,
62bbe9df-6ed8-48d5-a06b-10fb90171ee0,002129,balance_sheet_report,2012-03-31,2012-04-26,2026-07-27,False,available,data/raw/stock_balance_sheet_by_report_em/run_id=62bbe9df-6ed8-48d5-a06b-10fb90171ee0/symbol=002129/data.parquet,
62bbe9df-6ed8-48d5-a06b-10fb90171ee0,002129,balance_sheet_report,2011-12-31,2013-04-23,2026-07-27,False,available,data/raw/stock_balance_sheet_by_report_em/run_id=62bbe9df-6ed8-48d5-a06b-10fb90171ee0/symbol=002129/data.parquet,
62bbe9df-6ed8-48d5-a06b-10fb90171ee0,002129,balance_sheet_report,2011-09-30,2011-10-28,2026-07-27,False,available,data/raw/stock_balance_sheet_by_report_em/run_id=62bbe9df-6ed8-48d5-a06b-10fb90171ee0/symbol=002129/data.parquet,
62bbe9df-6ed8-48d5-a06b-10fb90171ee0,002129,balance_sheet_report,2011-06-30,2011-08-08,2026-07-27,False,available,data/raw/stock_balance_sheet_by_report_em/run_id=62bbe9df-6ed8-48d5-a06b-10fb90171ee0/symbol=002129/data.parquet,
62bbe9df-6ed8-48d5-a06b-10fb90171ee0,002129,balance_sheet_report,2011-03-31,2011-04-19,2026-07-27,False,available,data/raw/stock_balance_sheet_by_report_em/run_id=62bbe9df-6ed8-48d5-a06b-10fb90171ee0/symbol=002129/data.parquet,
62bbe9df-6ed8-48d5-a06b-10fb90171ee0,002129,balance_sheet_report,2010-12-31,2011-03-18,2026-07-27,False,available,data/raw/stock_balance_sheet_by_report_em/run_id=62bbe9df-6ed8-48d5-a06b-10fb90171ee0/symbol=002129/data.parquet,
62bbe9df-6ed8-48d5-a06b-10fb90171ee0,002129,balance_sheet_report,2010-09-30,2010-10-21,2026-07-27,False,available,data/raw/stock_balance_sheet_by_report_em/run_id=62bbe9df-6ed8-48d5-a06b-10fb90171ee0/symbol=002129/data.parquet,
62bbe9df-6ed8-48d5-a06b-10fb90171ee0,002129,balance_sheet_report,2010-06-30,2010-08-11,2026-07-27,False,available,data/raw/stock_balance_sheet_by_report_em/run_id=62bbe9df-6ed8-48d5-a06b-10fb90171ee0/symbol=002129/data.parquet,
62bbe9df-6ed8-48d5-a06b-10fb90171ee0,002129,balance_sheet_report,2010-03-31,2010-04-22,2026-07-27,False,available,data/raw/stock_balance_sheet_by_report_em/run_id=62bbe9df-6ed8-48d5-a06b-10fb90171ee0/symbol=002129/data.parquet,
62bbe9df-6ed8-48d5-a06b-10fb90171ee0,002129,balance_sheet_report,2009-12-31,2011-03-18,2026-07-27,False,available,data/raw/stock_balance_sheet_by_report_em/run_id=62bbe9df-6ed8-48d5-a06b-10fb90171ee0/symbol=002129/data.parquet,
62bbe9df-6ed8-48d5-a06b-10fb90171ee0,002129,balance_sheet_report,2009-09-30,2009-10-23,2026-07-27,False,available,data/raw/stock_balance_sheet_by_report_em/run_id=62bbe9df-6ed8-48d5-a06b-10fb90171ee0/symbol=002129/data.parquet,
62bbe9df-6ed8-48d5-a06b-10fb90171ee0,002129,balance_sheet_report,2009-06-30,2009-08-28,2026-07-27,False,available,data/raw/stock_balance_sheet_by_report_em/run_id=62bbe9df-6ed8-48d5-a06b-10fb90171ee0/symbol=002129/data.parquet,
62bbe9df-6ed8-48d5-a06b-10fb90171ee0,002129,balance_sheet_report,2009-03-31,2009-04-20,2026-07-27,False,available,data/raw/stock_balance_sheet_by_report_em/run_id=62bbe9df-6ed8-48d5-a06b-10fb90171ee0/symbol=002129/data.parquet,
62bbe9df-6ed8-48d5-a06b-10fb90171ee0,002129,balance_sheet_report,2008-12-31,2010-04-09,2026-07-27,False,available,data/raw/stock_balance_sheet_by_report_em/run_id=62bbe9df-6ed8-48d5-a06b-10fb90171ee0/symbol=002129/data.parquet,
62bbe9df-6ed8-48d5-a06b-10fb90171ee0,002129,balance_sheet_report,2008-09-30,2008-10-30,2026-07-27,False,available,data/raw/stock_balance_sheet_by_report_em/run_id=62bbe9df-6ed8-48d5-a06b-10fb90171ee0/symbol=002129/data.parquet,
62bbe9df-6ed8-48d5-a06b-10fb90171ee0,002129,balance_sheet_report,2008-06-30,2008-08-08,2026-07-27,False,available,data/raw/stock_balance_sheet_by_report_em/run_id=62bbe9df-6ed8-48d5-a06b-10fb90171ee0/symbol=002129/data.parquet,
62bbe9df-6ed8-48d5-a06b-10fb90171ee0,002129,balance_sheet_report,2008-03-31,2008-04-18,2026-07-27,False,available,data/raw/stock_balance_sheet_by_report_em/run_id=62bbe9df-6ed8-48d5-a06b-10fb90171ee0/symbol=002129/data.parquet,
62bbe9df-6ed8-48d5-a06b-10fb90171ee0,002129,balance_sheet_report,2007-12-31,2009-03-18,2026-07-27,False,available,data/raw/stock_balance_sheet_by_report_em/run_id=62bbe9df-6ed8-48d5-a06b-10fb90171ee0/symbol=002129/data.parquet,
62bbe9df-6ed8-48d5-a06b-10fb90171ee0,002129,balance_sheet_report,2007-09-30,2007-10-31,2026-07-27,False,available,data/raw/stock_balance_sheet_by_report_em/run_id=62bbe9df-6ed8-48d5-a06b-10fb90171ee0/symbol=002129/data.parquet,
62bbe9df-6ed8-48d5-a06b-10fb90171ee0,002129,balance_sheet_report,2007-06-30,2007-08-29,2026-07-27,False,available,data/raw/stock_balance_sheet_by_report_em/run_id=62bbe9df-6ed8-48d5-a06b-10fb90171ee0/symbol=002129/data.parquet,
62bbe9df-6ed8-48d5-a06b-10fb90171ee0,002129,balance_sheet_report,2007-03-31,2007-04-27,2026-07-27,False,available,data/raw/stock_balance_sheet_by_report_em/run_id=62bbe9df-6ed8-48d5-a06b-10fb90171ee0/symbol=002129/data.parquet,
62bbe9df-6ed8-48d5-a06b-10fb90171ee0,002129,balance_sheet_report,2006-12-31,2008-04-18,2026-07-27,False,available,data/raw/stock_balance_sheet_by_report_em/run_id=62bbe9df-6ed8-48d5-a06b-10fb90171ee0/symbol=002129/data.parquet,
62bbe9df-6ed8-48d5-a06b-10fb90171ee0,002129,balance_sheet_report,2005-12-31,2007-03-29,2026-07-27,False,available,data/raw/stock_balance_sheet_by_report_em/run_id=62bbe9df-6ed8-48d5-a06b-10fb90171ee0/symbol=002129/data.parquet,
62bbe9df-6ed8-48d5-a06b-10fb90171ee0,002129,balance_sheet_report,2004-12-31,2007-03-29,2026-07-27,False,available,data/raw/stock_balance_sheet_by_report_em/run_id=62bbe9df-6ed8-48d5-a06b-10fb90171ee0/symbol=002129/data.parquet,
62bbe9df-6ed8-48d5-a06b-10fb90171ee0,002129,profit_sheet_report,2026-03-31,2026-04-28,2026-07-27,False,available,data/raw/stock_profit_sheet_by_report_em/run_id=62bbe9df-6ed8-48d5-a06b-10fb90171ee0/symbol=002129/data.parquet,
62bbe9df-6ed8-48d5-a06b-10fb90171ee0,002129,profit_sheet_report,2025-12-31,2026-03-25,2026-07-27,False,available,data/raw/stock_profit_sheet_by_report_em/run_id=62bbe9df-6ed8-48d5-a06b-10fb90171ee0/symbol=002129/data.parquet,
62bbe9df-6ed8-48d5-a06b-10fb90171ee0,002129,profit_sheet_report,2025-09-30,2025-10-29,2026-07-27,False,available,data/raw/stock_profit_sheet_by_report_em/run_id=62bbe9df-6ed8-48d5-a06b-10fb90171ee0/symbol=002129/data.parquet,
62bbe9df-6ed8-48d5-a06b-10fb90171ee0,002129,profit_sheet_report,2025-06-30,2025-08-23,2026-07-27,False,available,data/raw/stock_profit_sheet_by_report_em/run_id=62bbe9df-6ed8-48d5-a06b-10fb90171ee0/symbol=002129/data.parquet,
62bbe9df-6ed8-48d5-a06b-10fb90171ee0,002129,profit_sheet_report,2025-03-31,2025-04-26,2026-07-27,False,available,data/raw/stock_profit_sheet_by_report_em/run_id=62bbe9df-6ed8-48d5-a06b-10fb90171ee0/symbol=002129/data.parquet,
62bbe9df-6ed8-48d5-a06b-10fb90171ee0,002129,profit_sheet_report,2024-12-31,2025-04-26,2026-07-27,False,available,data/raw/stock_profit_sheet_by_report_em/run_id=62bbe9df-6ed8-48d5-a06b-10fb90171ee0/symbol=002129/data.parquet,
62bbe9df-6ed8-48d5-a06b-10fb90171ee0,002129,profit_sheet_report,2024-09-30,2024-10-29,2026-07-27,False,available,data/raw/stock_profit_sheet_by_report_em/run_id=62bbe9df-6ed8-48d5-a06b-10fb90171ee0/symbol=002129/data.parquet,
62bbe9df-6ed8-48d5-a06b-10fb90171ee0,002129,profit_sheet_report,2024-06-30,2024-08-24,2026-07-27,False,available,data/raw/stock_profit_sheet_by_report_em/run_id=62bbe9df-6ed8-48d5-a06b-10fb90171ee0/symbol=002129/data.parquet,
62bbe9df-6ed8-48d5-a06b-10fb90171ee0,002129,profit_sheet_report,2024-03-31,2024-04-26,2026-07-27,False,available,data/raw/stock_profit_sheet_by_report_em/run_id=62bbe9df-6ed8-48d5-a06b-10fb90171ee0/symbol=002129/data.parquet,
62bbe9df-6ed8-48d5-a06b-10fb90171ee0,002129,profit_sheet_report,2023-12-31,2024-04-26,2026-07-27,False,available,data/raw/stock_profit_sheet_by_report_em/run_id=62bbe9df-6ed8-48d5-a06b-10fb90171ee0/symbol=002129/data.parquet,
62bbe9df-6ed8-48d5-a06b-10fb90171ee0,002129,profit_sheet_report,2023-09-30,2023-10-26,2026-07-27,False,available,data/raw/stock_profit_sheet_by_report_em/run_id=62bbe9df-6ed8-48d5-a06b-10fb90171ee0/symbol=002129/data.parquet,
62bbe9df-6ed8-48d5-a06b-10fb90171ee0,002129,profit_sheet_report,2023-06-30,2023-08-29,2026-07-27,False,available,data/raw/stock_profit_sheet_by_report_em/run_id=62bbe9df-6ed8-48d5-a06b-10fb90171ee0/symbol=002129/data.parquet,
62bbe9df-6ed8-48d5-a06b-10fb90171ee0,002129,profit_sheet_report,2023-03-31,2023-04-28,2026-07-27,False,available,data/raw/stock_profit_sheet_by_report_em/run_id=62bbe9df-6ed8-48d5-a06b-10fb90171ee0/symbol=002129/data.parquet,
62bbe9df-6ed8-48d5-a06b-10fb90171ee0,002129,profit_sheet_report,2022-12-31,2023-03-29,2026-07-27,False,available,data/raw/stock_profit_sheet_by_report_em/run_id=62bbe9df-6ed8-48d5-a06b-10fb90171ee0/symbol=002129/data.parquet,
62bbe9df-6ed8-48d5-a06b-10fb90171ee0,002129,profit_sheet_report,2022-09-30,2022-10-20,2026-07-27,False,available,data/raw/stock_profit_sheet_by_report_em/run_id=62bbe9df-6ed8-48d5-a06b-10fb90171ee0/symbol=002129/data.parquet,
62bbe9df-6ed8-48d5-a06b-10fb90171ee0,002129,profit_sheet_report,2022-06-30,2022-08-25,2026-07-27,False,available,data/raw/stock_profit_sheet_by_report_em/run_id=62bbe9df-6ed8-48d5-a06b-10fb90171ee0/symbol=002129/data.parquet,
62bbe9df-6ed8-48d5-a06b-10fb90171ee0,002129,profit_sheet_report,2022-03-31,2022-04-27,2026-07-27,False,available,data/raw/stock_profit_sheet_by_report_em/run_id=62bbe9df-6ed8-48d5-a06b-10fb90171ee0/symbol=002129/data.parquet,
62bbe9df-6ed8-48d5-a06b-10fb90171ee0,002129,profit_sheet_report,2021-12-31,2022-04-27,2026-07-27,False,available,data/raw/stock_profit_sheet_by_report_em/run_id=62bbe9df-6ed8-48d5-a06b-10fb90171ee0/symbol=002129/data.parquet,
62bbe9df-6ed8-48d5-a06b-10fb90171ee0,002129,profit_sheet_report,2021-09-30,2021-10-26,2026-07-27,False,available,data/raw/stock_profit_sheet_by_report_em/run_id=62bbe9df-6ed8-48d5-a06b-10fb90171ee0/symbol=002129/data.parquet,
62bbe9df-6ed8-48d5-a06b-10fb90171ee0,002129,profit_sheet_report,2021-06-30,2021-08-07,2026-07-27,False,available,data/raw/stock_profit_sheet_by_report_em/run_id=62bbe9df-6ed8-48d5-a06b-10fb90171ee0/symbol=002129/data.parquet,
62bbe9df-6ed8-48d5-a06b-10fb90171ee0,002129,profit_sheet_report,2021-03-31,2021-04-28,2026-07-27,False,available,data/raw/stock_profit_sheet_by_report_em/run_id=62bbe9df-6ed8-48d5-a06b-10fb90171ee0/symbol=002129/data.parquet,
62bbe9df-6ed8-48d5-a06b-10fb90171ee0,002129,profit_sheet_report,2020-12-31,2021-03-11,2026-07-27,False,available,data/raw/stock_profit_sheet_by_report_em/run_id=62bbe9df-6ed8-48d5-a06b-10fb90171ee0/symbol=002129/data.parquet,
62bbe9df-6ed8-48d5-a06b-10fb90171ee0,002129,profit_sheet_report,2020-09-30,2020-10-28,2026-07-27,False,available,data/raw/stock_profit_sheet_by_report_em/run_id=62bbe9df-6ed8-48d5-a06b-10fb90171ee0/symbol=002129/data.parquet,
62bbe9df-6ed8-48d5-a06b-10fb90171ee0,002129,profit_sheet_report,2020-06-30,2020-08-28,2026-07-27,False,available,data/raw/stock_profit_sheet_by_report_em/run_id=62bbe9df-6ed8-48d5-a06b-10fb90171ee0/symbol=002129/data.parquet,
62bbe9df-6ed8-48d5-a06b-10fb90171ee0,002129,profit_sheet_report,2020-03-31,2020-04-29,2026-07-27,False,available,data/raw/stock_profit_sheet_by_report_em/run_id=62bbe9df-6ed8-48d5-a06b-10fb90171ee0/symbol=002129/data.parquet,
62bbe9df-6ed8-48d5-a06b-10fb90171ee0,002129,profit_sheet_report,2019-12-31,2020-03-28,2026-07-27,False,available,data/raw/stock_profit_sheet_by_report_em/run_id=62bbe9df-6ed8-48d5-a06b-10fb90171ee0/symbol=002129/data.parquet,
62bbe9df-6ed8-48d5-a06b-10fb90171ee0,002129,profit_sheet_report,2019-09-30,2019-10-29,2026-07-27,False,available,data/raw/stock_profit_sheet_by_report_em/run_id=62bbe9df-6ed8-48d5-a06b-10fb90171ee0/symbol=002129/data.parquet,
62bbe9df-6ed8-48d5-a06b-10fb90171ee0,002129,profit_sheet_report,2019-06-30,2019-08-22,2026-07-27,False,available,data/raw/stock_profit_sheet_by_report_em/run_id=62bbe9df-6ed8-48d5-a06b-10fb90171ee0/symbol=002129/data.parquet,
62bbe9df-6ed8-48d5-a06b-10fb90171ee0,002129,profit_sheet_report,2019-03-31,2019-04-23,2026-07-27,False,available,data/raw/stock_profit_sheet_by_report_em/run_id=62bbe9df-6ed8-48d5-a06b-10fb90171ee0/symbol=002129/data.parquet,
62bbe9df-6ed8-48d5-a06b-10fb90171ee0,002129,profit_sheet_report,2018-12-31,2019-03-30,2026-07-27,False,available,data/raw/stock_profit_sheet_by_report_em/run_id=62bbe9df-6ed8-48d5-a06b-10fb90171ee0/symbol=002129/data.parquet,
62bbe9df-6ed8-48d5-a06b-10fb90171ee0,002129,profit_sheet_report,2018-09-30,2018-10-29,2026-07-27,False,available,data/raw/stock_profit_sheet_by_report_em/run_id=62bbe9df-6ed8-48d5-a06b-10fb90171ee0/symbol=002129/data.parquet,
62bbe9df-6ed8-48d5-a06b-10fb90171ee0,002129,profit_sheet_report,2018-06-30,2018-08-24,2026-07-27,False,available,data/raw/stock_profit_sheet_by_report_em/run_id=62bbe9df-6ed8-48d5-a06b-10fb90171ee0/symbol=002129/data.parquet,
62bbe9df-6ed8-48d5-a06b-10fb90171ee0,002129,profit_sheet_report,2018-03-31,2018-04-18,2026-07-27,False,available,data/raw/stock_profit_sheet_by_report_em/run_id=62bbe9df-6ed8-48d5-a06b-10fb90171ee0/symbol=002129/data.parquet,
62bbe9df-6ed8-48d5-a06b-10fb90171ee0,002129,profit_sheet_report,2017-12-31,2018-04-18,2026-07-27,False,available,data/raw/stock_profit_sheet_by_report_em/run_id=62bbe9df-6ed8-48d5-a06b-10fb90171ee0/symbol=002129/data.parquet,
62bbe9df-6ed8-48d5-a06b-10fb90171ee0,002129,profit_sheet_report,2017-09-30,2017-10-23,2026-07-27,False,available,data/raw/stock_profit_sheet_by_report_em/run_id=62bbe9df-6ed8-48d5-a06b-10fb90171ee0/symbol=002129/data.parquet,
62bbe9df-6ed8-48d5-a06b-10fb90171ee0,002129,profit_sheet_report,2017-06-30,2017-08-25,2026-07-27,False,available,data/raw/stock_profit_sheet_by_report_em/run_id=62bbe9df-6ed8-48d5-a06b-10fb90171ee0/symbol=002129/data.parquet,
62bbe9df-6ed8-48d5-a06b-10fb90171ee0,002129,profit_sheet_report,2017-03-31,2017-04-22,2026-07-27,False,available,data/raw/stock_profit_sheet_by_report_em/run_id=62bbe9df-6ed8-48d5-a06b-10fb90171ee0/symbol=002129/data.parquet,
62bbe9df-6ed8-48d5-a06b-10fb90171ee0,002129,profit_sheet_report,2016-12-31,2017-04-08,2026-07-27,False,available,data/raw/stock_profit_sheet_by_report_em/run_id=62bbe9df-6ed8-48d5-a06b-10fb90171ee0/symbol=002129/data.parquet,
62bbe9df-6ed8-48d5-a06b-10fb90171ee0,002129,profit_sheet_report,2016-09-30,2016-10-26,2026-07-27,False,available,data/raw/stock_profit_sheet_by_report_em/run_id=62bbe9df-6ed8-48d5-a06b-10fb90171ee0/symbol=002129/data.parquet,
62bbe9df-6ed8-48d5-a06b-10fb90171ee0,002129,profit_sheet_report,2016-06-30,2016-08-18,2026-07-27,False,available,data/raw/stock_profit_sheet_by_report_em/run_id=62bbe9df-6ed8-48d5-a06b-10fb90171ee0/symbol=002129/data.parquet,
62bbe9df-6ed8-48d5-a06b-10fb90171ee0,002129,profit_sheet_report,2016-03-31,2016-04-26,2026-07-27,False,available,data/raw/stock_profit_sheet_by_report_em/run_id=62bbe9df-6ed8-48d5-a06b-10fb90171ee0/symbol=002129/data.parquet,
62bbe9df-6ed8-48d5-a06b-10fb90171ee0,002129,profit_sheet_report,2015-12-31,2016-04-26,2026-07-27,False,available,data/raw/stock_profit_sheet_by_report_em/run_id=62bbe9df-6ed8-48d5-a06b-10fb90171ee0/symbol=002129/data.parquet,
62bbe9df-6ed8-48d5-a06b-10fb90171ee0,002129,profit_sheet_report,2015-09-30,2015-10-29,2026-07-27,False,available,data/raw/stock_profit_sheet_by_report_em/run_id=62bbe9df-6ed8-48d5-a06b-10fb90171ee0/symbol=002129/data.parquet,
62bbe9df-6ed8-48d5-a06b-10fb90171ee0,002129,profit_sheet_report,2015-06-30,2015-08-28,2026-07-27,False,available,data/raw/stock_profit_sheet_by_report_em/run_id=62bbe9df-6ed8-48d5-a06b-10fb90171ee0/symbol=002129/data.parquet,
62bbe9df-6ed8-48d5-a06b-10fb90171ee0,002129,profit_sheet_report,2015-03-31,2015-04-18,2026-07-27,False,available,data/raw/stock_profit_sheet_by_report_em/run_id=62bbe9df-6ed8-48d5-a06b-10fb90171ee0/symbol=002129/data.parquet,
62bbe9df-6ed8-48d5-a06b-10fb90171ee0,002129,profit_sheet_report,2014-12-31,2015-03-25,2026-07-27,False,available,data/raw/stock_profit_sheet_by_report_em/run_id=62bbe9df-6ed8-48d5-a06b-10fb90171ee0/symbol=002129/data.parquet,
62bbe9df-6ed8-48d5-a06b-10fb90171ee0,002129,profit_sheet_report,2014-09-30,2014-10-28,2026-07-27,False,available,data/raw/stock_profit_sheet_by_report_em/run_id=62bbe9df-6ed8-48d5-a06b-10fb90171ee0/symbol=002129/data.parquet,
62bbe9df-6ed8-48d5-a06b-10fb90171ee0,002129,profit_sheet_report,2014-06-30,2014-08-30,2026-07-27,False,available,data/raw/stock_profit_sheet_by_report_em/run_id=62bbe9df-6ed8-48d5-a06b-10fb90171ee0/symbol=002129/data.parquet,
62bbe9df-6ed8-48d5-a06b-10fb90171ee0,002129,profit_sheet_report,2014-03-31,2014-04-26,2026-07-27,False,available,data/raw/stock_profit_sheet_by_report_em/run_id=62bbe9df-6ed8-48d5-a06b-10fb90171ee0/symbol=002129/data.parquet,
62bbe9df-6ed8-48d5-a06b-10fb90171ee0,002129,profit_sheet_report,2013-12-31,2014-03-20,2026-07-27,False,available,data/raw/stock_profit_sheet_by_report_em/run_id=62bbe9df-6ed8-48d5-a06b-10fb90171ee0/symbol=002129/data.parquet,
62bbe9df-6ed8-48d5-a06b-10fb90171ee0,002129,profit_sheet_report,2013-09-30,2013-10-25,2026-07-27,False,available,data/raw/stock_profit_sheet_by_report_em/run_id=62bbe9df-6ed8-48d5-a06b-10fb90171ee0/symbol=002129/data.parquet,
62bbe9df-6ed8-48d5-a06b-10fb90171ee0,002129,profit_sheet_report,2013-06-30,2013-08-16,2026-07-27,False,available,data/raw/stock_profit_sheet_by_report_em/run_id=62bbe9df-6ed8-48d5-a06b-10fb90171ee0/symbol=002129/data.parquet,
62bbe9df-6ed8-48d5-a06b-10fb90171ee0,002129,profit_sheet_report,2013-03-31,2013-04-23,2026-07-27,False,available,data/raw/stock_profit_sheet_by_report_em/run_id=62bbe9df-6ed8-48d5-a06b-10fb90171ee0/symbol=002129/data.parquet,
62bbe9df-6ed8-48d5-a06b-10fb90171ee0,002129,profit_sheet_report,2012-12-31,2013-04-23,2026-07-27,False,available,data/raw/stock_profit_sheet_by_report_em/run_id=62bbe9df-6ed8-48d5-a06b-10fb90171ee0/symbol=002129/data.parquet,
62bbe9df-6ed8-48d5-a06b-10fb90171ee0,002129,profit_sheet_report,2012-09-30,2013-10-25,2026-07-27,False,available,data/raw/stock_profit_sheet_by_report_em/run_id=62bbe9df-6ed8-48d5-a06b-10fb90171ee0/symbol=002129/data.parquet,
62bbe9df-6ed8-48d5-a06b-10fb90171ee0,002129,profit_sheet_report,2012-06-30,2012-08-01,2026-07-27,False,available,data/raw/stock_profit_sheet_by_report_em/run_id=62bbe9df-6ed8-48d5-a06b-10fb90171ee0/symbol=002129/data.parquet,
62bbe9df-6ed8-48d5-a06b-10fb90171ee0,002129,profit_sheet_report,2012-03-31,2012-04-26,2026-07-27,False,available,data/raw/stock_profit_sheet_by_report_em/run_id=62bbe9df-6ed8-48d5-a06b-10fb90171ee0/symbol=002129/data.parquet,
62bbe9df-6ed8-48d5-a06b-10fb90171ee0,002129,profit_sheet_report,2011-12-31,2013-04-23,2026-07-27,False,available,data/raw/stock_profit_sheet_by_report_em/run_id=62bbe9df-6ed8-48d5-a06b-10fb90171ee0/symbol=002129/data.parquet,
62bbe9df-6ed8-48d5-a06b-10fb90171ee0,002129,profit_sheet_report,2011-09-30,2011-10-28,2026-07-27,False,available,data/raw/stock_profit_sheet_by_report_em/run_id=62bbe9df-6ed8-48d5-a06b-10fb90171ee0/symbol=002129/data.parquet,
62bbe9df-6ed8-48d5-a06b-10fb90171ee0,002129,profit_sheet_report,2011-06-30,2011-08-08,2026-07-27,False,available,data/raw/stock_profit_sheet_by_report_em/run_id=62bbe9df-6ed8-48d5-a06b-10fb90171ee0/symbol=002129/data.parquet,
62bbe9df-6ed8-48d5-a06b-10fb90171ee0,002129,profit_sheet_report,2011-03-31,2011-04-19,2026-07-27,False,available,data/raw/stock_profit_sheet_by_report_em/run_id=62bbe9df-6ed8-48d5-a06b-10fb90171ee0/symbol=002129/data.parquet,
62bbe9df-6ed8-48d5-a06b-10fb90171ee0,002129,profit_sheet_report,2010-12-31,2011-03-18,2026-07-27,False,available,data/raw/stock_profit_sheet_by_report_em/run_id=62bbe9df-6ed8-48d5-a06b-10fb90171ee0/symbol=002129/data.parquet,
62bbe9df-6ed8-48d5-a06b-10fb90171ee0,002129,profit_sheet_report,2010-09-30,2010-10-21,2026-07-27,False,available,data/raw/stock_profit_sheet_by_report_em/run_id=62bbe9df-6ed8-48d5-a06b-10fb90171ee0/symbol=002129/data.parquet,
62bbe9df-6ed8-48d5-a06b-10fb90171ee0,002129,profit_sheet_report,2010-06-30,2010-08-11,2026-07-27,False,available,data/raw/stock_profit_sheet_by_report_em/run_id=62bbe9df-6ed8-48d5-a06b-10fb90171ee0/symbol=002129/data.parquet,
62bbe9df-6ed8-48d5-a06b-10fb90171ee0,002129,profit_sheet_report,2010-03-31,2010-04-22,2026-07-27,False,available,data/raw/stock_profit_sheet_by_report_em/run_id=62bbe9df-6ed8-48d5-a06b-10fb90171ee0/symbol=002129/data.parquet,
62bbe9df-6ed8-48d5-a06b-10fb90171ee0,002129,profit_sheet_report,2009-12-31,2011-03-18,2026-07-27,False,available,data/raw/stock_profit_sheet_by_report_em/run_id=62bbe9df-6ed8-48d5-a06b-10fb90171ee0/symbol=002129/data.parquet,
62bbe9df-6ed8-48d5-a06b-10fb90171ee0,002129,profit_sheet_report,2009-09-30,2010-10-21,2026-07-27,False,available,data/raw/stock_profit_sheet_by_report_em/run_id=62bbe9df-6ed8-48d5-a06b-10fb90171ee0/symbol=002129/data.parquet,
62bbe9df-6ed8-48d5-a06b-10fb90171ee0,002129,profit_sheet_report,2009-06-30,2010-08-11,2026-07-27,False,available,data/raw/stock_profit_sheet_by_report_em/run_id=62bbe9df-6ed8-48d5-a06b-10fb90171ee0/symbol=002129/data.parquet,
62bbe9df-6ed8-48d5-a06b-10fb90171ee0,002129,profit_sheet_report,2009-03-31,2010-04-22,2026-07-27,False,available,data/raw/stock_profit_sheet_by_report_em/run_id=62bbe9df-6ed8-48d5-a06b-10fb90171ee0/symbol=002129/data.parquet,
62bbe9df-6ed8-48d5-a06b-10fb90171ee0,002129,profit_sheet_report,2008-12-31,2010-04-09,2026-07-27,False,available,data/raw/stock_profit_sheet_by_report_em/run_id=62bbe9df-6ed8-48d5-a06b-10fb90171ee0/symbol=002129/data.parquet,
62bbe9df-6ed8-48d5-a06b-10fb90171ee0,002129,profit_sheet_report,2008-09-30,2009-10-23,2026-07-27,False,available,data/raw/stock_profit_sheet_by_report_em/run_id=62bbe9df-6ed8-48d5-a06b-10fb90171ee0/symbol=002129/data.parquet,
62bbe9df-6ed8-48d5-a06b-10fb90171ee0,002129,profit_sheet_report,2008-06-30,2009-08-28,2026-07-27,False,available,data/raw/stock_profit_sheet_by_report_em/run_id=62bbe9df-6ed8-48d5-a06b-10fb90171ee0/symbol=002129/data.parquet,
62bbe9df-6ed8-48d5-a06b-10fb90171ee0,002129,profit_sheet_report,2008-03-31,2009-04-20,2026-07-27,False,available,data/raw/stock_profit_sheet_by_report_em/run_id=62bbe9df-6ed8-48d5-a06b-10fb90171ee0/symbol=002129/data.parquet,
62bbe9df-6ed8-48d5-a06b-10fb90171ee0,002129,profit_sheet_report,2007-12-31,2009-03-18,2026-07-27,False,available,data/raw/stock_profit_sheet_by_report_em/run_id=62bbe9df-6ed8-48d5-a06b-10fb90171ee0/symbol=002129/data.parquet,
62bbe9df-6ed8-48d5-a06b-10fb90171ee0,002129,profit_sheet_report,2007-09-30,2008-10-30,2026-07-27,False,available,data/raw/stock_profit_sheet_by_report_em/run_id=62bbe9df-6ed8-48d5-a06b-10fb90171ee0/symbol=002129/data.parquet,
62bbe9df-6ed8-48d5-a06b-10fb90171ee0,002129,profit_sheet_report,2007-06-30,2008-08-08,2026-07-27,False,available,data/raw/stock_profit_sheet_by_report_em/run_id=62bbe9df-6ed8-48d5-a06b-10fb90171ee0/symbol=002129/data.parquet,
62bbe9df-6ed8-48d5-a06b-10fb90171ee0,002129,profit_sheet_report,2007-03-31,2008-04-18,2026-07-27,False,available,data/raw/stock_profit_sheet_by_report_em/run_id=62bbe9df-6ed8-48d5-a06b-10fb90171ee0/symbol=002129/data.parquet,
62bbe9df-6ed8-48d5-a06b-10fb90171ee0,002129,profit_sheet_report,2006-12-31,2008-04-18,2026-07-27,False,available,data/raw/stock_profit_sheet_by_report_em/run_id=62bbe9df-6ed8-48d5-a06b-10fb90171ee0/symbol=002129/data.parquet,
62bbe9df-6ed8-48d5-a06b-10fb90171ee0,002129,profit_sheet_report,2006-09-30,2007-10-31,2026-07-27,False,available,data/raw/stock_profit_sheet_by_report_em/run_id=62bbe9df-6ed8-48d5-a06b-10fb90171ee0/symbol=002129/data.parquet,
62bbe9df-6ed8-48d5-a06b-10fb90171ee0,002129,profit_sheet_report,2006-06-30,2007-08-29,2026-07-27,False,available,data/raw/stock_profit_sheet_by_report_em/run_id=62bbe9df-6ed8-48d5-a06b-10fb90171ee0/symbol=002129/data.parquet,
62bbe9df-6ed8-48d5-a06b-10fb90171ee0,002129,profit_sheet_report,2006-03-31,2007-04-27,2026-07-27,False,available,data/raw/stock_profit_sheet_by_report_em/run_id=62bbe9df-6ed8-48d5-a06b-10fb90171ee0/symbol=002129/data.parquet,
62bbe9df-6ed8-48d5-a06b-10fb90171ee0,002129,profit_sheet_report,2005-12-31,2007-03-29,2026-07-27,False,available,data/raw/stock_profit_sheet_by_report_em/run_id=62bbe9df-6ed8-48d5-a06b-10fb90171ee0/symbol=002129/data.parquet,
62bbe9df-6ed8-48d5-a06b-10fb90171ee0,002129,profit_sheet_report,2004-12-31,2007-03-29,2026-07-27,False,available,data/raw/stock_profit_sheet_by_report_em/run_id=62bbe9df-6ed8-48d5-a06b-10fb90171ee0/symbol=002129/data.parquet,
62bbe9df-6ed8-48d5-a06b-10fb90171ee0,002129,cashflow_sheet_report,2026-03-31,2026-04-28,2026-07-27,False,available,data/raw/stock_cash_flow_sheet_by_report_em/run_id=62bbe9df-6ed8-48d5-a06b-10fb90171ee0/symbol=002129/data.parquet,
62bbe9df-6ed8-48d5-a06b-10fb90171ee0,002129,cashflow_sheet_report,2025-12-31,2026-03-25,2026-07-27,False,available,data/raw/stock_cash_flow_sheet_by_report_em/run_id=62bbe9df-6ed8-48d5-a06b-10fb90171ee0/symbol=002129/data.parquet,
62bbe9df-6ed8-48d5-a06b-10fb90171ee0,002129,cashflow_sheet_report,2025-09-30,2025-10-29,2026-07-27,False,available,data/raw/stock_cash_flow_sheet_by_report_em/run_id=62bbe9df-6ed8-48d5-a06b-10fb90171ee0/symbol=002129/data.parquet,
62bbe9df-6ed8-48d5-a06b-10fb90171ee0,002129,cashflow_sheet_report,2025-06-30,2025-08-23,2026-07-27,False,available,data/raw/stock_cash_flow_sheet_by_report_em/run_id=62bbe9df-6ed8-48d5-a06b-10fb90171ee0/symbol=002129/data.parquet,
62bbe9df-6ed8-48d5-a06b-10fb90171ee0,002129,cashflow_sheet_report,2025-03-31,2025-04-26,2026-07-27,False,available,data/raw/stock_cash_flow_sheet_by_report_em/run_id=62bbe9df-6ed8-48d5-a06b-10fb90171ee0/symbol=002129/data.parquet,
62bbe9df-6ed8-48d5-a06b-10fb90171ee0,002129,cashflow_sheet_report,2024-12-31,2025-04-26,2026-07-27,False,available,data/raw/stock_cash_flow_sheet_by_report_em/run_id=62bbe9df-6ed8-48d5-a06b-10fb90171ee0/symbol=002129/data.parquet,
62bbe9df-6ed8-48d5-a06b-10fb90171ee0,002129,cashflow_sheet_report,2024-09-30,2024-10-29,2026-07-27,False,available,data/raw/stock_cash_flow_sheet_by_report_em/run_id=62bbe9df-6ed8-48d5-a06b-10fb90171ee0/symbol=002129/data.parquet,
62bbe9df-6ed8-48d5-a06b-10fb90171ee0,002129,cashflow_sheet_report,2024-06-30,2024-08-24,2026-07-27,False,available,data/raw/stock_cash_flow_sheet_by_report_em/run_id=62bbe9df-6ed8-48d5-a06b-10fb90171ee0/symbol=002129/data.parquet,
62bbe9df-6ed8-48d5-a06b-10fb90171ee0,002129,cashflow_sheet_report,2024-03-31,2024-04-26,2026-07-27,False,available,data/raw/stock_cash_flow_sheet_by_report_em/run_id=62bbe9df-6ed8-48d5-a06b-10fb90171ee0/symbol=002129/data.parquet,
62bbe9df-6ed8-48d5-a06b-10fb90171ee0,002129,cashflow_sheet_report,2023-12-31,2024-04-26,2026-07-27,False,available,data/raw/stock_cash_flow_sheet_by_report_em/run_id=62bbe9df-6ed8-48d5-a06b-10fb90171ee0/symbol=002129/data.parquet,
62bbe9df-6ed8-48d5-a06b-10fb90171ee0,002129,cashflow_sheet_report,2023-09-30,2023-10-26,2026-07-27,False,available,data/raw/stock_cash_flow_sheet_by_report_em/run_id=62bbe9df-6ed8-48d5-a06b-10fb90171ee0/symbol=002129/data.parquet,
62bbe9df-6ed8-48d5-a06b-10fb90171ee0,002129,cashflow_sheet_report,2023-06-30,2023-08-29,2026-07-27,False,available,data/raw/stock_cash_flow_sheet_by_report_em/run_id=62bbe9df-6ed8-48d5-a06b-10fb90171ee0/symbol=002129/data.parquet,
62bbe9df-6ed8-48d5-a06b-10fb90171ee0,002129,cashflow_sheet_report,2023-03-31,2023-04-28,2026-07-27,False,available,data/raw/stock_cash_flow_sheet_by_report_em/run_id=62bbe9df-6ed8-48d5-a06b-10fb90171ee0/symbol=002129/data.parquet,
62bbe9df-6ed8-48d5-a06b-10fb90171ee0,002129,cashflow_sheet_report,2022-12-31,2023-03-29,2026-07-27,False,available,data/raw/stock_cash_flow_sheet_by_report_em/run_id=62bbe9df-6ed8-48d5-a06b-10fb90171ee0/symbol=002129/data.parquet,
62bbe9df-6ed8-48d5-a06b-10fb90171ee0,002129,cashflow_sheet_report,2022-09-30,2022-10-20,2026-07-27,False,available,data/raw/stock_cash_flow_sheet_by_report_em/run_id=62bbe9df-6ed8-48d5-a06b-10fb90171ee0/symbol=002129/data.parquet,
62bbe9df-6ed8-48d5-a06b-10fb90171ee0,002129,cashflow_sheet_report,2022-06-30,2022-08-25,2026-07-27,False,available,data/raw/stock_cash_flow_sheet_by_report_em/run_id=62bbe9df-6ed8-48d5-a06b-10fb90171ee0/symbol=002129/data.parquet,
62bbe9df-6ed8-48d5-a06b-10fb90171ee0,002129,cashflow_sheet_report,2022-03-31,2022-04-27,2026-07-27,False,available,data/raw/stock_cash_flow_sheet_by_report_em/run_id=62bbe9df-6ed8-48d5-a06b-10fb90171ee0/symbol=002129/data.parquet,
62bbe9df-6ed8-48d5-a06b-10fb90171ee0,002129,cashflow_sheet_report,2021-12-31,2022-04-27,2026-07-27,False,available,data/raw/stock_cash_flow_sheet_by_report_em/run_id=62bbe9df-6ed8-48d5-a06b-10fb90171ee0/symbol=002129/data.parquet,
62bbe9df-6ed8-48d5-a06b-10fb90171ee0,002129,cashflow_sheet_report,2021-09-30,2021-10-26,2026-07-27,False,available,data/raw/stock_cash_flow_sheet_by_report_em/run_id=62bbe9df-6ed8-48d5-a06b-10fb90171ee0/symbol=002129/data.parquet,
62bbe9df-6ed8-48d5-a06b-10fb90171ee0,002129,cashflow_sheet_report,2021-06-30,2021-08-07,2026-07-27,False,available,data/raw/stock_cash_flow_sheet_by_report_em/run_id=62bbe9df-6ed8-48d5-a06b-10fb90171ee0/symbol=002129/data.parquet,
62bbe9df-6ed8-48d5-a06b-10fb90171ee0,002129,cashflow_sheet_report,2021-03-31,2021-04-28,2026-07-27,False,available,data/raw/stock_cash_flow_sheet_by_report_em/run_id=62bbe9df-6ed8-48d5-a06b-10fb90171ee0/symbol=002129/data.parquet,
62bbe9df-6ed8-48d5-a06b-10fb90171ee0,002129,cashflow_sheet_report,2020-12-31,2021-03-11,2026-07-27,False,available,data/raw/stock_cash_flow_sheet_by_report_em/run_id=62bbe9df-6ed8-48d5-a06b-10fb90171ee0/symbol=002129/data.parquet,
62bbe9df-6ed8-48d5-a06b-10fb90171ee0,002129,cashflow_sheet_report,2020-09-30,2020-10-28,2026-07-27,False,available,data/raw/stock_cash_flow_sheet_by_report_em/run_id=62bbe9df-6ed8-48d5-a06b-10fb90171ee0/symbol=002129/data.parquet,
62bbe9df-6ed8-48d5-a06b-10fb90171ee0,002129,cashflow_sheet_report,2020-06-30,2020-08-28,2026-07-27,False,available,data/raw/stock_cash_flow_sheet_by_report_em/run_id=62bbe9df-6ed8-48d5-a06b-10fb90171ee0/symbol=002129/data.parquet,
62bbe9df-6ed8-48d5-a06b-10fb90171ee0,002129,cashflow_sheet_report,2020-03-31,2020-04-29,2026-07-27,False,available,data/raw/stock_cash_flow_sheet_by_report_em/run_id=62bbe9df-6ed8-48d5-a06b-10fb90171ee0/symbol=002129/data.parquet,
62bbe9df-6ed8-48d5-a06b-10fb90171ee0,002129,cashflow_sheet_report,2019-12-31,2020-03-28,2026-07-27,False,available,data/raw/stock_cash_flow_sheet_by_report_em/run_id=62bbe9df-6ed8-48d5-a06b-10fb90171ee0/symbol=002129/data.parquet,
62bbe9df-6ed8-48d5-a06b-10fb90171ee0,002129,cashflow_sheet_report,2019-09-30,2019-10-29,2026-07-27,False,available,data/raw/stock_cash_flow_sheet_by_report_em/run_id=62bbe9df-6ed8-48d5-a06b-10fb90171ee0/symbol=002129/data.parquet,
62bbe9df-6ed8-48d5-a06b-10fb90171ee0,002129,cashflow_sheet_report,2019-06-30,2019-08-22,2026-07-27,False,available,data/raw/stock_cash_flow_sheet_by_report_em/run_id=62bbe9df-6ed8-48d5-a06b-10fb90171ee0/symbol=002129/data.parquet,
62bbe9df-6ed8-48d5-a06b-10fb90171ee0,002129,cashflow_sheet_report,2019-03-31,2019-04-23,2026-07-27,False,available,data/raw/stock_cash_flow_sheet_by_report_em/run_id=62bbe9df-6ed8-48d5-a06b-10fb90171ee0/symbol=002129/data.parquet,
62bbe9df-6ed8-48d5-a06b-10fb90171ee0,002129,cashflow_sheet_report,2018-12-31,2019-03-30,2026-07-27,False,available,data/raw/stock_cash_flow_sheet_by_report_em/run_id=62bbe9df-6ed8-48d5-a06b-10fb90171ee0/symbol=002129/data.parquet,
62bbe9df-6ed8-48d5-a06b-10fb90171ee0,002129,cashflow_sheet_report,2018-09-30,2018-10-29,2026-07-27,False,available,data/raw/stock_cash_flow_sheet_by_report_em/run_id=62bbe9df-6ed8-48d5-a06b-10fb90171ee0/symbol=002129/data.parquet,
62bbe9df-6ed8-48d5-a06b-10fb90171ee0,002129,cashflow_sheet_report,2018-06-30,2018-08-24,2026-07-27,False,available,data/raw/stock_cash_flow_sheet_by_report_em/run_id=62bbe9df-6ed8-48d5-a06b-10fb90171ee0/symbol=002129/data.parquet,
62bbe9df-6ed8-48d5-a06b-10fb90171ee0,002129,cashflow_sheet_report,2018-03-31,2018-04-18,2026-07-27,False,available,data/raw/stock_cash_flow_sheet_by_report_em/run_id=62bbe9df-6ed8-48d5-a06b-10fb90171ee0/symbol=002129/data.parquet,
62bbe9df-6ed8-48d5-a06b-10fb90171ee0,002129,cashflow_sheet_report,2017-12-31,2018-04-18,2026-07-27,False,available,data/raw/stock_cash_flow_sheet_by_report_em/run_id=62bbe9df-6ed8-48d5-a06b-10fb90171ee0/symbol=002129/data.parquet,
62bbe9df-6ed8-48d5-a06b-10fb90171ee0,002129,cashflow_sheet_report,2017-09-30,2017-10-23,2026-07-27,False,available,data/raw/stock_cash_flow_sheet_by_report_em/run_id=62bbe9df-6ed8-48d5-a06b-10fb90171ee0/symbol=002129/data.parquet,
62bbe9df-6ed8-48d5-a06b-10fb90171ee0,002129,cashflow_sheet_report,2017-06-30,2017-08-25,2026-07-27,False,available,data/raw/stock_cash_flow_sheet_by_report_em/run_id=62bbe9df-6ed8-48d5-a06b-10fb90171ee0/symbol=002129/data.parquet,
62bbe9df-6ed8-48d5-a06b-10fb90171ee0,002129,cashflow_sheet_report,2017-03-31,2017-04-22,2026-07-27,False,available,data/raw/stock_cash_flow_sheet_by_report_em/run_id=62bbe9df-6ed8-48d5-a06b-10fb90171ee0/symbol=002129/data.parquet,
62bbe9df-6ed8-48d5-a06b-10fb90171ee0,002129,cashflow_sheet_report,2016-12-31,2017-04-08,2026-07-27,False,available,data/raw/stock_cash_flow_sheet_by_report_em/run_id=62bbe9df-6ed8-48d5-a06b-10fb90171ee0/symbol=002129/data.parquet,
62bbe9df-6ed8-48d5-a06b-10fb90171ee0,002129,cashflow_sheet_report,2016-09-30,2016-10-26,2026-07-27,False,available,data/raw/stock_cash_flow_sheet_by_report_em/run_id=62bbe9df-6ed8-48d5-a06b-10fb90171ee0/symbol=002129/data.parquet,
62bbe9df-6ed8-48d5-a06b-10fb90171ee0,002129,cashflow_sheet_report,2016-06-30,2016-08-18,2026-07-27,False,available,data/raw/stock_cash_flow_sheet_by_report_em/run_id=62bbe9df-6ed8-48d5-a06b-10fb90171ee0/symbol=002129/data.parquet,
62bbe9df-6ed8-48d5-a06b-10fb90171ee0,002129,cashflow_sheet_report,2016-03-31,2016-04-26,2026-07-27,False,available,data/raw/stock_cash_flow_sheet_by_report_em/run_id=62bbe9df-6ed8-48d5-a06b-10fb90171ee0/symbol=002129/data.parquet,
62bbe9df-6ed8-48d5-a06b-10fb90171ee0,002129,cashflow_sheet_report,2015-12-31,2016-04-26,2026-07-27,False,available,data/raw/stock_cash_flow_sheet_by_report_em/run_id=62bbe9df-6ed8-48d5-a06b-10fb90171ee0/symbol=002129/data.parquet,
62bbe9df-6ed8-48d5-a06b-10fb90171ee0,002129,cashflow_sheet_report,2015-09-30,2015-10-29,2026-07-27,False,available,data/raw/stock_cash_flow_sheet_by_report_em/run_id=62bbe9df-6ed8-48d5-a06b-10fb90171ee0/symbol=002129/data.parquet,
62bbe9df-6ed8-48d5-a06b-10fb90171ee0,002129,cashflow_sheet_report,2015-06-30,2015-08-28,2026-07-27,False,available,data/raw/stock_cash_flow_sheet_by_report_em/run_id=62bbe9df-6ed8-48d5-a06b-10fb90171ee0/symbol=002129/data.parquet,
62bbe9df-6ed8-48d5-a06b-10fb90171ee0,002129,cashflow_sheet_report,2015-03-31,2015-04-18,2026-07-27,False,available,data/raw/stock_cash_flow_sheet_by_report_em/run_id=62bbe9df-6ed8-48d5-a06b-10fb90171ee0/symbol=002129/data.parquet,
62bbe9df-6ed8-48d5-a06b-10fb90171ee0,002129,cashflow_sheet_report,2014-12-31,2015-03-25,2026-07-27,False,available,data/raw/stock_cash_flow_sheet_by_report_em/run_id=62bbe9df-6ed8-48d5-a06b-10fb90171ee0/symbol=002129/data.parquet,
62bbe9df-6ed8-48d5-a06b-10fb90171ee0,002129,cashflow_sheet_report,2014-09-30,2014-10-28,2026-07-27,False,available,data/raw/stock_cash_flow_sheet_by_report_em/run_id=62bbe9df-6ed8-48d5-a06b-10fb90171ee0/symbol=002129/data.parquet,
62bbe9df-6ed8-48d5-a06b-10fb90171ee0,002129,cashflow_sheet_report,2014-06-30,2014-08-30,2026-07-27,False,available,data/raw/stock_cash_flow_sheet_by_report_em/run_id=62bbe9df-6ed8-48d5-a06b-10fb90171ee0/symbol=002129/data.parquet,
62bbe9df-6ed8-48d5-a06b-10fb90171ee0,002129,cashflow_sheet_report,2014-03-31,2014-04-26,2026-07-27,False,available,data/raw/stock_cash_flow_sheet_by_report_em/run_id=62bbe9df-6ed8-48d5-a06b-10fb90171ee0/symbol=002129/data.parquet,
62bbe9df-6ed8-48d5-a06b-10fb90171ee0,002129,cashflow_sheet_report,2013-12-31,2014-03-20,2026-07-27,False,available,data/raw/stock_cash_flow_sheet_by_report_em/run_id=62bbe9df-6ed8-48d5-a06b-10fb90171ee0/symbol=002129/data.parquet,
62bbe9df-6ed8-48d5-a06b-10fb90171ee0,002129,cashflow_sheet_report,2013-09-30,2013-10-25,2026-07-27,False,available,data/raw/stock_cash_flow_sheet_by_report_em/run_id=62bbe9df-6ed8-48d5-a06b-10fb90171ee0/symbol=002129/data.parquet,
62bbe9df-6ed8-48d5-a06b-10fb90171ee0,002129,cashflow_sheet_report,2013-06-30,2013-08-16,2026-07-27,False,available,data/raw/stock_cash_flow_sheet_by_report_em/run_id=62bbe9df-6ed8-48d5-a06b-10fb90171ee0/symbol=002129/data.parquet,
62bbe9df-6ed8-48d5-a06b-10fb90171ee0,002129,cashflow_sheet_report,2013-03-31,2013-04-23,2026-07-27,False,available,data/raw/stock_cash_flow_sheet_by_report_em/run_id=62bbe9df-6ed8-48d5-a06b-10fb90171ee0/symbol=002129/data.parquet,
62bbe9df-6ed8-48d5-a06b-10fb90171ee0,002129,cashflow_sheet_report,2012-12-31,2013-04-23,2026-07-27,False,available,data/raw/stock_cash_flow_sheet_by_report_em/run_id=62bbe9df-6ed8-48d5-a06b-10fb90171ee0/symbol=002129/data.parquet,
62bbe9df-6ed8-48d5-a06b-10fb90171ee0,002129,cashflow_sheet_report,2012-09-30,2013-10-25,2026-07-27,False,available,data/raw/stock_cash_flow_sheet_by_report_em/run_id=62bbe9df-6ed8-48d5-a06b-10fb90171ee0/symbol=002129/data.parquet,
62bbe9df-6ed8-48d5-a06b-10fb90171ee0,002129,cashflow_sheet_report,2012-06-30,2012-08-01,2026-07-27,False,available,data/raw/stock_cash_flow_sheet_by_report_em/run_id=62bbe9df-6ed8-48d5-a06b-10fb90171ee0/symbol=002129/data.parquet,
62bbe9df-6ed8-48d5-a06b-10fb90171ee0,002129,cashflow_sheet_report,2012-03-31,2012-04-26,2026-07-27,False,available,data/raw/stock_cash_flow_sheet_by_report_em/run_id=62bbe9df-6ed8-48d5-a06b-10fb90171ee0/symbol=002129/data.parquet,
62bbe9df-6ed8-48d5-a06b-10fb90171ee0,002129,cashflow_sheet_report,2011-12-31,2013-04-23,2026-07-27,False,available,data/raw/stock_cash_flow_sheet_by_report_em/run_id=62bbe9df-6ed8-48d5-a06b-10fb90171ee0/symbol=002129/data.parquet,
62bbe9df-6ed8-48d5-a06b-10fb90171ee0,002129,cashflow_sheet_report,2011-09-30,2011-10-28,2026-07-27,False,available,data/raw/stock_cash_flow_sheet_by_report_em/run_id=62bbe9df-6ed8-48d5-a06b-10fb90171ee0/symbol=002129/data.parquet,
62bbe9df-6ed8-48d5-a06b-10fb90171ee0,002129,cashflow_sheet_report,2011-06-30,2011-08-08,2026-07-27,False,available,data/raw/stock_cash_flow_sheet_by_report_em/run_id=62bbe9df-6ed8-48d5-a06b-10fb90171ee0/symbol=002129/data.parquet,
62bbe9df-6ed8-48d5-a06b-10fb90171ee0,002129,cashflow_sheet_report,2011-03-31,2011-04-19,2026-07-27,False,available,data/raw/stock_cash_flow_sheet_by_report_em/run_id=62bbe9df-6ed8-48d5-a06b-10fb90171ee0/symbol=002129/data.parquet,
62bbe9df-6ed8-48d5-a06b-10fb90171ee0,002129,cashflow_sheet_report,2010-12-31,2011-03-18,2026-07-27,False,available,data/raw/stock_cash_flow_sheet_by_report_em/run_id=62bbe9df-6ed8-48d5-a06b-10fb90171ee0/symbol=002129/data.parquet,
62bbe9df-6ed8-48d5-a06b-10fb90171ee0,002129,cashflow_sheet_report,2010-09-30,2010-10-21,2026-07-27,False,available,data/raw/stock_cash_flow_sheet_by_report_em/run_id=62bbe9df-6ed8-48d5-a06b-10fb90171ee0/symbol=002129/data.parquet,
62bbe9df-6ed8-48d5-a06b-10fb90171ee0,002129,cashflow_sheet_report,2010-06-30,2010-08-11,2026-07-27,False,available,data/raw/stock_cash_flow_sheet_by_report_em/run_id=62bbe9df-6ed8-48d5-a06b-10fb90171ee0/symbol=002129/data.parquet,
62bbe9df-6ed8-48d5-a06b-10fb90171ee0,002129,cashflow_sheet_report,2010-03-31,2010-04-22,2026-07-27,False,available,data/raw/stock_cash_flow_sheet_by_report_em/run_id=62bbe9df-6ed8-48d5-a06b-10fb90171ee0/symbol=002129/data.parquet,
62bbe9df-6ed8-48d5-a06b-10fb90171ee0,002129,cashflow_sheet_report,2009-12-31,2011-03-18,2026-07-27,False,available,data/raw/stock_cash_flow_sheet_by_report_em/run_id=62bbe9df-6ed8-48d5-a06b-10fb90171ee0/symbol=002129/data.parquet,
62bbe9df-6ed8-48d5-a06b-10fb90171ee0,002129,cashflow_sheet_report,2009-09-30,2010-10-21,2026-07-27,False,available,data/raw/stock_cash_flow_sheet_by_report_em/run_id=62bbe9df-6ed8-48d5-a06b-10fb90171ee0/symbol=002129/data.parquet,
62bbe9df-6ed8-48d5-a06b-10fb90171ee0,002129,cashflow_sheet_report,2009-06-30,2010-08-11,2026-07-27,False,available,data/raw/stock_cash_flow_sheet_by_report_em/run_id=62bbe9df-6ed8-48d5-a06b-10fb90171ee0/symbol=002129/data.parquet,
62bbe9df-6ed8-48d5-a06b-10fb90171ee0,002129,cashflow_sheet_report,2009-03-31,2010-04-22,2026-07-27,False,available,data/raw/stock_cash_flow_sheet_by_report_em/run_id=62bbe9df-6ed8-48d5-a06b-10fb90171ee0/symbol=002129/data.parquet,
62bbe9df-6ed8-48d5-a06b-10fb90171ee0,002129,cashflow_sheet_report,2008-12-31,2010-04-09,2026-07-27,False,available,data/raw/stock_cash_flow_sheet_by_report_em/run_id=62bbe9df-6ed8-48d5-a06b-10fb90171ee0/symbol=002129/data.parquet,
62bbe9df-6ed8-48d5-a06b-10fb90171ee0,002129,cashflow_sheet_report,2008-09-30,2009-10-23,2026-07-27,False,available,data/raw/stock_cash_flow_sheet_by_report_em/run_id=62bbe9df-6ed8-48d5-a06b-10fb90171ee0/symbol=002129/data.parquet,
62bbe9df-6ed8-48d5-a06b-10fb90171ee0,002129,cashflow_sheet_report,2008-06-30,2009-08-28,2026-07-27,False,available,data/raw/stock_cash_flow_sheet_by_report_em/run_id=62bbe9df-6ed8-48d5-a06b-10fb90171ee0/symbol=002129/data.parquet,
62bbe9df-6ed8-48d5-a06b-10fb90171ee0,002129,cashflow_sheet_report,2008-03-31,2009-04-20,2026-07-27,False,available,data/raw/stock_cash_flow_sheet_by_report_em/run_id=62bbe9df-6ed8-48d5-a06b-10fb90171ee0/symbol=002129/data.parquet,
62bbe9df-6ed8-48d5-a06b-10fb90171ee0,002129,cashflow_sheet_report,2007-12-31,2009-03-18,2026-07-27,False,available,data/raw/stock_cash_flow_sheet_by_report_em/run_id=62bbe9df-6ed8-48d5-a06b-10fb90171ee0/symbol=002129/data.parquet,
62bbe9df-6ed8-48d5-a06b-10fb90171ee0,002129,cashflow_sheet_report,2007-09-30,2008-10-30,2026-07-27,False,available,data/raw/stock_cash_flow_sheet_by_report_em/run_id=62bbe9df-6ed8-48d5-a06b-10fb90171ee0/symbol=002129/data.parquet,
62bbe9df-6ed8-48d5-a06b-10fb90171ee0,002129,cashflow_sheet_report,2007-06-30,2008-08-08,2026-07-27,False,available,data/raw/stock_cash_flow_sheet_by_report_em/run_id=62bbe9df-6ed8-48d5-a06b-10fb90171ee0/symbol=002129/data.parquet,
62bbe9df-6ed8-48d5-a06b-10fb90171ee0,002129,cashflow_sheet_report,2007-03-31,2008-04-18,2026-07-27,False,available,data/raw/stock_cash_flow_sheet_by_report_em/run_id=62bbe9df-6ed8-48d5-a06b-10fb90171ee0/symbol=002129/data.parquet,
62bbe9df-6ed8-48d5-a06b-10fb90171ee0,002129,cashflow_sheet_report,2006-12-31,2008-04-18,2026-07-27,False,available,data/raw/stock_cash_flow_sheet_by_report_em/run_id=62bbe9df-6ed8-48d5-a06b-10fb90171ee0/symbol=002129/data.parquet,
62bbe9df-6ed8-48d5-a06b-10fb90171ee0,002129,cashflow_sheet_report,2006-09-30,2007-10-31,2026-07-27,False,available,data/raw/stock_cash_flow_sheet_by_report_em/run_id=62bbe9df-6ed8-48d5-a06b-10fb90171ee0/symbol=002129/data.parquet,
62bbe9df-6ed8-48d5-a06b-10fb90171ee0,002129,cashflow_sheet_report,2006-06-30,2007-08-29,2026-07-27,False,available,data/raw/stock_cash_flow_sheet_by_report_em/run_id=62bbe9df-6ed8-48d5-a06b-10fb90171ee0/symbol=002129/data.parquet,
62bbe9df-6ed8-48d5-a06b-10fb90171ee0,002129,cashflow_sheet_report,2006-03-31,2007-04-27,2026-07-27,False,available,data/raw/stock_cash_flow_sheet_by_report_em/run_id=62bbe9df-6ed8-48d5-a06b-10fb90171ee0/symbol=002129/data.parquet,
62bbe9df-6ed8-48d5-a06b-10fb90171ee0,002129,cashflow_sheet_report,2005-12-31,2007-03-29,2026-07-27,False,available,data/raw/stock_cash_flow_sheet_by_report_em/run_id=62bbe9df-6ed8-48d5-a06b-10fb90171ee0/symbol=002129/data.parquet,
62bbe9df-6ed8-48d5-a06b-10fb90171ee0,002129,cashflow_sheet_report,2004-12-31,2007-03-29,2026-07-27,False,available,data/raw/stock_cash_flow_sheet_by_report_em/run_id=62bbe9df-6ed8-48d5-a06b-10fb90171ee0/symbol=002129/data.parquet,
62bbe9df-6ed8-48d5-a06b-10fb90171ee0,000100,financial_abstract,,,2026-07-27,False,unavailable,data/raw/stock_financial_abstract/run_id=62bbe9df-6ed8-48d5-a06b-10fb90171ee0/symbol=000100/data.parquet,WARN: report/announcement date could not be paired
62bbe9df-6ed8-48d5-a06b-10fb90171ee0,000100,financial_indicator,,,2026-07-27,False,unavailable,data/raw/stock_financial_analysis_indicator/run_id=62bbe9df-6ed8-48d5-a06b-10fb90171ee0/symbol=000100/data.parquet,WARN: report/announcement date could not be paired
62bbe9df-6ed8-48d5-a06b-10fb90171ee0,000100,balance_sheet_report,2026-03-31,2026-04-30,2026-07-27,False,available,data/raw/stock_balance_sheet_by_report_em/run_id=62bbe9df-6ed8-48d5-a06b-10fb90171ee0/symbol=000100/data.parquet,
62bbe9df-6ed8-48d5-a06b-10fb90171ee0,000100,balance_sheet_report,2025-12-31,2026-03-28,2026-07-27,False,available,data/raw/stock_balance_sheet_by_report_em/run_id=62bbe9df-6ed8-48d5-a06b-10fb90171ee0/symbol=000100/data.parquet,
62bbe9df-6ed8-48d5-a06b-10fb90171ee0,000100,balance_sheet_report,2025-09-30,2025-10-31,2026-07-27,False,available,data/raw/stock_balance_sheet_by_report_em/run_id=62bbe9df-6ed8-48d5-a06b-10fb90171ee0/symbol=000100/data.parquet,
62bbe9df-6ed8-48d5-a06b-10fb90171ee0,000100,balance_sheet_report,2025-06-30,2025-08-30,2026-07-27,False,available,data/raw/stock_balance_sheet_by_report_em/run_id=62bbe9df-6ed8-48d5-a06b-10fb90171ee0/symbol=000100/data.parquet,
62bbe9df-6ed8-48d5-a06b-10fb90171ee0,000100,balance_sheet_report,2025-03-31,2025-04-29,2026-07-27,False,available,data/raw/stock_balance_sheet_by_report_em/run_id=62bbe9df-6ed8-48d5-a06b-10fb90171ee0/symbol=000100/data.parquet,
62bbe9df-6ed8-48d5-a06b-10fb90171ee0,000100,balance_sheet_report,2024-12-31,2025-04-29,2026-07-27,False,available,data/raw/stock_balance_sheet_by_report_em/run_id=62bbe9df-6ed8-48d5-a06b-10fb90171ee0/symbol=000100/data.parquet,
62bbe9df-6ed8-48d5-a06b-10fb90171ee0,000100,balance_sheet_report,2024-09-30,2024-10-30,2026-07-27,False,available,data/raw/stock_balance_sheet_by_report_em/run_id=62bbe9df-6ed8-48d5-a06b-10fb90171ee0/symbol=000100/data.parquet,
62bbe9df-6ed8-48d5-a06b-10fb90171ee0,000100,balance_sheet_report,2024-06-30,2024-08-27,2026-07-27,False,available,data/raw/stock_balance_sheet_by_report_em/run_id=62bbe9df-6ed8-48d5-a06b-10fb90171ee0/symbol=000100/data.parquet,
62bbe9df-6ed8-48d5-a06b-10fb90171ee0,000100,balance_sheet_report,2024-03-31,2024-04-30,2026-07-27,False,available,data/raw/stock_balance_sheet_by_report_em/run_id=62bbe9df-6ed8-48d5-a06b-10fb90171ee0/symbol=000100/data.parquet,
62bbe9df-6ed8-48d5-a06b-10fb90171ee0,000100,balance_sheet_report,2023-12-31,2024-04-30,2026-07-27,False,available,data/raw/stock_balance_sheet_by_report_em/run_id=62bbe9df-6ed8-48d5-a06b-10fb90171ee0/symbol=000100/data.parquet,
62bbe9df-6ed8-48d5-a06b-10fb90171ee0,000100,balance_sheet_report,2023-09-30,2023-10-28,2026-07-27,False,available,data/raw/stock_balance_sheet_by_report_em/run_id=62bbe9df-6ed8-48d5-a06b-10fb90171ee0/symbol=000100/data.parquet,
62bbe9df-6ed8-48d5-a06b-10fb90171ee0,000100,balance_sheet_report,2023-06-30,2023-08-30,2026-07-27,False,available,data/raw/stock_balance_sheet_by_report_em/run_id=62bbe9df-6ed8-48d5-a06b-10fb90171ee0/symbol=000100/data.parquet,
62bbe9df-6ed8-48d5-a06b-10fb90171ee0,000100,balance_sheet_report,2023-03-31,2023-04-28,2026-07-27,False,available,data/raw/stock_balance_sheet_by_report_em/run_id=62bbe9df-6ed8-48d5-a06b-10fb90171ee0/symbol=000100/data.parquet,
62bbe9df-6ed8-48d5-a06b-10fb90171ee0,000100,balance_sheet_report,2022-12-31,2023-03-31,2026-07-27,False,available,data/raw/stock_balance_sheet_by_report_em/run_id=62bbe9df-6ed8-48d5-a06b-10fb90171ee0/symbol=000100/data.parquet,
62bbe9df-6ed8-48d5-a06b-10fb90171ee0,000100,balance_sheet_report,2022-09-30,2022-10-25,2026-07-27,False,available,data/raw/stock_balance_sheet_by_report_em/run_id=62bbe9df-6ed8-48d5-a06b-10fb90171ee0/symbol=000100/data.parquet,
62bbe9df-6ed8-48d5-a06b-10fb90171ee0,000100,balance_sheet_report,2022-06-30,2022-08-27,2026-07-27,False,available,data/raw/stock_balance_sheet_by_report_em/run_id=62bbe9df-6ed8-48d5-a06b-10fb90171ee0/symbol=000100/data.parquet,
62bbe9df-6ed8-48d5-a06b-10fb90171ee0,000100,balance_sheet_report,2022-03-31,2022-04-28,2026-07-27,False,available,data/raw/stock_balance_sheet_by_report_em/run_id=62bbe9df-6ed8-48d5-a06b-10fb90171ee0/symbol=000100/data.parquet,
62bbe9df-6ed8-48d5-a06b-10fb90171ee0,000100,balance_sheet_report,2021-12-31,2022-04-28,2026-07-27,False,available,data/raw/stock_balance_sheet_by_report_em/run_id=62bbe9df-6ed8-48d5-a06b-10fb90171ee0/symbol=000100/data.parquet,
62bbe9df-6ed8-48d5-a06b-10fb90171ee0,000100,balance_sheet_report,2021-09-30,2021-10-27,2026-07-27,False,available,data/raw/stock_balance_sheet_by_report_em/run_id=62bbe9df-6ed8-48d5-a06b-10fb90171ee0/symbol=000100/data.parquet,
62bbe9df-6ed8-48d5-a06b-10fb90171ee0,000100,balance_sheet_report,2021-06-30,2021-08-10,2026-07-27,False,available,data/raw/stock_balance_sheet_by_report_em/run_id=62bbe9df-6ed8-48d5-a06b-10fb90171ee0/symbol=000100/data.parquet,
62bbe9df-6ed8-48d5-a06b-10fb90171ee0,000100,balance_sheet_report,2021-03-31,2021-04-28,2026-07-27,False,available,data/raw/stock_balance_sheet_by_report_em/run_id=62bbe9df-6ed8-48d5-a06b-10fb90171ee0/symbol=000100/data.parquet,
62bbe9df-6ed8-48d5-a06b-10fb90171ee0,000100,balance_sheet_report,2020-12-31,2021-03-11,2026-07-27,False,available,data/raw/stock_balance_sheet_by_report_em/run_id=62bbe9df-6ed8-48d5-a06b-10fb90171ee0/symbol=000100/data.parquet,
62bbe9df-6ed8-48d5-a06b-10fb90171ee0,000100,balance_sheet_report,2020-09-30,2020-10-29,2026-07-27,False,available,data/raw/stock_balance_sheet_by_report_em/run_id=62bbe9df-6ed8-48d5-a06b-10fb90171ee0/symbol=000100/data.parquet,
62bbe9df-6ed8-48d5-a06b-10fb90171ee0,000100,balance_sheet_report,2020-06-30,2020-08-29,2026-07-27,False,available,data/raw/stock_balance_sheet_by_report_em/run_id=62bbe9df-6ed8-48d5-a06b-10fb90171ee0/symbol=000100/data.parquet,
62bbe9df-6ed8-48d5-a06b-10fb90171ee0,000100,balance_sheet_report,2020-03-31,2020-04-29,2026-07-27,False,available,data/raw/stock_balance_sheet_by_report_em/run_id=62bbe9df-6ed8-48d5-a06b-10fb90171ee0/symbol=000100/data.parquet,
62bbe9df-6ed8-48d5-a06b-10fb90171ee0,000100,balance_sheet_report,2019-12-31,2020-03-31,2026-07-27,False,available,data/raw/stock_balance_sheet_by_report_em/run_id=62bbe9df-6ed8-48d5-a06b-10fb90171ee0/symbol=000100/data.parquet,
62bbe9df-6ed8-48d5-a06b-10fb90171ee0,000100,balance_sheet_report,2019-09-30,2019-10-31,2026-07-27,False,available,data/raw/stock_balance_sheet_by_report_em/run_id=62bbe9df-6ed8-48d5-a06b-10fb90171ee0/symbol=000100/data.parquet,
62bbe9df-6ed8-48d5-a06b-10fb90171ee0,000100,balance_sheet_report,2019-06-30,2019-08-13,2026-07-27,False,available,data/raw/stock_balance_sheet_by_report_em/run_id=62bbe9df-6ed8-48d5-a06b-10fb90171ee0/symbol=000100/data.parquet,
62bbe9df-6ed8-48d5-a06b-10fb90171ee0,000100,balance_sheet_report,2019-03-31,2019-04-24,2026-07-27,False,available,data/raw/stock_balance_sheet_by_report_em/run_id=62bbe9df-6ed8-48d5-a06b-10fb90171ee0/symbol=000100/data.parquet,
62bbe9df-6ed8-48d5-a06b-10fb90171ee0,000100,balance_sheet_report,2018-12-31,2019-03-20,2026-07-27,False,available,data/raw/stock_balance_sheet_by_report_em/run_id=62bbe9df-6ed8-48d5-a06b-10fb90171ee0/symbol=000100/data.parquet,
62bbe9df-6ed8-48d5-a06b-10fb90171ee0,000100,balance_sheet_report,2018-09-30,2018-10-30,2026-07-27,False,available,data/raw/stock_balance_sheet_by_report_em/run_id=62bbe9df-6ed8-48d5-a06b-10fb90171ee0/symbol=000100/data.parquet,
62bbe9df-6ed8-48d5-a06b-10fb90171ee0,000100,balance_sheet_report,2018-06-30,2018-08-29,2026-07-27,False,available,data/raw/stock_balance_sheet_by_report_em/run_id=62bbe9df-6ed8-48d5-a06b-10fb90171ee0/symbol=000100/data.parquet,
62bbe9df-6ed8-48d5-a06b-10fb90171ee0,000100,balance_sheet_report,2018-03-31,2018-04-28,2026-07-27,False,available,data/raw/stock_balance_sheet_by_report_em/run_id=62bbe9df-6ed8-48d5-a06b-10fb90171ee0/symbol=000100/data.parquet,
62bbe9df-6ed8-48d5-a06b-10fb90171ee0,000100,balance_sheet_report,2017-12-31,2018-04-28,2026-07-27,False,available,data/raw/stock_balance_sheet_by_report_em/run_id=62bbe9df-6ed8-48d5-a06b-10fb90171ee0/symbol=000100/data.parquet,
62bbe9df-6ed8-48d5-a06b-10fb90171ee0,000100,balance_sheet_report,2017-09-30,2017-10-26,2026-07-27,False,available,data/raw/stock_balance_sheet_by_report_em/run_id=62bbe9df-6ed8-48d5-a06b-10fb90171ee0/symbol=000100/data.parquet,
62bbe9df-6ed8-48d5-a06b-10fb90171ee0,000100,balance_sheet_report,2017-06-30,2017-08-02,2026-07-27,False,available,data/raw/stock_balance_sheet_by_report_em/run_id=62bbe9df-6ed8-48d5-a06b-10fb90171ee0/symbol=000100/data.parquet,
62bbe9df-6ed8-48d5-a06b-10fb90171ee0,000100,balance_sheet_report,2017-03-31,2017-04-28,2026-07-27,False,available,data/raw/stock_balance_sheet_by_report_em/run_id=62bbe9df-6ed8-48d5-a06b-10fb90171ee0/symbol=000100/data.parquet,
62bbe9df-6ed8-48d5-a06b-10fb90171ee0,000100,balance_sheet_report,2016-12-31,2017-04-28,2026-07-27,False,available,data/raw/stock_balance_sheet_by_report_em/run_id=62bbe9df-6ed8-48d5-a06b-10fb90171ee0/symbol=000100/data.parquet,
62bbe9df-6ed8-48d5-a06b-10fb90171ee0,000100,balance_sheet_report,2016-09-30,2016-10-26,2026-07-27,False,available,data/raw/stock_balance_sheet_by_report_em/run_id=62bbe9df-6ed8-48d5-a06b-10fb90171ee0/symbol=000100/data.parquet,
62bbe9df-6ed8-48d5-a06b-10fb90171ee0,000100,balance_sheet_report,2016-06-30,2016-08-24,2026-07-27,False,available,data/raw/stock_balance_sheet_by_report_em/run_id=62bbe9df-6ed8-48d5-a06b-10fb90171ee0/symbol=000100/data.parquet,
62bbe9df-6ed8-48d5-a06b-10fb90171ee0,000100,balance_sheet_report,2016-03-31,2016-04-21,2026-07-27,False,available,data/raw/stock_balance_sheet_by_report_em/run_id=62bbe9df-6ed8-48d5-a06b-10fb90171ee0/symbol=000100/data.parquet,
62bbe9df-6ed8-48d5-a06b-10fb90171ee0,000100,balance_sheet_report,2015-12-31,2016-03-29,2026-07-27,False,available,data/raw/stock_balance_sheet_by_report_em/run_id=62bbe9df-6ed8-48d5-a06b-10fb90171ee0/symbol=000100/data.parquet,
62bbe9df-6ed8-48d5-a06b-10fb90171ee0,000100,balance_sheet_report,2015-09-30,2015-10-22,2026-07-27,False,available,data/raw/stock_balance_sheet_by_report_em/run_id=62bbe9df-6ed8-48d5-a06b-10fb90171ee0/symbol=000100/data.parquet,
62bbe9df-6ed8-48d5-a06b-10fb90171ee0,000100,balance_sheet_report,2015-06-30,2015-08-14,2026-07-27,False,available,data/raw/stock_balance_sheet_by_report_em/run_id=62bbe9df-6ed8-48d5-a06b-10fb90171ee0/symbol=000100/data.parquet,
62bbe9df-6ed8-48d5-a06b-10fb90171ee0,000100,balance_sheet_report,2015-03-31,2015-04-27,2026-07-27,False,available,data/raw/stock_balance_sheet_by_report_em/run_id=62bbe9df-6ed8-48d5-a06b-10fb90171ee0/symbol=000100/data.parquet,
62bbe9df-6ed8-48d5-a06b-10fb90171ee0,000100,balance_sheet_report,2014-12-31,2015-03-03,2026-07-27,False,available,data/raw/stock_balance_sheet_by_report_em/run_id=62bbe9df-6ed8-48d5-a06b-10fb90171ee0/symbol=000100/data.parquet,
62bbe9df-6ed8-48d5-a06b-10fb90171ee0,000100,balance_sheet_report,2014-09-30,2014-10-24,2026-07-27,False,available,data/raw/stock_balance_sheet_by_report_em/run_id=62bbe9df-6ed8-48d5-a06b-10fb90171ee0/symbol=000100/data.parquet,
62bbe9df-6ed8-48d5-a06b-10fb90171ee0,000100,balance_sheet_report,2014-06-30,2014-08-15,2026-07-27,False,available,data/raw/stock_balance_sheet_by_report_em/run_id=62bbe9df-6ed8-48d5-a06b-10fb90171ee0/symbol=000100/data.parquet,
62bbe9df-6ed8-48d5-a06b-10fb90171ee0,000100,balance_sheet_report,2014-03-31,2014-04-25,2026-07-27,False,available,data/raw/stock_balance_sheet_by_report_em/run_id=62bbe9df-6ed8-48d5-a06b-10fb90171ee0/symbol=000100/data.parquet,
62bbe9df-6ed8-48d5-a06b-10fb90171ee0,000100,balance_sheet_report,2013-12-31,2014-02-25,2026-07-27,False,available,data/raw/stock_balance_sheet_by_report_em/run_id=62bbe9df-6ed8-48d5-a06b-10fb90171ee0/symbol=000100/data.parquet,
62bbe9df-6ed8-48d5-a06b-10fb90171ee0,000100,balance_sheet_report,2013-09-30,2013-10-25,2026-07-27,False,available,data/raw/stock_balance_sheet_by_report_em/run_id=62bbe9df-6ed8-48d5-a06b-10fb90171ee0/symbol=000100/data.parquet,
62bbe9df-6ed8-48d5-a06b-10fb90171ee0,000100,balance_sheet_report,2013-06-30,2013-08-16,2026-07-27,False,available,data/raw/stock_balance_sheet_by_report_em/run_id=62bbe9df-6ed8-48d5-a06b-10fb90171ee0/symbol=000100/data.parquet,
62bbe9df-6ed8-48d5-a06b-10fb90171ee0,000100,balance_sheet_report,2013-03-31,2013-04-25,2026-07-27,False,available,data/raw/stock_balance_sheet_by_report_em/run_id=62bbe9df-6ed8-48d5-a06b-10fb90171ee0/symbol=000100/data.parquet,
62bbe9df-6ed8-48d5-a06b-10fb90171ee0,000100,balance_sheet_report,2012-12-31,2013-02-27,2026-07-27,False,available,data/raw/stock_balance_sheet_by_report_em/run_id=62bbe9df-6ed8-48d5-a06b-10fb90171ee0/symbol=000100/data.parquet,
62bbe9df-6ed8-48d5-a06b-10fb90171ee0,000100,balance_sheet_report,2012-09-30,2012-10-27,2026-07-27,False,available,data/raw/stock_balance_sheet_by_report_em/run_id=62bbe9df-6ed8-48d5-a06b-10fb90171ee0/symbol=000100/data.parquet,
62bbe9df-6ed8-48d5-a06b-10fb90171ee0,000100,balance_sheet_report,2012-06-30,2012-08-10,2026-07-27,False,available,data/raw/stock_balance_sheet_by_report_em/run_id=62bbe9df-6ed8-48d5-a06b-10fb90171ee0/symbol=000100/data.parquet,
62bbe9df-6ed8-48d5-a06b-10fb90171ee0,000100,balance_sheet_report,2012-03-31,2012-04-27,2026-07-27,False,available,data/raw/stock_balance_sheet_by_report_em/run_id=62bbe9df-6ed8-48d5-a06b-10fb90171ee0/symbol=000100/data.parquet,
62bbe9df-6ed8-48d5-a06b-10fb90171ee0,000100,balance_sheet_report,2011-12-31,2012-02-28,2026-07-27,False,available,data/raw/stock_balance_sheet_by_report_em/run_id=62bbe9df-6ed8-48d5-a06b-10fb90171ee0/symbol=000100/data.parquet,
62bbe9df-6ed8-48d5-a06b-10fb90171ee0,000100,balance_sheet_report,2011-09-30,2011-10-27,2026-07-27,False,available,data/raw/stock_balance_sheet_by_report_em/run_id=62bbe9df-6ed8-48d5-a06b-10fb90171ee0/symbol=000100/data.parquet,
62bbe9df-6ed8-48d5-a06b-10fb90171ee0,000100,balance_sheet_report,2011-06-30,2011-08-09,2026-07-27,False,available,data/raw/stock_balance_sheet_by_report_em/run_id=62bbe9df-6ed8-48d5-a06b-10fb90171ee0/symbol=000100/data.parquet,
62bbe9df-6ed8-48d5-a06b-10fb90171ee0,000100,balance_sheet_report,2011-03-31,2011-04-30,2026-07-27,False,available,data/raw/stock_balance_sheet_by_report_em/run_id=62bbe9df-6ed8-48d5-a06b-10fb90171ee0/symbol=000100/data.parquet,
62bbe9df-6ed8-48d5-a06b-10fb90171ee0,000100,balance_sheet_report,2010-12-31,2011-02-26,2026-07-27,False,available,data/raw/stock_balance_sheet_by_report_em/run_id=62bbe9df-6ed8-48d5-a06b-10fb90171ee0/symbol=000100/data.parquet,
62bbe9df-6ed8-48d5-a06b-10fb90171ee0,000100,balance_sheet_report,2010-09-30,2010-10-30,2026-07-27,False,available,data/raw/stock_balance_sheet_by_report_em/run_id=62bbe9df-6ed8-48d5-a06b-10fb90171ee0/symbol=000100/data.parquet,
62bbe9df-6ed8-48d5-a06b-10fb90171ee0,000100,balance_sheet_report,2010-06-30,2010-08-27,2026-07-27,False,available,data/raw/stock_balance_sheet_by_report_em/run_id=62bbe9df-6ed8-48d5-a06b-10fb90171ee0/symbol=000100/data.parquet,
62bbe9df-6ed8-48d5-a06b-10fb90171ee0,000100,balance_sheet_report,2010-03-31,2010-04-29,2026-07-27,False,available,data/raw/stock_balance_sheet_by_report_em/run_id=62bbe9df-6ed8-48d5-a06b-10fb90171ee0/symbol=000100/data.parquet,
62bbe9df-6ed8-48d5-a06b-10fb90171ee0,000100,balance_sheet_report,2009-12-31,2011-02-26,2026-07-27,False,available,data/raw/stock_balance_sheet_by_report_em/run_id=62bbe9df-6ed8-48d5-a06b-10fb90171ee0/symbol=000100/data.parquet,
62bbe9df-6ed8-48d5-a06b-10fb90171ee0,000100,balance_sheet_report,2009-09-30,2009-10-29,2026-07-27,False,available,data/raw/stock_balance_sheet_by_report_em/run_id=62bbe9df-6ed8-48d5-a06b-10fb90171ee0/symbol=000100/data.parquet,
62bbe9df-6ed8-48d5-a06b-10fb90171ee0,000100,balance_sheet_report,2009-06-30,2009-08-19,2026-07-27,False,available,data/raw/stock_balance_sheet_by_report_em/run_id=62bbe9df-6ed8-48d5-a06b-10fb90171ee0/symbol=000100/data.parquet,
62bbe9df-6ed8-48d5-a06b-10fb90171ee0,000100,balance_sheet_report,2009-03-31,2009-04-25,2026-07-27,False,available,data/raw/stock_balance_sheet_by_report_em/run_id=62bbe9df-6ed8-48d5-a06b-10fb90171ee0/symbol=000100/data.parquet,
62bbe9df-6ed8-48d5-a06b-10fb90171ee0,000100,balance_sheet_report,2008-12-31,2010-03-11,2026-07-27,False,available,data/raw/stock_balance_sheet_by_report_em/run_id=62bbe9df-6ed8-48d5-a06b-10fb90171ee0/symbol=000100/data.parquet,
62bbe9df-6ed8-48d5-a06b-10fb90171ee0,000100,balance_sheet_report,2008-09-30,2008-10-29,2026-07-27,False,available,data/raw/stock_balance_sheet_by_report_em/run_id=62bbe9df-6ed8-48d5-a06b-10fb90171ee0/symbol=000100/data.parquet,
62bbe9df-6ed8-48d5-a06b-10fb90171ee0,000100,balance_sheet_report,2008-06-30,2008-08-21,2026-07-27,False,available,data/raw/stock_balance_sheet_by_report_em/run_id=62bbe9df-6ed8-48d5-a06b-10fb90171ee0/symbol=000100/data.parquet,
62bbe9df-6ed8-48d5-a06b-10fb90171ee0,000100,balance_sheet_report,2008-03-31,2008-04-30,2026-07-27,False,available,data/raw/stock_balance_sheet_by_report_em/run_id=62bbe9df-6ed8-48d5-a06b-10fb90171ee0/symbol=000100/data.parquet,
62bbe9df-6ed8-48d5-a06b-10fb90171ee0,000100,balance_sheet_report,2007-12-31,2008-03-14,2026-07-27,False,available,data/raw/stock_balance_sheet_by_report_em/run_id=62bbe9df-6ed8-48d5-a06b-10fb90171ee0/symbol=000100/data.parquet,
62bbe9df-6ed8-48d5-a06b-10fb90171ee0,000100,balance_sheet_report,2007-09-30,2007-10-30,2026-07-27,False,available,data/raw/stock_balance_sheet_by_report_em/run_id=62bbe9df-6ed8-48d5-a06b-10fb90171ee0/symbol=000100/data.parquet,
62bbe9df-6ed8-48d5-a06b-10fb90171ee0,000100,balance_sheet_report,2007-06-30,2007-08-08,2026-07-27,False,available,data/raw/stock_balance_sheet_by_report_em/run_id=62bbe9df-6ed8-48d5-a06b-10fb90171ee0/symbol=000100/data.parquet,
62bbe9df-6ed8-48d5-a06b-10fb90171ee0,000100,balance_sheet_report,2007-03-31,2007-04-30,2026-07-27,False,available,data/raw/stock_balance_sheet_by_report_em/run_id=62bbe9df-6ed8-48d5-a06b-10fb90171ee0/symbol=000100/data.parquet,
62bbe9df-6ed8-48d5-a06b-10fb90171ee0,000100,balance_sheet_report,2006-12-31,2008-03-14,2026-07-27,False,available,data/raw/stock_balance_sheet_by_report_em/run_id=62bbe9df-6ed8-48d5-a06b-10fb90171ee0/symbol=000100/data.parquet,
62bbe9df-6ed8-48d5-a06b-10fb90171ee0,000100,balance_sheet_report,2006-09-30,2006-10-21,2026-07-27,False,available,data/raw/stock_balance_sheet_by_report_em/run_id=62bbe9df-6ed8-48d5-a06b-10fb90171ee0/symbol=000100/data.parquet,
62bbe9df-6ed8-48d5-a06b-10fb90171ee0,000100,balance_sheet_report,2006-06-30,2006-08-30,2026-07-27,False,available,data/raw/stock_balance_sheet_by_report_em/run_id=62bbe9df-6ed8-48d5-a06b-10fb90171ee0/symbol=000100/data.parquet,
62bbe9df-6ed8-48d5-a06b-10fb90171ee0,000100,balance_sheet_report,2006-03-31,2006-04-28,2026-07-27,False,available,data/raw/stock_balance_sheet_by_report_em/run_id=62bbe9df-6ed8-48d5-a06b-10fb90171ee0/symbol=000100/data.parquet,
62bbe9df-6ed8-48d5-a06b-10fb90171ee0,000100,balance_sheet_report,2005-12-31,2007-04-30,2026-07-27,False,available,data/raw/stock_balance_sheet_by_report_em/run_id=62bbe9df-6ed8-48d5-a06b-10fb90171ee0/symbol=000100/data.parquet,
62bbe9df-6ed8-48d5-a06b-10fb90171ee0,000100,balance_sheet_report,2005-09-30,2005-10-29,2026-07-27,False,available,data/raw/stock_balance_sheet_by_report_em/run_id=62bbe9df-6ed8-48d5-a06b-10fb90171ee0/symbol=000100/data.parquet,
62bbe9df-6ed8-48d5-a06b-10fb90171ee0,000100,balance_sheet_report,2005-06-30,2005-08-31,2026-07-27,False,available,data/raw/stock_balance_sheet_by_report_em/run_id=62bbe9df-6ed8-48d5-a06b-10fb90171ee0/symbol=000100/data.parquet,
62bbe9df-6ed8-48d5-a06b-10fb90171ee0,000100,balance_sheet_report,2005-03-31,2005-04-30,2026-07-27,False,available,data/raw/stock_balance_sheet_by_report_em/run_id=62bbe9df-6ed8-48d5-a06b-10fb90171ee0/symbol=000100/data.parquet,
62bbe9df-6ed8-48d5-a06b-10fb90171ee0,000100,balance_sheet_report,2004-12-31,2006-04-28,2026-07-27,False,available,data/raw/stock_balance_sheet_by_report_em/run_id=62bbe9df-6ed8-48d5-a06b-10fb90171ee0/symbol=000100/data.parquet,
62bbe9df-6ed8-48d5-a06b-10fb90171ee0,000100,balance_sheet_report,2004-09-30,2004-10-29,2026-07-27,False,available,data/raw/stock_balance_sheet_by_report_em/run_id=62bbe9df-6ed8-48d5-a06b-10fb90171ee0/symbol=000100/data.parquet,
62bbe9df-6ed8-48d5-a06b-10fb90171ee0,000100,balance_sheet_report,2004-06-30,2004-08-27,2026-07-27,False,available,data/raw/stock_balance_sheet_by_report_em/run_id=62bbe9df-6ed8-48d5-a06b-10fb90171ee0/symbol=000100/data.parquet,
62bbe9df-6ed8-48d5-a06b-10fb90171ee0,000100,balance_sheet_report,2004-03-31,2004-04-29,2026-07-27,False,available,data/raw/stock_balance_sheet_by_report_em/run_id=62bbe9df-6ed8-48d5-a06b-10fb90171ee0/symbol=000100/data.parquet,
62bbe9df-6ed8-48d5-a06b-10fb90171ee0,000100,balance_sheet_report,2003-12-31,2005-04-19,2026-07-27,False,available,data/raw/stock_balance_sheet_by_report_em/run_id=62bbe9df-6ed8-48d5-a06b-10fb90171ee0/symbol=000100/data.parquet,
62bbe9df-6ed8-48d5-a06b-10fb90171ee0,000100,balance_sheet_report,2003-06-30,2004-01-05,2026-07-27,False,available,data/raw/stock_balance_sheet_by_report_em/run_id=62bbe9df-6ed8-48d5-a06b-10fb90171ee0/symbol=000100/data.parquet,
62bbe9df-6ed8-48d5-a06b-10fb90171ee0,000100,balance_sheet_report,2002-12-31,2004-03-03,2026-07-27,False,available,data/raw/stock_balance_sheet_by_report_em/run_id=62bbe9df-6ed8-48d5-a06b-10fb90171ee0/symbol=000100/data.parquet,
62bbe9df-6ed8-48d5-a06b-10fb90171ee0,000100,balance_sheet_report,2001-12-31,2004-01-05,2026-07-27,False,available,data/raw/stock_balance_sheet_by_report_em/run_id=62bbe9df-6ed8-48d5-a06b-10fb90171ee0/symbol=000100/data.parquet,
62bbe9df-6ed8-48d5-a06b-10fb90171ee0,000100,balance_sheet_report,2000-12-31,2004-01-05,2026-07-27,False,available,data/raw/stock_balance_sheet_by_report_em/run_id=62bbe9df-6ed8-48d5-a06b-10fb90171ee0/symbol=000100/data.parquet,
62bbe9df-6ed8-48d5-a06b-10fb90171ee0,000100,profit_sheet_report,2026-03-31,2026-04-30,2026-07-27,False,available,data/raw/stock_profit_sheet_by_report_em/run_id=62bbe9df-6ed8-48d5-a06b-10fb90171ee0/symbol=000100/data.parquet,
62bbe9df-6ed8-48d5-a06b-10fb90171ee0,000100,profit_sheet_report,2025-12-31,2026-03-28,2026-07-27,False,available,data/raw/stock_profit_sheet_by_report_em/run_id=62bbe9df-6ed8-48d5-a06b-10fb90171ee0/symbol=000100/data.parquet,
62bbe9df-6ed8-48d5-a06b-10fb90171ee0,000100,profit_sheet_report,2025-09-30,2025-10-31,2026-07-27,False,available,data/raw/stock_profit_sheet_by_report_em/run_id=62bbe9df-6ed8-48d5-a06b-10fb90171ee0/symbol=000100/data.parquet,
62bbe9df-6ed8-48d5-a06b-10fb90171ee0,000100,profit_sheet_report,2025-06-30,2025-08-30,2026-07-27,False,available,data/raw/stock_profit_sheet_by_report_em/run_id=62bbe9df-6ed8-48d5-a06b-10fb90171ee0/symbol=000100/data.parquet,
62bbe9df-6ed8-48d5-a06b-10fb90171ee0,000100,profit_sheet_report,2025-03-31,2025-04-29,2026-07-27,False,available,data/raw/stock_profit_sheet_by_report_em/run_id=62bbe9df-6ed8-48d5-a06b-10fb90171ee0/symbol=000100/data.parquet,
62bbe9df-6ed8-48d5-a06b-10fb90171ee0,000100,profit_sheet_report,2024-12-31,2025-04-29,2026-07-27,False,available,data/raw/stock_profit_sheet_by_report_em/run_id=62bbe9df-6ed8-48d5-a06b-10fb90171ee0/symbol=000100/data.parquet,
62bbe9df-6ed8-48d5-a06b-10fb90171ee0,000100,profit_sheet_report,2024-09-30,2024-10-30,2026-07-27,False,available,data/raw/stock_profit_sheet_by_report_em/run_id=62bbe9df-6ed8-48d5-a06b-10fb90171ee0/symbol=000100/data.parquet,
62bbe9df-6ed8-48d5-a06b-10fb90171ee0,000100,profit_sheet_report,2024-06-30,2024-08-27,2026-07-27,False,available,data/raw/stock_profit_sheet_by_report_em/run_id=62bbe9df-6ed8-48d5-a06b-10fb90171ee0/symbol=000100/data.parquet,
62bbe9df-6ed8-48d5-a06b-10fb90171ee0,000100,profit_sheet_report,2024-03-31,2024-04-30,2026-07-27,False,available,data/raw/stock_profit_sheet_by_report_em/run_id=62bbe9df-6ed8-48d5-a06b-10fb90171ee0/symbol=000100/data.parquet,
62bbe9df-6ed8-48d5-a06b-10fb90171ee0,000100,profit_sheet_report,2023-12-31,2024-04-30,2026-07-27,False,available,data/raw/stock_profit_sheet_by_report_em/run_id=62bbe9df-6ed8-48d5-a06b-10fb90171ee0/symbol=000100/data.parquet,
62bbe9df-6ed8-48d5-a06b-10fb90171ee0,000100,profit_sheet_report,2023-09-30,2023-10-28,2026-07-27,False,available,data/raw/stock_profit_sheet_by_report_em/run_id=62bbe9df-6ed8-48d5-a06b-10fb90171ee0/symbol=000100/data.parquet,
62bbe9df-6ed8-48d5-a06b-10fb90171ee0,000100,profit_sheet_report,2023-06-30,2023-08-30,2026-07-27,False,available,data/raw/stock_profit_sheet_by_report_em/run_id=62bbe9df-6ed8-48d5-a06b-10fb90171ee0/symbol=000100/data.parquet,
62bbe9df-6ed8-48d5-a06b-10fb90171ee0,000100,profit_sheet_report,2023-03-31,2023-04-28,2026-07-27,False,available,data/raw/stock_profit_sheet_by_report_em/run_id=62bbe9df-6ed8-48d5-a06b-10fb90171ee0/symbol=000100/data.parquet,
62bbe9df-6ed8-48d5-a06b-10fb90171ee0,000100,profit_sheet_report,2022-12-31,2023-03-31,2026-07-27,False,available,data/raw/stock_profit_sheet_by_report_em/run_id=62bbe9df-6ed8-48d5-a06b-10fb90171ee0/symbol=000100/data.parquet,
62bbe9df-6ed8-48d5-a06b-10fb90171ee0,000100,profit_sheet_report,2022-09-30,2022-10-25,2026-07-27,False,available,data/raw/stock_profit_sheet_by_report_em/run_id=62bbe9df-6ed8-48d5-a06b-10fb90171ee0/symbol=000100/data.parquet,
62bbe9df-6ed8-48d5-a06b-10fb90171ee0,000100,profit_sheet_report,2022-06-30,2022-08-27,2026-07-27,False,available,data/raw/stock_profit_sheet_by_report_em/run_id=62bbe9df-6ed8-48d5-a06b-10fb90171ee0/symbol=000100/data.parquet,
62bbe9df-6ed8-48d5-a06b-10fb90171ee0,000100,profit_sheet_report,2022-03-31,2022-04-28,2026-07-27,False,available,data/raw/stock_profit_sheet_by_report_em/run_id=62bbe9df-6ed8-48d5-a06b-10fb90171ee0/symbol=000100/data.parquet,
62bbe9df-6ed8-48d5-a06b-10fb90171ee0,000100,profit_sheet_report,2021-12-31,2022-04-28,2026-07-27,False,available,data/raw/stock_profit_sheet_by_report_em/run_id=62bbe9df-6ed8-48d5-a06b-10fb90171ee0/symbol=000100/data.parquet,
62bbe9df-6ed8-48d5-a06b-10fb90171ee0,000100,profit_sheet_report,2021-09-30,2021-10-27,2026-07-27,False,available,data/raw/stock_profit_sheet_by_report_em/run_id=62bbe9df-6ed8-48d5-a06b-10fb90171ee0/symbol=000100/data.parquet,
62bbe9df-6ed8-48d5-a06b-10fb90171ee0,000100,profit_sheet_report,2021-06-30,2021-08-10,2026-07-27,False,available,data/raw/stock_profit_sheet_by_report_em/run_id=62bbe9df-6ed8-48d5-a06b-10fb90171ee0/symbol=000100/data.parquet,
62bbe9df-6ed8-48d5-a06b-10fb90171ee0,000100,profit_sheet_report,2021-03-31,2021-04-28,2026-07-27,False,available,data/raw/stock_profit_sheet_by_report_em/run_id=62bbe9df-6ed8-48d5-a06b-10fb90171ee0/symbol=000100/data.parquet,
62bbe9df-6ed8-48d5-a06b-10fb90171ee0,000100,profit_sheet_report,2020-12-31,2021-03-11,2026-07-27,False,available,data/raw/stock_profit_sheet_by_report_em/run_id=62bbe9df-6ed8-48d5-a06b-10fb90171ee0/symbol=000100/data.parquet,
62bbe9df-6ed8-48d5-a06b-10fb90171ee0,000100,profit_sheet_report,2020-09-30,2020-10-29,2026-07-27,False,available,data/raw/stock_profit_sheet_by_report_em/run_id=62bbe9df-6ed8-48d5-a06b-10fb90171ee0/symbol=000100/data.parquet,
62bbe9df-6ed8-48d5-a06b-10fb90171ee0,000100,profit_sheet_report,2020-06-30,2020-08-29,2026-07-27,False,available,data/raw/stock_profit_sheet_by_report_em/run_id=62bbe9df-6ed8-48d5-a06b-10fb90171ee0/symbol=000100/data.parquet,
62bbe9df-6ed8-48d5-a06b-10fb90171ee0,000100,profit_sheet_report,2020-03-31,2020-04-29,2026-07-27,False,available,data/raw/stock_profit_sheet_by_report_em/run_id=62bbe9df-6ed8-48d5-a06b-10fb90171ee0/symbol=000100/data.parquet,
62bbe9df-6ed8-48d5-a06b-10fb90171ee0,000100,profit_sheet_report,2019-12-31,2020-03-31,2026-07-27,False,available,data/raw/stock_profit_sheet_by_report_em/run_id=62bbe9df-6ed8-48d5-a06b-10fb90171ee0/symbol=000100/data.parquet,
62bbe9df-6ed8-48d5-a06b-10fb90171ee0,000100,profit_sheet_report,2019-09-30,2019-10-31,2026-07-27,False,available,data/raw/stock_profit_sheet_by_report_em/run_id=62bbe9df-6ed8-48d5-a06b-10fb90171ee0/symbol=000100/data.parquet,
62bbe9df-6ed8-48d5-a06b-10fb90171ee0,000100,profit_sheet_report,2019-06-30,2019-08-13,2026-07-27,False,available,data/raw/stock_profit_sheet_by_report_em/run_id=62bbe9df-6ed8-48d5-a06b-10fb90171ee0/symbol=000100/data.parquet,
62bbe9df-6ed8-48d5-a06b-10fb90171ee0,000100,profit_sheet_report,2019-03-31,2019-04-24,2026-07-27,False,available,data/raw/stock_profit_sheet_by_report_em/run_id=62bbe9df-6ed8-48d5-a06b-10fb90171ee0/symbol=000100/data.parquet,
62bbe9df-6ed8-48d5-a06b-10fb90171ee0,000100,profit_sheet_report,2018-12-31,2019-03-20,2026-07-27,False,available,data/raw/stock_profit_sheet_by_report_em/run_id=62bbe9df-6ed8-48d5-a06b-10fb90171ee0/symbol=000100/data.parquet,
62bbe9df-6ed8-48d5-a06b-10fb90171ee0,000100,profit_sheet_report,2018-09-30,2018-10-30,2026-07-27,False,available,data/raw/stock_profit_sheet_by_report_em/run_id=62bbe9df-6ed8-48d5-a06b-10fb90171ee0/symbol=000100/data.parquet,
62bbe9df-6ed8-48d5-a06b-10fb90171ee0,000100,profit_sheet_report,2018-06-30,2018-08-29,2026-07-27,False,available,data/raw/stock_profit_sheet_by_report_em/run_id=62bbe9df-6ed8-48d5-a06b-10fb90171ee0/symbol=000100/data.parquet,
62bbe9df-6ed8-48d5-a06b-10fb90171ee0,000100,profit_sheet_report,2018-03-31,2018-04-28,2026-07-27,False,available,data/raw/stock_profit_sheet_by_report_em/run_id=62bbe9df-6ed8-48d5-a06b-10fb90171ee0/symbol=000100/data.parquet,
62bbe9df-6ed8-48d5-a06b-10fb90171ee0,000100,profit_sheet_report,2017-12-31,2018-04-28,2026-07-27,False,available,data/raw/stock_profit_sheet_by_report_em/run_id=62bbe9df-6ed8-48d5-a06b-10fb90171ee0/symbol=000100/data.parquet,
62bbe9df-6ed8-48d5-a06b-10fb90171ee0,000100,profit_sheet_report,2017-09-30,2017-10-26,2026-07-27,False,available,data/raw/stock_profit_sheet_by_report_em/run_id=62bbe9df-6ed8-48d5-a06b-10fb90171ee0/symbol=000100/data.parquet,
62bbe9df-6ed8-48d5-a06b-10fb90171ee0,000100,profit_sheet_report,2017-06-30,2017-08-02,2026-07-27,False,available,data/raw/stock_profit_sheet_by_report_em/run_id=62bbe9df-6ed8-48d5-a06b-10fb90171ee0/symbol=000100/data.parquet,
62bbe9df-6ed8-48d5-a06b-10fb90171ee0,000100,profit_sheet_report,2017-03-31,2017-04-28,2026-07-27,False,available,data/raw/stock_profit_sheet_by_report_em/run_id=62bbe9df-6ed8-48d5-a06b-10fb90171ee0/symbol=000100/data.parquet,
62bbe9df-6ed8-48d5-a06b-10fb90171ee0,000100,profit_sheet_report,2016-12-31,2017-04-28,2026-07-27,False,available,data/raw/stock_profit_sheet_by_report_em/run_id=62bbe9df-6ed8-48d5-a06b-10fb90171ee0/symbol=000100/data.parquet,
62bbe9df-6ed8-48d5-a06b-10fb90171ee0,000100,profit_sheet_report,2016-09-30,2016-10-26,2026-07-27,False,available,data/raw/stock_profit_sheet_by_report_em/run_id=62bbe9df-6ed8-48d5-a06b-10fb90171ee0/symbol=000100/data.parquet,
62bbe9df-6ed8-48d5-a06b-10fb90171ee0,000100,profit_sheet_report,2016-06-30,2016-08-24,2026-07-27,False,available,data/raw/stock_profit_sheet_by_report_em/run_id=62bbe9df-6ed8-48d5-a06b-10fb90171ee0/symbol=000100/data.parquet,
62bbe9df-6ed8-48d5-a06b-10fb90171ee0,000100,profit_sheet_report,2016-03-31,2016-04-21,2026-07-27,False,available,data/raw/stock_profit_sheet_by_report_em/run_id=62bbe9df-6ed8-48d5-a06b-10fb90171ee0/symbol=000100/data.parquet,
62bbe9df-6ed8-48d5-a06b-10fb90171ee0,000100,profit_sheet_report,2015-12-31,2016-03-29,2026-07-27,False,available,data/raw/stock_profit_sheet_by_report_em/run_id=62bbe9df-6ed8-48d5-a06b-10fb90171ee0/symbol=000100/data.parquet,
62bbe9df-6ed8-48d5-a06b-10fb90171ee0,000100,profit_sheet_report,2015-09-30,2015-10-22,2026-07-27,False,available,data/raw/stock_profit_sheet_by_report_em/run_id=62bbe9df-6ed8-48d5-a06b-10fb90171ee0/symbol=000100/data.parquet,
62bbe9df-6ed8-48d5-a06b-10fb90171ee0,000100,profit_sheet_report,2015-06-30,2015-08-14,2026-07-27,False,available,data/raw/stock_profit_sheet_by_report_em/run_id=62bbe9df-6ed8-48d5-a06b-10fb90171ee0/symbol=000100/data.parquet,
62bbe9df-6ed8-48d5-a06b-10fb90171ee0,000100,profit_sheet_report,2015-03-31,2015-04-27,2026-07-27,False,available,data/raw/stock_profit_sheet_by_report_em/run_id=62bbe9df-6ed8-48d5-a06b-10fb90171ee0/symbol=000100/data.parquet,
62bbe9df-6ed8-48d5-a06b-10fb90171ee0,000100,profit_sheet_report,2014-12-31,2015-03-03,2026-07-27,False,available,data/raw/stock_profit_sheet_by_report_em/run_id=62bbe9df-6ed8-48d5-a06b-10fb90171ee0/symbol=000100/data.parquet,
62bbe9df-6ed8-48d5-a06b-10fb90171ee0,000100,profit_sheet_report,2014-09-30,2014-10-24,2026-07-27,False,available,data/raw/stock_profit_sheet_by_report_em/run_id=62bbe9df-6ed8-48d5-a06b-10fb90171ee0/symbol=000100/data.parquet,
62bbe9df-6ed8-48d5-a06b-10fb90171ee0,000100,profit_sheet_report,2014-06-30,2014-08-15,2026-07-27,False,available,data/raw/stock_profit_sheet_by_report_em/run_id=62bbe9df-6ed8-48d5-a06b-10fb90171ee0/symbol=000100/data.parquet,
62bbe9df-6ed8-48d5-a06b-10fb90171ee0,000100,profit_sheet_report,2014-03-31,2014-04-25,2026-07-27,False,available,data/raw/stock_profit_sheet_by_report_em/run_id=62bbe9df-6ed8-48d5-a06b-10fb90171ee0/symbol=000100/data.parquet,
62bbe9df-6ed8-48d5-a06b-10fb90171ee0,000100,profit_sheet_report,2013-12-31,2014-02-25,2026-07-27,False,available,data/raw/stock_profit_sheet_by_report_em/run_id=62bbe9df-6ed8-48d5-a06b-10fb90171ee0/symbol=000100/data.parquet,
62bbe9df-6ed8-48d5-a06b-10fb90171ee0,000100,profit_sheet_report,2013-09-30,2013-10-25,2026-07-27,False,available,data/raw/stock_profit_sheet_by_report_em/run_id=62bbe9df-6ed8-48d5-a06b-10fb90171ee0/symbol=000100/data.parquet,
62bbe9df-6ed8-48d5-a06b-10fb90171ee0,000100,profit_sheet_report,2013-06-30,2013-08-16,2026-07-27,False,available,data/raw/stock_profit_sheet_by_report_em/run_id=62bbe9df-6ed8-48d5-a06b-10fb90171ee0/symbol=000100/data.parquet,
62bbe9df-6ed8-48d5-a06b-10fb90171ee0,000100,profit_sheet_report,2013-03-31,2013-04-25,2026-07-27,False,available,data/raw/stock_profit_sheet_by_report_em/run_id=62bbe9df-6ed8-48d5-a06b-10fb90171ee0/symbol=000100/data.parquet,
62bbe9df-6ed8-48d5-a06b-10fb90171ee0,000100,profit_sheet_report,2012-12-31,2013-02-27,2026-07-27,False,available,data/raw/stock_profit_sheet_by_report_em/run_id=62bbe9df-6ed8-48d5-a06b-10fb90171ee0/symbol=000100/data.parquet,
62bbe9df-6ed8-48d5-a06b-10fb90171ee0,000100,profit_sheet_report,2012-09-30,2012-10-27,2026-07-27,False,available,data/raw/stock_profit_sheet_by_report_em/run_id=62bbe9df-6ed8-48d5-a06b-10fb90171ee0/symbol=000100/data.parquet,
62bbe9df-6ed8-48d5-a06b-10fb90171ee0,000100,profit_sheet_report,2012-06-30,2012-08-10,2026-07-27,False,available,data/raw/stock_profit_sheet_by_report_em/run_id=62bbe9df-6ed8-48d5-a06b-10fb90171ee0/symbol=000100/data.parquet,
62bbe9df-6ed8-48d5-a06b-10fb90171ee0,000100,profit_sheet_report,2012-03-31,2012-04-27,2026-07-27,False,available,data/raw/stock_profit_sheet_by_report_em/run_id=62bbe9df-6ed8-48d5-a06b-10fb90171ee0/symbol=000100/data.parquet,
62bbe9df-6ed8-48d5-a06b-10fb90171ee0,000100,profit_sheet_report,2011-12-31,2012-02-28,2026-07-27,False,available,data/raw/stock_profit_sheet_by_report_em/run_id=62bbe9df-6ed8-48d5-a06b-10fb90171ee0/symbol=000100/data.parquet,
62bbe9df-6ed8-48d5-a06b-10fb90171ee0,000100,profit_sheet_report,2011-09-30,2011-10-27,2026-07-27,False,available,data/raw/stock_profit_sheet_by_report_em/run_id=62bbe9df-6ed8-48d5-a06b-10fb90171ee0/symbol=000100/data.parquet,
62bbe9df-6ed8-48d5-a06b-10fb90171ee0,000100,profit_sheet_report,2011-06-30,2011-08-09,2026-07-27,False,available,data/raw/stock_profit_sheet_by_report_em/run_id=62bbe9df-6ed8-48d5-a06b-10fb90171ee0/symbol=000100/data.parquet,
62bbe9df-6ed8-48d5-a06b-10fb90171ee0,000100,profit_sheet_report,2011-03-31,2011-04-30,2026-07-27,False,available,data/raw/stock_profit_sheet_by_report_em/run_id=62bbe9df-6ed8-48d5-a06b-10fb90171ee0/symbol=000100/data.parquet,
62bbe9df-6ed8-48d5-a06b-10fb90171ee0,000100,profit_sheet_report,2010-12-31,2011-02-26,2026-07-27,False,available,data/raw/stock_profit_sheet_by_report_em/run_id=62bbe9df-6ed8-48d5-a06b-10fb90171ee0/symbol=000100/data.parquet,
62bbe9df-6ed8-48d5-a06b-10fb90171ee0,000100,profit_sheet_report,2010-09-30,2010-10-30,2026-07-27,False,available,data/raw/stock_profit_sheet_by_report_em/run_id=62bbe9df-6ed8-48d5-a06b-10fb90171ee0/symbol=000100/data.parquet,
62bbe9df-6ed8-48d5-a06b-10fb90171ee0,000100,profit_sheet_report,2010-06-30,2010-08-27,2026-07-27,False,available,data/raw/stock_profit_sheet_by_report_em/run_id=62bbe9df-6ed8-48d5-a06b-10fb90171ee0/symbol=000100/data.parquet,
62bbe9df-6ed8-48d5-a06b-10fb90171ee0,000100,profit_sheet_report,2010-03-31,2010-04-29,2026-07-27,False,available,data/raw/stock_profit_sheet_by_report_em/run_id=62bbe9df-6ed8-48d5-a06b-10fb90171ee0/symbol=000100/data.parquet,
62bbe9df-6ed8-48d5-a06b-10fb90171ee0,000100,profit_sheet_report,2009-12-31,2011-02-26,2026-07-27,False,available,data/raw/stock_profit_sheet_by_report_em/run_id=62bbe9df-6ed8-48d5-a06b-10fb90171ee0/symbol=000100/data.parquet,
62bbe9df-6ed8-48d5-a06b-10fb90171ee0,000100,profit_sheet_report,2009-09-30,2010-10-30,2026-07-27,False,available,data/raw/stock_profit_sheet_by_report_em/run_id=62bbe9df-6ed8-48d5-a06b-10fb90171ee0/symbol=000100/data.parquet,
62bbe9df-6ed8-48d5-a06b-10fb90171ee0,000100,profit_sheet_report,2009-06-30,2010-08-27,2026-07-27,False,available,data/raw/stock_profit_sheet_by_report_em/run_id=62bbe9df-6ed8-48d5-a06b-10fb90171ee0/symbol=000100/data.parquet,
62bbe9df-6ed8-48d5-a06b-10fb90171ee0,000100,profit_sheet_report,2009-03-31,2010-04-29,2026-07-27,False,available,data/raw/stock_profit_sheet_by_report_em/run_id=62bbe9df-6ed8-48d5-a06b-10fb90171ee0/symbol=000100/data.parquet,
62bbe9df-6ed8-48d5-a06b-10fb90171ee0,000100,profit_sheet_report,2008-12-31,2010-03-11,2026-07-27,False,available,data/raw/stock_profit_sheet_by_report_em/run_id=62bbe9df-6ed8-48d5-a06b-10fb90171ee0/symbol=000100/data.parquet,
62bbe9df-6ed8-48d5-a06b-10fb90171ee0,000100,profit_sheet_report,2008-09-30,2009-10-29,2026-07-27,False,available,data/raw/stock_profit_sheet_by_report_em/run_id=62bbe9df-6ed8-48d5-a06b-10fb90171ee0/symbol=000100/data.parquet,
62bbe9df-6ed8-48d5-a06b-10fb90171ee0,000100,profit_sheet_report,2008-06-30,2009-08-19,2026-07-27,False,available,data/raw/stock_profit_sheet_by_report_em/run_id=62bbe9df-6ed8-48d5-a06b-10fb90171ee0/symbol=000100/data.parquet,
62bbe9df-6ed8-48d5-a06b-10fb90171ee0,000100,profit_sheet_report,2008-03-31,2009-04-25,2026-07-27,False,available,data/raw/stock_profit_sheet_by_report_em/run_id=62bbe9df-6ed8-48d5-a06b-10fb90171ee0/symbol=000100/data.parquet,
62bbe9df-6ed8-48d5-a06b-10fb90171ee0,000100,profit_sheet_report,2007-12-31,2009-03-26,2026-07-27,False,available,data/raw/stock_profit_sheet_by_report_em/run_id=62bbe9df-6ed8-48d5-a06b-10fb90171ee0/symbol=000100/data.parquet,
62bbe9df-6ed8-48d5-a06b-10fb90171ee0,000100,profit_sheet_report,2007-09-30,2008-10-29,2026-07-27,False,available,data/raw/stock_profit_sheet_by_report_em/run_id=62bbe9df-6ed8-48d5-a06b-10fb90171ee0/symbol=000100/data.parquet,
62bbe9df-6ed8-48d5-a06b-10fb90171ee0,000100,profit_sheet_report,2007-06-30,2008-08-21,2026-07-27,False,available,data/raw/stock_profit_sheet_by_report_em/run_id=62bbe9df-6ed8-48d5-a06b-10fb90171ee0/symbol=000100/data.parquet,
62bbe9df-6ed8-48d5-a06b-10fb90171ee0,000100,profit_sheet_report,2007-03-31,2008-04-30,2026-07-27,False,available,data/raw/stock_profit_sheet_by_report_em/run_id=62bbe9df-6ed8-48d5-a06b-10fb90171ee0/symbol=000100/data.parquet,
62bbe9df-6ed8-48d5-a06b-10fb90171ee0,000100,profit_sheet_report,2006-12-31,2008-03-14,2026-07-27,False,available,data/raw/stock_profit_sheet_by_report_em/run_id=62bbe9df-6ed8-48d5-a06b-10fb90171ee0/symbol=000100/data.parquet,
62bbe9df-6ed8-48d5-a06b-10fb90171ee0,000100,profit_sheet_report,2006-09-30,2007-10-30,2026-07-27,False,available,data/raw/stock_profit_sheet_by_report_em/run_id=62bbe9df-6ed8-48d5-a06b-10fb90171ee0/symbol=000100/data.parquet,
62bbe9df-6ed8-48d5-a06b-10fb90171ee0,000100,profit_sheet_report,2006-06-30,2007-08-08,2026-07-27,False,available,data/raw/stock_profit_sheet_by_report_em/run_id=62bbe9df-6ed8-48d5-a06b-10fb90171ee0/symbol=000100/data.parquet,
62bbe9df-6ed8-48d5-a06b-10fb90171ee0,000100,profit_sheet_report,2006-03-31,2007-04-30,2026-07-27,False,available,data/raw/stock_profit_sheet_by_report_em/run_id=62bbe9df-6ed8-48d5-a06b-10fb90171ee0/symbol=000100/data.parquet,
62bbe9df-6ed8-48d5-a06b-10fb90171ee0,000100,profit_sheet_report,2005-12-31,2007-04-30,2026-07-27,False,available,data/raw/stock_profit_sheet_by_report_em/run_id=62bbe9df-6ed8-48d5-a06b-10fb90171ee0/symbol=000100/data.parquet,
62bbe9df-6ed8-48d5-a06b-10fb90171ee0,000100,profit_sheet_report,2005-09-30,2006-10-21,2026-07-27,False,available,data/raw/stock_profit_sheet_by_report_em/run_id=62bbe9df-6ed8-48d5-a06b-10fb90171ee0/symbol=000100/data.parquet,
62bbe9df-6ed8-48d5-a06b-10fb90171ee0,000100,profit_sheet_report,2005-06-30,2006-08-30,2026-07-27,False,available,data/raw/stock_profit_sheet_by_report_em/run_id=62bbe9df-6ed8-48d5-a06b-10fb90171ee0/symbol=000100/data.parquet,
62bbe9df-6ed8-48d5-a06b-10fb90171ee0,000100,profit_sheet_report,2005-03-31,2006-04-28,2026-07-27,False,available,data/raw/stock_profit_sheet_by_report_em/run_id=62bbe9df-6ed8-48d5-a06b-10fb90171ee0/symbol=000100/data.parquet,
62bbe9df-6ed8-48d5-a06b-10fb90171ee0,000100,profit_sheet_report,2004-12-31,2006-04-28,2026-07-27,False,available,data/raw/stock_profit_sheet_by_report_em/run_id=62bbe9df-6ed8-48d5-a06b-10fb90171ee0/symbol=000100/data.parquet,
62bbe9df-6ed8-48d5-a06b-10fb90171ee0,000100,profit_sheet_report,2004-09-30,2005-10-29,2026-07-27,False,available,data/raw/stock_profit_sheet_by_report_em/run_id=62bbe9df-6ed8-48d5-a06b-10fb90171ee0/symbol=000100/data.parquet,
62bbe9df-6ed8-48d5-a06b-10fb90171ee0,000100,profit_sheet_report,2004-06-30,2005-08-31,2026-07-27,False,available,data/raw/stock_profit_sheet_by_report_em/run_id=62bbe9df-6ed8-48d5-a06b-10fb90171ee0/symbol=000100/data.parquet,
62bbe9df-6ed8-48d5-a06b-10fb90171ee0,000100,profit_sheet_report,2004-03-31,2005-04-30,2026-07-27,False,available,data/raw/stock_profit_sheet_by_report_em/run_id=62bbe9df-6ed8-48d5-a06b-10fb90171ee0/symbol=000100/data.parquet,
62bbe9df-6ed8-48d5-a06b-10fb90171ee0,000100,profit_sheet_report,2003-12-31,2005-04-19,2026-07-27,False,available,data/raw/stock_profit_sheet_by_report_em/run_id=62bbe9df-6ed8-48d5-a06b-10fb90171ee0/symbol=000100/data.parquet,
62bbe9df-6ed8-48d5-a06b-10fb90171ee0,000100,profit_sheet_report,2003-09-30,2004-10-29,2026-07-27,False,available,data/raw/stock_profit_sheet_by_report_em/run_id=62bbe9df-6ed8-48d5-a06b-10fb90171ee0/symbol=000100/data.parquet,
62bbe9df-6ed8-48d5-a06b-10fb90171ee0,000100,profit_sheet_report,2003-06-30,2004-08-27,2026-07-27,False,available,data/raw/stock_profit_sheet_by_report_em/run_id=62bbe9df-6ed8-48d5-a06b-10fb90171ee0/symbol=000100/data.parquet,
62bbe9df-6ed8-48d5-a06b-10fb90171ee0,000100,profit_sheet_report,2003-03-31,2004-04-29,2026-07-27,False,available,data/raw/stock_profit_sheet_by_report_em/run_id=62bbe9df-6ed8-48d5-a06b-10fb90171ee0/symbol=000100/data.parquet,
62bbe9df-6ed8-48d5-a06b-10fb90171ee0,000100,profit_sheet_report,2002-12-31,2004-03-03,2026-07-27,False,available,data/raw/stock_profit_sheet_by_report_em/run_id=62bbe9df-6ed8-48d5-a06b-10fb90171ee0/symbol=000100/data.parquet,
62bbe9df-6ed8-48d5-a06b-10fb90171ee0,000100,profit_sheet_report,2001-12-31,2004-01-05,2026-07-27,False,available,data/raw/stock_profit_sheet_by_report_em/run_id=62bbe9df-6ed8-48d5-a06b-10fb90171ee0/symbol=000100/data.parquet,
62bbe9df-6ed8-48d5-a06b-10fb90171ee0,000100,profit_sheet_report,2000-12-31,2004-01-05,2026-07-27,False,available,data/raw/stock_profit_sheet_by_report_em/run_id=62bbe9df-6ed8-48d5-a06b-10fb90171ee0/symbol=000100/data.parquet,
62bbe9df-6ed8-48d5-a06b-10fb90171ee0,000100,cashflow_sheet_report,2026-03-31,2026-04-30,2026-07-27,False,available,data/raw/stock_cash_flow_sheet_by_report_em/run_id=62bbe9df-6ed8-48d5-a06b-10fb90171ee0/symbol=000100/data.parquet,
62bbe9df-6ed8-48d5-a06b-10fb90171ee0,000100,cashflow_sheet_report,2025-12-31,2026-03-28,2026-07-27,False,available,data/raw/stock_cash_flow_sheet_by_report_em/run_id=62bbe9df-6ed8-48d5-a06b-10fb90171ee0/symbol=000100/data.parquet,
62bbe9df-6ed8-48d5-a06b-10fb90171ee0,000100,cashflow_sheet_report,2025-09-30,2025-10-31,2026-07-27,False,available,data/raw/stock_cash_flow_sheet_by_report_em/run_id=62bbe9df-6ed8-48d5-a06b-10fb90171ee0/symbol=000100/data.parquet,
62bbe9df-6ed8-48d5-a06b-10fb90171ee0,000100,cashflow_sheet_report,2025-06-30,2025-08-30,2026-07-27,False,available,data/raw/stock_cash_flow_sheet_by_report_em/run_id=62bbe9df-6ed8-48d5-a06b-10fb90171ee0/symbol=000100/data.parquet,
62bbe9df-6ed8-48d5-a06b-10fb90171ee0,000100,cashflow_sheet_report,2025-03-31,2025-04-29,2026-07-27,False,available,data/raw/stock_cash_flow_sheet_by_report_em/run_id=62bbe9df-6ed8-48d5-a06b-10fb90171ee0/symbol=000100/data.parquet,
62bbe9df-6ed8-48d5-a06b-10fb90171ee0,000100,cashflow_sheet_report,2024-12-31,2025-04-29,2026-07-27,False,available,data/raw/stock_cash_flow_sheet_by_report_em/run_id=62bbe9df-6ed8-48d5-a06b-10fb90171ee0/symbol=000100/data.parquet,
62bbe9df-6ed8-48d5-a06b-10fb90171ee0,000100,cashflow_sheet_report,2024-09-30,2024-10-30,2026-07-27,False,available,data/raw/stock_cash_flow_sheet_by_report_em/run_id=62bbe9df-6ed8-48d5-a06b-10fb90171ee0/symbol=000100/data.parquet,
62bbe9df-6ed8-48d5-a06b-10fb90171ee0,000100,cashflow_sheet_report,2024-06-30,2024-08-27,2026-07-27,False,available,data/raw/stock_cash_flow_sheet_by_report_em/run_id=62bbe9df-6ed8-48d5-a06b-10fb90171ee0/symbol=000100/data.parquet,
62bbe9df-6ed8-48d5-a06b-10fb90171ee0,000100,cashflow_sheet_report,2024-03-31,2024-04-30,2026-07-27,False,available,data/raw/stock_cash_flow_sheet_by_report_em/run_id=62bbe9df-6ed8-48d5-a06b-10fb90171ee0/symbol=000100/data.parquet,
62bbe9df-6ed8-48d5-a06b-10fb90171ee0,000100,cashflow_sheet_report,2023-12-31,2024-04-30,2026-07-27,False,available,data/raw/stock_cash_flow_sheet_by_report_em/run_id=62bbe9df-6ed8-48d5-a06b-10fb90171ee0/symbol=000100/data.parquet,
62bbe9df-6ed8-48d5-a06b-10fb90171ee0,000100,cashflow_sheet_report,2023-09-30,2023-10-28,2026-07-27,False,available,data/raw/stock_cash_flow_sheet_by_report_em/run_id=62bbe9df-6ed8-48d5-a06b-10fb90171ee0/symbol=000100/data.parquet,
62bbe9df-6ed8-48d5-a06b-10fb90171ee0,000100,cashflow_sheet_report,2023-06-30,2023-08-30,2026-07-27,False,available,data/raw/stock_cash_flow_sheet_by_report_em/run_id=62bbe9df-6ed8-48d5-a06b-10fb90171ee0/symbol=000100/data.parquet,
62bbe9df-6ed8-48d5-a06b-10fb90171ee0,000100,cashflow_sheet_report,2023-03-31,2023-04-28,2026-07-27,False,available,data/raw/stock_cash_flow_sheet_by_report_em/run_id=62bbe9df-6ed8-48d5-a06b-10fb90171ee0/symbol=000100/data.parquet,
62bbe9df-6ed8-48d5-a06b-10fb90171ee0,000100,cashflow_sheet_report,2022-12-31,2023-03-31,2026-07-27,False,available,data/raw/stock_cash_flow_sheet_by_report_em/run_id=62bbe9df-6ed8-48d5-a06b-10fb90171ee0/symbol=000100/data.parquet,
62bbe9df-6ed8-48d5-a06b-10fb90171ee0,000100,cashflow_sheet_report,2022-09-30,2022-10-25,2026-07-27,False,available,data/raw/stock_cash_flow_sheet_by_report_em/run_id=62bbe9df-6ed8-48d5-a06b-10fb90171ee0/symbol=000100/data.parquet,
62bbe9df-6ed8-48d5-a06b-10fb90171ee0,000100,cashflow_sheet_report,2022-06-30,2022-08-27,2026-07-27,False,available,data/raw/stock_cash_flow_sheet_by_report_em/run_id=62bbe9df-6ed8-48d5-a06b-10fb90171ee0/symbol=000100/data.parquet,
62bbe9df-6ed8-48d5-a06b-10fb90171ee0,000100,cashflow_sheet_report,2022-03-31,2022-04-28,2026-07-27,False,available,data/raw/stock_cash_flow_sheet_by_report_em/run_id=62bbe9df-6ed8-48d5-a06b-10fb90171ee0/symbol=000100/data.parquet,
62bbe9df-6ed8-48d5-a06b-10fb90171ee0,000100,cashflow_sheet_report,2021-12-31,2022-04-28,2026-07-27,False,available,data/raw/stock_cash_flow_sheet_by_report_em/run_id=62bbe9df-6ed8-48d5-a06b-10fb90171ee0/symbol=000100/data.parquet,
62bbe9df-6ed8-48d5-a06b-10fb90171ee0,000100,cashflow_sheet_report,2021-09-30,2021-10-27,2026-07-27,False,available,data/raw/stock_cash_flow_sheet_by_report_em/run_id=62bbe9df-6ed8-48d5-a06b-10fb90171ee0/symbol=000100/data.parquet,
62bbe9df-6ed8-48d5-a06b-10fb90171ee0,000100,cashflow_sheet_report,2021-06-30,2021-08-10,2026-07-27,False,available,data/raw/stock_cash_flow_sheet_by_report_em/run_id=62bbe9df-6ed8-48d5-a06b-10fb90171ee0/symbol=000100/data.parquet,
62bbe9df-6ed8-48d5-a06b-10fb90171ee0,000100,cashflow_sheet_report,2021-03-31,2021-04-28,2026-07-27,False,available,data/raw/stock_cash_flow_sheet_by_report_em/run_id=62bbe9df-6ed8-48d5-a06b-10fb90171ee0/symbol=000100/data.parquet,
62bbe9df-6ed8-48d5-a06b-10fb90171ee0,000100,cashflow_sheet_report,2020-12-31,2021-03-11,2026-07-27,False,available,data/raw/stock_cash_flow_sheet_by_report_em/run_id=62bbe9df-6ed8-48d5-a06b-10fb90171ee0/symbol=000100/data.parquet,
62bbe9df-6ed8-48d5-a06b-10fb90171ee0,000100,cashflow_sheet_report,2020-09-30,2020-10-29,2026-07-27,False,available,data/raw/stock_cash_flow_sheet_by_report_em/run_id=62bbe9df-6ed8-48d5-a06b-10fb90171ee0/symbol=000100/data.parquet,
62bbe9df-6ed8-48d5-a06b-10fb90171ee0,000100,cashflow_sheet_report,2020-06-30,2020-08-29,2026-07-27,False,available,data/raw/stock_cash_flow_sheet_by_report_em/run_id=62bbe9df-6ed8-48d5-a06b-10fb90171ee0/symbol=000100/data.parquet,
62bbe9df-6ed8-48d5-a06b-10fb90171ee0,000100,cashflow_sheet_report,2020-03-31,2020-04-29,2026-07-27,False,available,data/raw/stock_cash_flow_sheet_by_report_em/run_id=62bbe9df-6ed8-48d5-a06b-10fb90171ee0/symbol=000100/data.parquet,
62bbe9df-6ed8-48d5-a06b-10fb90171ee0,000100,cashflow_sheet_report,2019-12-31,2020-03-31,2026-07-27,False,available,data/raw/stock_cash_flow_sheet_by_report_em/run_id=62bbe9df-6ed8-48d5-a06b-10fb90171ee0/symbol=000100/data.parquet,
62bbe9df-6ed8-48d5-a06b-10fb90171ee0,000100,cashflow_sheet_report,2019-09-30,2019-10-31,2026-07-27,False,available,data/raw/stock_cash_flow_sheet_by_report_em/run_id=62bbe9df-6ed8-48d5-a06b-10fb90171ee0/symbol=000100/data.parquet,
62bbe9df-6ed8-48d5-a06b-10fb90171ee0,000100,cashflow_sheet_report,2019-06-30,2019-08-13,2026-07-27,False,available,data/raw/stock_cash_flow_sheet_by_report_em/run_id=62bbe9df-6ed8-48d5-a06b-10fb90171ee0/symbol=000100/data.parquet,
62bbe9df-6ed8-48d5-a06b-10fb90171ee0,000100,cashflow_sheet_report,2019-03-31,2019-04-24,2026-07-27,False,available,data/raw/stock_cash_flow_sheet_by_report_em/run_id=62bbe9df-6ed8-48d5-a06b-10fb90171ee0/symbol=000100/data.parquet,
62bbe9df-6ed8-48d5-a06b-10fb90171ee0,000100,cashflow_sheet_report,2018-12-31,2019-03-20,2026-07-27,False,available,data/raw/stock_cash_flow_sheet_by_report_em/run_id=62bbe9df-6ed8-48d5-a06b-10fb90171ee0/symbol=000100/data.parquet,
62bbe9df-6ed8-48d5-a06b-10fb90171ee0,000100,cashflow_sheet_report,2018-09-30,2018-10-30,2026-07-27,False,available,data/raw/stock_cash_flow_sheet_by_report_em/run_id=62bbe9df-6ed8-48d5-a06b-10fb90171ee0/symbol=000100/data.parquet,
62bbe9df-6ed8-48d5-a06b-10fb90171ee0,000100,cashflow_sheet_report,2018-06-30,2018-08-29,2026-07-27,False,available,data/raw/stock_cash_flow_sheet_by_report_em/run_id=62bbe9df-6ed8-48d5-a06b-10fb90171ee0/symbol=000100/data.parquet,
62bbe9df-6ed8-48d5-a06b-10fb90171ee0,000100,cashflow_sheet_report,2018-03-31,2018-04-28,2026-07-27,False,available,data/raw/stock_cash_flow_sheet_by_report_em/run_id=62bbe9df-6ed8-48d5-a06b-10fb90171ee0/symbol=000100/data.parquet,
62bbe9df-6ed8-48d5-a06b-10fb90171ee0,000100,cashflow_sheet_report,2017-12-31,2018-04-28,2026-07-27,False,available,data/raw/stock_cash_flow_sheet_by_report_em/run_id=62bbe9df-6ed8-48d5-a06b-10fb90171ee0/symbol=000100/data.parquet,
62bbe9df-6ed8-48d5-a06b-10fb90171ee0,000100,cashflow_sheet_report,2017-09-30,2017-10-26,2026-07-27,False,available,data/raw/stock_cash_flow_sheet_by_report_em/run_id=62bbe9df-6ed8-48d5-a06b-10fb90171ee0/symbol=000100/data.parquet,
62bbe9df-6ed8-48d5-a06b-10fb90171ee0,000100,cashflow_sheet_report,2017-06-30,2017-08-01,2026-07-27,False,available,data/raw/stock_cash_flow_sheet_by_report_em/run_id=62bbe9df-6ed8-48d5-a06b-10fb90171ee0/symbol=000100/data.parquet,
62bbe9df-6ed8-48d5-a06b-10fb90171ee0,000100,cashflow_sheet_report,2017-03-31,2017-04-28,2026-07-27,False,available,data/raw/stock_cash_flow_sheet_by_report_em/run_id=62bbe9df-6ed8-48d5-a06b-10fb90171ee0/symbol=000100/data.parquet,
62bbe9df-6ed8-48d5-a06b-10fb90171ee0,000100,cashflow_sheet_report,2016-12-31,2017-04-28,2026-07-27,False,available,data/raw/stock_cash_flow_sheet_by_report_em/run_id=62bbe9df-6ed8-48d5-a06b-10fb90171ee0/symbol=000100/data.parquet,
62bbe9df-6ed8-48d5-a06b-10fb90171ee0,000100,cashflow_sheet_report,2016-09-30,2016-10-26,2026-07-27,False,available,data/raw/stock_cash_flow_sheet_by_report_em/run_id=62bbe9df-6ed8-48d5-a06b-10fb90171ee0/symbol=000100/data.parquet,
62bbe9df-6ed8-48d5-a06b-10fb90171ee0,000100,cashflow_sheet_report,2016-06-30,2016-08-24,2026-07-27,False,available,data/raw/stock_cash_flow_sheet_by_report_em/run_id=62bbe9df-6ed8-48d5-a06b-10fb90171ee0/symbol=000100/data.parquet,
62bbe9df-6ed8-48d5-a06b-10fb90171ee0,000100,cashflow_sheet_report,2016-03-31,2016-04-21,2026-07-27,False,available,data/raw/stock_cash_flow_sheet_by_report_em/run_id=62bbe9df-6ed8-48d5-a06b-10fb90171ee0/symbol=000100/data.parquet,
62bbe9df-6ed8-48d5-a06b-10fb90171ee0,000100,cashflow_sheet_report,2015-12-31,2016-03-29,2026-07-27,False,available,data/raw/stock_cash_flow_sheet_by_report_em/run_id=62bbe9df-6ed8-48d5-a06b-10fb90171ee0/symbol=000100/data.parquet,
62bbe9df-6ed8-48d5-a06b-10fb90171ee0,000100,cashflow_sheet_report,2015-09-30,2015-10-22,2026-07-27,False,available,data/raw/stock_cash_flow_sheet_by_report_em/run_id=62bbe9df-6ed8-48d5-a06b-10fb90171ee0/symbol=000100/data.parquet,
62bbe9df-6ed8-48d5-a06b-10fb90171ee0,000100,cashflow_sheet_report,2015-06-30,2015-08-14,2026-07-27,False,available,data/raw/stock_cash_flow_sheet_by_report_em/run_id=62bbe9df-6ed8-48d5-a06b-10fb90171ee0/symbol=000100/data.parquet,
62bbe9df-6ed8-48d5-a06b-10fb90171ee0,000100,cashflow_sheet_report,2015-03-31,2015-04-27,2026-07-27,False,available,data/raw/stock_cash_flow_sheet_by_report_em/run_id=62bbe9df-6ed8-48d5-a06b-10fb90171ee0/symbol=000100/data.parquet,
62bbe9df-6ed8-48d5-a06b-10fb90171ee0,000100,cashflow_sheet_report,2014-12-31,2015-03-03,2026-07-27,False,available,data/raw/stock_cash_flow_sheet_by_report_em/run_id=62bbe9df-6ed8-48d5-a06b-10fb90171ee0/symbol=000100/data.parquet,
62bbe9df-6ed8-48d5-a06b-10fb90171ee0,000100,cashflow_sheet_report,2014-09-30,2014-10-24,2026-07-27,False,available,data/raw/stock_cash_flow_sheet_by_report_em/run_id=62bbe9df-6ed8-48d5-a06b-10fb90171ee0/symbol=000100/data.parquet,
62bbe9df-6ed8-48d5-a06b-10fb90171ee0,000100,cashflow_sheet_report,2014-06-30,2014-08-15,2026-07-27,False,available,data/raw/stock_cash_flow_sheet_by_report_em/run_id=62bbe9df-6ed8-48d5-a06b-10fb90171ee0/symbol=000100/data.parquet,
62bbe9df-6ed8-48d5-a06b-10fb90171ee0,000100,cashflow_sheet_report,2014-03-31,2014-04-25,2026-07-27,False,available,data/raw/stock_cash_flow_sheet_by_report_em/run_id=62bbe9df-6ed8-48d5-a06b-10fb90171ee0/symbol=000100/data.parquet,
62bbe9df-6ed8-48d5-a06b-10fb90171ee0,000100,cashflow_sheet_report,2013-12-31,2014-02-25,2026-07-27,False,available,data/raw/stock_cash_flow_sheet_by_report_em/run_id=62bbe9df-6ed8-48d5-a06b-10fb90171ee0/symbol=000100/data.parquet,
62bbe9df-6ed8-48d5-a06b-10fb90171ee0,000100,cashflow_sheet_report,2013-09-30,2013-10-25,2026-07-27,False,available,data/raw/stock_cash_flow_sheet_by_report_em/run_id=62bbe9df-6ed8-48d5-a06b-10fb90171ee0/symbol=000100/data.parquet,
62bbe9df-6ed8-48d5-a06b-10fb90171ee0,000100,cashflow_sheet_report,2013-06-30,2013-08-16,2026-07-27,False,available,data/raw/stock_cash_flow_sheet_by_report_em/run_id=62bbe9df-6ed8-48d5-a06b-10fb90171ee0/symbol=000100/data.parquet,
62bbe9df-6ed8-48d5-a06b-10fb90171ee0,000100,cashflow_sheet_report,2013-03-31,2013-04-25,2026-07-27,False,available,data/raw/stock_cash_flow_sheet_by_report_em/run_id=62bbe9df-6ed8-48d5-a06b-10fb90171ee0/symbol=000100/data.parquet,
62bbe9df-6ed8-48d5-a06b-10fb90171ee0,000100,cashflow_sheet_report,2012-12-31,2013-02-27,2026-07-27,False,available,data/raw/stock_cash_flow_sheet_by_report_em/run_id=62bbe9df-6ed8-48d5-a06b-10fb90171ee0/symbol=000100/data.parquet,
62bbe9df-6ed8-48d5-a06b-10fb90171ee0,000100,cashflow_sheet_report,2012-09-30,2012-10-27,2026-07-27,False,available,data/raw/stock_cash_flow_sheet_by_report_em/run_id=62bbe9df-6ed8-48d5-a06b-10fb90171ee0/symbol=000100/data.parquet,
62bbe9df-6ed8-48d5-a06b-10fb90171ee0,000100,cashflow_sheet_report,2012-06-30,2012-08-10,2026-07-27,False,available,data/raw/stock_cash_flow_sheet_by_report_em/run_id=62bbe9df-6ed8-48d5-a06b-10fb90171ee0/symbol=000100/data.parquet,
62bbe9df-6ed8-48d5-a06b-10fb90171ee0,000100,cashflow_sheet_report,2012-03-31,2012-04-27,2026-07-27,False,available,data/raw/stock_cash_flow_sheet_by_report_em/run_id=62bbe9df-6ed8-48d5-a06b-10fb90171ee0/symbol=000100/data.parquet,
62bbe9df-6ed8-48d5-a06b-10fb90171ee0,000100,cashflow_sheet_report,2011-12-31,2012-02-28,2026-07-27,False,available,data/raw/stock_cash_flow_sheet_by_report_em/run_id=62bbe9df-6ed8-48d5-a06b-10fb90171ee0/symbol=000100/data.parquet,
62bbe9df-6ed8-48d5-a06b-10fb90171ee0,000100,cashflow_sheet_report,2011-09-30,2011-10-27,2026-07-27,False,available,data/raw/stock_cash_flow_sheet_by_report_em/run_id=62bbe9df-6ed8-48d5-a06b-10fb90171ee0/symbol=000100/data.parquet,
62bbe9df-6ed8-48d5-a06b-10fb90171ee0,000100,cashflow_sheet_report,2011-06-30,2011-08-09,2026-07-27,False,available,data/raw/stock_cash_flow_sheet_by_report_em/run_id=62bbe9df-6ed8-48d5-a06b-10fb90171ee0/symbol=000100/data.parquet,
62bbe9df-6ed8-48d5-a06b-10fb90171ee0,000100,cashflow_sheet_report,2011-03-31,2011-04-30,2026-07-27,False,available,data/raw/stock_cash_flow_sheet_by_report_em/run_id=62bbe9df-6ed8-48d5-a06b-10fb90171ee0/symbol=000100/data.parquet,
62bbe9df-6ed8-48d5-a06b-10fb90171ee0,000100,cashflow_sheet_report,2010-12-31,2011-02-26,2026-07-27,False,available,data/raw/stock_cash_flow_sheet_by_report_em/run_id=62bbe9df-6ed8-48d5-a06b-10fb90171ee0/symbol=000100/data.parquet,
62bbe9df-6ed8-48d5-a06b-10fb90171ee0,000100,cashflow_sheet_report,2010-09-30,2010-10-30,2026-07-27,False,available,data/raw/stock_cash_flow_sheet_by_report_em/run_id=62bbe9df-6ed8-48d5-a06b-10fb90171ee0/symbol=000100/data.parquet,
62bbe9df-6ed8-48d5-a06b-10fb90171ee0,000100,cashflow_sheet_report,2010-06-30,2010-08-27,2026-07-27,False,available,data/raw/stock_cash_flow_sheet_by_report_em/run_id=62bbe9df-6ed8-48d5-a06b-10fb90171ee0/symbol=000100/data.parquet,
62bbe9df-6ed8-48d5-a06b-10fb90171ee0,000100,cashflow_sheet_report,2010-03-31,2010-04-29,2026-07-27,False,available,data/raw/stock_cash_flow_sheet_by_report_em/run_id=62bbe9df-6ed8-48d5-a06b-10fb90171ee0/symbol=000100/data.parquet,
62bbe9df-6ed8-48d5-a06b-10fb90171ee0,000100,cashflow_sheet_report,2009-12-31,2011-02-26,2026-07-27,False,available,data/raw/stock_cash_flow_sheet_by_report_em/run_id=62bbe9df-6ed8-48d5-a06b-10fb90171ee0/symbol=000100/data.parquet,
62bbe9df-6ed8-48d5-a06b-10fb90171ee0,000100,cashflow_sheet_report,2009-09-30,2010-10-30,2026-07-27,False,available,data/raw/stock_cash_flow_sheet_by_report_em/run_id=62bbe9df-6ed8-48d5-a06b-10fb90171ee0/symbol=000100/data.parquet,
62bbe9df-6ed8-48d5-a06b-10fb90171ee0,000100,cashflow_sheet_report,2009-06-30,2010-08-27,2026-07-27,False,available,data/raw/stock_cash_flow_sheet_by_report_em/run_id=62bbe9df-6ed8-48d5-a06b-10fb90171ee0/symbol=000100/data.parquet,
62bbe9df-6ed8-48d5-a06b-10fb90171ee0,000100,cashflow_sheet_report,2009-03-31,2010-04-29,2026-07-27,False,available,data/raw/stock_cash_flow_sheet_by_report_em/run_id=62bbe9df-6ed8-48d5-a06b-10fb90171ee0/symbol=000100/data.parquet,
62bbe9df-6ed8-48d5-a06b-10fb90171ee0,000100,cashflow_sheet_report,2008-12-31,2010-03-11,2026-07-27,False,available,data/raw/stock_cash_flow_sheet_by_report_em/run_id=62bbe9df-6ed8-48d5-a06b-10fb90171ee0/symbol=000100/data.parquet,
62bbe9df-6ed8-48d5-a06b-10fb90171ee0,000100,cashflow_sheet_report,2008-09-30,2009-10-29,2026-07-27,False,available,data/raw/stock_cash_flow_sheet_by_report_em/run_id=62bbe9df-6ed8-48d5-a06b-10fb90171ee0/symbol=000100/data.parquet,
62bbe9df-6ed8-48d5-a06b-10fb90171ee0,000100,cashflow_sheet_report,2008-06-30,2009-08-19,2026-07-27,False,available,data/raw/stock_cash_flow_sheet_by_report_em/run_id=62bbe9df-6ed8-48d5-a06b-10fb90171ee0/symbol=000100/data.parquet,
62bbe9df-6ed8-48d5-a06b-10fb90171ee0,000100,cashflow_sheet_report,2008-03-31,2009-04-25,2026-07-27,False,available,data/raw/stock_cash_flow_sheet_by_report_em/run_id=62bbe9df-6ed8-48d5-a06b-10fb90171ee0/symbol=000100/data.parquet,
62bbe9df-6ed8-48d5-a06b-10fb90171ee0,000100,cashflow_sheet_report,2007-12-31,2009-03-26,2026-07-27,False,available,data/raw/stock_cash_flow_sheet_by_report_em/run_id=62bbe9df-6ed8-48d5-a06b-10fb90171ee0/symbol=000100/data.parquet,
62bbe9df-6ed8-48d5-a06b-10fb90171ee0,000100,cashflow_sheet_report,2007-09-30,2008-10-29,2026-07-27,False,available,data/raw/stock_cash_flow_sheet_by_report_em/run_id=62bbe9df-6ed8-48d5-a06b-10fb90171ee0/symbol=000100/data.parquet,
62bbe9df-6ed8-48d5-a06b-10fb90171ee0,000100,cashflow_sheet_report,2007-06-30,2008-08-21,2026-07-27,False,available,data/raw/stock_cash_flow_sheet_by_report_em/run_id=62bbe9df-6ed8-48d5-a06b-10fb90171ee0/symbol=000100/data.parquet,
62bbe9df-6ed8-48d5-a06b-10fb90171ee0,000100,cashflow_sheet_report,2007-03-31,2008-04-30,2026-07-27,False,available,data/raw/stock_cash_flow_sheet_by_report_em/run_id=62bbe9df-6ed8-48d5-a06b-10fb90171ee0/symbol=000100/data.parquet,
62bbe9df-6ed8-48d5-a06b-10fb90171ee0,000100,cashflow_sheet_report,2006-12-31,2008-03-14,2026-07-27,False,available,data/raw/stock_cash_flow_sheet_by_report_em/run_id=62bbe9df-6ed8-48d5-a06b-10fb90171ee0/symbol=000100/data.parquet,
62bbe9df-6ed8-48d5-a06b-10fb90171ee0,000100,cashflow_sheet_report,2006-09-30,2007-10-30,2026-07-27,False,available,data/raw/stock_cash_flow_sheet_by_report_em/run_id=62bbe9df-6ed8-48d5-a06b-10fb90171ee0/symbol=000100/data.parquet,
62bbe9df-6ed8-48d5-a06b-10fb90171ee0,000100,cashflow_sheet_report,2006-06-30,2007-08-08,2026-07-27,False,available,data/raw/stock_cash_flow_sheet_by_report_em/run_id=62bbe9df-6ed8-48d5-a06b-10fb90171ee0/symbol=000100/data.parquet,
62bbe9df-6ed8-48d5-a06b-10fb90171ee0,000100,cashflow_sheet_report,2006-03-31,2007-04-30,2026-07-27,False,available,data/raw/stock_cash_flow_sheet_by_report_em/run_id=62bbe9df-6ed8-48d5-a06b-10fb90171ee0/symbol=000100/data.parquet,
62bbe9df-6ed8-48d5-a06b-10fb90171ee0,000100,cashflow_sheet_report,2005-12-31,2006-04-28,2026-07-27,False,available,data/raw/stock_cash_flow_sheet_by_report_em/run_id=62bbe9df-6ed8-48d5-a06b-10fb90171ee0/symbol=000100/data.parquet,
62bbe9df-6ed8-48d5-a06b-10fb90171ee0,000100,cashflow_sheet_report,2005-09-30,2005-10-29,2026-07-27,False,available,data/raw/stock_cash_flow_sheet_by_report_em/run_id=62bbe9df-6ed8-48d5-a06b-10fb90171ee0/symbol=000100/data.parquet,
62bbe9df-6ed8-48d5-a06b-10fb90171ee0,000100,cashflow_sheet_report,2005-06-30,2006-08-30,2026-07-27,False,available,data/raw/stock_cash_flow_sheet_by_report_em/run_id=62bbe9df-6ed8-48d5-a06b-10fb90171ee0/symbol=000100/data.parquet,
62bbe9df-6ed8-48d5-a06b-10fb90171ee0,000100,cashflow_sheet_report,2005-03-31,2005-04-30,2026-07-27,False,available,data/raw/stock_cash_flow_sheet_by_report_em/run_id=62bbe9df-6ed8-48d5-a06b-10fb90171ee0/symbol=000100/data.parquet,
62bbe9df-6ed8-48d5-a06b-10fb90171ee0,000100,cashflow_sheet_report,2004-12-31,2006-04-28,2026-07-27,False,available,data/raw/stock_cash_flow_sheet_by_report_em/run_id=62bbe9df-6ed8-48d5-a06b-10fb90171ee0/symbol=000100/data.parquet,
62bbe9df-6ed8-48d5-a06b-10fb90171ee0,000100,cashflow_sheet_report,2004-09-30,2004-10-29,2026-07-27,False,available,data/raw/stock_cash_flow_sheet_by_report_em/run_id=62bbe9df-6ed8-48d5-a06b-10fb90171ee0/symbol=000100/data.parquet,
62bbe9df-6ed8-48d5-a06b-10fb90171ee0,000100,cashflow_sheet_report,2004-06-30,2004-08-27,2026-07-27,False,available,data/raw/stock_cash_flow_sheet_by_report_em/run_id=62bbe9df-6ed8-48d5-a06b-10fb90171ee0/symbol=000100/data.parquet,
62bbe9df-6ed8-48d5-a06b-10fb90171ee0,000100,cashflow_sheet_report,2004-03-31,2004-04-29,2026-07-27,False,available,data/raw/stock_cash_flow_sheet_by_report_em/run_id=62bbe9df-6ed8-48d5-a06b-10fb90171ee0/symbol=000100/data.parquet,
62bbe9df-6ed8-48d5-a06b-10fb90171ee0,000100,cashflow_sheet_report,2003-12-31,2004-03-03,2026-07-27,False,available,data/raw/stock_cash_flow_sheet_by_report_em/run_id=62bbe9df-6ed8-48d5-a06b-10fb90171ee0/symbol=000100/data.parquet,
62bbe9df-6ed8-48d5-a06b-10fb90171ee0,000100,cashflow_sheet_report,2003-06-30,2004-08-27,2026-07-27,False,available,data/raw/stock_cash_flow_sheet_by_report_em/run_id=62bbe9df-6ed8-48d5-a06b-10fb90171ee0/symbol=000100/data.parquet,
62bbe9df-6ed8-48d5-a06b-10fb90171ee0,000100,cashflow_sheet_report,2002-12-31,2004-03-03,2026-07-27,False,available,data/raw/stock_cash_flow_sheet_by_report_em/run_id=62bbe9df-6ed8-48d5-a06b-10fb90171ee0/symbol=000100/data.parquet,
62bbe9df-6ed8-48d5-a06b-10fb90171ee0,300433,financial_abstract,,,2026-07-27,False,unavailable,data/raw/stock_financial_abstract/run_id=62bbe9df-6ed8-48d5-a06b-10fb90171ee0/symbol=300433/data.parquet,WARN: report/announcement date could not be paired
62bbe9df-6ed8-48d5-a06b-10fb90171ee0,300433,financial_indicator,,,2026-07-27,False,unavailable,data/raw/stock_financial_analysis_indicator/run_id=62bbe9df-6ed8-48d5-a06b-10fb90171ee0/symbol=300433/data.parquet,WARN: report/announcement date could not be paired
62bbe9df-6ed8-48d5-a06b-10fb90171ee0,300433,balance_sheet_report,2026-03-31,2026-04-16,2026-07-27,False,available,data/raw/stock_balance_sheet_by_report_em/run_id=62bbe9df-6ed8-48d5-a06b-10fb90171ee0/symbol=300433/data.parquet,
62bbe9df-6ed8-48d5-a06b-10fb90171ee0,300433,balance_sheet_report,2025-12-31,2026-03-31,2026-07-27,False,available,data/raw/stock_balance_sheet_by_report_em/run_id=62bbe9df-6ed8-48d5-a06b-10fb90171ee0/symbol=300433/data.parquet,
62bbe9df-6ed8-48d5-a06b-10fb90171ee0,300433,balance_sheet_report,2025-09-30,2025-10-29,2026-07-27,False,available,data/raw/stock_balance_sheet_by_report_em/run_id=62bbe9df-6ed8-48d5-a06b-10fb90171ee0/symbol=300433/data.parquet,
62bbe9df-6ed8-48d5-a06b-10fb90171ee0,300433,balance_sheet_report,2025-06-30,2025-08-26,2026-07-27,False,available,data/raw/stock_balance_sheet_by_report_em/run_id=62bbe9df-6ed8-48d5-a06b-10fb90171ee0/symbol=300433/data.parquet,
62bbe9df-6ed8-48d5-a06b-10fb90171ee0,300433,balance_sheet_report,2025-03-31,2025-04-18,2026-07-27,False,available,data/raw/stock_balance_sheet_by_report_em/run_id=62bbe9df-6ed8-48d5-a06b-10fb90171ee0/symbol=300433/data.parquet,
62bbe9df-6ed8-48d5-a06b-10fb90171ee0,300433,balance_sheet_report,2024-12-31,2025-03-28,2026-07-27,False,available,data/raw/stock_balance_sheet_by_report_em/run_id=62bbe9df-6ed8-48d5-a06b-10fb90171ee0/symbol=300433/data.parquet,
62bbe9df-6ed8-48d5-a06b-10fb90171ee0,300433,balance_sheet_report,2024-09-30,2024-10-21,2026-07-27,False,available,data/raw/stock_balance_sheet_by_report_em/run_id=62bbe9df-6ed8-48d5-a06b-10fb90171ee0/symbol=300433/data.parquet,
62bbe9df-6ed8-48d5-a06b-10fb90171ee0,300433,balance_sheet_report,2024-06-30,2024-08-26,2026-07-27,False,available,data/raw/stock_balance_sheet_by_report_em/run_id=62bbe9df-6ed8-48d5-a06b-10fb90171ee0/symbol=300433/data.parquet,
62bbe9df-6ed8-48d5-a06b-10fb90171ee0,300433,balance_sheet_report,2024-03-31,2024-04-24,2026-07-27,False,available,data/raw/stock_balance_sheet_by_report_em/run_id=62bbe9df-6ed8-48d5-a06b-10fb90171ee0/symbol=300433/data.parquet,
62bbe9df-6ed8-48d5-a06b-10fb90171ee0,300433,balance_sheet_report,2023-12-31,2024-04-22,2026-07-27,False,available,data/raw/stock_balance_sheet_by_report_em/run_id=62bbe9df-6ed8-48d5-a06b-10fb90171ee0/symbol=300433/data.parquet,
62bbe9df-6ed8-48d5-a06b-10fb90171ee0,300433,balance_sheet_report,2023-09-30,2023-10-19,2026-07-27,False,available,data/raw/stock_balance_sheet_by_report_em/run_id=62bbe9df-6ed8-48d5-a06b-10fb90171ee0/symbol=300433/data.parquet,
62bbe9df-6ed8-48d5-a06b-10fb90171ee0,300433,balance_sheet_report,2023-06-30,2023-08-19,2026-07-27,False,available,data/raw/stock_balance_sheet_by_report_em/run_id=62bbe9df-6ed8-48d5-a06b-10fb90171ee0/symbol=300433/data.parquet,
62bbe9df-6ed8-48d5-a06b-10fb90171ee0,300433,balance_sheet_report,2023-03-31,2023-04-25,2026-07-27,False,available,data/raw/stock_balance_sheet_by_report_em/run_id=62bbe9df-6ed8-48d5-a06b-10fb90171ee0/symbol=300433/data.parquet,
62bbe9df-6ed8-48d5-a06b-10fb90171ee0,300433,balance_sheet_report,2022-12-31,2023-04-24,2026-07-27,False,available,data/raw/stock_balance_sheet_by_report_em/run_id=62bbe9df-6ed8-48d5-a06b-10fb90171ee0/symbol=300433/data.parquet,
62bbe9df-6ed8-48d5-a06b-10fb90171ee0,300433,balance_sheet_report,2022-09-30,2022-10-28,2026-07-27,False,available,data/raw/stock_balance_sheet_by_report_em/run_id=62bbe9df-6ed8-48d5-a06b-10fb90171ee0/symbol=300433/data.parquet,
62bbe9df-6ed8-48d5-a06b-10fb90171ee0,300433,balance_sheet_report,2022-06-30,2022-08-26,2026-07-27,False,available,data/raw/stock_balance_sheet_by_report_em/run_id=62bbe9df-6ed8-48d5-a06b-10fb90171ee0/symbol=300433/data.parquet,
62bbe9df-6ed8-48d5-a06b-10fb90171ee0,300433,balance_sheet_report,2022-03-31,2022-04-23,2026-07-27,False,available,data/raw/stock_balance_sheet_by_report_em/run_id=62bbe9df-6ed8-48d5-a06b-10fb90171ee0/symbol=300433/data.parquet,
62bbe9df-6ed8-48d5-a06b-10fb90171ee0,300433,balance_sheet_report,2021-12-31,2022-04-23,2026-07-27,False,available,data/raw/stock_balance_sheet_by_report_em/run_id=62bbe9df-6ed8-48d5-a06b-10fb90171ee0/symbol=300433/data.parquet,
62bbe9df-6ed8-48d5-a06b-10fb90171ee0,300433,balance_sheet_report,2021-09-30,2021-10-26,2026-07-27,False,available,data/raw/stock_balance_sheet_by_report_em/run_id=62bbe9df-6ed8-48d5-a06b-10fb90171ee0/symbol=300433/data.parquet,
62bbe9df-6ed8-48d5-a06b-10fb90171ee0,300433,balance_sheet_report,2021-06-30,2021-08-21,2026-07-27,False,available,data/raw/stock_balance_sheet_by_report_em/run_id=62bbe9df-6ed8-48d5-a06b-10fb90171ee0/symbol=300433/data.parquet,
62bbe9df-6ed8-48d5-a06b-10fb90171ee0,300433,balance_sheet_report,2021-03-31,2021-04-28,2026-07-27,False,available,data/raw/stock_balance_sheet_by_report_em/run_id=62bbe9df-6ed8-48d5-a06b-10fb90171ee0/symbol=300433/data.parquet,
62bbe9df-6ed8-48d5-a06b-10fb90171ee0,300433,balance_sheet_report,2020-12-31,2021-04-26,2026-07-27,False,available,data/raw/stock_balance_sheet_by_report_em/run_id=62bbe9df-6ed8-48d5-a06b-10fb90171ee0/symbol=300433/data.parquet,
62bbe9df-6ed8-48d5-a06b-10fb90171ee0,300433,balance_sheet_report,2020-09-30,2020-10-27,2026-07-27,False,available,data/raw/stock_balance_sheet_by_report_em/run_id=62bbe9df-6ed8-48d5-a06b-10fb90171ee0/symbol=300433/data.parquet,
62bbe9df-6ed8-48d5-a06b-10fb90171ee0,300433,balance_sheet_report,2020-06-30,2020-08-18,2026-07-27,False,available,data/raw/stock_balance_sheet_by_report_em/run_id=62bbe9df-6ed8-48d5-a06b-10fb90171ee0/symbol=300433/data.parquet,
62bbe9df-6ed8-48d5-a06b-10fb90171ee0,300433,balance_sheet_report,2020-03-31,2020-04-30,2026-07-27,False,available,data/raw/stock_balance_sheet_by_report_em/run_id=62bbe9df-6ed8-48d5-a06b-10fb90171ee0/symbol=300433/data.parquet,
62bbe9df-6ed8-48d5-a06b-10fb90171ee0,300433,balance_sheet_report,2019-12-31,2020-04-28,2026-07-27,False,available,data/raw/stock_balance_sheet_by_report_em/run_id=62bbe9df-6ed8-48d5-a06b-10fb90171ee0/symbol=300433/data.parquet,
62bbe9df-6ed8-48d5-a06b-10fb90171ee0,300433,balance_sheet_report,2019-09-30,2019-10-22,2026-07-27,False,available,data/raw/stock_balance_sheet_by_report_em/run_id=62bbe9df-6ed8-48d5-a06b-10fb90171ee0/symbol=300433/data.parquet,
62bbe9df-6ed8-48d5-a06b-10fb90171ee0,300433,balance_sheet_report,2019-06-30,2019-08-30,2026-07-27,False,available,data/raw/stock_balance_sheet_by_report_em/run_id=62bbe9df-6ed8-48d5-a06b-10fb90171ee0/symbol=300433/data.parquet,
62bbe9df-6ed8-48d5-a06b-10fb90171ee0,300433,balance_sheet_report,2019-03-31,2019-04-26,2026-07-27,False,available,data/raw/stock_balance_sheet_by_report_em/run_id=62bbe9df-6ed8-48d5-a06b-10fb90171ee0/symbol=300433/data.parquet,
62bbe9df-6ed8-48d5-a06b-10fb90171ee0,300433,balance_sheet_report,2018-12-31,2019-04-26,2026-07-27,False,available,data/raw/stock_balance_sheet_by_report_em/run_id=62bbe9df-6ed8-48d5-a06b-10fb90171ee0/symbol=300433/data.parquet,
62bbe9df-6ed8-48d5-a06b-10fb90171ee0,300433,balance_sheet_report,2018-09-30,2018-10-29,2026-07-27,False,available,data/raw/stock_balance_sheet_by_report_em/run_id=62bbe9df-6ed8-48d5-a06b-10fb90171ee0/symbol=300433/data.parquet,
62bbe9df-6ed8-48d5-a06b-10fb90171ee0,300433,balance_sheet_report,2018-06-30,2018-08-30,2026-07-27,False,available,data/raw/stock_balance_sheet_by_report_em/run_id=62bbe9df-6ed8-48d5-a06b-10fb90171ee0/symbol=300433/data.parquet,
62bbe9df-6ed8-48d5-a06b-10fb90171ee0,300433,balance_sheet_report,2018-03-31,2018-04-27,2026-07-27,False,available,data/raw/stock_balance_sheet_by_report_em/run_id=62bbe9df-6ed8-48d5-a06b-10fb90171ee0/symbol=300433/data.parquet,
62bbe9df-6ed8-48d5-a06b-10fb90171ee0,300433,balance_sheet_report,2017-12-31,2018-04-24,2026-07-27,False,available,data/raw/stock_balance_sheet_by_report_em/run_id=62bbe9df-6ed8-48d5-a06b-10fb90171ee0/symbol=300433/data.parquet,
62bbe9df-6ed8-48d5-a06b-10fb90171ee0,300433,balance_sheet_report,2017-09-30,2017-10-27,2026-07-27,False,available,data/raw/stock_balance_sheet_by_report_em/run_id=62bbe9df-6ed8-48d5-a06b-10fb90171ee0/symbol=300433/data.parquet,
62bbe9df-6ed8-48d5-a06b-10fb90171ee0,300433,balance_sheet_report,2017-06-30,2017-08-12,2026-07-27,False,available,data/raw/stock_balance_sheet_by_report_em/run_id=62bbe9df-6ed8-48d5-a06b-10fb90171ee0/symbol=300433/data.parquet,
62bbe9df-6ed8-48d5-a06b-10fb90171ee0,300433,balance_sheet_report,2017-03-31,2017-04-26,2026-07-27,False,available,data/raw/stock_balance_sheet_by_report_em/run_id=62bbe9df-6ed8-48d5-a06b-10fb90171ee0/symbol=300433/data.parquet,
62bbe9df-6ed8-48d5-a06b-10fb90171ee0,300433,balance_sheet_report,2016-12-31,2017-04-26,2026-07-27,False,available,data/raw/stock_balance_sheet_by_report_em/run_id=62bbe9df-6ed8-48d5-a06b-10fb90171ee0/symbol=300433/data.parquet,
62bbe9df-6ed8-48d5-a06b-10fb90171ee0,300433,balance_sheet_report,2016-09-30,2016-10-29,2026-07-27,False,available,data/raw/stock_balance_sheet_by_report_em/run_id=62bbe9df-6ed8-48d5-a06b-10fb90171ee0/symbol=300433/data.parquet,
62bbe9df-6ed8-48d5-a06b-10fb90171ee0,300433,balance_sheet_report,2016-06-30,2016-08-26,2026-07-27,False,available,data/raw/stock_balance_sheet_by_report_em/run_id=62bbe9df-6ed8-48d5-a06b-10fb90171ee0/symbol=300433/data.parquet,
62bbe9df-6ed8-48d5-a06b-10fb90171ee0,300433,balance_sheet_report,2016-03-31,2016-04-29,2026-07-27,False,available,data/raw/stock_balance_sheet_by_report_em/run_id=62bbe9df-6ed8-48d5-a06b-10fb90171ee0/symbol=300433/data.parquet,
62bbe9df-6ed8-48d5-a06b-10fb90171ee0,300433,balance_sheet_report,2015-12-31,2016-04-23,2026-07-27,False,available,data/raw/stock_balance_sheet_by_report_em/run_id=62bbe9df-6ed8-48d5-a06b-10fb90171ee0/symbol=300433/data.parquet,
62bbe9df-6ed8-48d5-a06b-10fb90171ee0,300433,balance_sheet_report,2015-09-30,2015-10-24,2026-07-27,False,available,data/raw/stock_balance_sheet_by_report_em/run_id=62bbe9df-6ed8-48d5-a06b-10fb90171ee0/symbol=300433/data.parquet,
62bbe9df-6ed8-48d5-a06b-10fb90171ee0,300433,balance_sheet_report,2015-06-30,2015-08-26,2026-07-27,False,available,data/raw/stock_balance_sheet_by_report_em/run_id=62bbe9df-6ed8-48d5-a06b-10fb90171ee0/symbol=300433/data.parquet,
62bbe9df-6ed8-48d5-a06b-10fb90171ee0,300433,balance_sheet_report,2015-03-31,2015-04-25,2026-07-27,False,available,data/raw/stock_balance_sheet_by_report_em/run_id=62bbe9df-6ed8-48d5-a06b-10fb90171ee0/symbol=300433/data.parquet,
62bbe9df-6ed8-48d5-a06b-10fb90171ee0,300433,balance_sheet_report,2014-12-31,2015-03-03,2026-07-27,False,available,data/raw/stock_balance_sheet_by_report_em/run_id=62bbe9df-6ed8-48d5-a06b-10fb90171ee0/symbol=300433/data.parquet,
62bbe9df-6ed8-48d5-a06b-10fb90171ee0,300433,balance_sheet_report,2014-06-30,2014-12-26,2026-07-27,False,available,data/raw/stock_balance_sheet_by_report_em/run_id=62bbe9df-6ed8-48d5-a06b-10fb90171ee0/symbol=300433/data.parquet,
62bbe9df-6ed8-48d5-a06b-10fb90171ee0,300433,balance_sheet_report,2013-12-31,2014-05-08,2026-07-27,False,available,data/raw/stock_balance_sheet_by_report_em/run_id=62bbe9df-6ed8-48d5-a06b-10fb90171ee0/symbol=300433/data.parquet,
62bbe9df-6ed8-48d5-a06b-10fb90171ee0,300433,balance_sheet_report,2012-12-31,2014-05-08,2026-07-27,False,available,data/raw/stock_balance_sheet_by_report_em/run_id=62bbe9df-6ed8-48d5-a06b-10fb90171ee0/symbol=300433/data.parquet,
62bbe9df-6ed8-48d5-a06b-10fb90171ee0,300433,balance_sheet_report,2011-12-31,2014-05-08,2026-07-27,False,available,data/raw/stock_balance_sheet_by_report_em/run_id=62bbe9df-6ed8-48d5-a06b-10fb90171ee0/symbol=300433/data.parquet,
62bbe9df-6ed8-48d5-a06b-10fb90171ee0,300433,profit_sheet_report,2026-03-31,2026-04-16,2026-07-27,False,available,data/raw/stock_profit_sheet_by_report_em/run_id=62bbe9df-6ed8-48d5-a06b-10fb90171ee0/symbol=300433/data.parquet,
62bbe9df-6ed8-48d5-a06b-10fb90171ee0,300433,profit_sheet_report,2025-12-31,2026-03-31,2026-07-27,False,available,data/raw/stock_profit_sheet_by_report_em/run_id=62bbe9df-6ed8-48d5-a06b-10fb90171ee0/symbol=300433/data.parquet,
62bbe9df-6ed8-48d5-a06b-10fb90171ee0,300433,profit_sheet_report,2025-09-30,2025-10-29,2026-07-27,False,available,data/raw/stock_profit_sheet_by_report_em/run_id=62bbe9df-6ed8-48d5-a06b-10fb90171ee0/symbol=300433/data.parquet,
62bbe9df-6ed8-48d5-a06b-10fb90171ee0,300433,profit_sheet_report,2025-06-30,2025-08-26,2026-07-27,False,available,data/raw/stock_profit_sheet_by_report_em/run_id=62bbe9df-6ed8-48d5-a06b-10fb90171ee0/symbol=300433/data.parquet,
62bbe9df-6ed8-48d5-a06b-10fb90171ee0,300433,profit_sheet_report,2025-03-31,2025-04-18,2026-07-27,False,available,data/raw/stock_profit_sheet_by_report_em/run_id=62bbe9df-6ed8-48d5-a06b-10fb90171ee0/symbol=300433/data.parquet,
62bbe9df-6ed8-48d5-a06b-10fb90171ee0,300433,profit_sheet_report,2024-12-31,2025-03-28,2026-07-27,False,available,data/raw/stock_profit_sheet_by_report_em/run_id=62bbe9df-6ed8-48d5-a06b-10fb90171ee0/symbol=300433/data.parquet,
62bbe9df-6ed8-48d5-a06b-10fb90171ee0,300433,profit_sheet_report,2024-09-30,2024-10-21,2026-07-27,False,available,data/raw/stock_profit_sheet_by_report_em/run_id=62bbe9df-6ed8-48d5-a06b-10fb90171ee0/symbol=300433/data.parquet,
62bbe9df-6ed8-48d5-a06b-10fb90171ee0,300433,profit_sheet_report,2024-06-30,2024-08-26,2026-07-27,False,available,data/raw/stock_profit_sheet_by_report_em/run_id=62bbe9df-6ed8-48d5-a06b-10fb90171ee0/symbol=300433/data.parquet,
62bbe9df-6ed8-48d5-a06b-10fb90171ee0,300433,profit_sheet_report,2024-03-31,2024-04-24,2026-07-27,False,available,data/raw/stock_profit_sheet_by_report_em/run_id=62bbe9df-6ed8-48d5-a06b-10fb90171ee0/symbol=300433/data.parquet,
62bbe9df-6ed8-48d5-a06b-10fb90171ee0,300433,profit_sheet_report,2023-12-31,2024-04-22,2026-07-27,False,available,data/raw/stock_profit_sheet_by_report_em/run_id=62bbe9df-6ed8-48d5-a06b-10fb90171ee0/symbol=300433/data.parquet,
62bbe9df-6ed8-48d5-a06b-10fb90171ee0,300433,profit_sheet_report,2023-09-30,2023-10-19,2026-07-27,False,available,data/raw/stock_profit_sheet_by_report_em/run_id=62bbe9df-6ed8-48d5-a06b-10fb90171ee0/symbol=300433/data.parquet,
62bbe9df-6ed8-48d5-a06b-10fb90171ee0,300433,profit_sheet_report,2023-06-30,2023-08-19,2026-07-27,False,available,data/raw/stock_profit_sheet_by_report_em/run_id=62bbe9df-6ed8-48d5-a06b-10fb90171ee0/symbol=300433/data.parquet,
62bbe9df-6ed8-48d5-a06b-10fb90171ee0,300433,profit_sheet_report,2023-03-31,2023-04-25,2026-07-27,False,available,data/raw/stock_profit_sheet_by_report_em/run_id=62bbe9df-6ed8-48d5-a06b-10fb90171ee0/symbol=300433/data.parquet,
62bbe9df-6ed8-48d5-a06b-10fb90171ee0,300433,profit_sheet_report,2022-12-31,2023-04-24,2026-07-27,False,available,data/raw/stock_profit_sheet_by_report_em/run_id=62bbe9df-6ed8-48d5-a06b-10fb90171ee0/symbol=300433/data.parquet,
62bbe9df-6ed8-48d5-a06b-10fb90171ee0,300433,profit_sheet_report,2022-09-30,2022-10-28,2026-07-27,False,available,data/raw/stock_profit_sheet_by_report_em/run_id=62bbe9df-6ed8-48d5-a06b-10fb90171ee0/symbol=300433/data.parquet,
62bbe9df-6ed8-48d5-a06b-10fb90171ee0,300433,profit_sheet_report,2022-06-30,2022-08-26,2026-07-27,False,available,data/raw/stock_profit_sheet_by_report_em/run_id=62bbe9df-6ed8-48d5-a06b-10fb90171ee0/symbol=300433/data.parquet,
62bbe9df-6ed8-48d5-a06b-10fb90171ee0,300433,profit_sheet_report,2022-03-31,2022-04-23,2026-07-27,False,available,data/raw/stock_profit_sheet_by_report_em/run_id=62bbe9df-6ed8-48d5-a06b-10fb90171ee0/symbol=300433/data.parquet,
62bbe9df-6ed8-48d5-a06b-10fb90171ee0,300433,profit_sheet_report,2021-12-31,2022-04-23,2026-07-27,False,available,data/raw/stock_profit_sheet_by_report_em/run_id=62bbe9df-6ed8-48d5-a06b-10fb90171ee0/symbol=300433/data.parquet,
62bbe9df-6ed8-48d5-a06b-10fb90171ee0,300433,profit_sheet_report,2021-09-30,2021-10-26,2026-07-27,False,available,data/raw/stock_profit_sheet_by_report_em/run_id=62bbe9df-6ed8-48d5-a06b-10fb90171ee0/symbol=300433/data.parquet,
62bbe9df-6ed8-48d5-a06b-10fb90171ee0,300433,profit_sheet_report,2021-06-30,2021-08-21,2026-07-27,False,available,data/raw/stock_profit_sheet_by_report_em/run_id=62bbe9df-6ed8-48d5-a06b-10fb90171ee0/symbol=300433/data.parquet,
62bbe9df-6ed8-48d5-a06b-10fb90171ee0,300433,profit_sheet_report,2021-03-31,2021-04-28,2026-07-27,False,available,data/raw/stock_profit_sheet_by_report_em/run_id=62bbe9df-6ed8-48d5-a06b-10fb90171ee0/symbol=300433/data.parquet,
62bbe9df-6ed8-48d5-a06b-10fb90171ee0,300433,profit_sheet_report,2020-12-31,2021-04-26,2026-07-27,False,available,data/raw/stock_profit_sheet_by_report_em/run_id=62bbe9df-6ed8-48d5-a06b-10fb90171ee0/symbol=300433/data.parquet,
62bbe9df-6ed8-48d5-a06b-10fb90171ee0,300433,profit_sheet_report,2020-09-30,2020-10-27,2026-07-27,False,available,data/raw/stock_profit_sheet_by_report_em/run_id=62bbe9df-6ed8-48d5-a06b-10fb90171ee0/symbol=300433/data.parquet,
62bbe9df-6ed8-48d5-a06b-10fb90171ee0,300433,profit_sheet_report,2020-06-30,2020-08-18,2026-07-27,False,available,data/raw/stock_profit_sheet_by_report_em/run_id=62bbe9df-6ed8-48d5-a06b-10fb90171ee0/symbol=300433/data.parquet,
62bbe9df-6ed8-48d5-a06b-10fb90171ee0,300433,profit_sheet_report,2020-03-31,2020-04-30,2026-07-27,False,available,data/raw/stock_profit_sheet_by_report_em/run_id=62bbe9df-6ed8-48d5-a06b-10fb90171ee0/symbol=300433/data.parquet,
62bbe9df-6ed8-48d5-a06b-10fb90171ee0,300433,profit_sheet_report,2019-12-31,2020-04-28,2026-07-27,False,available,data/raw/stock_profit_sheet_by_report_em/run_id=62bbe9df-6ed8-48d5-a06b-10fb90171ee0/symbol=300433/data.parquet,
62bbe9df-6ed8-48d5-a06b-10fb90171ee0,300433,profit_sheet_report,2019-09-30,2019-10-22,2026-07-27,False,available,data/raw/stock_profit_sheet_by_report_em/run_id=62bbe9df-6ed8-48d5-a06b-10fb90171ee0/symbol=300433/data.parquet,
62bbe9df-6ed8-48d5-a06b-10fb90171ee0,300433,profit_sheet_report,2019-06-30,2019-08-30,2026-07-27,False,available,data/raw/stock_profit_sheet_by_report_em/run_id=62bbe9df-6ed8-48d5-a06b-10fb90171ee0/symbol=300433/data.parquet,
62bbe9df-6ed8-48d5-a06b-10fb90171ee0,300433,profit_sheet_report,2019-03-31,2019-04-26,2026-07-27,False,available,data/raw/stock_profit_sheet_by_report_em/run_id=62bbe9df-6ed8-48d5-a06b-10fb90171ee0/symbol=300433/data.parquet,
62bbe9df-6ed8-48d5-a06b-10fb90171ee0,300433,profit_sheet_report,2018-12-31,2019-04-26,2026-07-27,False,available,data/raw/stock_profit_sheet_by_report_em/run_id=62bbe9df-6ed8-48d5-a06b-10fb90171ee0/symbol=300433/data.parquet,
62bbe9df-6ed8-48d5-a06b-10fb90171ee0,300433,profit_sheet_report,2018-09-30,2018-10-29,2026-07-27,False,available,data/raw/stock_profit_sheet_by_report_em/run_id=62bbe9df-6ed8-48d5-a06b-10fb90171ee0/symbol=300433/data.parquet,
62bbe9df-6ed8-48d5-a06b-10fb90171ee0,300433,profit_sheet_report,2018-06-30,2018-08-30,2026-07-27,False,available,data/raw/stock_profit_sheet_by_report_em/run_id=62bbe9df-6ed8-48d5-a06b-10fb90171ee0/symbol=300433/data.parquet,
62bbe9df-6ed8-48d5-a06b-10fb90171ee0,300433,profit_sheet_report,2018-03-31,2018-04-27,2026-07-27,False,available,data/raw/stock_profit_sheet_by_report_em/run_id=62bbe9df-6ed8-48d5-a06b-10fb90171ee0/symbol=300433/data.parquet,
62bbe9df-6ed8-48d5-a06b-10fb90171ee0,300433,profit_sheet_report,2017-12-31,2018-04-24,2026-07-27,False,available,data/raw/stock_profit_sheet_by_report_em/run_id=62bbe9df-6ed8-48d5-a06b-10fb90171ee0/symbol=300433/data.parquet,
62bbe9df-6ed8-48d5-a06b-10fb90171ee0,300433,profit_sheet_report,2017-09-30,2017-10-27,2026-07-27,False,available,data/raw/stock_profit_sheet_by_report_em/run_id=62bbe9df-6ed8-48d5-a06b-10fb90171ee0/symbol=300433/data.parquet,
62bbe9df-6ed8-48d5-a06b-10fb90171ee0,300433,profit_sheet_report,2017-06-30,2017-08-12,2026-07-27,False,available,data/raw/stock_profit_sheet_by_report_em/run_id=62bbe9df-6ed8-48d5-a06b-10fb90171ee0/symbol=300433/data.parquet,
62bbe9df-6ed8-48d5-a06b-10fb90171ee0,300433,profit_sheet_report,2017-03-31,2017-04-26,2026-07-27,False,available,data/raw/stock_profit_sheet_by_report_em/run_id=62bbe9df-6ed8-48d5-a06b-10fb90171ee0/symbol=300433/data.parquet,
62bbe9df-6ed8-48d5-a06b-10fb90171ee0,300433,profit_sheet_report,2016-12-31,2017-04-20,2026-07-27,False,available,data/raw/stock_profit_sheet_by_report_em/run_id=62bbe9df-6ed8-48d5-a06b-10fb90171ee0/symbol=300433/data.parquet,
62bbe9df-6ed8-48d5-a06b-10fb90171ee0,300433,profit_sheet_report,2016-09-30,2016-10-29,2026-07-27,False,available,data/raw/stock_profit_sheet_by_report_em/run_id=62bbe9df-6ed8-48d5-a06b-10fb90171ee0/symbol=300433/data.parquet,
62bbe9df-6ed8-48d5-a06b-10fb90171ee0,300433,profit_sheet_report,2016-06-30,2016-08-26,2026-07-27,False,available,data/raw/stock_profit_sheet_by_report_em/run_id=62bbe9df-6ed8-48d5-a06b-10fb90171ee0/symbol=300433/data.parquet,
62bbe9df-6ed8-48d5-a06b-10fb90171ee0,300433,profit_sheet_report,2016-03-31,2016-04-29,2026-07-27,False,available,data/raw/stock_profit_sheet_by_report_em/run_id=62bbe9df-6ed8-48d5-a06b-10fb90171ee0/symbol=300433/data.parquet,
62bbe9df-6ed8-48d5-a06b-10fb90171ee0,300433,profit_sheet_report,2015-12-31,2016-04-23,2026-07-27,False,available,data/raw/stock_profit_sheet_by_report_em/run_id=62bbe9df-6ed8-48d5-a06b-10fb90171ee0/symbol=300433/data.parquet,
62bbe9df-6ed8-48d5-a06b-10fb90171ee0,300433,profit_sheet_report,2015-09-30,2015-10-24,2026-07-27,False,available,data/raw/stock_profit_sheet_by_report_em/run_id=62bbe9df-6ed8-48d5-a06b-10fb90171ee0/symbol=300433/data.parquet,
62bbe9df-6ed8-48d5-a06b-10fb90171ee0,300433,profit_sheet_report,2015-06-30,2015-08-26,2026-07-27,False,available,data/raw/stock_profit_sheet_by_report_em/run_id=62bbe9df-6ed8-48d5-a06b-10fb90171ee0/symbol=300433/data.parquet,
62bbe9df-6ed8-48d5-a06b-10fb90171ee0,300433,profit_sheet_report,2015-03-31,2015-04-25,2026-07-27,False,available,data/raw/stock_profit_sheet_by_report_em/run_id=62bbe9df-6ed8-48d5-a06b-10fb90171ee0/symbol=300433/data.parquet,
62bbe9df-6ed8-48d5-a06b-10fb90171ee0,300433,profit_sheet_report,2014-12-31,2015-03-03,2026-07-27,False,available,data/raw/stock_profit_sheet_by_report_em/run_id=62bbe9df-6ed8-48d5-a06b-10fb90171ee0/symbol=300433/data.parquet,
62bbe9df-6ed8-48d5-a06b-10fb90171ee0,300433,profit_sheet_report,2014-09-30,2015-10-24,2026-07-27,False,available,data/raw/stock_profit_sheet_by_report_em/run_id=62bbe9df-6ed8-48d5-a06b-10fb90171ee0/symbol=300433/data.parquet,
62bbe9df-6ed8-48d5-a06b-10fb90171ee0,300433,profit_sheet_report,2014-06-30,2014-12-26,2026-07-27,False,available,data/raw/stock_profit_sheet_by_report_em/run_id=62bbe9df-6ed8-48d5-a06b-10fb90171ee0/symbol=300433/data.parquet,
62bbe9df-6ed8-48d5-a06b-10fb90171ee0,300433,profit_sheet_report,2014-03-31,2015-04-25,2026-07-27,False,available,data/raw/stock_profit_sheet_by_report_em/run_id=62bbe9df-6ed8-48d5-a06b-10fb90171ee0/symbol=300433/data.parquet,
62bbe9df-6ed8-48d5-a06b-10fb90171ee0,300433,profit_sheet_report,2013-12-31,2014-05-08,2026-07-27,False,available,data/raw/stock_profit_sheet_by_report_em/run_id=62bbe9df-6ed8-48d5-a06b-10fb90171ee0/symbol=300433/data.parquet,
62bbe9df-6ed8-48d5-a06b-10fb90171ee0,300433,profit_sheet_report,2012-12-31,2014-05-08,2026-07-27,False,available,data/raw/stock_profit_sheet_by_report_em/run_id=62bbe9df-6ed8-48d5-a06b-10fb90171ee0/symbol=300433/data.parquet,
62bbe9df-6ed8-48d5-a06b-10fb90171ee0,300433,profit_sheet_report,2011-12-31,2014-05-08,2026-07-27,False,available,data/raw/stock_profit_sheet_by_report_em/run_id=62bbe9df-6ed8-48d5-a06b-10fb90171ee0/symbol=300433/data.parquet,
62bbe9df-6ed8-48d5-a06b-10fb90171ee0,300433,cashflow_sheet_report,2026-03-31,2026-04-16,2026-07-27,False,available,data/raw/stock_cash_flow_sheet_by_report_em/run_id=62bbe9df-6ed8-48d5-a06b-10fb90171ee0/symbol=300433/data.parquet,
62bbe9df-6ed8-48d5-a06b-10fb90171ee0,300433,cashflow_sheet_report,2025-12-31,2026-03-31,2026-07-27,False,available,data/raw/stock_cash_flow_sheet_by_report_em/run_id=62bbe9df-6ed8-48d5-a06b-10fb90171ee0/symbol=300433/data.parquet,
62bbe9df-6ed8-48d5-a06b-10fb90171ee0,300433,cashflow_sheet_report,2025-09-30,2025-10-29,2026-07-27,False,available,data/raw/stock_cash_flow_sheet_by_report_em/run_id=62bbe9df-6ed8-48d5-a06b-10fb90171ee0/symbol=300433/data.parquet,
62bbe9df-6ed8-48d5-a06b-10fb90171ee0,300433,cashflow_sheet_report,2025-06-30,2025-08-26,2026-07-27,False,available,data/raw/stock_cash_flow_sheet_by_report_em/run_id=62bbe9df-6ed8-48d5-a06b-10fb90171ee0/symbol=300433/data.parquet,
62bbe9df-6ed8-48d5-a06b-10fb90171ee0,300433,cashflow_sheet_report,2025-03-31,2025-04-18,2026-07-27,False,available,data/raw/stock_cash_flow_sheet_by_report_em/run_id=62bbe9df-6ed8-48d5-a06b-10fb90171ee0/symbol=300433/data.parquet,
62bbe9df-6ed8-48d5-a06b-10fb90171ee0,300433,cashflow_sheet_report,2024-12-31,2025-03-28,2026-07-27,False,available,data/raw/stock_cash_flow_sheet_by_report_em/run_id=62bbe9df-6ed8-48d5-a06b-10fb90171ee0/symbol=300433/data.parquet,
62bbe9df-6ed8-48d5-a06b-10fb90171ee0,300433,cashflow_sheet_report,2024-09-30,2024-10-21,2026-07-27,False,available,data/raw/stock_cash_flow_sheet_by_report_em/run_id=62bbe9df-6ed8-48d5-a06b-10fb90171ee0/symbol=300433/data.parquet,
62bbe9df-6ed8-48d5-a06b-10fb90171ee0,300433,cashflow_sheet_report,2024-06-30,2024-08-26,2026-07-27,False,available,data/raw/stock_cash_flow_sheet_by_report_em/run_id=62bbe9df-6ed8-48d5-a06b-10fb90171ee0/symbol=300433/data.parquet,
62bbe9df-6ed8-48d5-a06b-10fb90171ee0,300433,cashflow_sheet_report,2024-03-31,2024-04-24,2026-07-27,False,available,data/raw/stock_cash_flow_sheet_by_report_em/run_id=62bbe9df-6ed8-48d5-a06b-10fb90171ee0/symbol=300433/data.parquet,
62bbe9df-6ed8-48d5-a06b-10fb90171ee0,300433,cashflow_sheet_report,2023-12-31,2024-04-22,2026-07-27,False,available,data/raw/stock_cash_flow_sheet_by_report_em/run_id=62bbe9df-6ed8-48d5-a06b-10fb90171ee0/symbol=300433/data.parquet,
62bbe9df-6ed8-48d5-a06b-10fb90171ee0,300433,cashflow_sheet_report,2023-09-30,2023-10-19,2026-07-27,False,available,data/raw/stock_cash_flow_sheet_by_report_em/run_id=62bbe9df-6ed8-48d5-a06b-10fb90171ee0/symbol=300433/data.parquet,
62bbe9df-6ed8-48d5-a06b-10fb90171ee0,300433,cashflow_sheet_report,2023-06-30,2023-08-19,2026-07-27,False,available,data/raw/stock_cash_flow_sheet_by_report_em/run_id=62bbe9df-6ed8-48d5-a06b-10fb90171ee0/symbol=300433/data.parquet,
62bbe9df-6ed8-48d5-a06b-10fb90171ee0,300433,cashflow_sheet_report,2023-03-31,2023-04-25,2026-07-27,False,available,data/raw/stock_cash_flow_sheet_by_report_em/run_id=62bbe9df-6ed8-48d5-a06b-10fb90171ee0/symbol=300433/data.parquet,
62bbe9df-6ed8-48d5-a06b-10fb90171ee0,300433,cashflow_sheet_report,2022-12-31,2023-04-24,2026-07-27,False,available,data/raw/stock_cash_flow_sheet_by_report_em/run_id=62bbe9df-6ed8-48d5-a06b-10fb90171ee0/symbol=300433/data.parquet,
62bbe9df-6ed8-48d5-a06b-10fb90171ee0,300433,cashflow_sheet_report,2022-09-30,2022-10-28,2026-07-27,False,available,data/raw/stock_cash_flow_sheet_by_report_em/run_id=62bbe9df-6ed8-48d5-a06b-10fb90171ee0/symbol=300433/data.parquet,
62bbe9df-6ed8-48d5-a06b-10fb90171ee0,300433,cashflow_sheet_report,2022-06-30,2022-08-26,2026-07-27,False,available,data/raw/stock_cash_flow_sheet_by_report_em/run_id=62bbe9df-6ed8-48d5-a06b-10fb90171ee0/symbol=300433/data.parquet,
62bbe9df-6ed8-48d5-a06b-10fb90171ee0,300433,cashflow_sheet_report,2022-03-31,2022-04-23,2026-07-27,False,available,data/raw/stock_cash_flow_sheet_by_report_em/run_id=62bbe9df-6ed8-48d5-a06b-10fb90171ee0/symbol=300433/data.parquet,
62bbe9df-6ed8-48d5-a06b-10fb90171ee0,300433,cashflow_sheet_report,2021-12-31,2022-04-23,2026-07-27,False,available,data/raw/stock_cash_flow_sheet_by_report_em/run_id=62bbe9df-6ed8-48d5-a06b-10fb90171ee0/symbol=300433/data.parquet,
62bbe9df-6ed8-48d5-a06b-10fb90171ee0,300433,cashflow_sheet_report,2021-09-30,2021-10-26,2026-07-27,False,available,data/raw/stock_cash_flow_sheet_by_report_em/run_id=62bbe9df-6ed8-48d5-a06b-10fb90171ee0/symbol=300433/data.parquet,
62bbe9df-6ed8-48d5-a06b-10fb90171ee0,300433,cashflow_sheet_report,2021-06-30,2021-08-21,2026-07-27,False,available,data/raw/stock_cash_flow_sheet_by_report_em/run_id=62bbe9df-6ed8-48d5-a06b-10fb90171ee0/symbol=300433/data.parquet,
62bbe9df-6ed8-48d5-a06b-10fb90171ee0,300433,cashflow_sheet_report,2021-03-31,2021-04-28,2026-07-27,False,available,data/raw/stock_cash_flow_sheet_by_report_em/run_id=62bbe9df-6ed8-48d5-a06b-10fb90171ee0/symbol=300433/data.parquet,
62bbe9df-6ed8-48d5-a06b-10fb90171ee0,300433,cashflow_sheet_report,2020-12-31,2021-04-26,2026-07-27,False,available,data/raw/stock_cash_flow_sheet_by_report_em/run_id=62bbe9df-6ed8-48d5-a06b-10fb90171ee0/symbol=300433/data.parquet,
62bbe9df-6ed8-48d5-a06b-10fb90171ee0,300433,cashflow_sheet_report,2020-09-30,2020-10-27,2026-07-27,False,available,data/raw/stock_cash_flow_sheet_by_report_em/run_id=62bbe9df-6ed8-48d5-a06b-10fb90171ee0/symbol=300433/data.parquet,
62bbe9df-6ed8-48d5-a06b-10fb90171ee0,300433,cashflow_sheet_report,2020-06-30,2020-08-18,2026-07-27,False,available,data/raw/stock_cash_flow_sheet_by_report_em/run_id=62bbe9df-6ed8-48d5-a06b-10fb90171ee0/symbol=300433/data.parquet,
62bbe9df-6ed8-48d5-a06b-10fb90171ee0,300433,cashflow_sheet_report,2020-03-31,2020-04-30,2026-07-27,False,available,data/raw/stock_cash_flow_sheet_by_report_em/run_id=62bbe9df-6ed8-48d5-a06b-10fb90171ee0/symbol=300433/data.parquet,
62bbe9df-6ed8-48d5-a06b-10fb90171ee0,300433,cashflow_sheet_report,2019-12-31,2020-04-28,2026-07-27,False,available,data/raw/stock_cash_flow_sheet_by_report_em/run_id=62bbe9df-6ed8-48d5-a06b-10fb90171ee0/symbol=300433/data.parquet,
62bbe9df-6ed8-48d5-a06b-10fb90171ee0,300433,cashflow_sheet_report,2019-09-30,2019-10-22,2026-07-27,False,available,data/raw/stock_cash_flow_sheet_by_report_em/run_id=62bbe9df-6ed8-48d5-a06b-10fb90171ee0/symbol=300433/data.parquet,
62bbe9df-6ed8-48d5-a06b-10fb90171ee0,300433,cashflow_sheet_report,2019-06-30,2019-08-30,2026-07-27,False,available,data/raw/stock_cash_flow_sheet_by_report_em/run_id=62bbe9df-6ed8-48d5-a06b-10fb90171ee0/symbol=300433/data.parquet,
62bbe9df-6ed8-48d5-a06b-10fb90171ee0,300433,cashflow_sheet_report,2019-03-31,2019-04-26,2026-07-27,False,available,data/raw/stock_cash_flow_sheet_by_report_em/run_id=62bbe9df-6ed8-48d5-a06b-10fb90171ee0/symbol=300433/data.parquet,
62bbe9df-6ed8-48d5-a06b-10fb90171ee0,300433,cashflow_sheet_report,2018-12-31,2019-04-26,2026-07-27,False,available,data/raw/stock_cash_flow_sheet_by_report_em/run_id=62bbe9df-6ed8-48d5-a06b-10fb90171ee0/symbol=300433/data.parquet,
62bbe9df-6ed8-48d5-a06b-10fb90171ee0,300433,cashflow_sheet_report,2018-09-30,2018-10-29,2026-07-27,False,available,data/raw/stock_cash_flow_sheet_by_report_em/run_id=62bbe9df-6ed8-48d5-a06b-10fb90171ee0/symbol=300433/data.parquet,
62bbe9df-6ed8-48d5-a06b-10fb90171ee0,300433,cashflow_sheet_report,2018-06-30,2018-08-30,2026-07-27,False,available,data/raw/stock_cash_flow_sheet_by_report_em/run_id=62bbe9df-6ed8-48d5-a06b-10fb90171ee0/symbol=300433/data.parquet,
62bbe9df-6ed8-48d5-a06b-10fb90171ee0,300433,cashflow_sheet_report,2018-03-31,2018-04-27,2026-07-27,False,available,data/raw/stock_cash_flow_sheet_by_report_em/run_id=62bbe9df-6ed8-48d5-a06b-10fb90171ee0/symbol=300433/data.parquet,
62bbe9df-6ed8-48d5-a06b-10fb90171ee0,300433,cashflow_sheet_report,2017-12-31,2018-04-24,2026-07-27,False,available,data/raw/stock_cash_flow_sheet_by_report_em/run_id=62bbe9df-6ed8-48d5-a06b-10fb90171ee0/symbol=300433/data.parquet,
62bbe9df-6ed8-48d5-a06b-10fb90171ee0,300433,cashflow_sheet_report,2017-09-30,2017-10-27,2026-07-27,False,available,data/raw/stock_cash_flow_sheet_by_report_em/run_id=62bbe9df-6ed8-48d5-a06b-10fb90171ee0/symbol=300433/data.parquet,
62bbe9df-6ed8-48d5-a06b-10fb90171ee0,300433,cashflow_sheet_report,2017-06-30,2017-08-12,2026-07-27,False,available,data/raw/stock_cash_flow_sheet_by_report_em/run_id=62bbe9df-6ed8-48d5-a06b-10fb90171ee0/symbol=300433/data.parquet,
62bbe9df-6ed8-48d5-a06b-10fb90171ee0,300433,cashflow_sheet_report,2017-03-31,2017-04-26,2026-07-27,False,available,data/raw/stock_cash_flow_sheet_by_report_em/run_id=62bbe9df-6ed8-48d5-a06b-10fb90171ee0/symbol=300433/data.parquet,
62bbe9df-6ed8-48d5-a06b-10fb90171ee0,300433,cashflow_sheet_report,2016-12-31,2017-04-20,2026-07-27,False,available,data/raw/stock_cash_flow_sheet_by_report_em/run_id=62bbe9df-6ed8-48d5-a06b-10fb90171ee0/symbol=300433/data.parquet,
62bbe9df-6ed8-48d5-a06b-10fb90171ee0,300433,cashflow_sheet_report,2016-09-30,2016-10-29,2026-07-27,False,available,data/raw/stock_cash_flow_sheet_by_report_em/run_id=62bbe9df-6ed8-48d5-a06b-10fb90171ee0/symbol=300433/data.parquet,
62bbe9df-6ed8-48d5-a06b-10fb90171ee0,300433,cashflow_sheet_report,2016-06-30,2016-08-26,2026-07-27,False,available,data/raw/stock_cash_flow_sheet_by_report_em/run_id=62bbe9df-6ed8-48d5-a06b-10fb90171ee0/symbol=300433/data.parquet,
62bbe9df-6ed8-48d5-a06b-10fb90171ee0,300433,cashflow_sheet_report,2016-03-31,2016-04-29,2026-07-27,False,available,data/raw/stock_cash_flow_sheet_by_report_em/run_id=62bbe9df-6ed8-48d5-a06b-10fb90171ee0/symbol=300433/data.parquet,
62bbe9df-6ed8-48d5-a06b-10fb90171ee0,300433,cashflow_sheet_report,2015-12-31,2016-04-23,2026-07-27,False,available,data/raw/stock_cash_flow_sheet_by_report_em/run_id=62bbe9df-6ed8-48d5-a06b-10fb90171ee0/symbol=300433/data.parquet,
62bbe9df-6ed8-48d5-a06b-10fb90171ee0,300433,cashflow_sheet_report,2015-09-30,2015-10-24,2026-07-27,False,available,data/raw/stock_cash_flow_sheet_by_report_em/run_id=62bbe9df-6ed8-48d5-a06b-10fb90171ee0/symbol=300433/data.parquet,
62bbe9df-6ed8-48d5-a06b-10fb90171ee0,300433,cashflow_sheet_report,2015-06-30,2015-08-26,2026-07-27,False,available,data/raw/stock_cash_flow_sheet_by_report_em/run_id=62bbe9df-6ed8-48d5-a06b-10fb90171ee0/symbol=300433/data.parquet,
62bbe9df-6ed8-48d5-a06b-10fb90171ee0,300433,cashflow_sheet_report,2015-03-31,2015-04-25,2026-07-27,False,available,data/raw/stock_cash_flow_sheet_by_report_em/run_id=62bbe9df-6ed8-48d5-a06b-10fb90171ee0/symbol=300433/data.parquet,
62bbe9df-6ed8-48d5-a06b-10fb90171ee0,300433,cashflow_sheet_report,2014-12-31,2015-03-03,2026-07-27,False,available,data/raw/stock_cash_flow_sheet_by_report_em/run_id=62bbe9df-6ed8-48d5-a06b-10fb90171ee0/symbol=300433/data.parquet,
62bbe9df-6ed8-48d5-a06b-10fb90171ee0,300433,cashflow_sheet_report,2014-09-30,2015-10-24,2026-07-27,False,available,data/raw/stock_cash_flow_sheet_by_report_em/run_id=62bbe9df-6ed8-48d5-a06b-10fb90171ee0/symbol=300433/data.parquet,
62bbe9df-6ed8-48d5-a06b-10fb90171ee0,300433,cashflow_sheet_report,2014-06-30,2014-12-26,2026-07-27,False,available,data/raw/stock_cash_flow_sheet_by_report_em/run_id=62bbe9df-6ed8-48d5-a06b-10fb90171ee0/symbol=300433/data.parquet,
62bbe9df-6ed8-48d5-a06b-10fb90171ee0,300433,cashflow_sheet_report,2014-03-31,2015-04-25,2026-07-27,False,available,data/raw/stock_cash_flow_sheet_by_report_em/run_id=62bbe9df-6ed8-48d5-a06b-10fb90171ee0/symbol=300433/data.parquet,
62bbe9df-6ed8-48d5-a06b-10fb90171ee0,300433,cashflow_sheet_report,2013-12-31,2014-05-08,2026-07-27,False,available,data/raw/stock_cash_flow_sheet_by_report_em/run_id=62bbe9df-6ed8-48d5-a06b-10fb90171ee0/symbol=300433/data.parquet,
62bbe9df-6ed8-48d5-a06b-10fb90171ee0,300433,cashflow_sheet_report,2012-12-31,2014-05-08,2026-07-27,False,available,data/raw/stock_cash_flow_sheet_by_report_em/run_id=62bbe9df-6ed8-48d5-a06b-10fb90171ee0/symbol=300433/data.parquet,
62bbe9df-6ed8-48d5-a06b-10fb90171ee0,300433,cashflow_sheet_report,2011-12-31,2014-05-08,2026-07-27,False,available,data/raw/stock_cash_flow_sheet_by_report_em/run_id=62bbe9df-6ed8-48d5-a06b-10fb90171ee0/symbol=300433/data.parquet,
