transform_run_id,source_dataset,source_field,canonical_field,data_type,source_unit,target_unit,scale_factor,nullable,required,mapping_status,mapping_evidence,notes
31635b34-d1ee-46d4-9c0f-32ae3f30d567,stock_zh_a_hist,日期,trade_date,date,,,1.0,False,True,mapped,AKShare stock_zh_a_hist documented field,
31635b34-d1ee-46d4-9c0f-32ae3f30d567,stock_zh_a_hist,股票代码,symbol,string,,,1.0,False,True,mapped,AKShare stock_zh_a_hist documented field,
31635b34-d1ee-46d4-9c0f-32ae3f30d567,stock_zh_a_hist,开盘,open,float64,,,1.0,True,True,mapped,AKShare stock_zh_a_hist documented field,
31635b34-d1ee-46d4-9c0f-32ae3f30d567,stock_zh_a_hist,收盘,close,float64,,,1.0,True,True,mapped,AKShare stock_zh_a_hist documented field,
31635b34-d1ee-46d4-9c0f-32ae3f30d567,stock_zh_a_hist,最高,high,float64,,,1.0,True,True,mapped,AKShare stock_zh_a_hist documented field,
31635b34-d1ee-46d4-9c0f-32ae3f30d567,stock_zh_a_hist,最低,low,float64,,,1.0,True,True,mapped,AKShare stock_zh_a_hist documented field,
31635b34-d1ee-46d4-9c0f-32ae3f30d567,stock_zh_a_hist,成交量,volume_lot,float64,,,1.0,True,True,mapped,AKShare A-share history interface volume unit is lot,
31635b34-d1ee-46d4-9c0f-32ae3f30d567,stock_zh_a_hist,成交额,amount_cny,float64,,,1.0,True,True,mapped,AKShare A-share history interface amount unit is CNY yuan,
31635b34-d1ee-46d4-9c0f-32ae3f30d567,stock_zh_a_hist,振幅,amplitude,float64,,,1.0,True,False,mapped,AKShare field is percent points,
31635b34-d1ee-46d4-9c0f-32ae3f30d567,stock_zh_a_hist,涨跌幅,pct_change,float64,,,1.0,True,False,mapped,AKShare field is percent points,
31635b34-d1ee-46d4-9c0f-32ae3f30d567,stock_zh_a_hist,涨跌额,price_change,float64,,,1.0,True,False,mapped,AKShare field is CNY per share,
31635b34-d1ee-46d4-9c0f-32ae3f30d567,stock_zh_a_hist,换手率,turnover_rate,float64,,,1.0,True,False,mapped,AKShare field is percent points,
31635b34-d1ee-46d4-9c0f-32ae3f30d567,stock_zh_a_spot_em,序号,,source,unknown,unknown,1.0,True,False,unmapped,Preserved in source_payload_json; no canonical guess,
31635b34-d1ee-46d4-9c0f-32ae3f30d567,stock_zh_a_spot_em,代码,symbol,string,,,1.0,False,True,mapped,AKShare stock_zh_a_spot_em documented field,
31635b34-d1ee-46d4-9c0f-32ae3f30d567,stock_zh_a_spot_em,名称,name,string,,,1.0,True,True,mapped,AKShare stock_zh_a_spot_em documented field,
31635b34-d1ee-46d4-9c0f-32ae3f30d567,stock_zh_a_spot_em,最新价,latest_price,float64,,,1.0,True,False,mapped,AKShare documented field,
31635b34-d1ee-46d4-9c0f-32ae3f30d567,stock_zh_a_spot_em,涨跌幅,pct_change,float64,,,1.0,True,False,mapped,AKShare field is percent points,
31635b34-d1ee-46d4-9c0f-32ae3f30d567,stock_zh_a_spot_em,涨跌额,price_change,float64,,,1.0,True,False,mapped,AKShare documented field,
31635b34-d1ee-46d4-9c0f-32ae3f30d567,stock_zh_a_spot_em,成交量,volume_lot,float64,,,1.0,True,False,mapped,AKShare A-share spot volume unit is lot,
31635b34-d1ee-46d4-9c0f-32ae3f30d567,stock_zh_a_spot_em,成交额,amount_cny,float64,,,1.0,True,False,mapped,AKShare A-share spot amount unit is CNY yuan,
31635b34-d1ee-46d4-9c0f-32ae3f30d567,stock_zh_a_spot_em,振幅,amplitude,float64,,,1.0,True,False,mapped,AKShare field is percent points,
31635b34-d1ee-46d4-9c0f-32ae3f30d567,stock_zh_a_spot_em,最高,,source,unknown,unknown,1.0,True,False,unmapped,Preserved in source_payload_json; no canonical guess,
31635b34-d1ee-46d4-9c0f-32ae3f30d567,stock_zh_a_spot_em,最低,,source,unknown,unknown,1.0,True,False,unmapped,Preserved in source_payload_json; no canonical guess,
31635b34-d1ee-46d4-9c0f-32ae3f30d567,stock_zh_a_spot_em,今开,,source,unknown,unknown,1.0,True,False,unmapped,Preserved in source_payload_json; no canonical guess,
31635b34-d1ee-46d4-9c0f-32ae3f30d567,stock_zh_a_spot_em,昨收,,source,unknown,unknown,1.0,True,False,unmapped,Preserved in source_payload_json; no canonical guess,
31635b34-d1ee-46d4-9c0f-32ae3f30d567,stock_zh_a_spot_em,量比,volume_ratio,float64,,,1.0,True,False,mapped,AKShare documented dimensionless field,
31635b34-d1ee-46d4-9c0f-32ae3f30d567,stock_zh_a_spot_em,换手率,turnover_rate,float64,,,1.0,True,False,mapped,AKShare field is percent points,
31635b34-d1ee-46d4-9c0f-32ae3f30d567,stock_zh_a_spot_em,市盈率-动态,pe_dynamic,float64,,,1.0,True,False,mapped,AKShare documented snapshot field,
31635b34-d1ee-46d4-9c0f-32ae3f30d567,stock_zh_a_spot_em,市净率,pb,float64,,,1.0,True,False,mapped,AKShare documented snapshot field,
31635b34-d1ee-46d4-9c0f-32ae3f30d567,stock_zh_a_spot_em,总市值,market_cap_cny,float64,,,1.0,True,False,mapped,AKShare field unit is CNY yuan,
31635b34-d1ee-46d4-9c0f-32ae3f30d567,stock_zh_a_spot_em,流通市值,float_market_cap_cny,float64,,,1.0,True,False,mapped,AKShare field unit is CNY yuan,
31635b34-d1ee-46d4-9c0f-32ae3f30d567,stock_zh_a_spot_em,涨速,,source,unknown,unknown,1.0,True,False,unmapped,Preserved in source_payload_json; no canonical guess,
31635b34-d1ee-46d4-9c0f-32ae3f30d567,stock_zh_a_spot_em,5分钟涨跌,,source,unknown,unknown,1.0,True,False,unmapped,Preserved in source_payload_json; no canonical guess,
31635b34-d1ee-46d4-9c0f-32ae3f30d567,stock_zh_a_spot_em,60日涨跌幅,,source,unknown,unknown,1.0,True,False,unmapped,Preserved in source_payload_json; no canonical guess,
31635b34-d1ee-46d4-9c0f-32ae3f30d567,stock_zh_a_spot_em,年初至今涨跌幅,,source,unknown,unknown,1.0,True,False,unmapped,Preserved in source_payload_json; no canonical guess,
31635b34-d1ee-46d4-9c0f-32ae3f30d567,stock_balance_sheet_by_report_em,SECUCODE,source_derived:e44430b3eb84251e,source,CNY_yuan,CNY_yuan,1.0,True,False,passthrough,Raw wide field preserved as traceable long-form item,
31635b34-d1ee-46d4-9c0f-32ae3f30d567,stock_balance_sheet_by_report_em,SECURITY_CODE,symbol,source,,,1.0,True,False,mapped,Financial metadata field mapping,
31635b34-d1ee-46d4-9c0f-32ae3f30d567,stock_balance_sheet_by_report_em,SECURITY_NAME_ABBR,source_derived:8a7075e1c91097de,source,CNY_yuan,CNY_yuan,1.0,True,False,passthrough,Raw wide field preserved as traceable long-form item,
31635b34-d1ee-46d4-9c0f-32ae3f30d567,stock_balance_sheet_by_report_em,ORG_CODE,source_derived:4fd7af85f8b03e86,source,CNY_yuan,CNY_yuan,1.0,True,False,passthrough,Raw wide field preserved as traceable long-form item,
31635b34-d1ee-46d4-9c0f-32ae3f30d567,stock_balance_sheet_by_report_em,ORG_TYPE,source_derived:8e7cfb6ff8c74c68,source,CNY_yuan,CNY_yuan,1.0,True,False,passthrough,Raw wide field preserved as traceable long-form item,
31635b34-d1ee-46d4-9c0f-32ae3f30d567,stock_balance_sheet_by_report_em,REPORT_DATE,report_period,source,,,1.0,True,False,mapped,Financial metadata field mapping,
31635b34-d1ee-46d4-9c0f-32ae3f30d567,stock_balance_sheet_by_report_em,REPORT_TYPE,report_type,source,,,1.0,True,False,mapped,Financial metadata field mapping,
31635b34-d1ee-46d4-9c0f-32ae3f30d567,stock_balance_sheet_by_report_em,REPORT_DATE_NAME,source_derived:2bca7cad996bba19,source,CNY_yuan,CNY_yuan,1.0,True,False,passthrough,Raw wide field preserved as traceable long-form item,
31635b34-d1ee-46d4-9c0f-32ae3f30d567,stock_balance_sheet_by_report_em,SECURITY_TYPE_CODE,source_derived:d946b4dd41b870b6,source,CNY_yuan,CNY_yuan,1.0,True,False,passthrough,Raw wide field preserved as traceable long-form item,
31635b34-d1ee-46d4-9c0f-32ae3f30d567,stock_balance_sheet_by_report_em,NOTICE_DATE,announcement_date,source,,,1.0,True,False,mapped,Financial metadata field mapping,
31635b34-d1ee-46d4-9c0f-32ae3f30d567,stock_balance_sheet_by_report_em,UPDATE_DATE,source_update_date,source,,,1.0,True,False,mapped,Financial metadata field mapping,
31635b34-d1ee-46d4-9c0f-32ae3f30d567,stock_balance_sheet_by_report_em,CURRENCY,currency,source,,,1.0,True,False,mapped,Financial metadata field mapping,
31635b34-d1ee-46d4-9c0f-32ae3f30d567,stock_balance_sheet_by_report_em,ACCEPT_DEPOSIT_INTERBANK,source_derived:83682ffb3e4a2bcb,source,CNY_yuan,CNY_yuan,1.0,True,False,passthrough,Raw wide field preserved as traceable long-form item,
31635b34-d1ee-46d4-9c0f-32ae3f30d567,stock_balance_sheet_by_report_em,ACCOUNTS_PAYABLE,source_derived:8f57074b0006ef79,source,CNY_yuan,CNY_yuan,1.0,True,False,passthrough,Raw wide field preserved as traceable long-form item,
31635b34-d1ee-46d4-9c0f-32ae3f30d567,stock_balance_sheet_by_report_em,ACCOUNTS_RECE,source_derived:1c87d8974c1ae68c,source,CNY_yuan,CNY_yuan,1.0,True,False,passthrough,Raw wide field preserved as traceable long-form item,
31635b34-d1ee-46d4-9c0f-32ae3f30d567,stock_balance_sheet_by_report_em,ACCRUED_EXPENSE,source_derived:a89eedd0632ac552,source,CNY_yuan,CNY_yuan,1.0,True,False,passthrough,Raw wide field preserved as traceable long-form item,
31635b34-d1ee-46d4-9c0f-32ae3f30d567,stock_balance_sheet_by_report_em,ADVANCE_RECEIVABLES,source_derived:e5b81f9633332c03,source,CNY_yuan,CNY_yuan,1.0,True,False,passthrough,Raw wide field preserved as traceable long-form item,
31635b34-d1ee-46d4-9c0f-32ae3f30d567,stock_balance_sheet_by_report_em,AGENT_TRADE_SECURITY,source_derived:a5845144e693bba1,source,CNY_yuan,CNY_yuan,1.0,True,False,passthrough,Raw wide field preserved as traceable long-form item,
31635b34-d1ee-46d4-9c0f-32ae3f30d567,stock_balance_sheet_by_report_em,AGENT_UNDERWRITE_SECURITY,source_derived:3f147d50e5687826,source,CNY_yuan,CNY_yuan,1.0,True,False,passthrough,Raw wide field preserved as traceable long-form item,
31635b34-d1ee-46d4-9c0f-32ae3f30d567,stock_balance_sheet_by_report_em,AMORTIZE_COST_FINASSET,source_derived:db379ee8cc5f105e,source,CNY_yuan,CNY_yuan,1.0,True,False,passthrough,Raw wide field preserved as traceable long-form item,
31635b34-d1ee-46d4-9c0f-32ae3f30d567,stock_balance_sheet_by_report_em,AMORTIZE_COST_FINLIAB,source_derived:1034d97387f1a83e,source,CNY_yuan,CNY_yuan,1.0,True,False,passthrough,Raw wide field preserved as traceable long-form item,
31635b34-d1ee-46d4-9c0f-32ae3f30d567,stock_balance_sheet_by_report_em,AMORTIZE_COST_NCFINASSET,source_derived:2f0de73627e74d80,source,CNY_yuan,CNY_yuan,1.0,True,False,passthrough,Raw wide field preserved as traceable long-form item,
31635b34-d1ee-46d4-9c0f-32ae3f30d567,stock_balance_sheet_by_report_em,AMORTIZE_COST_NCFINLIAB,source_derived:df5624c2c5dc140f,source,CNY_yuan,CNY_yuan,1.0,True,False,passthrough,Raw wide field preserved as traceable long-form item,
31635b34-d1ee-46d4-9c0f-32ae3f30d567,stock_balance_sheet_by_report_em,APPOINT_FVTPL_FINASSET,source_derived:488b783fcf94d1ce,source,CNY_yuan,CNY_yuan,1.0,True,False,passthrough,Raw wide field preserved as traceable long-form item,
31635b34-d1ee-46d4-9c0f-32ae3f30d567,stock_balance_sheet_by_report_em,APPOINT_FVTPL_FINLIAB,source_derived:44831db70d668f8b,source,CNY_yuan,CNY_yuan,1.0,True,False,passthrough,Raw wide field preserved as traceable long-form item,
31635b34-d1ee-46d4-9c0f-32ae3f30d567,stock_balance_sheet_by_report_em,ASSET_BALANCE,source_derived:3dfbeb6e568c4fb9,source,CNY_yuan,CNY_yuan,1.0,True,False,passthrough,Raw wide field preserved as traceable long-form item,
31635b34-d1ee-46d4-9c0f-32ae3f30d567,stock_balance_sheet_by_report_em,ASSET_OTHER,source_derived:f92951a6ade55b2b,source,CNY_yuan,CNY_yuan,1.0,True,False,passthrough,Raw wide field preserved as traceable long-form item,
31635b34-d1ee-46d4-9c0f-32ae3f30d567,stock_balance_sheet_by_report_em,ASSIGN_CASH_DIVIDEND,source_derived:06e22c56ec9cb71e,source,CNY_yuan,CNY_yuan,1.0,True,False,passthrough,Raw wide field preserved as traceable long-form item,
31635b34-d1ee-46d4-9c0f-32ae3f30d567,stock_balance_sheet_by_report_em,AVAILABLE_SALE_FINASSET,source_derived:225b60745d9bd9ff,source,CNY_yuan,CNY_yuan,1.0,True,False,passthrough,Raw wide field preserved as traceable long-form item,
31635b34-d1ee-46d4-9c0f-32ae3f30d567,stock_balance_sheet_by_report_em,BOND_PAYABLE,source_derived:62815cce605a72f2,source,CNY_yuan,CNY_yuan,1.0,True,False,passthrough,Raw wide field preserved as traceable long-form item,
31635b34-d1ee-46d4-9c0f-32ae3f30d567,stock_balance_sheet_by_report_em,BORROW_FUND,source_derived:85633664a16b8ceb,source,CNY_yuan,CNY_yuan,1.0,True,False,passthrough,Raw wide field preserved as traceable long-form item,
31635b34-d1ee-46d4-9c0f-32ae3f30d567,stock_balance_sheet_by_report_em,BUY_RESALE_FINASSET,source_derived:5830cf262240da88,source,CNY_yuan,CNY_yuan,1.0,True,False,passthrough,Raw wide field preserved as traceable long-form item,
31635b34-d1ee-46d4-9c0f-32ae3f30d567,stock_balance_sheet_by_report_em,CAPITAL_RESERVE,source_derived:71a91dc273446c30,source,CNY_yuan,CNY_yuan,1.0,True,False,passthrough,Raw wide field preserved as traceable long-form item,
31635b34-d1ee-46d4-9c0f-32ae3f30d567,stock_balance_sheet_by_report_em,CIP,source_derived:6ffd743762320602,source,CNY_yuan,CNY_yuan,1.0,True,False,passthrough,Raw wide field preserved as traceable long-form item,
31635b34-d1ee-46d4-9c0f-32ae3f30d567,stock_balance_sheet_by_report_em,CONSUMPTIVE_BIOLOGICAL_ASSET,source_derived:91e9fcf565e2a423,source,CNY_yuan,CNY_yuan,1.0,True,False,passthrough,Raw wide field preserved as traceable long-form item,
31635b34-d1ee-46d4-9c0f-32ae3f30d567,stock_balance_sheet_by_report_em,CONTRACT_ASSET,source_derived:85908dd4361c8963,source,CNY_yuan,CNY_yuan,1.0,True,False,passthrough,Raw wide field preserved as traceable long-form item,
31635b34-d1ee-46d4-9c0f-32ae3f30d567,stock_balance_sheet_by_report_em,CONTRACT_LIAB,source_derived:ebcfd6863a8d2a4d,source,CNY_yuan,CNY_yuan,1.0,True,False,passthrough,Raw wide field preserved as traceable long-form item,
31635b34-d1ee-46d4-9c0f-32ae3f30d567,stock_balance_sheet_by_report_em,CONVERT_DIFF,source_derived:e5ef1e52b16caa67,source,CNY_yuan,CNY_yuan,1.0,True,False,passthrough,Raw wide field preserved as traceable long-form item,
31635b34-d1ee-46d4-9c0f-32ae3f30d567,stock_balance_sheet_by_report_em,CREDITOR_INVEST,source_derived:d1b733dac56065c5,source,CNY_yuan,CNY_yuan,1.0,True,False,passthrough,Raw wide field preserved as traceable long-form item,
31635b34-d1ee-46d4-9c0f-32ae3f30d567,stock_balance_sheet_by_report_em,CURRENT_ASSET_BALANCE,source_derived:61fdfe2bddfd7491,source,CNY_yuan,CNY_yuan,1.0,True,False,passthrough,Raw wide field preserved as traceable long-form item,
31635b34-d1ee-46d4-9c0f-32ae3f30d567,stock_balance_sheet_by_report_em,CURRENT_ASSET_OTHER,source_derived:db39312ee9f7ca32,source,CNY_yuan,CNY_yuan,1.0,True,False,passthrough,Raw wide field preserved as traceable long-form item,
31635b34-d1ee-46d4-9c0f-32ae3f30d567,stock_balance_sheet_by_report_em,CURRENT_LIAB_BALANCE,source_derived:04cb4abf8afc0b2a,source,CNY_yuan,CNY_yuan,1.0,True,False,passthrough,Raw wide field preserved as traceable long-form item,
31635b34-d1ee-46d4-9c0f-32ae3f30d567,stock_balance_sheet_by_report_em,CURRENT_LIAB_OTHER,source_derived:d2138bb3a4acf7f3,source,CNY_yuan,CNY_yuan,1.0,True,False,passthrough,Raw wide field preserved as traceable long-form item,
31635b34-d1ee-46d4-9c0f-32ae3f30d567,stock_balance_sheet_by_report_em,DEFER_INCOME,source_derived:98fd3161f75cd62a,source,CNY_yuan,CNY_yuan,1.0,True,False,passthrough,Raw wide field preserved as traceable long-form item,
31635b34-d1ee-46d4-9c0f-32ae3f30d567,stock_balance_sheet_by_report_em,DEFER_INCOME_1YEAR,source_derived:6260de50900fdda2,source,CNY_yuan,CNY_yuan,1.0,True,False,passthrough,Raw wide field preserved as traceable long-form item,
31635b34-d1ee-46d4-9c0f-32ae3f30d567,stock_balance_sheet_by_report_em,DEFER_TAX_ASSET,source_derived:06cc7f17702cbd4f,source,CNY_yuan,CNY_yuan,1.0,True,False,passthrough,Raw wide field preserved as traceable long-form item,
31635b34-d1ee-46d4-9c0f-32ae3f30d567,stock_balance_sheet_by_report_em,DEFER_TAX_LIAB,source_derived:b9ab033ce9d4c43a,source,CNY_yuan,CNY_yuan,1.0,True,False,passthrough,Raw wide field preserved as traceable long-form item,
31635b34-d1ee-46d4-9c0f-32ae3f30d567,stock_balance_sheet_by_report_em,DERIVE_FINASSET,source_derived:d41c73df54bd6f82,source,CNY_yuan,CNY_yuan,1.0,True,False,passthrough,Raw wide field preserved as traceable long-form item,
31635b34-d1ee-46d4-9c0f-32ae3f30d567,stock_balance_sheet_by_report_em,DERIVE_FINLIAB,source_derived:10b8f460df97cff0,source,CNY_yuan,CNY_yuan,1.0,True,False,passthrough,Raw wide field preserved as traceable long-form item,
31635b34-d1ee-46d4-9c0f-32ae3f30d567,stock_balance_sheet_by_report_em,DEVELOP_EXPENSE,source_derived:c0e9019fa7195f9d,source,CNY_yuan,CNY_yuan,1.0,True,False,passthrough,Raw wide field preserved as traceable long-form item,
31635b34-d1ee-46d4-9c0f-32ae3f30d567,stock_balance_sheet_by_report_em,DIV_HOLDSALE_ASSET,source_derived:3c5c9baf8cbeca67,source,CNY_yuan,CNY_yuan,1.0,True,False,passthrough,Raw wide field preserved as traceable long-form item,
31635b34-d1ee-46d4-9c0f-32ae3f30d567,stock_balance_sheet_by_report_em,DIV_HOLDSALE_LIAB,source_derived:a2467c8e6bd65aca,source,CNY_yuan,CNY_yuan,1.0,True,False,passthrough,Raw wide field preserved as traceable long-form item,
31635b34-d1ee-46d4-9c0f-32ae3f30d567,stock_balance_sheet_by_report_em,DIVIDEND_PAYABLE,source_derived:66039fb4586a6c11,source,CNY_yuan,CNY_yuan,1.0,True,False,passthrough,Raw wide field preserved as traceable long-form item,
31635b34-d1ee-46d4-9c0f-32ae3f30d567,stock_balance_sheet_by_report_em,DIVIDEND_RECE,source_derived:0e091cc29425a57c,source,CNY_yuan,CNY_yuan,1.0,True,False,passthrough,Raw wide field preserved as traceable long-form item,
31635b34-d1ee-46d4-9c0f-32ae3f30d567,stock_balance_sheet_by_report_em,EQUITY_BALANCE,source_derived:6d01f03d248c282f,source,CNY_yuan,CNY_yuan,1.0,True,False,passthrough,Raw wide field preserved as traceable long-form item,
31635b34-d1ee-46d4-9c0f-32ae3f30d567,stock_balance_sheet_by_report_em,EQUITY_OTHER,source_derived:fdac6a72c3df7e3b,source,CNY_yuan,CNY_yuan,1.0,True,False,passthrough,Raw wide field preserved as traceable long-form item,
31635b34-d1ee-46d4-9c0f-32ae3f30d567,stock_balance_sheet_by_report_em,EXPORT_REFUND_RECE,source_derived:ebb8054a3e67d7d6,source,CNY_yuan,CNY_yuan,1.0,True,False,passthrough,Raw wide field preserved as traceable long-form item,
31635b34-d1ee-46d4-9c0f-32ae3f30d567,stock_balance_sheet_by_report_em,FEE_COMMISSION_PAYABLE,source_derived:3f04ae6fa583ff3e,source,CNY_yuan,CNY_yuan,1.0,True,False,passthrough,Raw wide field preserved as traceable long-form item,
31635b34-d1ee-46d4-9c0f-32ae3f30d567,stock_balance_sheet_by_report_em,FIN_FUND,source_derived:079ea5b4860bfa17,source,CNY_yuan,CNY_yuan,1.0,True,False,passthrough,Raw wide field preserved as traceable long-form item,
31635b34-d1ee-46d4-9c0f-32ae3f30d567,stock_balance_sheet_by_report_em,FINANCE_RECE,source_derived:b0a03da16729554a,source,CNY_yuan,CNY_yuan,1.0,True,False,passthrough,Raw wide field preserved as traceable long-form item,
31635b34-d1ee-46d4-9c0f-32ae3f30d567,stock_balance_sheet_by_report_em,FIXED_ASSET,source_derived:84a3c2ee256a5d8e,source,CNY_yuan,CNY_yuan,1.0,True,False,passthrough,Raw wide field preserved as traceable long-form item,
31635b34-d1ee-46d4-9c0f-32ae3f30d567,stock_balance_sheet_by_report_em,FIXED_ASSET_DISPOSAL,source_derived:9abfd2a7d84641df,source,CNY_yuan,CNY_yuan,1.0,True,False,passthrough,Raw wide field preserved as traceable long-form item,
31635b34-d1ee-46d4-9c0f-32ae3f30d567,stock_balance_sheet_by_report_em,FVTOCI_FINASSET,source_derived:f749c2ec38584c34,source,CNY_yuan,CNY_yuan,1.0,True,False,passthrough,Raw wide field preserved as traceable long-form item,
31635b34-d1ee-46d4-9c0f-32ae3f30d567,stock_balance_sheet_by_report_em,FVTOCI_NCFINASSET,source_derived:89b2e4cab96c067c,source,CNY_yuan,CNY_yuan,1.0,True,False,passthrough,Raw wide field preserved as traceable long-form item,
31635b34-d1ee-46d4-9c0f-32ae3f30d567,stock_balance_sheet_by_report_em,FVTPL_FINASSET,source_derived:5d2baf92c763317f,source,CNY_yuan,CNY_yuan,1.0,True,False,passthrough,Raw wide field preserved as traceable long-form item,
31635b34-d1ee-46d4-9c0f-32ae3f30d567,stock_balance_sheet_by_report_em,FVTPL_FINLIAB,source_derived:065665f2ed34ba42,source,CNY_yuan,CNY_yuan,1.0,True,False,passthrough,Raw wide field preserved as traceable long-form item,
31635b34-d1ee-46d4-9c0f-32ae3f30d567,stock_balance_sheet_by_report_em,GENERAL_RISK_RESERVE,source_derived:1a2b6c5950004ae1,source,CNY_yuan,CNY_yuan,1.0,True,False,passthrough,Raw wide field preserved as traceable long-form item,
31635b34-d1ee-46d4-9c0f-32ae3f30d567,stock_balance_sheet_by_report_em,GOODWILL,source_derived:37fe3ba283898ece,source,CNY_yuan,CNY_yuan,1.0,True,False,passthrough,Raw wide field preserved as traceable long-form item,
31635b34-d1ee-46d4-9c0f-32ae3f30d567,stock_balance_sheet_by_report_em,HOLD_MATURITY_INVEST,source_derived:20d1216a586a940b,source,CNY_yuan,CNY_yuan,1.0,True,False,passthrough,Raw wide field preserved as traceable long-form item,
31635b34-d1ee-46d4-9c0f-32ae3f30d567,stock_balance_sheet_by_report_em,HOLDSALE_ASSET,source_derived:58b5321deacee7a8,source,CNY_yuan,CNY_yuan,1.0,True,False,passthrough,Raw wide field preserved as traceable long-form item,
31635b34-d1ee-46d4-9c0f-32ae3f30d567,stock_balance_sheet_by_report_em,HOLDSALE_LIAB,source_derived:c96b09696a4ca23d,source,CNY_yuan,CNY_yuan,1.0,True,False,passthrough,Raw wide field preserved as traceable long-form item,
31635b34-d1ee-46d4-9c0f-32ae3f30d567,stock_balance_sheet_by_report_em,INSURANCE_CONTRACT_RESERVE,source_derived:3795b58f2648ed50,source,CNY_yuan,CNY_yuan,1.0,True,False,passthrough,Raw wide field preserved as traceable long-form item,
31635b34-d1ee-46d4-9c0f-32ae3f30d567,stock_balance_sheet_by_report_em,INTANGIBLE_ASSET,source_derived:c7594cf10ab82790,source,CNY_yuan,CNY_yuan,1.0,True,False,passthrough,Raw wide field preserved as traceable long-form item,
31635b34-d1ee-46d4-9c0f-32ae3f30d567,stock_balance_sheet_by_report_em,INTEREST_PAYABLE,source_derived:fa3f7eb093409d4b,source,CNY_yuan,CNY_yuan,1.0,True,False,passthrough,Raw wide field preserved as traceable long-form item,
31635b34-d1ee-46d4-9c0f-32ae3f30d567,stock_balance_sheet_by_report_em,INTEREST_RECE,source_derived:cd0b55ee65701bb0,source,CNY_yuan,CNY_yuan,1.0,True,False,passthrough,Raw wide field preserved as traceable long-form item,
31635b34-d1ee-46d4-9c0f-32ae3f30d567,stock_balance_sheet_by_report_em,INTERNAL_PAYABLE,source_derived:9a32add174240795,source,CNY_yuan,CNY_yuan,1.0,True,False,passthrough,Raw wide field preserved as traceable long-form item,
31635b34-d1ee-46d4-9c0f-32ae3f30d567,stock_balance_sheet_by_report_em,INTERNAL_RECE,source_derived:36d9698132ef954c,source,CNY_yuan,CNY_yuan,1.0,True,False,passthrough,Raw wide field preserved as traceable long-form item,
31635b34-d1ee-46d4-9c0f-32ae3f30d567,stock_balance_sheet_by_report_em,INVENTORY,source_derived:44e764c4a7db9a4f,source,CNY_yuan,CNY_yuan,1.0,True,False,passthrough,Raw wide field preserved as traceable long-form item,
31635b34-d1ee-46d4-9c0f-32ae3f30d567,stock_balance_sheet_by_report_em,INVEST_REALESTATE,source_derived:049416ccab0078d0,source,CNY_yuan,CNY_yuan,1.0,True,False,passthrough,Raw wide field preserved as traceable long-form item,
31635b34-d1ee-46d4-9c0f-32ae3f30d567,stock_balance_sheet_by_report_em,LEASE_LIAB,source_derived:056d5b8896b38c8f,source,CNY_yuan,CNY_yuan,1.0,True,False,passthrough,Raw wide field preserved as traceable long-form item,
31635b34-d1ee-46d4-9c0f-32ae3f30d567,stock_balance_sheet_by_report_em,LEND_FUND,source_derived:b264cb9add594d13,source,CNY_yuan,CNY_yuan,1.0,True,False,passthrough,Raw wide field preserved as traceable long-form item,
31635b34-d1ee-46d4-9c0f-32ae3f30d567,stock_balance_sheet_by_report_em,LIAB_BALANCE,source_derived:2bae80ce70727528,source,CNY_yuan,CNY_yuan,1.0,True,False,passthrough,Raw wide field preserved as traceable long-form item,
31635b34-d1ee-46d4-9c0f-32ae3f30d567,stock_balance_sheet_by_report_em,LIAB_EQUITY_BALANCE,source_derived:a6994aa0386a8bc7,source,CNY_yuan,CNY_yuan,1.0,True,False,passthrough,Raw wide field preserved as traceable long-form item,
31635b34-d1ee-46d4-9c0f-32ae3f30d567,stock_balance_sheet_by_report_em,LIAB_EQUITY_OTHER,source_derived:f7c206344030224d,source,CNY_yuan,CNY_yuan,1.0,True,False,passthrough,Raw wide field preserved as traceable long-form item,
31635b34-d1ee-46d4-9c0f-32ae3f30d567,stock_balance_sheet_by_report_em,LIAB_OTHER,source_derived:a0234fc33dc2a5ed,source,CNY_yuan,CNY_yuan,1.0,True,False,passthrough,Raw wide field preserved as traceable long-form item,
31635b34-d1ee-46d4-9c0f-32ae3f30d567,stock_balance_sheet_by_report_em,LOAN_ADVANCE,source_derived:721f59c4e6eaa8d7,source,CNY_yuan,CNY_yuan,1.0,True,False,passthrough,Raw wide field preserved as traceable long-form item,
31635b34-d1ee-46d4-9c0f-32ae3f30d567,stock_balance_sheet_by_report_em,LOAN_PBC,source_derived:fba1a86e824194f9,source,CNY_yuan,CNY_yuan,1.0,True,False,passthrough,Raw wide field preserved as traceable long-form item,
31635b34-d1ee-46d4-9c0f-32ae3f30d567,stock_balance_sheet_by_report_em,LONG_EQUITY_INVEST,source_derived:d4dd059d29d57b91,source,CNY_yuan,CNY_yuan,1.0,True,False,passthrough,Raw wide field preserved as traceable long-form item,
31635b34-d1ee-46d4-9c0f-32ae3f30d567,stock_balance_sheet_by_report_em,LONG_LOAN,source_derived:5de751af180ee67b,source,CNY_yuan,CNY_yuan,1.0,True,False,passthrough,Raw wide field preserved as traceable long-form item,
31635b34-d1ee-46d4-9c0f-32ae3f30d567,stock_balance_sheet_by_report_em,LONG_PAYABLE,source_derived:e08071e939075330,source,CNY_yuan,CNY_yuan,1.0,True,False,passthrough,Raw wide field preserved as traceable long-form item,
31635b34-d1ee-46d4-9c0f-32ae3f30d567,stock_balance_sheet_by_report_em,LONG_PREPAID_EXPENSE,source_derived:8e3ccb5f3fd0f74a,source,CNY_yuan,CNY_yuan,1.0,True,False,passthrough,Raw wide field preserved as traceable long-form item,
31635b34-d1ee-46d4-9c0f-32ae3f30d567,stock_balance_sheet_by_report_em,LONG_RECE,source_derived:d3f2e24d94a7f725,source,CNY_yuan,CNY_yuan,1.0,True,False,passthrough,Raw wide field preserved as traceable long-form item,
31635b34-d1ee-46d4-9c0f-32ae3f30d567,stock_balance_sheet_by_report_em,LONG_STAFFSALARY_PAYABLE,source_derived:cb25585cf95c1cac,source,CNY_yuan,CNY_yuan,1.0,True,False,passthrough,Raw wide field preserved as traceable long-form item,
31635b34-d1ee-46d4-9c0f-32ae3f30d567,stock_balance_sheet_by_report_em,MINORITY_EQUITY,source_derived:de4fee334a7b1e07,source,CNY_yuan,CNY_yuan,1.0,True,False,passthrough,Raw wide field preserved as traceable long-form item,
31635b34-d1ee-46d4-9c0f-32ae3f30d567,stock_balance_sheet_by_report_em,MONETARYFUNDS,source_derived:174bca3a8b057fc0,source,CNY_yuan,CNY_yuan,1.0,True,False,passthrough,Raw wide field preserved as traceable long-form item,
31635b34-d1ee-46d4-9c0f-32ae3f30d567,stock_balance_sheet_by_report_em,NONCURRENT_ASSET_1YEAR,source_derived:1bca54c4f816547c,source,CNY_yuan,CNY_yuan,1.0,True,False,passthrough,Raw wide field preserved as traceable long-form item,
31635b34-d1ee-46d4-9c0f-32ae3f30d567,stock_balance_sheet_by_report_em,NONCURRENT_ASSET_BALANCE,source_derived:e086f576830a9510,source,CNY_yuan,CNY_yuan,1.0,True,False,passthrough,Raw wide field preserved as traceable long-form item,
31635b34-d1ee-46d4-9c0f-32ae3f30d567,stock_balance_sheet_by_report_em,NONCURRENT_ASSET_OTHER,source_derived:cf9375393e4e40cc,source,CNY_yuan,CNY_yuan,1.0,True,False,passthrough,Raw wide field preserved as traceable long-form item,
31635b34-d1ee-46d4-9c0f-32ae3f30d567,stock_balance_sheet_by_report_em,NONCURRENT_LIAB_1YEAR,source_derived:5a9635054720fa02,source,CNY_yuan,CNY_yuan,1.0,True,False,passthrough,Raw wide field preserved as traceable long-form item,
31635b34-d1ee-46d4-9c0f-32ae3f30d567,stock_balance_sheet_by_report_em,NONCURRENT_LIAB_BALANCE,source_derived:43da81297df853c6,source,CNY_yuan,CNY_yuan,1.0,True,False,passthrough,Raw wide field preserved as traceable long-form item,
31635b34-d1ee-46d4-9c0f-32ae3f30d567,stock_balance_sheet_by_report_em,NONCURRENT_LIAB_OTHER,source_derived:27508a6322e7c7cf,source,CNY_yuan,CNY_yuan,1.0,True,False,passthrough,Raw wide field preserved as traceable long-form item,
31635b34-d1ee-46d4-9c0f-32ae3f30d567,stock_balance_sheet_by_report_em,NOTE_ACCOUNTS_PAYABLE,source_derived:cecdcc97450d929f,source,CNY_yuan,CNY_yuan,1.0,True,False,passthrough,Raw wide field preserved as traceable long-form item,
31635b34-d1ee-46d4-9c0f-32ae3f30d567,stock_balance_sheet_by_report_em,NOTE_ACCOUNTS_RECE,source_derived:7223bfb0f1c4777c,source,CNY_yuan,CNY_yuan,1.0,True,False,passthrough,Raw wide field preserved as traceable long-form item,
31635b34-d1ee-46d4-9c0f-32ae3f30d567,stock_balance_sheet_by_report_em,NOTE_PAYABLE,source_derived:4efa775cfe2a0a64,source,CNY_yuan,CNY_yuan,1.0,True,False,passthrough,Raw wide field preserved as traceable long-form item,
31635b34-d1ee-46d4-9c0f-32ae3f30d567,stock_balance_sheet_by_report_em,NOTE_RECE,source_derived:e9406910f6da0148,source,CNY_yuan,CNY_yuan,1.0,True,False,passthrough,Raw wide field preserved as traceable long-form item,
31635b34-d1ee-46d4-9c0f-32ae3f30d567,stock_balance_sheet_by_report_em,OIL_GAS_ASSET,source_derived:21639936c25280cb,source,CNY_yuan,CNY_yuan,1.0,True,False,passthrough,Raw wide field preserved as traceable long-form item,
31635b34-d1ee-46d4-9c0f-32ae3f30d567,stock_balance_sheet_by_report_em,OTHER_COMPRE_INCOME,source_derived:fe659cf8395c1f32,source,CNY_yuan,CNY_yuan,1.0,True,False,passthrough,Raw wide field preserved as traceable long-form item,
31635b34-d1ee-46d4-9c0f-32ae3f30d567,stock_balance_sheet_by_report_em,OTHER_CREDITOR_INVEST,source_derived:fa60995973c79f29,source,CNY_yuan,CNY_yuan,1.0,True,False,passthrough,Raw wide field preserved as traceable long-form item,
31635b34-d1ee-46d4-9c0f-32ae3f30d567,stock_balance_sheet_by_report_em,OTHER_CURRENT_ASSET,source_derived:4fb76b1a0887635a,source,CNY_yuan,CNY_yuan,1.0,True,False,passthrough,Raw wide field preserved as traceable long-form item,
31635b34-d1ee-46d4-9c0f-32ae3f30d567,stock_balance_sheet_by_report_em,OTHER_CURRENT_LIAB,source_derived:fea1b3436bb97f00,source,CNY_yuan,CNY_yuan,1.0,True,False,passthrough,Raw wide field preserved as traceable long-form item,
31635b34-d1ee-46d4-9c0f-32ae3f30d567,stock_balance_sheet_by_report_em,OTHER_EQUITY_INVEST,source_derived:3eef4d0396d026e6,source,CNY_yuan,CNY_yuan,1.0,True,False,passthrough,Raw wide field preserved as traceable long-form item,
31635b34-d1ee-46d4-9c0f-32ae3f30d567,stock_balance_sheet_by_report_em,OTHER_EQUITY_OTHER,source_derived:8713576a252fda2a,source,CNY_yuan,CNY_yuan,1.0,True,False,passthrough,Raw wide field preserved as traceable long-form item,
31635b34-d1ee-46d4-9c0f-32ae3f30d567,stock_balance_sheet_by_report_em,OTHER_EQUITY_TOOL,source_derived:222a6d16cd58fcb1,source,CNY_yuan,CNY_yuan,1.0,True,False,passthrough,Raw wide field preserved as traceable long-form item,
31635b34-d1ee-46d4-9c0f-32ae3f30d567,stock_balance_sheet_by_report_em,OTHER_NONCURRENT_ASSET,source_derived:b58383c8ee538d19,source,CNY_yuan,CNY_yuan,1.0,True,False,passthrough,Raw wide field preserved as traceable long-form item,
31635b34-d1ee-46d4-9c0f-32ae3f30d567,stock_balance_sheet_by_report_em,OTHER_NONCURRENT_FINASSET,source_derived:10aff672aedccb4b,source,CNY_yuan,CNY_yuan,1.0,True,False,passthrough,Raw wide field preserved as traceable long-form item,
31635b34-d1ee-46d4-9c0f-32ae3f30d567,stock_balance_sheet_by_report_em,OTHER_NONCURRENT_LIAB,source_derived:12c570df6875a03a,source,CNY_yuan,CNY_yuan,1.0,True,False,passthrough,Raw wide field preserved as traceable long-form item,
31635b34-d1ee-46d4-9c0f-32ae3f30d567,stock_balance_sheet_by_report_em,OTHER_PAYABLE,source_derived:88d042b6a979d3d5,source,CNY_yuan,CNY_yuan,1.0,True,False,passthrough,Raw wide field preserved as traceable long-form item,
31635b34-d1ee-46d4-9c0f-32ae3f30d567,stock_balance_sheet_by_report_em,OTHER_RECE,source_derived:b90767cd159d4c6e,source,CNY_yuan,CNY_yuan,1.0,True,False,passthrough,Raw wide field preserved as traceable long-form item,
31635b34-d1ee-46d4-9c0f-32ae3f30d567,stock_balance_sheet_by_report_em,PARENT_EQUITY_BALANCE,source_derived:adb6816083d98d78,source,CNY_yuan,CNY_yuan,1.0,True,False,passthrough,Raw wide field preserved as traceable long-form item,
31635b34-d1ee-46d4-9c0f-32ae3f30d567,stock_balance_sheet_by_report_em,PARENT_EQUITY_OTHER,source_derived:121fc993fd8153f1,source,CNY_yuan,CNY_yuan,1.0,True,False,passthrough,Raw wide field preserved as traceable long-form item,
31635b34-d1ee-46d4-9c0f-32ae3f30d567,stock_balance_sheet_by_report_em,PERPETUAL_BOND,source_derived:1d8e1412881ea1cc,source,CNY_yuan,CNY_yuan,1.0,True,False,passthrough,Raw wide field preserved as traceable long-form item,
31635b34-d1ee-46d4-9c0f-32ae3f30d567,stock_balance_sheet_by_report_em,PERPETUAL_BOND_PAYBALE,source_derived:71bce7227c313416,source,CNY_yuan,CNY_yuan,1.0,True,False,passthrough,Raw wide field preserved as traceable long-form item,
31635b34-d1ee-46d4-9c0f-32ae3f30d567,stock_balance_sheet_by_report_em,PREDICT_CURRENT_LIAB,source_derived:a500af61487354ef,source,CNY_yuan,CNY_yuan,1.0,True,False,passthrough,Raw wide field preserved as traceable long-form item,
31635b34-d1ee-46d4-9c0f-32ae3f30d567,stock_balance_sheet_by_report_em,PREDICT_LIAB,source_derived:adf01905d24e5396,source,CNY_yuan,CNY_yuan,1.0,True,False,passthrough,Raw wide field preserved as traceable long-form item,
31635b34-d1ee-46d4-9c0f-32ae3f30d567,stock_balance_sheet_by_report_em,PREFERRED_SHARES,source_derived:ce4f3cb7a842fab3,source,CNY_yuan,CNY_yuan,1.0,True,False,passthrough,Raw wide field preserved as traceable long-form item,
31635b34-d1ee-46d4-9c0f-32ae3f30d567,stock_balance_sheet_by_report_em,PREFERRED_SHARES_PAYBALE,source_derived:7a03c09bf6d3891c,source,CNY_yuan,CNY_yuan,1.0,True,False,passthrough,Raw wide field preserved as traceable long-form item,
31635b34-d1ee-46d4-9c0f-32ae3f30d567,stock_balance_sheet_by_report_em,PREMIUM_RECE,source_derived:d6781e2afe1b9f7b,source,CNY_yuan,CNY_yuan,1.0,True,False,passthrough,Raw wide field preserved as traceable long-form item,
31635b34-d1ee-46d4-9c0f-32ae3f30d567,stock_balance_sheet_by_report_em,PREPAYMENT,source_derived:1a25d47c19a1a404,source,CNY_yuan,CNY_yuan,1.0,True,False,passthrough,Raw wide field preserved as traceable long-form item,
31635b34-d1ee-46d4-9c0f-32ae3f30d567,stock_balance_sheet_by_report_em,PRODUCTIVE_BIOLOGY_ASSET,source_derived:b502738aeae1ca5a,source,CNY_yuan,CNY_yuan,1.0,True,False,passthrough,Raw wide field preserved as traceable long-form item,
31635b34-d1ee-46d4-9c0f-32ae3f30d567,stock_balance_sheet_by_report_em,PROJECT_MATERIAL,source_derived:198aee815300f3e0,source,CNY_yuan,CNY_yuan,1.0,True,False,passthrough,Raw wide field preserved as traceable long-form item,
31635b34-d1ee-46d4-9c0f-32ae3f30d567,stock_balance_sheet_by_report_em,RC_RESERVE_RECE,source_derived:100a27b17dddf7de,source,CNY_yuan,CNY_yuan,1.0,True,False,passthrough,Raw wide field preserved as traceable long-form item,
31635b34-d1ee-46d4-9c0f-32ae3f30d567,stock_balance_sheet_by_report_em,REINSURE_PAYABLE,source_derived:e8f94fe597488baf,source,CNY_yuan,CNY_yuan,1.0,True,False,passthrough,Raw wide field preserved as traceable long-form item,
31635b34-d1ee-46d4-9c0f-32ae3f30d567,stock_balance_sheet_by_report_em,REINSURE_RECE,source_derived:f5442441b07fdbd0,source,CNY_yuan,CNY_yuan,1.0,True,False,passthrough,Raw wide field preserved as traceable long-form item,
31635b34-d1ee-46d4-9c0f-32ae3f30d567,stock_balance_sheet_by_report_em,SELL_REPO_FINASSET,source_derived:9aeb568dd05353f2,source,CNY_yuan,CNY_yuan,1.0,True,False,passthrough,Raw wide field preserved as traceable long-form item,
31635b34-d1ee-46d4-9c0f-32ae3f30d567,stock_balance_sheet_by_report_em,SETTLE_EXCESS_RESERVE,source_derived:bed22c22bef7b205,source,CNY_yuan,CNY_yuan,1.0,True,False,passthrough,Raw wide field preserved as traceable long-form item,
31635b34-d1ee-46d4-9c0f-32ae3f30d567,stock_balance_sheet_by_report_em,SHARE_CAPITAL,source_derived:6dc0c1909ae36eff,source,CNY_yuan,CNY_yuan,1.0,True,False,passthrough,Raw wide field preserved as traceable long-form item,
31635b34-d1ee-46d4-9c0f-32ae3f30d567,stock_balance_sheet_by_report_em,SHORT_BOND_PAYABLE,source_derived:5a57bec9ae66c43d,source,CNY_yuan,CNY_yuan,1.0,True,False,passthrough,Raw wide field preserved as traceable long-form item,
31635b34-d1ee-46d4-9c0f-32ae3f30d567,stock_balance_sheet_by_report_em,SHORT_FIN_PAYABLE,source_derived:0c491a82a147a0dc,source,CNY_yuan,CNY_yuan,1.0,True,False,passthrough,Raw wide field preserved as traceable long-form item,
31635b34-d1ee-46d4-9c0f-32ae3f30d567,stock_balance_sheet_by_report_em,SHORT_LOAN,source_derived:c9e9d1d59864fbbb,source,CNY_yuan,CNY_yuan,1.0,True,False,passthrough,Raw wide field preserved as traceable long-form item,
31635b34-d1ee-46d4-9c0f-32ae3f30d567,stock_balance_sheet_by_report_em,SPECIAL_PAYABLE,source_derived:108a2952789a9787,source,CNY_yuan,CNY_yuan,1.0,True,False,passthrough,Raw wide field preserved as traceable long-form item,
31635b34-d1ee-46d4-9c0f-32ae3f30d567,stock_balance_sheet_by_report_em,SPECIAL_RESERVE,source_derived:143c6a61716e8e61,source,CNY_yuan,CNY_yuan,1.0,True,False,passthrough,Raw wide field preserved as traceable long-form item,
31635b34-d1ee-46d4-9c0f-32ae3f30d567,stock_balance_sheet_by_report_em,STAFF_SALARY_PAYABLE,source_derived:1b08b58ac2aae49e,source,CNY_yuan,CNY_yuan,1.0,True,False,passthrough,Raw wide field preserved as traceable long-form item,
31635b34-d1ee-46d4-9c0f-32ae3f30d567,stock_balance_sheet_by_report_em,SUBSIDY_RECE,source_derived:e396a68f678d2451,source,CNY_yuan,CNY_yuan,1.0,True,False,passthrough,Raw wide field preserved as traceable long-form item,
31635b34-d1ee-46d4-9c0f-32ae3f30d567,stock_balance_sheet_by_report_em,SURPLUS_RESERVE,source_derived:bdc01a77aa70f103,source,CNY_yuan,CNY_yuan,1.0,True,False,passthrough,Raw wide field preserved as traceable long-form item,
31635b34-d1ee-46d4-9c0f-32ae3f30d567,stock_balance_sheet_by_report_em,TAX_PAYABLE,source_derived:bbbc083f9091e4d8,source,CNY_yuan,CNY_yuan,1.0,True,False,passthrough,Raw wide field preserved as traceable long-form item,
31635b34-d1ee-46d4-9c0f-32ae3f30d567,stock_balance_sheet_by_report_em,TOTAL_ASSETS,source_derived:2a85144638cfdf6b,source,CNY_yuan,CNY_yuan,1.0,True,False,passthrough,Raw wide field preserved as traceable long-form item,
31635b34-d1ee-46d4-9c0f-32ae3f30d567,stock_balance_sheet_by_report_em,TOTAL_CURRENT_ASSETS,source_derived:f8a18e7d4047a6a0,source,CNY_yuan,CNY_yuan,1.0,True,False,passthrough,Raw wide field preserved as traceable long-form item,
31635b34-d1ee-46d4-9c0f-32ae3f30d567,stock_balance_sheet_by_report_em,TOTAL_CURRENT_LIAB,source_derived:58086dd93e55210a,source,CNY_yuan,CNY_yuan,1.0,True,False,passthrough,Raw wide field preserved as traceable long-form item,
31635b34-d1ee-46d4-9c0f-32ae3f30d567,stock_balance_sheet_by_report_em,TOTAL_EQUITY,source_derived:acbedb35cd54ecd5,source,CNY_yuan,CNY_yuan,1.0,True,False,passthrough,Raw wide field preserved as traceable long-form item,
31635b34-d1ee-46d4-9c0f-32ae3f30d567,stock_balance_sheet_by_report_em,TOTAL_LIAB_EQUITY,source_derived:9ec128f3b7cf24b6,source,CNY_yuan,CNY_yuan,1.0,True,False,passthrough,Raw wide field preserved as traceable long-form item,
31635b34-d1ee-46d4-9c0f-32ae3f30d567,stock_balance_sheet_by_report_em,TOTAL_LIABILITIES,source_derived:4df0ef1ddd0a5107,source,CNY_yuan,CNY_yuan,1.0,True,False,passthrough,Raw wide field preserved as traceable long-form item,
31635b34-d1ee-46d4-9c0f-32ae3f30d567,stock_balance_sheet_by_report_em,TOTAL_NONCURRENT_ASSETS,source_derived:d4ca6df46215ff95,source,CNY_yuan,CNY_yuan,1.0,True,False,passthrough,Raw wide field preserved as traceable long-form item,
31635b34-d1ee-46d4-9c0f-32ae3f30d567,stock_balance_sheet_by_report_em,TOTAL_NONCURRENT_LIAB,source_derived:c281cba46a0fefdd,source,CNY_yuan,CNY_yuan,1.0,True,False,passthrough,Raw wide field preserved as traceable long-form item,
31635b34-d1ee-46d4-9c0f-32ae3f30d567,stock_balance_sheet_by_report_em,TOTAL_OTHER_PAYABLE,source_derived:1c64eb097044a8aa,source,CNY_yuan,CNY_yuan,1.0,True,False,passthrough,Raw wide field preserved as traceable long-form item,
31635b34-d1ee-46d4-9c0f-32ae3f30d567,stock_balance_sheet_by_report_em,TOTAL_OTHER_RECE,source_derived:28df2d1f1367e875,source,CNY_yuan,CNY_yuan,1.0,True,False,passthrough,Raw wide field preserved as traceable long-form item,
31635b34-d1ee-46d4-9c0f-32ae3f30d567,stock_balance_sheet_by_report_em,TOTAL_PARENT_EQUITY,source_derived:74ad62047fc67bb9,source,CNY_yuan,CNY_yuan,1.0,True,False,passthrough,Raw wide field preserved as traceable long-form item,
31635b34-d1ee-46d4-9c0f-32ae3f30d567,stock_balance_sheet_by_report_em,TRADE_FINASSET,source_derived:981ab03742d8d68c,source,CNY_yuan,CNY_yuan,1.0,True,False,passthrough,Raw wide field preserved as traceable long-form item,
31635b34-d1ee-46d4-9c0f-32ae3f30d567,stock_balance_sheet_by_report_em,TRADE_FINASSET_NOTFVTPL,source_derived:536ddfc376ed41f6,source,CNY_yuan,CNY_yuan,1.0,True,False,passthrough,Raw wide field preserved as traceable long-form item,
31635b34-d1ee-46d4-9c0f-32ae3f30d567,stock_balance_sheet_by_report_em,TRADE_FINLIAB,source_derived:589f32b5da13b602,source,CNY_yuan,CNY_yuan,1.0,True,False,passthrough,Raw wide field preserved as traceable long-form item,
31635b34-d1ee-46d4-9c0f-32ae3f30d567,stock_balance_sheet_by_report_em,TRADE_FINLIAB_NOTFVTPL,source_derived:e5d586bfdb322bc8,source,CNY_yuan,CNY_yuan,1.0,True,False,passthrough,Raw wide field preserved as traceable long-form item,
31635b34-d1ee-46d4-9c0f-32ae3f30d567,stock_balance_sheet_by_report_em,TREASURY_SHARES,source_derived:91cc3c15a69e0a20,source,CNY_yuan,CNY_yuan,1.0,True,False,passthrough,Raw wide field preserved as traceable long-form item,
31635b34-d1ee-46d4-9c0f-32ae3f30d567,stock_balance_sheet_by_report_em,UNASSIGN_RPOFIT,source_derived:a3a766e44d55505c,source,CNY_yuan,CNY_yuan,1.0,True,False,passthrough,Raw wide field preserved as traceable long-form item,
31635b34-d1ee-46d4-9c0f-32ae3f30d567,stock_balance_sheet_by_report_em,UNCONFIRM_INVEST_LOSS,source_derived:c9f07bd1fa2e6944,source,CNY_yuan,CNY_yuan,1.0,True,False,passthrough,Raw wide field preserved as traceable long-form item,
31635b34-d1ee-46d4-9c0f-32ae3f30d567,stock_balance_sheet_by_report_em,USERIGHT_ASSET,source_derived:d6f88c60166e38be,source,CNY_yuan,CNY_yuan,1.0,True,False,passthrough,Raw wide field preserved as traceable long-form item,
31635b34-d1ee-46d4-9c0f-32ae3f30d567,stock_balance_sheet_by_report_em,ACCEPT_DEPOSIT_INTERBANK_YOY,source_derived:0082ed340cf1e907,source,percent_point,decimal,0.01,True,False,passthrough,Raw wide field preserved as traceable long-form item,
31635b34-d1ee-46d4-9c0f-32ae3f30d567,stock_balance_sheet_by_report_em,ACCOUNTS_PAYABLE_YOY,source_derived:947b67416bd80b90,source,percent_point,decimal,0.01,True,False,passthrough,Raw wide field preserved as traceable long-form item,
31635b34-d1ee-46d4-9c0f-32ae3f30d567,stock_balance_sheet_by_report_em,ACCOUNTS_RECE_YOY,source_derived:72e991257f9a8b4b,source,percent_point,decimal,0.01,True,False,passthrough,Raw wide field preserved as traceable long-form item,
31635b34-d1ee-46d4-9c0f-32ae3f30d567,stock_balance_sheet_by_report_em,ACCRUED_EXPENSE_YOY,source_derived:3d3656889bf4ac8a,source,percent_point,decimal,0.01,True,False,passthrough,Raw wide field preserved as traceable long-form item,
31635b34-d1ee-46d4-9c0f-32ae3f30d567,stock_balance_sheet_by_report_em,ADVANCE_RECEIVABLES_YOY,source_derived:81eb6a3682dbd259,source,percent_point,decimal,0.01,True,False,passthrough,Raw wide field preserved as traceable long-form item,
31635b34-d1ee-46d4-9c0f-32ae3f30d567,stock_balance_sheet_by_report_em,AGENT_TRADE_SECURITY_YOY,source_derived:bb1420e5774a945d,source,percent_point,decimal,0.01,True,False,passthrough,Raw wide field preserved as traceable long-form item,
31635b34-d1ee-46d4-9c0f-32ae3f30d567,stock_balance_sheet_by_report_em,AGENT_UNDERWRITE_SECURITY_YOY,source_derived:04e98e609cff5393,source,percent_point,decimal,0.01,True,False,passthrough,Raw wide field preserved as traceable long-form item,
31635b34-d1ee-46d4-9c0f-32ae3f30d567,stock_balance_sheet_by_report_em,AMORTIZE_COST_FINASSET_YOY,source_derived:af86564096fcc020,source,percent_point,decimal,0.01,True,False,passthrough,Raw wide field preserved as traceable long-form item,
31635b34-d1ee-46d4-9c0f-32ae3f30d567,stock_balance_sheet_by_report_em,AMORTIZE_COST_FINLIAB_YOY,source_derived:7dd4ef3638c49328,source,percent_point,decimal,0.01,True,False,passthrough,Raw wide field preserved as traceable long-form item,
31635b34-d1ee-46d4-9c0f-32ae3f30d567,stock_balance_sheet_by_report_em,AMORTIZE_COST_NCFINASSET_YOY,source_derived:2de4878694b6cf1d,source,percent_point,decimal,0.01,True,False,passthrough,Raw wide field preserved as traceable long-form item,
31635b34-d1ee-46d4-9c0f-32ae3f30d567,stock_balance_sheet_by_report_em,AMORTIZE_COST_NCFINLIAB_YOY,source_derived:3334bc98e0a1e4f0,source,percent_point,decimal,0.01,True,False,passthrough,Raw wide field preserved as traceable long-form item,
31635b34-d1ee-46d4-9c0f-32ae3f30d567,stock_balance_sheet_by_report_em,APPOINT_FVTPL_FINASSET_YOY,source_derived:72379e56b5585bfe,source,percent_point,decimal,0.01,True,False,passthrough,Raw wide field preserved as traceable long-form item,
31635b34-d1ee-46d4-9c0f-32ae3f30d567,stock_balance_sheet_by_report_em,APPOINT_FVTPL_FINLIAB_YOY,source_derived:9fa63fd8923756a8,source,percent_point,decimal,0.01,True,False,passthrough,Raw wide field preserved as traceable long-form item,
31635b34-d1ee-46d4-9c0f-32ae3f30d567,stock_balance_sheet_by_report_em,ASSET_BALANCE_YOY,source_derived:8e9ff719d5118a08,source,percent_point,decimal,0.01,True,False,passthrough,Raw wide field preserved as traceable long-form item,
31635b34-d1ee-46d4-9c0f-32ae3f30d567,stock_balance_sheet_by_report_em,ASSET_OTHER_YOY,source_derived:2821548351e604fd,source,percent_point,decimal,0.01,True,False,passthrough,Raw wide field preserved as traceable long-form item,
31635b34-d1ee-46d4-9c0f-32ae3f30d567,stock_balance_sheet_by_report_em,ASSIGN_CASH_DIVIDEND_YOY,source_derived:55f88c3fb9e5e285,source,percent_point,decimal,0.01,True,False,passthrough,Raw wide field preserved as traceable long-form item,
31635b34-d1ee-46d4-9c0f-32ae3f30d567,stock_balance_sheet_by_report_em,AVAILABLE_SALE_FINASSET_YOY,source_derived:b4b2b8531b5bc5c1,source,percent_point,decimal,0.01,True,False,passthrough,Raw wide field preserved as traceable long-form item,
31635b34-d1ee-46d4-9c0f-32ae3f30d567,stock_balance_sheet_by_report_em,BOND_PAYABLE_YOY,source_derived:eb5353baf9cee7bd,source,percent_point,decimal,0.01,True,False,passthrough,Raw wide field preserved as traceable long-form item,
31635b34-d1ee-46d4-9c0f-32ae3f30d567,stock_balance_sheet_by_report_em,BORROW_FUND_YOY,source_derived:264f065e25e6f68c,source,percent_point,decimal,0.01,True,False,passthrough,Raw wide field preserved as traceable long-form item,
31635b34-d1ee-46d4-9c0f-32ae3f30d567,stock_balance_sheet_by_report_em,BUY_RESALE_FINASSET_YOY,source_derived:1ab4751852ddafc6,source,percent_point,decimal,0.01,True,False,passthrough,Raw wide field preserved as traceable long-form item,
31635b34-d1ee-46d4-9c0f-32ae3f30d567,stock_balance_sheet_by_report_em,CAPITAL_RESERVE_YOY,source_derived:5d7cf7bdb740111b,source,percent_point,decimal,0.01,True,False,passthrough,Raw wide field preserved as traceable long-form item,
31635b34-d1ee-46d4-9c0f-32ae3f30d567,stock_balance_sheet_by_report_em,CIP_YOY,source_derived:3f9fdfbd269152e4,source,percent_point,decimal,0.01,True,False,passthrough,Raw wide field preserved as traceable long-form item,
31635b34-d1ee-46d4-9c0f-32ae3f30d567,stock_balance_sheet_by_report_em,CONSUMPTIVE_BIOLOGICAL_ASSET_YOY,source_derived:63052f89016392ed,source,percent_point,decimal,0.01,True,False,passthrough,Raw wide field preserved as traceable long-form item,
31635b34-d1ee-46d4-9c0f-32ae3f30d567,stock_balance_sheet_by_report_em,CONTRACT_ASSET_YOY,source_derived:de63a1facd88bd31,source,percent_point,decimal,0.01,True,False,passthrough,Raw wide field preserved as traceable long-form item,
31635b34-d1ee-46d4-9c0f-32ae3f30d567,stock_balance_sheet_by_report_em,CONTRACT_LIAB_YOY,source_derived:4935cb90dccc01ac,source,percent_point,decimal,0.01,True,False,passthrough,Raw wide field preserved as traceable long-form item,
31635b34-d1ee-46d4-9c0f-32ae3f30d567,stock_balance_sheet_by_report_em,CONVERT_DIFF_YOY,source_derived:431a2fb35bfeb023,source,percent_point,decimal,0.01,True,False,passthrough,Raw wide field preserved as traceable long-form item,
31635b34-d1ee-46d4-9c0f-32ae3f30d567,stock_balance_sheet_by_report_em,CREDITOR_INVEST_YOY,source_derived:9f0700c574ea36cd,source,percent_point,decimal,0.01,True,False,passthrough,Raw wide field preserved as traceable long-form item,
31635b34-d1ee-46d4-9c0f-32ae3f30d567,stock_balance_sheet_by_report_em,CURRENT_ASSET_BALANCE_YOY,source_derived:00d793a7ba2dae5c,source,percent_point,decimal,0.01,True,False,passthrough,Raw wide field preserved as traceable long-form item,
31635b34-d1ee-46d4-9c0f-32ae3f30d567,stock_balance_sheet_by_report_em,CURRENT_ASSET_OTHER_YOY,source_derived:2da0e6b212f2db48,source,percent_point,decimal,0.01,True,False,passthrough,Raw wide field preserved as traceable long-form item,
31635b34-d1ee-46d4-9c0f-32ae3f30d567,stock_balance_sheet_by_report_em,CURRENT_LIAB_BALANCE_YOY,source_derived:b4cb0799f0edd4ab,source,percent_point,decimal,0.01,True,False,passthrough,Raw wide field preserved as traceable long-form item,
31635b34-d1ee-46d4-9c0f-32ae3f30d567,stock_balance_sheet_by_report_em,CURRENT_LIAB_OTHER_YOY,source_derived:5226391979a17e77,source,percent_point,decimal,0.01,True,False,passthrough,Raw wide field preserved as traceable long-form item,
31635b34-d1ee-46d4-9c0f-32ae3f30d567,stock_balance_sheet_by_report_em,DEFER_INCOME_1YEAR_YOY,source_derived:86c5d7af4d2f8875,source,percent_point,decimal,0.01,True,False,passthrough,Raw wide field preserved as traceable long-form item,
31635b34-d1ee-46d4-9c0f-32ae3f30d567,stock_balance_sheet_by_report_em,DEFER_INCOME_YOY,source_derived:c2d6b40262429746,source,percent_point,decimal,0.01,True,False,passthrough,Raw wide field preserved as traceable long-form item,
31635b34-d1ee-46d4-9c0f-32ae3f30d567,stock_balance_sheet_by_report_em,DEFER_TAX_ASSET_YOY,source_derived:1a0ca70830a840ab,source,percent_point,decimal,0.01,True,False,passthrough,Raw wide field preserved as traceable long-form item,
31635b34-d1ee-46d4-9c0f-32ae3f30d567,stock_balance_sheet_by_report_em,DEFER_TAX_LIAB_YOY,source_derived:71acab547150b5a8,source,percent_point,decimal,0.01,True,False,passthrough,Raw wide field preserved as traceable long-form item,
31635b34-d1ee-46d4-9c0f-32ae3f30d567,stock_balance_sheet_by_report_em,DERIVE_FINASSET_YOY,source_derived:2ed593815cf6f253,source,percent_point,decimal,0.01,True,False,passthrough,Raw wide field preserved as traceable long-form item,
31635b34-d1ee-46d4-9c0f-32ae3f30d567,stock_balance_sheet_by_report_em,DERIVE_FINLIAB_YOY,source_derived:4a34f67343f5931e,source,percent_point,decimal,0.01,True,False,passthrough,Raw wide field preserved as traceable long-form item,
31635b34-d1ee-46d4-9c0f-32ae3f30d567,stock_balance_sheet_by_report_em,DEVELOP_EXPENSE_YOY,source_derived:5c4826d5c929f8c2,source,percent_point,decimal,0.01,True,False,passthrough,Raw wide field preserved as traceable long-form item,
31635b34-d1ee-46d4-9c0f-32ae3f30d567,stock_balance_sheet_by_report_em,DIV_HOLDSALE_ASSET_YOY,source_derived:cb83ad7b9a4b800e,source,percent_point,decimal,0.01,True,False,passthrough,Raw wide field preserved as traceable long-form item,
31635b34-d1ee-46d4-9c0f-32ae3f30d567,stock_balance_sheet_by_report_em,DIV_HOLDSALE_LIAB_YOY,source_derived:a1f0ccda9dc28d3a,source,percent_point,decimal,0.01,True,False,passthrough,Raw wide field preserved as traceable long-form item,
31635b34-d1ee-46d4-9c0f-32ae3f30d567,stock_balance_sheet_by_report_em,DIVIDEND_PAYABLE_YOY,source_derived:f832c6b8eb0736f4,source,percent_point,decimal,0.01,True,False,passthrough,Raw wide field preserved as traceable long-form item,
31635b34-d1ee-46d4-9c0f-32ae3f30d567,stock_balance_sheet_by_report_em,DIVIDEND_RECE_YOY,source_derived:3de7aca657286115,source,percent_point,decimal,0.01,True,False,passthrough,Raw wide field preserved as traceable long-form item,
31635b34-d1ee-46d4-9c0f-32ae3f30d567,stock_balance_sheet_by_report_em,EQUITY_BALANCE_YOY,source_derived:a15ead263ac940fd,source,percent_point,decimal,0.01,True,False,passthrough,Raw wide field preserved as traceable long-form item,
31635b34-d1ee-46d4-9c0f-32ae3f30d567,stock_balance_sheet_by_report_em,EQUITY_OTHER_YOY,source_derived:8b4f57f52847db73,source,percent_point,decimal,0.01,True,False,passthrough,Raw wide field preserved as traceable long-form item,
31635b34-d1ee-46d4-9c0f-32ae3f30d567,stock_balance_sheet_by_report_em,EXPORT_REFUND_RECE_YOY,source_derived:4169082eba8d79ff,source,percent_point,decimal,0.01,True,False,passthrough,Raw wide field preserved as traceable long-form item,
31635b34-d1ee-46d4-9c0f-32ae3f30d567,stock_balance_sheet_by_report_em,FEE_COMMISSION_PAYABLE_YOY,source_derived:47df96b519acd011,source,percent_point,decimal,0.01,True,False,passthrough,Raw wide field preserved as traceable long-form item,
31635b34-d1ee-46d4-9c0f-32ae3f30d567,stock_balance_sheet_by_report_em,FIN_FUND_YOY,source_derived:54cc7e885fa5b466,source,percent_point,decimal,0.01,True,False,passthrough,Raw wide field preserved as traceable long-form item,
31635b34-d1ee-46d4-9c0f-32ae3f30d567,stock_balance_sheet_by_report_em,FINANCE_RECE_YOY,source_derived:64cdd8f4f0d8236c,source,percent_point,decimal,0.01,True,False,passthrough,Raw wide field preserved as traceable long-form item,
31635b34-d1ee-46d4-9c0f-32ae3f30d567,stock_balance_sheet_by_report_em,FIXED_ASSET_DISPOSAL_YOY,source_derived:751b3a3e603abb3d,source,percent_point,decimal,0.01,True,False,passthrough,Raw wide field preserved as traceable long-form item,
31635b34-d1ee-46d4-9c0f-32ae3f30d567,stock_balance_sheet_by_report_em,FIXED_ASSET_YOY,source_derived:2742f0549fe9842d,source,percent_point,decimal,0.01,True,False,passthrough,Raw wide field preserved as traceable long-form item,
31635b34-d1ee-46d4-9c0f-32ae3f30d567,stock_balance_sheet_by_report_em,FVTOCI_FINASSET_YOY,source_derived:0bc67abd8ed993e3,source,percent_point,decimal,0.01,True,False,passthrough,Raw wide field preserved as traceable long-form item,
31635b34-d1ee-46d4-9c0f-32ae3f30d567,stock_balance_sheet_by_report_em,FVTOCI_NCFINASSET_YOY,source_derived:f0632a2fad9edb22,source,percent_point,decimal,0.01,True,False,passthrough,Raw wide field preserved as traceable long-form item,
31635b34-d1ee-46d4-9c0f-32ae3f30d567,stock_balance_sheet_by_report_em,FVTPL_FINASSET_YOY,source_derived:6497d46db46b20aa,source,percent_point,decimal,0.01,True,False,passthrough,Raw wide field preserved as traceable long-form item,
31635b34-d1ee-46d4-9c0f-32ae3f30d567,stock_balance_sheet_by_report_em,FVTPL_FINLIAB_YOY,source_derived:91679371b268089b,source,percent_point,decimal,0.01,True,False,passthrough,Raw wide field preserved as traceable long-form item,
31635b34-d1ee-46d4-9c0f-32ae3f30d567,stock_balance_sheet_by_report_em,GENERAL_RISK_RESERVE_YOY,source_derived:f227d86585d69d9c,source,percent_point,decimal,0.01,True,False,passthrough,Raw wide field preserved as traceable long-form item,
31635b34-d1ee-46d4-9c0f-32ae3f30d567,stock_balance_sheet_by_report_em,GOODWILL_YOY,source_derived:004a6c2e706450ca,source,percent_point,decimal,0.01,True,False,passthrough,Raw wide field preserved as traceable long-form item,
31635b34-d1ee-46d4-9c0f-32ae3f30d567,stock_balance_sheet_by_report_em,HOLD_MATURITY_INVEST_YOY,source_derived:db3f31335e0ffbf6,source,percent_point,decimal,0.01,True,False,passthrough,Raw wide field preserved as traceable long-form item,
31635b34-d1ee-46d4-9c0f-32ae3f30d567,stock_balance_sheet_by_report_em,HOLDSALE_ASSET_YOY,source_derived:b3cb85f95c13ddef,source,percent_point,decimal,0.01,True,False,passthrough,Raw wide field preserved as traceable long-form item,
31635b34-d1ee-46d4-9c0f-32ae3f30d567,stock_balance_sheet_by_report_em,HOLDSALE_LIAB_YOY,source_derived:30a68cef81867ece,source,percent_point,decimal,0.01,True,False,passthrough,Raw wide field preserved as traceable long-form item,
31635b34-d1ee-46d4-9c0f-32ae3f30d567,stock_balance_sheet_by_report_em,INSURANCE_CONTRACT_RESERVE_YOY,source_derived:252bd3ef5967f3e7,source,percent_point,decimal,0.01,True,False,passthrough,Raw wide field preserved as traceable long-form item,
31635b34-d1ee-46d4-9c0f-32ae3f30d567,stock_balance_sheet_by_report_em,INTANGIBLE_ASSET_YOY,source_derived:725d77c32324a99d,source,percent_point,decimal,0.01,True,False,passthrough,Raw wide field preserved as traceable long-form item,
31635b34-d1ee-46d4-9c0f-32ae3f30d567,stock_balance_sheet_by_report_em,INTEREST_PAYABLE_YOY,source_derived:6107af5078281a43,source,percent_point,decimal,0.01,True,False,passthrough,Raw wide field preserved as traceable long-form item,
31635b34-d1ee-46d4-9c0f-32ae3f30d567,stock_balance_sheet_by_report_em,INTEREST_RECE_YOY,source_derived:85d901791e309120,source,percent_point,decimal,0.01,True,False,passthrough,Raw wide field preserved as traceable long-form item,
31635b34-d1ee-46d4-9c0f-32ae3f30d567,stock_balance_sheet_by_report_em,INTERNAL_PAYABLE_YOY,source_derived:9b3950ca1952b230,source,percent_point,decimal,0.01,True,False,passthrough,Raw wide field preserved as traceable long-form item,
31635b34-d1ee-46d4-9c0f-32ae3f30d567,stock_balance_sheet_by_report_em,INTERNAL_RECE_YOY,source_derived:e8de38b473ddbf8d,source,percent_point,decimal,0.01,True,False,passthrough,Raw wide field preserved as traceable long-form item,
31635b34-d1ee-46d4-9c0f-32ae3f30d567,stock_balance_sheet_by_report_em,INVENTORY_YOY,source_derived:07e329fe7c3b9ea1,source,percent_point,decimal,0.01,True,False,passthrough,Raw wide field preserved as traceable long-form item,
31635b34-d1ee-46d4-9c0f-32ae3f30d567,stock_balance_sheet_by_report_em,INVEST_REALESTATE_YOY,source_derived:9aeb71ede3866b8a,source,percent_point,decimal,0.01,True,False,passthrough,Raw wide field preserved as traceable long-form item,
31635b34-d1ee-46d4-9c0f-32ae3f30d567,stock_balance_sheet_by_report_em,LEASE_LIAB_YOY,source_derived:47f68aa4a06e59d3,source,percent_point,decimal,0.01,True,False,passthrough,Raw wide field preserved as traceable long-form item,
31635b34-d1ee-46d4-9c0f-32ae3f30d567,stock_balance_sheet_by_report_em,LEND_FUND_YOY,source_derived:74241fb5935c3ac2,source,percent_point,decimal,0.01,True,False,passthrough,Raw wide field preserved as traceable long-form item,
31635b34-d1ee-46d4-9c0f-32ae3f30d567,stock_balance_sheet_by_report_em,LIAB_BALANCE_YOY,source_derived:21358eb184422c55,source,percent_point,decimal,0.01,True,False,passthrough,Raw wide field preserved as traceable long-form item,
31635b34-d1ee-46d4-9c0f-32ae3f30d567,stock_balance_sheet_by_report_em,LIAB_EQUITY_BALANCE_YOY,source_derived:ed957fbe0b4402a6,source,percent_point,decimal,0.01,True,False,passthrough,Raw wide field preserved as traceable long-form item,
31635b34-d1ee-46d4-9c0f-32ae3f30d567,stock_balance_sheet_by_report_em,LIAB_EQUITY_OTHER_YOY,source_derived:66343e1452160688,source,percent_point,decimal,0.01,True,False,passthrough,Raw wide field preserved as traceable long-form item,
31635b34-d1ee-46d4-9c0f-32ae3f30d567,stock_balance_sheet_by_report_em,LIAB_OTHER_YOY,source_derived:6f63c10f9685bc4d,source,percent_point,decimal,0.01,True,False,passthrough,Raw wide field preserved as traceable long-form item,
31635b34-d1ee-46d4-9c0f-32ae3f30d567,stock_balance_sheet_by_report_em,LOAN_ADVANCE_YOY,source_derived:2f45393955af49aa,source,percent_point,decimal,0.01,True,False,passthrough,Raw wide field preserved as traceable long-form item,
31635b34-d1ee-46d4-9c0f-32ae3f30d567,stock_balance_sheet_by_report_em,LOAN_PBC_YOY,source_derived:559d09f1a97327b5,source,percent_point,decimal,0.01,True,False,passthrough,Raw wide field preserved as traceable long-form item,
31635b34-d1ee-46d4-9c0f-32ae3f30d567,stock_balance_sheet_by_report_em,LONG_EQUITY_INVEST_YOY,source_derived:02efdf0c22e9988b,source,percent_point,decimal,0.01,True,False,passthrough,Raw wide field preserved as traceable long-form item,
31635b34-d1ee-46d4-9c0f-32ae3f30d567,stock_balance_sheet_by_report_em,LONG_LOAN_YOY,source_derived:93822e087848aa3e,source,percent_point,decimal,0.01,True,False,passthrough,Raw wide field preserved as traceable long-form item,
31635b34-d1ee-46d4-9c0f-32ae3f30d567,stock_balance_sheet_by_report_em,LONG_PAYABLE_YOY,source_derived:8ca31e918589c13b,source,percent_point,decimal,0.01,True,False,passthrough,Raw wide field preserved as traceable long-form item,
31635b34-d1ee-46d4-9c0f-32ae3f30d567,stock_balance_sheet_by_report_em,LONG_PREPAID_EXPENSE_YOY,source_derived:67bd617e076314a4,source,percent_point,decimal,0.01,True,False,passthrough,Raw wide field preserved as traceable long-form item,
31635b34-d1ee-46d4-9c0f-32ae3f30d567,stock_balance_sheet_by_report_em,LONG_RECE_YOY,source_derived:5195674e6cb25e11,source,percent_point,decimal,0.01,True,False,passthrough,Raw wide field preserved as traceable long-form item,
31635b34-d1ee-46d4-9c0f-32ae3f30d567,stock_balance_sheet_by_report_em,LONG_STAFFSALARY_PAYABLE_YOY,source_derived:c7d1c50b621ae3d3,source,percent_point,decimal,0.01,True,False,passthrough,Raw wide field preserved as traceable long-form item,
31635b34-d1ee-46d4-9c0f-32ae3f30d567,stock_balance_sheet_by_report_em,MINORITY_EQUITY_YOY,source_derived:676b06e530325605,source,percent_point,decimal,0.01,True,False,passthrough,Raw wide field preserved as traceable long-form item,
31635b34-d1ee-46d4-9c0f-32ae3f30d567,stock_balance_sheet_by_report_em,MONETARYFUNDS_YOY,source_derived:8ef000aa104ea946,source,percent_point,decimal,0.01,True,False,passthrough,Raw wide field preserved as traceable long-form item,
31635b34-d1ee-46d4-9c0f-32ae3f30d567,stock_balance_sheet_by_report_em,NONCURRENT_ASSET_1YEAR_YOY,source_derived:b5f8be2f724ae4cb,source,percent_point,decimal,0.01,True,False,passthrough,Raw wide field preserved as traceable long-form item,
31635b34-d1ee-46d4-9c0f-32ae3f30d567,stock_balance_sheet_by_report_em,NONCURRENT_ASSET_BALANCE_YOY,source_derived:4bcfe5cc7b9da88c,source,percent_point,decimal,0.01,True,False,passthrough,Raw wide field preserved as traceable long-form item,
31635b34-d1ee-46d4-9c0f-32ae3f30d567,stock_balance_sheet_by_report_em,NONCURRENT_ASSET_OTHER_YOY,source_derived:0b69e55661aa3d68,source,percent_point,decimal,0.01,True,False,passthrough,Raw wide field preserved as traceable long-form item,
31635b34-d1ee-46d4-9c0f-32ae3f30d567,stock_balance_sheet_by_report_em,NONCURRENT_LIAB_1YEAR_YOY,source_derived:350c77efe3fc7349,source,percent_point,decimal,0.01,True,False,passthrough,Raw wide field preserved as traceable long-form item,
31635b34-d1ee-46d4-9c0f-32ae3f30d567,stock_balance_sheet_by_report_em,NONCURRENT_LIAB_BALANCE_YOY,source_derived:78c9d28a748fbbb7,source,percent_point,decimal,0.01,True,False,passthrough,Raw wide field preserved as traceable long-form item,
31635b34-d1ee-46d4-9c0f-32ae3f30d567,stock_balance_sheet_by_report_em,NONCURRENT_LIAB_OTHER_YOY,source_derived:408b40822acb1476,source,percent_point,decimal,0.01,True,False,passthrough,Raw wide field preserved as traceable long-form item,
31635b34-d1ee-46d4-9c0f-32ae3f30d567,stock_balance_sheet_by_report_em,NOTE_ACCOUNTS_PAYABLE_YOY,source_derived:444c37fecb4d68df,source,percent_point,decimal,0.01,True,False,passthrough,Raw wide field preserved as traceable long-form item,
31635b34-d1ee-46d4-9c0f-32ae3f30d567,stock_balance_sheet_by_report_em,NOTE_ACCOUNTS_RECE_YOY,source_derived:95c5f8ff429c6a73,source,percent_point,decimal,0.01,True,False,passthrough,Raw wide field preserved as traceable long-form item,
31635b34-d1ee-46d4-9c0f-32ae3f30d567,stock_balance_sheet_by_report_em,NOTE_PAYABLE_YOY,source_derived:c723a8d5a514731d,source,percent_point,decimal,0.01,True,False,passthrough,Raw wide field preserved as traceable long-form item,
31635b34-d1ee-46d4-9c0f-32ae3f30d567,stock_balance_sheet_by_report_em,NOTE_RECE_YOY,source_derived:cce038aab71f56d2,source,percent_point,decimal,0.01,True,False,passthrough,Raw wide field preserved as traceable long-form item,
31635b34-d1ee-46d4-9c0f-32ae3f30d567,stock_balance_sheet_by_report_em,OIL_GAS_ASSET_YOY,source_derived:b7de3f5971669187,source,percent_point,decimal,0.01,True,False,passthrough,Raw wide field preserved as traceable long-form item,
31635b34-d1ee-46d4-9c0f-32ae3f30d567,stock_balance_sheet_by_report_em,OTHER_COMPRE_INCOME_YOY,source_derived:cbf609c2511129a6,source,percent_point,decimal,0.01,True,False,passthrough,Raw wide field preserved as traceable long-form item,
31635b34-d1ee-46d4-9c0f-32ae3f30d567,stock_balance_sheet_by_report_em,OTHER_CREDITOR_INVEST_YOY,source_derived:836a91e53b9c563d,source,percent_point,decimal,0.01,True,False,passthrough,Raw wide field preserved as traceable long-form item,
31635b34-d1ee-46d4-9c0f-32ae3f30d567,stock_balance_sheet_by_report_em,OTHER_CURRENT_ASSET_YOY,source_derived:d86103cf4d94ab2d,source,percent_point,decimal,0.01,True,False,passthrough,Raw wide field preserved as traceable long-form item,
31635b34-d1ee-46d4-9c0f-32ae3f30d567,stock_balance_sheet_by_report_em,OTHER_CURRENT_LIAB_YOY,source_derived:6ed13cbd1315a5ec,source,percent_point,decimal,0.01,True,False,passthrough,Raw wide field preserved as traceable long-form item,
31635b34-d1ee-46d4-9c0f-32ae3f30d567,stock_balance_sheet_by_report_em,OTHER_EQUITY_INVEST_YOY,source_derived:5f1e67adee3fdc07,source,percent_point,decimal,0.01,True,False,passthrough,Raw wide field preserved as traceable long-form item,
31635b34-d1ee-46d4-9c0f-32ae3f30d567,stock_balance_sheet_by_report_em,OTHER_EQUITY_OTHER_YOY,source_derived:d53d2ff3bb300146,source,percent_point,decimal,0.01,True,False,passthrough,Raw wide field preserved as traceable long-form item,
31635b34-d1ee-46d4-9c0f-32ae3f30d567,stock_balance_sheet_by_report_em,OTHER_EQUITY_TOOL_YOY,source_derived:9a3c7fd4d0cc9763,source,percent_point,decimal,0.01,True,False,passthrough,Raw wide field preserved as traceable long-form item,
31635b34-d1ee-46d4-9c0f-32ae3f30d567,stock_balance_sheet_by_report_em,OTHER_NONCURRENT_ASSET_YOY,source_derived:dfe65469806daf51,source,percent_point,decimal,0.01,True,False,passthrough,Raw wide field preserved as traceable long-form item,
31635b34-d1ee-46d4-9c0f-32ae3f30d567,stock_balance_sheet_by_report_em,OTHER_NONCURRENT_FINASSET_YOY,source_derived:ede949f5973aecfd,source,percent_point,decimal,0.01,True,False,passthrough,Raw wide field preserved as traceable long-form item,
31635b34-d1ee-46d4-9c0f-32ae3f30d567,stock_balance_sheet_by_report_em,OTHER_NONCURRENT_LIAB_YOY,source_derived:920a0253d2507577,source,percent_point,decimal,0.01,True,False,passthrough,Raw wide field preserved as traceable long-form item,
31635b34-d1ee-46d4-9c0f-32ae3f30d567,stock_balance_sheet_by_report_em,OTHER_PAYABLE_YOY,source_derived:1f4bab9598579e22,source,percent_point,decimal,0.01,True,False,passthrough,Raw wide field preserved as traceable long-form item,
31635b34-d1ee-46d4-9c0f-32ae3f30d567,stock_balance_sheet_by_report_em,OTHER_RECE_YOY,source_derived:562bc3c89970457e,source,percent_point,decimal,0.01,True,False,passthrough,Raw wide field preserved as traceable long-form item,
31635b34-d1ee-46d4-9c0f-32ae3f30d567,stock_balance_sheet_by_report_em,PARENT_EQUITY_BALANCE_YOY,source_derived:b437eff40246b6e9,source,percent_point,decimal,0.01,True,False,passthrough,Raw wide field preserved as traceable long-form item,
31635b34-d1ee-46d4-9c0f-32ae3f30d567,stock_balance_sheet_by_report_em,PARENT_EQUITY_OTHER_YOY,source_derived:40c954fde7644205,source,percent_point,decimal,0.01,True,False,passthrough,Raw wide field preserved as traceable long-form item,
31635b34-d1ee-46d4-9c0f-32ae3f30d567,stock_balance_sheet_by_report_em,PERPETUAL_BOND_PAYBALE_YOY,source_derived:831ae9438b4ec0ce,source,percent_point,decimal,0.01,True,False,passthrough,Raw wide field preserved as traceable long-form item,
31635b34-d1ee-46d4-9c0f-32ae3f30d567,stock_balance_sheet_by_report_em,PERPETUAL_BOND_YOY,source_derived:198e8a90f073fbdf,source,percent_point,decimal,0.01,True,False,passthrough,Raw wide field preserved as traceable long-form item,
31635b34-d1ee-46d4-9c0f-32ae3f30d567,stock_balance_sheet_by_report_em,PREDICT_CURRENT_LIAB_YOY,source_derived:aa73e88cd1b60982,source,percent_point,decimal,0.01,True,False,passthrough,Raw wide field preserved as traceable long-form item,
31635b34-d1ee-46d4-9c0f-32ae3f30d567,stock_balance_sheet_by_report_em,PREDICT_LIAB_YOY,source_derived:90fcafc400437611,source,percent_point,decimal,0.01,True,False,passthrough,Raw wide field preserved as traceable long-form item,
31635b34-d1ee-46d4-9c0f-32ae3f30d567,stock_balance_sheet_by_report_em,PREFERRED_SHARES_PAYBALE_YOY,source_derived:759c506845e92923,source,percent_point,decimal,0.01,True,False,passthrough,Raw wide field preserved as traceable long-form item,
31635b34-d1ee-46d4-9c0f-32ae3f30d567,stock_balance_sheet_by_report_em,PREFERRED_SHARES_YOY,source_derived:1f9435c861188dca,source,percent_point,decimal,0.01,True,False,passthrough,Raw wide field preserved as traceable long-form item,
31635b34-d1ee-46d4-9c0f-32ae3f30d567,stock_balance_sheet_by_report_em,PREMIUM_RECE_YOY,source_derived:2bb1e88ebaddb4e1,source,percent_point,decimal,0.01,True,False,passthrough,Raw wide field preserved as traceable long-form item,
31635b34-d1ee-46d4-9c0f-32ae3f30d567,stock_balance_sheet_by_report_em,PREPAYMENT_YOY,source_derived:acb5fca541bab636,source,percent_point,decimal,0.01,True,False,passthrough,Raw wide field preserved as traceable long-form item,
31635b34-d1ee-46d4-9c0f-32ae3f30d567,stock_balance_sheet_by_report_em,PRODUCTIVE_BIOLOGY_ASSET_YOY,source_derived:22bf88e024c6d8da,source,percent_point,decimal,0.01,True,False,passthrough,Raw wide field preserved as traceable long-form item,
31635b34-d1ee-46d4-9c0f-32ae3f30d567,stock_balance_sheet_by_report_em,PROJECT_MATERIAL_YOY,source_derived:2c36537a6ea4e2af,source,percent_point,decimal,0.01,True,False,passthrough,Raw wide field preserved as traceable long-form item,
31635b34-d1ee-46d4-9c0f-32ae3f30d567,stock_balance_sheet_by_report_em,RC_RESERVE_RECE_YOY,source_derived:063ba3d66aa42e49,source,percent_point,decimal,0.01,True,False,passthrough,Raw wide field preserved as traceable long-form item,
31635b34-d1ee-46d4-9c0f-32ae3f30d567,stock_balance_sheet_by_report_em,REINSURE_PAYABLE_YOY,source_derived:fb5ce9b4798fcff2,source,percent_point,decimal,0.01,True,False,passthrough,Raw wide field preserved as traceable long-form item,
31635b34-d1ee-46d4-9c0f-32ae3f30d567,stock_balance_sheet_by_report_em,REINSURE_RECE_YOY,source_derived:5ecdd2b73af67c29,source,percent_point,decimal,0.01,True,False,passthrough,Raw wide field preserved as traceable long-form item,
31635b34-d1ee-46d4-9c0f-32ae3f30d567,stock_balance_sheet_by_report_em,SELL_REPO_FINASSET_YOY,source_derived:ed3017917604fbf2,source,percent_point,decimal,0.01,True,False,passthrough,Raw wide field preserved as traceable long-form item,
31635b34-d1ee-46d4-9c0f-32ae3f30d567,stock_balance_sheet_by_report_em,SETTLE_EXCESS_RESERVE_YOY,source_derived:8f87dce6f46c5995,source,percent_point,decimal,0.01,True,False,passthrough,Raw wide field preserved as traceable long-form item,
31635b34-d1ee-46d4-9c0f-32ae3f30d567,stock_balance_sheet_by_report_em,SHARE_CAPITAL_YOY,source_derived:453ed1301cb398d4,source,percent_point,decimal,0.01,True,False,passthrough,Raw wide field preserved as traceable long-form item,
31635b34-d1ee-46d4-9c0f-32ae3f30d567,stock_balance_sheet_by_report_em,SHORT_BOND_PAYABLE_YOY,source_derived:2244d61a7d78d3cc,source,percent_point,decimal,0.01,True,False,passthrough,Raw wide field preserved as traceable long-form item,
31635b34-d1ee-46d4-9c0f-32ae3f30d567,stock_balance_sheet_by_report_em,SHORT_FIN_PAYABLE_YOY,source_derived:6857bb562adc6827,source,percent_point,decimal,0.01,True,False,passthrough,Raw wide field preserved as traceable long-form item,
31635b34-d1ee-46d4-9c0f-32ae3f30d567,stock_balance_sheet_by_report_em,SHORT_LOAN_YOY,source_derived:74168ace8afecc61,source,percent_point,decimal,0.01,True,False,passthrough,Raw wide field preserved as traceable long-form item,
31635b34-d1ee-46d4-9c0f-32ae3f30d567,stock_balance_sheet_by_report_em,SPECIAL_PAYABLE_YOY,source_derived:fad482365233b22d,source,percent_point,decimal,0.01,True,False,passthrough,Raw wide field preserved as traceable long-form item,
31635b34-d1ee-46d4-9c0f-32ae3f30d567,stock_balance_sheet_by_report_em,SPECIAL_RESERVE_YOY,source_derived:08332c9ea89c509b,source,percent_point,decimal,0.01,True,False,passthrough,Raw wide field preserved as traceable long-form item,
31635b34-d1ee-46d4-9c0f-32ae3f30d567,stock_balance_sheet_by_report_em,STAFF_SALARY_PAYABLE_YOY,source_derived:83b3847406803dd2,source,percent_point,decimal,0.01,True,False,passthrough,Raw wide field preserved as traceable long-form item,
31635b34-d1ee-46d4-9c0f-32ae3f30d567,stock_balance_sheet_by_report_em,SUBSIDY_RECE_YOY,source_derived:0b1b46681efab280,source,percent_point,decimal,0.01,True,False,passthrough,Raw wide field preserved as traceable long-form item,
31635b34-d1ee-46d4-9c0f-32ae3f30d567,stock_balance_sheet_by_report_em,SURPLUS_RESERVE_YOY,source_derived:910a8ba58e4cea75,source,percent_point,decimal,0.01,True,False,passthrough,Raw wide field preserved as traceable long-form item,
31635b34-d1ee-46d4-9c0f-32ae3f30d567,stock_balance_sheet_by_report_em,TAX_PAYABLE_YOY,source_derived:05dc4ccb3302b69c,source,percent_point,decimal,0.01,True,False,passthrough,Raw wide field preserved as traceable long-form item,
31635b34-d1ee-46d4-9c0f-32ae3f30d567,stock_balance_sheet_by_report_em,TOTAL_ASSETS_YOY,source_derived:5cd12d5699988b85,source,percent_point,decimal,0.01,True,False,passthrough,Raw wide field preserved as traceable long-form item,
31635b34-d1ee-46d4-9c0f-32ae3f30d567,stock_balance_sheet_by_report_em,TOTAL_CURRENT_ASSETS_YOY,source_derived:fcfe68044a13347c,source,percent_point,decimal,0.01,True,False,passthrough,Raw wide field preserved as traceable long-form item,
31635b34-d1ee-46d4-9c0f-32ae3f30d567,stock_balance_sheet_by_report_em,TOTAL_CURRENT_LIAB_YOY,source_derived:f3fa87925c39daa0,source,percent_point,decimal,0.01,True,False,passthrough,Raw wide field preserved as traceable long-form item,
31635b34-d1ee-46d4-9c0f-32ae3f30d567,stock_balance_sheet_by_report_em,TOTAL_EQUITY_YOY,source_derived:10559ac34fcadb79,source,percent_point,decimal,0.01,True,False,passthrough,Raw wide field preserved as traceable long-form item,
31635b34-d1ee-46d4-9c0f-32ae3f30d567,stock_balance_sheet_by_report_em,TOTAL_LIAB_EQUITY_YOY,source_derived:9bb90b1c915349a9,source,percent_point,decimal,0.01,True,False,passthrough,Raw wide field preserved as traceable long-form item,
31635b34-d1ee-46d4-9c0f-32ae3f30d567,stock_balance_sheet_by_report_em,TOTAL_LIABILITIES_YOY,source_derived:7b1a3368f5f8a5fa,source,percent_point,decimal,0.01,True,False,passthrough,Raw wide field preserved as traceable long-form item,
31635b34-d1ee-46d4-9c0f-32ae3f30d567,stock_balance_sheet_by_report_em,TOTAL_NONCURRENT_ASSETS_YOY,source_derived:25bf48d50925b130,source,percent_point,decimal,0.01,True,False,passthrough,Raw wide field preserved as traceable long-form item,
31635b34-d1ee-46d4-9c0f-32ae3f30d567,stock_balance_sheet_by_report_em,TOTAL_NONCURRENT_LIAB_YOY,source_derived:0eade1712cdcf9b7,source,percent_point,decimal,0.01,True,False,passthrough,Raw wide field preserved as traceable long-form item,
31635b34-d1ee-46d4-9c0f-32ae3f30d567,stock_balance_sheet_by_report_em,TOTAL_OTHER_PAYABLE_YOY,source_derived:eb2008dd97f131d3,source,percent_point,decimal,0.01,True,False,passthrough,Raw wide field preserved as traceable long-form item,
31635b34-d1ee-46d4-9c0f-32ae3f30d567,stock_balance_sheet_by_report_em,TOTAL_OTHER_RECE_YOY,source_derived:8f84609944e0c411,source,percent_point,decimal,0.01,True,False,passthrough,Raw wide field preserved as traceable long-form item,
31635b34-d1ee-46d4-9c0f-32ae3f30d567,stock_balance_sheet_by_report_em,TOTAL_PARENT_EQUITY_YOY,source_derived:3597b8933f8acf89,source,percent_point,decimal,0.01,True,False,passthrough,Raw wide field preserved as traceable long-form item,
31635b34-d1ee-46d4-9c0f-32ae3f30d567,stock_balance_sheet_by_report_em,TRADE_FINASSET_NOTFVTPL_YOY,source_derived:4dfb20cb6d0f85b6,source,percent_point,decimal,0.01,True,False,passthrough,Raw wide field preserved as traceable long-form item,
31635b34-d1ee-46d4-9c0f-32ae3f30d567,stock_balance_sheet_by_report_em,TRADE_FINASSET_YOY,source_derived:b657c6f3c30fbb4d,source,percent_point,decimal,0.01,True,False,passthrough,Raw wide field preserved as traceable long-form item,
31635b34-d1ee-46d4-9c0f-32ae3f30d567,stock_balance_sheet_by_report_em,TRADE_FINLIAB_NOTFVTPL_YOY,source_derived:a819899368a55654,source,percent_point,decimal,0.01,True,False,passthrough,Raw wide field preserved as traceable long-form item,
31635b34-d1ee-46d4-9c0f-32ae3f30d567,stock_balance_sheet_by_report_em,TRADE_FINLIAB_YOY,source_derived:47d9c741581a33ab,source,percent_point,decimal,0.01,True,False,passthrough,Raw wide field preserved as traceable long-form item,
31635b34-d1ee-46d4-9c0f-32ae3f30d567,stock_balance_sheet_by_report_em,TREASURY_SHARES_YOY,source_derived:b6ea70b7293195e7,source,percent_point,decimal,0.01,True,False,passthrough,Raw wide field preserved as traceable long-form item,
31635b34-d1ee-46d4-9c0f-32ae3f30d567,stock_balance_sheet_by_report_em,UNASSIGN_RPOFIT_YOY,source_derived:fc2019bafa5848d2,source,percent_point,decimal,0.01,True,False,passthrough,Raw wide field preserved as traceable long-form item,
31635b34-d1ee-46d4-9c0f-32ae3f30d567,stock_balance_sheet_by_report_em,UNCONFIRM_INVEST_LOSS_YOY,source_derived:4a0ef6bbc3e6514f,source,percent_point,decimal,0.01,True,False,passthrough,Raw wide field preserved as traceable long-form item,
31635b34-d1ee-46d4-9c0f-32ae3f30d567,stock_balance_sheet_by_report_em,USERIGHT_ASSET_YOY,source_derived:a74d97a069a04b26,source,percent_point,decimal,0.01,True,False,passthrough,Raw wide field preserved as traceable long-form item,
31635b34-d1ee-46d4-9c0f-32ae3f30d567,stock_balance_sheet_by_report_em,OPINION_TYPE,source_derived:8284e770b12c26af,source,CNY_yuan,CNY_yuan,1.0,True,False,passthrough,Raw wide field preserved as traceable long-form item,
31635b34-d1ee-46d4-9c0f-32ae3f30d567,stock_balance_sheet_by_report_em,OSOPINION_TYPE,source_derived:1e68567941eae6cc,source,CNY_yuan,CNY_yuan,1.0,True,False,passthrough,Raw wide field preserved as traceable long-form item,
31635b34-d1ee-46d4-9c0f-32ae3f30d567,stock_balance_sheet_by_report_em,LISTING_STATE,source_derived:96d01fe55b300f2d,source,CNY_yuan,CNY_yuan,1.0,True,False,passthrough,Raw wide field preserved as traceable long-form item,
31635b34-d1ee-46d4-9c0f-32ae3f30d567,stock_cash_flow_sheet_by_report_em,SECUCODE,source_derived:e44430b3eb84251e,source,CNY_yuan,CNY_yuan,1.0,True,False,passthrough,Raw wide field preserved as traceable long-form item,
31635b34-d1ee-46d4-9c0f-32ae3f30d567,stock_cash_flow_sheet_by_report_em,SECURITY_CODE,symbol,source,,,1.0,True,False,mapped,Financial metadata field mapping,
31635b34-d1ee-46d4-9c0f-32ae3f30d567,stock_cash_flow_sheet_by_report_em,SECURITY_NAME_ABBR,source_derived:8a7075e1c91097de,source,CNY_yuan,CNY_yuan,1.0,True,False,passthrough,Raw wide field preserved as traceable long-form item,
31635b34-d1ee-46d4-9c0f-32ae3f30d567,stock_cash_flow_sheet_by_report_em,ORG_CODE,source_derived:4fd7af85f8b03e86,source,CNY_yuan,CNY_yuan,1.0,True,False,passthrough,Raw wide field preserved as traceable long-form item,
31635b34-d1ee-46d4-9c0f-32ae3f30d567,stock_cash_flow_sheet_by_report_em,ORG_TYPE,source_derived:8e7cfb6ff8c74c68,source,CNY_yuan,CNY_yuan,1.0,True,False,passthrough,Raw wide field preserved as traceable long-form item,
31635b34-d1ee-46d4-9c0f-32ae3f30d567,stock_cash_flow_sheet_by_report_em,REPORT_DATE,report_period,source,,,1.0,True,False,mapped,Financial metadata field mapping,
31635b34-d1ee-46d4-9c0f-32ae3f30d567,stock_cash_flow_sheet_by_report_em,REPORT_TYPE,report_type,source,,,1.0,True,False,mapped,Financial metadata field mapping,
31635b34-d1ee-46d4-9c0f-32ae3f30d567,stock_cash_flow_sheet_by_report_em,REPORT_DATE_NAME,source_derived:2bca7cad996bba19,source,CNY_yuan,CNY_yuan,1.0,True,False,passthrough,Raw wide field preserved as traceable long-form item,
31635b34-d1ee-46d4-9c0f-32ae3f30d567,stock_cash_flow_sheet_by_report_em,SECURITY_TYPE_CODE,source_derived:d946b4dd41b870b6,source,CNY_yuan,CNY_yuan,1.0,True,False,passthrough,Raw wide field preserved as traceable long-form item,
31635b34-d1ee-46d4-9c0f-32ae3f30d567,stock_cash_flow_sheet_by_report_em,NOTICE_DATE,announcement_date,source,,,1.0,True,False,mapped,Financial metadata field mapping,
31635b34-d1ee-46d4-9c0f-32ae3f30d567,stock_cash_flow_sheet_by_report_em,UPDATE_DATE,source_update_date,source,,,1.0,True,False,mapped,Financial metadata field mapping,
31635b34-d1ee-46d4-9c0f-32ae3f30d567,stock_cash_flow_sheet_by_report_em,CURRENCY,currency,source,,,1.0,True,False,mapped,Financial metadata field mapping,
31635b34-d1ee-46d4-9c0f-32ae3f30d567,stock_cash_flow_sheet_by_report_em,SALES_SERVICES,source_derived:a4e5b12064893e43,source,CNY_yuan,CNY_yuan,1.0,True,False,passthrough,Raw wide field preserved as traceable long-form item,
31635b34-d1ee-46d4-9c0f-32ae3f30d567,stock_cash_flow_sheet_by_report_em,DEPOSIT_INTERBANK_ADD,source_derived:d077ca6ec040fea8,source,CNY_yuan,CNY_yuan,1.0,True,False,passthrough,Raw wide field preserved as traceable long-form item,
31635b34-d1ee-46d4-9c0f-32ae3f30d567,stock_cash_flow_sheet_by_report_em,LOAN_PBC_ADD,source_derived:1ce676bc46b6e7ad,source,CNY_yuan,CNY_yuan,1.0,True,False,passthrough,Raw wide field preserved as traceable long-form item,
31635b34-d1ee-46d4-9c0f-32ae3f30d567,stock_cash_flow_sheet_by_report_em,OFI_BF_ADD,source_derived:8229bbd65bcc7c0c,source,CNY_yuan,CNY_yuan,1.0,True,False,passthrough,Raw wide field preserved as traceable long-form item,
31635b34-d1ee-46d4-9c0f-32ae3f30d567,stock_cash_flow_sheet_by_report_em,RECEIVE_ORIGIC_PREMIUM,source_derived:f90d0e69dbe1d0e2,source,CNY_yuan,CNY_yuan,1.0,True,False,passthrough,Raw wide field preserved as traceable long-form item,
31635b34-d1ee-46d4-9c0f-32ae3f30d567,stock_cash_flow_sheet_by_report_em,RECEIVE_REINSURE_NET,source_derived:8981b5e1b92ef773,source,CNY_yuan,CNY_yuan,1.0,True,False,passthrough,Raw wide field preserved as traceable long-form item,
31635b34-d1ee-46d4-9c0f-32ae3f30d567,stock_cash_flow_sheet_by_report_em,INSURED_INVEST_ADD,source_derived:5c53bfcda607241e,source,CNY_yuan,CNY_yuan,1.0,True,False,passthrough,Raw wide field preserved as traceable long-form item,
31635b34-d1ee-46d4-9c0f-32ae3f30d567,stock_cash_flow_sheet_by_report_em,DISPOSAL_TFA_ADD,source_derived:e603f632c5d42aaa,source,CNY_yuan,CNY_yuan,1.0,True,False,passthrough,Raw wide field preserved as traceable long-form item,
31635b34-d1ee-46d4-9c0f-32ae3f30d567,stock_cash_flow_sheet_by_report_em,RECEIVE_INTEREST_COMMISSION,source_derived:997c6725e2ad4858,source,CNY_yuan,CNY_yuan,1.0,True,False,passthrough,Raw wide field preserved as traceable long-form item,
31635b34-d1ee-46d4-9c0f-32ae3f30d567,stock_cash_flow_sheet_by_report_em,BORROW_FUND_ADD,source_derived:03ac18a08d1db8ab,source,CNY_yuan,CNY_yuan,1.0,True,False,passthrough,Raw wide field preserved as traceable long-form item,
31635b34-d1ee-46d4-9c0f-32ae3f30d567,stock_cash_flow_sheet_by_report_em,LOAN_ADVANCE_REDUCE,source_derived:4eac0a6a964acf66,source,CNY_yuan,CNY_yuan,1.0,True,False,passthrough,Raw wide field preserved as traceable long-form item,
31635b34-d1ee-46d4-9c0f-32ae3f30d567,stock_cash_flow_sheet_by_report_em,REPO_BUSINESS_ADD,source_derived:7473df8f0a1401ca,source,CNY_yuan,CNY_yuan,1.0,True,False,passthrough,Raw wide field preserved as traceable long-form item,
31635b34-d1ee-46d4-9c0f-32ae3f30d567,stock_cash_flow_sheet_by_report_em,RECEIVE_TAX_REFUND,source_derived:1940014f701bb27f,source,CNY_yuan,CNY_yuan,1.0,True,False,passthrough,Raw wide field preserved as traceable long-form item,
31635b34-d1ee-46d4-9c0f-32ae3f30d567,stock_cash_flow_sheet_by_report_em,RECEIVE_OTHER_OPERATE,source_derived:edb29de4cace8880,source,CNY_yuan,CNY_yuan,1.0,True,False,passthrough,Raw wide field preserved as traceable long-form item,
31635b34-d1ee-46d4-9c0f-32ae3f30d567,stock_cash_flow_sheet_by_report_em,OPERATE_INFLOW_OTHER,source_derived:6002a81524e2beac,source,CNY_yuan,CNY_yuan,1.0,True,False,passthrough,Raw wide field preserved as traceable long-form item,
31635b34-d1ee-46d4-9c0f-32ae3f30d567,stock_cash_flow_sheet_by_report_em,OPERATE_INFLOW_BALANCE,source_derived:b722340e307269c1,source,CNY_yuan,CNY_yuan,1.0,True,False,passthrough,Raw wide field preserved as traceable long-form item,
31635b34-d1ee-46d4-9c0f-32ae3f30d567,stock_cash_flow_sheet_by_report_em,TOTAL_OPERATE_INFLOW,source_derived:4ae76560b94aa27c,source,CNY_yuan,CNY_yuan,1.0,True,False,passthrough,Raw wide field preserved as traceable long-form item,
31635b34-d1ee-46d4-9c0f-32ae3f30d567,stock_cash_flow_sheet_by_report_em,BUY_SERVICES,source_derived:31bcadeb861443ab,source,CNY_yuan,CNY_yuan,1.0,True,False,passthrough,Raw wide field preserved as traceable long-form item,
31635b34-d1ee-46d4-9c0f-32ae3f30d567,stock_cash_flow_sheet_by_report_em,LOAN_ADVANCE_ADD,source_derived:a7becdb32baba970,source,CNY_yuan,CNY_yuan,1.0,True,False,passthrough,Raw wide field preserved as traceable long-form item,
31635b34-d1ee-46d4-9c0f-32ae3f30d567,stock_cash_flow_sheet_by_report_em,PBC_INTERBANK_ADD,source_derived:ae0825afb882b65c,source,CNY_yuan,CNY_yuan,1.0,True,False,passthrough,Raw wide field preserved as traceable long-form item,
31635b34-d1ee-46d4-9c0f-32ae3f30d567,stock_cash_flow_sheet_by_report_em,PAY_ORIGIC_COMPENSATE,source_derived:334fdc31236d9ed3,source,CNY_yuan,CNY_yuan,1.0,True,False,passthrough,Raw wide field preserved as traceable long-form item,
31635b34-d1ee-46d4-9c0f-32ae3f30d567,stock_cash_flow_sheet_by_report_em,PAY_INTEREST_COMMISSION,source_derived:6294667cabe4ccb0,source,CNY_yuan,CNY_yuan,1.0,True,False,passthrough,Raw wide field preserved as traceable long-form item,
31635b34-d1ee-46d4-9c0f-32ae3f30d567,stock_cash_flow_sheet_by_report_em,PAY_POLICY_BONUS,source_derived:56116e224b3a6625,source,CNY_yuan,CNY_yuan,1.0,True,False,passthrough,Raw wide field preserved as traceable long-form item,
31635b34-d1ee-46d4-9c0f-32ae3f30d567,stock_cash_flow_sheet_by_report_em,PAY_STAFF_CASH,source_derived:e4f588bc4db03325,source,CNY_yuan,CNY_yuan,1.0,True,False,passthrough,Raw wide field preserved as traceable long-form item,
31635b34-d1ee-46d4-9c0f-32ae3f30d567,stock_cash_flow_sheet_by_report_em,PAY_ALL_TAX,source_derived:1c288932cd06fa22,source,CNY_yuan,CNY_yuan,1.0,True,False,passthrough,Raw wide field preserved as traceable long-form item,
31635b34-d1ee-46d4-9c0f-32ae3f30d567,stock_cash_flow_sheet_by_report_em,PAY_OTHER_OPERATE,source_derived:7b1170e1fd91651e,source,CNY_yuan,CNY_yuan,1.0,True,False,passthrough,Raw wide field preserved as traceable long-form item,
31635b34-d1ee-46d4-9c0f-32ae3f30d567,stock_cash_flow_sheet_by_report_em,OPERATE_OUTFLOW_OTHER,source_derived:018197f61603525d,source,CNY_yuan,CNY_yuan,1.0,True,False,passthrough,Raw wide field preserved as traceable long-form item,
31635b34-d1ee-46d4-9c0f-32ae3f30d567,stock_cash_flow_sheet_by_report_em,OPERATE_OUTFLOW_BALANCE,source_derived:c5ca13097273097b,source,CNY_yuan,CNY_yuan,1.0,True,False,passthrough,Raw wide field preserved as traceable long-form item,
31635b34-d1ee-46d4-9c0f-32ae3f30d567,stock_cash_flow_sheet_by_report_em,TOTAL_OPERATE_OUTFLOW,source_derived:d770d2cc2738d833,source,CNY_yuan,CNY_yuan,1.0,True,False,passthrough,Raw wide field preserved as traceable long-form item,
31635b34-d1ee-46d4-9c0f-32ae3f30d567,stock_cash_flow_sheet_by_report_em,OPERATE_NETCASH_OTHER,source_derived:1f56793670b98a24,source,CNY_yuan,CNY_yuan,1.0,True,False,passthrough,Raw wide field preserved as traceable long-form item,
31635b34-d1ee-46d4-9c0f-32ae3f30d567,stock_cash_flow_sheet_by_report_em,OPERATE_NETCASH_BALANCE,source_derived:24c7e8adf8995b25,source,CNY_yuan,CNY_yuan,1.0,True,False,passthrough,Raw wide field preserved as traceable long-form item,
31635b34-d1ee-46d4-9c0f-32ae3f30d567,stock_cash_flow_sheet_by_report_em,NETCASH_OPERATE,source_derived:a0eae62471baa6f5,source,CNY_yuan,CNY_yuan,1.0,True,False,passthrough,Raw wide field preserved as traceable long-form item,
31635b34-d1ee-46d4-9c0f-32ae3f30d567,stock_cash_flow_sheet_by_report_em,WITHDRAW_INVEST,source_derived:ce02f84e6e178b98,source,CNY_yuan,CNY_yuan,1.0,True,False,passthrough,Raw wide field preserved as traceable long-form item,
31635b34-d1ee-46d4-9c0f-32ae3f30d567,stock_cash_flow_sheet_by_report_em,RECEIVE_INVEST_INCOME,source_derived:b21d992ca2230e83,source,CNY_yuan,CNY_yuan,1.0,True,False,passthrough,Raw wide field preserved as traceable long-form item,
31635b34-d1ee-46d4-9c0f-32ae3f30d567,stock_cash_flow_sheet_by_report_em,DISPOSAL_LONG_ASSET,source_derived:f9d7fc349c20103e,source,CNY_yuan,CNY_yuan,1.0,True,False,passthrough,Raw wide field preserved as traceable long-form item,
31635b34-d1ee-46d4-9c0f-32ae3f30d567,stock_cash_flow_sheet_by_report_em,DISPOSAL_SUBSIDIARY_OTHER,source_derived:e8ed2214162001ce,source,CNY_yuan,CNY_yuan,1.0,True,False,passthrough,Raw wide field preserved as traceable long-form item,
31635b34-d1ee-46d4-9c0f-32ae3f30d567,stock_cash_flow_sheet_by_report_em,REDUCE_PLEDGE_TIMEDEPOSITS,source_derived:e5fd6ff701d1dff1,source,CNY_yuan,CNY_yuan,1.0,True,False,passthrough,Raw wide field preserved as traceable long-form item,
31635b34-d1ee-46d4-9c0f-32ae3f30d567,stock_cash_flow_sheet_by_report_em,RECEIVE_OTHER_INVEST,source_derived:5d636eeead83e067,source,CNY_yuan,CNY_yuan,1.0,True,False,passthrough,Raw wide field preserved as traceable long-form item,
31635b34-d1ee-46d4-9c0f-32ae3f30d567,stock_cash_flow_sheet_by_report_em,INVEST_INFLOW_OTHER,source_derived:d3daf68676d24d46,source,CNY_yuan,CNY_yuan,1.0,True,False,passthrough,Raw wide field preserved as traceable long-form item,
31635b34-d1ee-46d4-9c0f-32ae3f30d567,stock_cash_flow_sheet_by_report_em,INVEST_INFLOW_BALANCE,source_derived:d8ee15b61bf9ae4d,source,CNY_yuan,CNY_yuan,1.0,True,False,passthrough,Raw wide field preserved as traceable long-form item,
31635b34-d1ee-46d4-9c0f-32ae3f30d567,stock_cash_flow_sheet_by_report_em,TOTAL_INVEST_INFLOW,source_derived:3bd4d896d1bd6993,source,CNY_yuan,CNY_yuan,1.0,True,False,passthrough,Raw wide field preserved as traceable long-form item,
31635b34-d1ee-46d4-9c0f-32ae3f30d567,stock_cash_flow_sheet_by_report_em,CONSTRUCT_LONG_ASSET,source_derived:6ec701c598e229c7,source,CNY_yuan,CNY_yuan,1.0,True,False,passthrough,Raw wide field preserved as traceable long-form item,
31635b34-d1ee-46d4-9c0f-32ae3f30d567,stock_cash_flow_sheet_by_report_em,INVEST_PAY_CASH,source_derived:3e46ab8c86abaf12,source,CNY_yuan,CNY_yuan,1.0,True,False,passthrough,Raw wide field preserved as traceable long-form item,
31635b34-d1ee-46d4-9c0f-32ae3f30d567,stock_cash_flow_sheet_by_report_em,PLEDGE_LOAN_ADD,source_derived:b51a137fe993de45,source,CNY_yuan,CNY_yuan,1.0,True,False,passthrough,Raw wide field preserved as traceable long-form item,
31635b34-d1ee-46d4-9c0f-32ae3f30d567,stock_cash_flow_sheet_by_report_em,OBTAIN_SUBSIDIARY_OTHER,source_derived:9d5d8ca91f12fd04,source,CNY_yuan,CNY_yuan,1.0,True,False,passthrough,Raw wide field preserved as traceable long-form item,
31635b34-d1ee-46d4-9c0f-32ae3f30d567,stock_cash_flow_sheet_by_report_em,ADD_PLEDGE_TIMEDEPOSITS,source_derived:da34c4e8a5520ab6,source,CNY_yuan,CNY_yuan,1.0,True,False,passthrough,Raw wide field preserved as traceable long-form item,
31635b34-d1ee-46d4-9c0f-32ae3f30d567,stock_cash_flow_sheet_by_report_em,PAY_OTHER_INVEST,source_derived:b4db4617e3df99ec,source,CNY_yuan,CNY_yuan,1.0,True,False,passthrough,Raw wide field preserved as traceable long-form item,
31635b34-d1ee-46d4-9c0f-32ae3f30d567,stock_cash_flow_sheet_by_report_em,INVEST_OUTFLOW_OTHER,source_derived:c8552a9f3c2ba059,source,CNY_yuan,CNY_yuan,1.0,True,False,passthrough,Raw wide field preserved as traceable long-form item,
31635b34-d1ee-46d4-9c0f-32ae3f30d567,stock_cash_flow_sheet_by_report_em,INVEST_OUTFLOW_BALANCE,source_derived:46151d16ec5d4bd1,source,CNY_yuan,CNY_yuan,1.0,True,False,passthrough,Raw wide field preserved as traceable long-form item,
31635b34-d1ee-46d4-9c0f-32ae3f30d567,stock_cash_flow_sheet_by_report_em,TOTAL_INVEST_OUTFLOW,source_derived:31cba7435707c6a2,source,CNY_yuan,CNY_yuan,1.0,True,False,passthrough,Raw wide field preserved as traceable long-form item,
31635b34-d1ee-46d4-9c0f-32ae3f30d567,stock_cash_flow_sheet_by_report_em,INVEST_NETCASH_OTHER,source_derived:3daba17701335fb1,source,CNY_yuan,CNY_yuan,1.0,True,False,passthrough,Raw wide field preserved as traceable long-form item,
31635b34-d1ee-46d4-9c0f-32ae3f30d567,stock_cash_flow_sheet_by_report_em,INVEST_NETCASH_BALANCE,source_derived:28116e90d1565f8b,source,CNY_yuan,CNY_yuan,1.0,True,False,passthrough,Raw wide field preserved as traceable long-form item,
31635b34-d1ee-46d4-9c0f-32ae3f30d567,stock_cash_flow_sheet_by_report_em,NETCASH_INVEST,source_derived:0d47f9bc4dc8bd5c,source,CNY_yuan,CNY_yuan,1.0,True,False,passthrough,Raw wide field preserved as traceable long-form item,
31635b34-d1ee-46d4-9c0f-32ae3f30d567,stock_cash_flow_sheet_by_report_em,ACCEPT_INVEST_CASH,source_derived:bafc58e8d57686cf,source,CNY_yuan,CNY_yuan,1.0,True,False,passthrough,Raw wide field preserved as traceable long-form item,
31635b34-d1ee-46d4-9c0f-32ae3f30d567,stock_cash_flow_sheet_by_report_em,SUBSIDIARY_ACCEPT_INVEST,source_derived:8b0f4f5a73a07766,source,CNY_yuan,CNY_yuan,1.0,True,False,passthrough,Raw wide field preserved as traceable long-form item,
31635b34-d1ee-46d4-9c0f-32ae3f30d567,stock_cash_flow_sheet_by_report_em,RECEIVE_LOAN_CASH,source_derived:9d27ef2963d56fbf,source,CNY_yuan,CNY_yuan,1.0,True,False,passthrough,Raw wide field preserved as traceable long-form item,
31635b34-d1ee-46d4-9c0f-32ae3f30d567,stock_cash_flow_sheet_by_report_em,ISSUE_BOND,source_derived:9f8aedb67253aa08,source,CNY_yuan,CNY_yuan,1.0,True,False,passthrough,Raw wide field preserved as traceable long-form item,
31635b34-d1ee-46d4-9c0f-32ae3f30d567,stock_cash_flow_sheet_by_report_em,RECEIVE_OTHER_FINANCE,source_derived:e7a6d1530a67cab8,source,CNY_yuan,CNY_yuan,1.0,True,False,passthrough,Raw wide field preserved as traceable long-form item,
31635b34-d1ee-46d4-9c0f-32ae3f30d567,stock_cash_flow_sheet_by_report_em,FINANCE_INFLOW_OTHER,source_derived:08ae5f6a9c6d1808,source,CNY_yuan,CNY_yuan,1.0,True,False,passthrough,Raw wide field preserved as traceable long-form item,
31635b34-d1ee-46d4-9c0f-32ae3f30d567,stock_cash_flow_sheet_by_report_em,FINANCE_INFLOW_BALANCE,source_derived:71ad8c0cb4fed481,source,CNY_yuan,CNY_yuan,1.0,True,False,passthrough,Raw wide field preserved as traceable long-form item,
31635b34-d1ee-46d4-9c0f-32ae3f30d567,stock_cash_flow_sheet_by_report_em,TOTAL_FINANCE_INFLOW,source_derived:60233dec46f47e7b,source,CNY_yuan,CNY_yuan,1.0,True,False,passthrough,Raw wide field preserved as traceable long-form item,
31635b34-d1ee-46d4-9c0f-32ae3f30d567,stock_cash_flow_sheet_by_report_em,PAY_DEBT_CASH,source_derived:3c88fb050c6deb8c,source,CNY_yuan,CNY_yuan,1.0,True,False,passthrough,Raw wide field preserved as traceable long-form item,
31635b34-d1ee-46d4-9c0f-32ae3f30d567,stock_cash_flow_sheet_by_report_em,ASSIGN_DIVIDEND_PORFIT,source_derived:b3b9a281b9b467ec,source,CNY_yuan,CNY_yuan,1.0,True,False,passthrough,Raw wide field preserved as traceable long-form item,
31635b34-d1ee-46d4-9c0f-32ae3f30d567,stock_cash_flow_sheet_by_report_em,SUBSIDIARY_PAY_DIVIDEND,source_derived:1a5e9a2c5f9e26a2,source,CNY_yuan,CNY_yuan,1.0,True,False,passthrough,Raw wide field preserved as traceable long-form item,
31635b34-d1ee-46d4-9c0f-32ae3f30d567,stock_cash_flow_sheet_by_report_em,BUY_SUBSIDIARY_EQUITY,source_derived:ca7ef17e34b733e4,source,CNY_yuan,CNY_yuan,1.0,True,False,passthrough,Raw wide field preserved as traceable long-form item,
31635b34-d1ee-46d4-9c0f-32ae3f30d567,stock_cash_flow_sheet_by_report_em,PAY_OTHER_FINANCE,source_derived:5d57284ce75b20c7,source,CNY_yuan,CNY_yuan,1.0,True,False,passthrough,Raw wide field preserved as traceable long-form item,
31635b34-d1ee-46d4-9c0f-32ae3f30d567,stock_cash_flow_sheet_by_report_em,SUBSIDIARY_REDUCE_CASH,source_derived:9f4d4e76a05999b4,source,CNY_yuan,CNY_yuan,1.0,True,False,passthrough,Raw wide field preserved as traceable long-form item,
31635b34-d1ee-46d4-9c0f-32ae3f30d567,stock_cash_flow_sheet_by_report_em,FINANCE_OUTFLOW_OTHER,source_derived:b5e3b35d93f44884,source,CNY_yuan,CNY_yuan,1.0,True,False,passthrough,Raw wide field preserved as traceable long-form item,
31635b34-d1ee-46d4-9c0f-32ae3f30d567,stock_cash_flow_sheet_by_report_em,FINANCE_OUTFLOW_BALANCE,source_derived:f740a59342e8d77a,source,CNY_yuan,CNY_yuan,1.0,True,False,passthrough,Raw wide field preserved as traceable long-form item,
31635b34-d1ee-46d4-9c0f-32ae3f30d567,stock_cash_flow_sheet_by_report_em,TOTAL_FINANCE_OUTFLOW,source_derived:4b2e5bd9e315391e,source,CNY_yuan,CNY_yuan,1.0,True,False,passthrough,Raw wide field preserved as traceable long-form item,
31635b34-d1ee-46d4-9c0f-32ae3f30d567,stock_cash_flow_sheet_by_report_em,FINANCE_NETCASH_OTHER,source_derived:e0655ab5e77bf613,source,CNY_yuan,CNY_yuan,1.0,True,False,passthrough,Raw wide field preserved as traceable long-form item,
31635b34-d1ee-46d4-9c0f-32ae3f30d567,stock_cash_flow_sheet_by_report_em,FINANCE_NETCASH_BALANCE,source_derived:9747c73b893d1dae,source,CNY_yuan,CNY_yuan,1.0,True,False,passthrough,Raw wide field preserved as traceable long-form item,
31635b34-d1ee-46d4-9c0f-32ae3f30d567,stock_cash_flow_sheet_by_report_em,NETCASH_FINANCE,source_derived:136b71d6acc70241,source,CNY_yuan,CNY_yuan,1.0,True,False,passthrough,Raw wide field preserved as traceable long-form item,
31635b34-d1ee-46d4-9c0f-32ae3f30d567,stock_cash_flow_sheet_by_report_em,RATE_CHANGE_EFFECT,source_derived:5bd9c0b2bc2c99d1,source,CNY_yuan,CNY_yuan,1.0,True,False,passthrough,Raw wide field preserved as traceable long-form item,
31635b34-d1ee-46d4-9c0f-32ae3f30d567,stock_cash_flow_sheet_by_report_em,CCE_ADD_OTHER,source_derived:e703bfcd956dae3c,source,CNY_yuan,CNY_yuan,1.0,True,False,passthrough,Raw wide field preserved as traceable long-form item,
31635b34-d1ee-46d4-9c0f-32ae3f30d567,stock_cash_flow_sheet_by_report_em,CCE_ADD_BALANCE,source_derived:83d92f39847e8706,source,CNY_yuan,CNY_yuan,1.0,True,False,passthrough,Raw wide field preserved as traceable long-form item,
31635b34-d1ee-46d4-9c0f-32ae3f30d567,stock_cash_flow_sheet_by_report_em,CCE_ADD,source_derived:9cda0286eb633561,source,CNY_yuan,CNY_yuan,1.0,True,False,passthrough,Raw wide field preserved as traceable long-form item,
31635b34-d1ee-46d4-9c0f-32ae3f30d567,stock_cash_flow_sheet_by_report_em,BEGIN_CCE,source_derived:f2d03982f80b16f2,source,CNY_yuan,CNY_yuan,1.0,True,False,passthrough,Raw wide field preserved as traceable long-form item,
31635b34-d1ee-46d4-9c0f-32ae3f30d567,stock_cash_flow_sheet_by_report_em,END_CCE_OTHER,source_derived:f52088ffee79d5e3,source,CNY_yuan,CNY_yuan,1.0,True,False,passthrough,Raw wide field preserved as traceable long-form item,
31635b34-d1ee-46d4-9c0f-32ae3f30d567,stock_cash_flow_sheet_by_report_em,END_CCE_BALANCE,source_derived:2f80577bab4f8fde,source,CNY_yuan,CNY_yuan,1.0,True,False,passthrough,Raw wide field preserved as traceable long-form item,
31635b34-d1ee-46d4-9c0f-32ae3f30d567,stock_cash_flow_sheet_by_report_em,END_CCE,source_derived:a96dfdcb33209523,source,CNY_yuan,CNY_yuan,1.0,True,False,passthrough,Raw wide field preserved as traceable long-form item,
31635b34-d1ee-46d4-9c0f-32ae3f30d567,stock_cash_flow_sheet_by_report_em,NETPROFIT,source_derived:1275bd6f985644e6,source,CNY_yuan,CNY_yuan,1.0,True,False,passthrough,Raw wide field preserved as traceable long-form item,
31635b34-d1ee-46d4-9c0f-32ae3f30d567,stock_cash_flow_sheet_by_report_em,ASSET_IMPAIRMENT,source_derived:fed580b8f2c39619,source,CNY_yuan,CNY_yuan,1.0,True,False,passthrough,Raw wide field preserved as traceable long-form item,
31635b34-d1ee-46d4-9c0f-32ae3f30d567,stock_cash_flow_sheet_by_report_em,FA_IR_DEPR,source_derived:8c51b17790f16eed,source,CNY_yuan,CNY_yuan,1.0,True,False,passthrough,Raw wide field preserved as traceable long-form item,
31635b34-d1ee-46d4-9c0f-32ae3f30d567,stock_cash_flow_sheet_by_report_em,OILGAS_BIOLOGY_DEPR,source_derived:3eb24cdcddae2aa7,source,CNY_yuan,CNY_yuan,1.0,True,False,passthrough,Raw wide field preserved as traceable long-form item,
31635b34-d1ee-46d4-9c0f-32ae3f30d567,stock_cash_flow_sheet_by_report_em,IR_DEPR,source_derived:d0153df74094788c,source,CNY_yuan,CNY_yuan,1.0,True,False,passthrough,Raw wide field preserved as traceable long-form item,
31635b34-d1ee-46d4-9c0f-32ae3f30d567,stock_cash_flow_sheet_by_report_em,IA_AMORTIZE,source_derived:599a85c6122eac39,source,CNY_yuan,CNY_yuan,1.0,True,False,passthrough,Raw wide field preserved as traceable long-form item,
31635b34-d1ee-46d4-9c0f-32ae3f30d567,stock_cash_flow_sheet_by_report_em,LPE_AMORTIZE,source_derived:ae63beab8a1c3291,source,CNY_yuan,CNY_yuan,1.0,True,False,passthrough,Raw wide field preserved as traceable long-form item,
31635b34-d1ee-46d4-9c0f-32ae3f30d567,stock_cash_flow_sheet_by_report_em,DEFER_INCOME_AMORTIZE,source_derived:7dc261d35bf86cb5,source,CNY_yuan,CNY_yuan,1.0,True,False,passthrough,Raw wide field preserved as traceable long-form item,
31635b34-d1ee-46d4-9c0f-32ae3f30d567,stock_cash_flow_sheet_by_report_em,PREPAID_EXPENSE_REDUCE,source_derived:8707b155cac97ad9,source,CNY_yuan,CNY_yuan,1.0,True,False,passthrough,Raw wide field preserved as traceable long-form item,
31635b34-d1ee-46d4-9c0f-32ae3f30d567,stock_cash_flow_sheet_by_report_em,ACCRUED_EXPENSE_ADD,source_derived:9f88a1f048079dae,source,CNY_yuan,CNY_yuan,1.0,True,False,passthrough,Raw wide field preserved as traceable long-form item,
31635b34-d1ee-46d4-9c0f-32ae3f30d567,stock_cash_flow_sheet_by_report_em,DISPOSAL_LONGASSET_LOSS,source_derived:46d6dde06d1c423e,source,CNY_yuan,CNY_yuan,1.0,True,False,passthrough,Raw wide field preserved as traceable long-form item,
31635b34-d1ee-46d4-9c0f-32ae3f30d567,stock_cash_flow_sheet_by_report_em,FA_SCRAP_LOSS,source_derived:c39d4941a90fe300,source,CNY_yuan,CNY_yuan,1.0,True,False,passthrough,Raw wide field preserved as traceable long-form item,
31635b34-d1ee-46d4-9c0f-32ae3f30d567,stock_cash_flow_sheet_by_report_em,FAIRVALUE_CHANGE_LOSS,source_derived:bcf62b011778d52e,source,CNY_yuan,CNY_yuan,1.0,True,False,passthrough,Raw wide field preserved as traceable long-form item,
31635b34-d1ee-46d4-9c0f-32ae3f30d567,stock_cash_flow_sheet_by_report_em,FINANCE_EXPENSE,source_derived:a9c9f65bcd3a296c,source,CNY_yuan,CNY_yuan,1.0,True,False,passthrough,Raw wide field preserved as traceable long-form item,
31635b34-d1ee-46d4-9c0f-32ae3f30d567,stock_cash_flow_sheet_by_report_em,INVEST_LOSS,source_derived:c4376a0f6d97fd8a,source,CNY_yuan,CNY_yuan,1.0,True,False,passthrough,Raw wide field preserved as traceable long-form item,
31635b34-d1ee-46d4-9c0f-32ae3f30d567,stock_cash_flow_sheet_by_report_em,DEFER_TAX,source_derived:6893fb9834e2cc8f,source,CNY_yuan,CNY_yuan,1.0,True,False,passthrough,Raw wide field preserved as traceable long-form item,
31635b34-d1ee-46d4-9c0f-32ae3f30d567,stock_cash_flow_sheet_by_report_em,DT_ASSET_REDUCE,source_derived:1a3a4bf8b4a8b2de,source,CNY_yuan,CNY_yuan,1.0,True,False,passthrough,Raw wide field preserved as traceable long-form item,
31635b34-d1ee-46d4-9c0f-32ae3f30d567,stock_cash_flow_sheet_by_report_em,DT_LIAB_ADD,source_derived:cbbb74ac95b0660f,source,CNY_yuan,CNY_yuan,1.0,True,False,passthrough,Raw wide field preserved as traceable long-form item,
31635b34-d1ee-46d4-9c0f-32ae3f30d567,stock_cash_flow_sheet_by_report_em,PREDICT_LIAB_ADD,source_derived:95d95b287beb4e8c,source,CNY_yuan,CNY_yuan,1.0,True,False,passthrough,Raw wide field preserved as traceable long-form item,
31635b34-d1ee-46d4-9c0f-32ae3f30d567,stock_cash_flow_sheet_by_report_em,INVENTORY_REDUCE,source_derived:ae462c41819d68a5,source,CNY_yuan,CNY_yuan,1.0,True,False,passthrough,Raw wide field preserved as traceable long-form item,
31635b34-d1ee-46d4-9c0f-32ae3f30d567,stock_cash_flow_sheet_by_report_em,OPERATE_RECE_REDUCE,source_derived:c92448171255ff1f,source,CNY_yuan,CNY_yuan,1.0,True,False,passthrough,Raw wide field preserved as traceable long-form item,
31635b34-d1ee-46d4-9c0f-32ae3f30d567,stock_cash_flow_sheet_by_report_em,OPERATE_PAYABLE_ADD,source_derived:ace98c3b8afd0b47,source,CNY_yuan,CNY_yuan,1.0,True,False,passthrough,Raw wide field preserved as traceable long-form item,
31635b34-d1ee-46d4-9c0f-32ae3f30d567,stock_cash_flow_sheet_by_report_em,OTHER,source_derived:1c55d9b826e8dfa9,source,CNY_yuan,CNY_yuan,1.0,True,False,passthrough,Raw wide field preserved as traceable long-form item,
31635b34-d1ee-46d4-9c0f-32ae3f30d567,stock_cash_flow_sheet_by_report_em,OPERATE_NETCASH_OTHERNOTE,source_derived:152adb06fec7d050,source,CNY_yuan,CNY_yuan,1.0,True,False,passthrough,Raw wide field preserved as traceable long-form item,
31635b34-d1ee-46d4-9c0f-32ae3f30d567,stock_cash_flow_sheet_by_report_em,OPERATE_NETCASH_BALANCENOTE,source_derived:371c2f62bb3c6e3d,source,CNY_yuan,CNY_yuan,1.0,True,False,passthrough,Raw wide field preserved as traceable long-form item,
31635b34-d1ee-46d4-9c0f-32ae3f30d567,stock_cash_flow_sheet_by_report_em,NETCASH_OPERATENOTE,source_derived:b0306f146906e912,source,CNY_yuan,CNY_yuan,1.0,True,False,passthrough,Raw wide field preserved as traceable long-form item,
31635b34-d1ee-46d4-9c0f-32ae3f30d567,stock_cash_flow_sheet_by_report_em,DEBT_TRANSFER_CAPITAL,source_derived:e7f658e2ea9ab8a6,source,CNY_yuan,CNY_yuan,1.0,True,False,passthrough,Raw wide field preserved as traceable long-form item,
31635b34-d1ee-46d4-9c0f-32ae3f30d567,stock_cash_flow_sheet_by_report_em,CONVERT_BOND_1YEAR,source_derived:1b341a58998d72d2,source,CNY_yuan,CNY_yuan,1.0,True,False,passthrough,Raw wide field preserved as traceable long-form item,
31635b34-d1ee-46d4-9c0f-32ae3f30d567,stock_cash_flow_sheet_by_report_em,FINLEASE_OBTAIN_FA,source_derived:2d7bf3be63a8ed40,source,CNY_yuan,CNY_yuan,1.0,True,False,passthrough,Raw wide field preserved as traceable long-form item,
31635b34-d1ee-46d4-9c0f-32ae3f30d567,stock_cash_flow_sheet_by_report_em,UNINVOLVE_INVESTFIN_OTHER,source_derived:e6232353ee4b5ed9,source,CNY_yuan,CNY_yuan,1.0,True,False,passthrough,Raw wide field preserved as traceable long-form item,
31635b34-d1ee-46d4-9c0f-32ae3f30d567,stock_cash_flow_sheet_by_report_em,END_CASH,source_derived:afcda6d7ead17766,source,CNY_yuan,CNY_yuan,1.0,True,False,passthrough,Raw wide field preserved as traceable long-form item,
31635b34-d1ee-46d4-9c0f-32ae3f30d567,stock_cash_flow_sheet_by_report_em,BEGIN_CASH,source_derived:d670100507f2aede,source,CNY_yuan,CNY_yuan,1.0,True,False,passthrough,Raw wide field preserved as traceable long-form item,
31635b34-d1ee-46d4-9c0f-32ae3f30d567,stock_cash_flow_sheet_by_report_em,END_CASH_EQUIVALENTS,source_derived:b5d59a9c0d9ce658,source,CNY_yuan,CNY_yuan,1.0,True,False,passthrough,Raw wide field preserved as traceable long-form item,
31635b34-d1ee-46d4-9c0f-32ae3f30d567,stock_cash_flow_sheet_by_report_em,BEGIN_CASH_EQUIVALENTS,source_derived:8acc9899974bebe0,source,CNY_yuan,CNY_yuan,1.0,True,False,passthrough,Raw wide field preserved as traceable long-form item,
31635b34-d1ee-46d4-9c0f-32ae3f30d567,stock_cash_flow_sheet_by_report_em,CCE_ADD_OTHERNOTE,source_derived:b048a53eff9bd683,source,CNY_yuan,CNY_yuan,1.0,True,False,passthrough,Raw wide field preserved as traceable long-form item,
31635b34-d1ee-46d4-9c0f-32ae3f30d567,stock_cash_flow_sheet_by_report_em,CCE_ADD_BALANCENOTE,source_derived:3d86a8528a0c5313,source,CNY_yuan,CNY_yuan,1.0,True,False,passthrough,Raw wide field preserved as traceable long-form item,
31635b34-d1ee-46d4-9c0f-32ae3f30d567,stock_cash_flow_sheet_by_report_em,CCE_ADDNOTE,source_derived:640699ea8806a6a4,source,CNY_yuan,CNY_yuan,1.0,True,False,passthrough,Raw wide field preserved as traceable long-form item,
31635b34-d1ee-46d4-9c0f-32ae3f30d567,stock_cash_flow_sheet_by_report_em,SALES_SERVICES_YOY,source_derived:0e8543f35e4c49db,source,percent_point,decimal,0.01,True,False,passthrough,Raw wide field preserved as traceable long-form item,
31635b34-d1ee-46d4-9c0f-32ae3f30d567,stock_cash_flow_sheet_by_report_em,DEPOSIT_INTERBANK_ADD_YOY,source_derived:feabe4f04e5355d0,source,percent_point,decimal,0.01,True,False,passthrough,Raw wide field preserved as traceable long-form item,
31635b34-d1ee-46d4-9c0f-32ae3f30d567,stock_cash_flow_sheet_by_report_em,LOAN_PBC_ADD_YOY,source_derived:94954159fea033f1,source,percent_point,decimal,0.01,True,False,passthrough,Raw wide field preserved as traceable long-form item,
31635b34-d1ee-46d4-9c0f-32ae3f30d567,stock_cash_flow_sheet_by_report_em,OFI_BF_ADD_YOY,source_derived:fd75ea070624bd69,source,percent_point,decimal,0.01,True,False,passthrough,Raw wide field preserved as traceable long-form item,
31635b34-d1ee-46d4-9c0f-32ae3f30d567,stock_cash_flow_sheet_by_report_em,RECEIVE_ORIGIC_PREMIUM_YOY,source_derived:f0d69c610bfa32d2,source,percent_point,decimal,0.01,True,False,passthrough,Raw wide field preserved as traceable long-form item,
31635b34-d1ee-46d4-9c0f-32ae3f30d567,stock_cash_flow_sheet_by_report_em,RECEIVE_REINSURE_NET_YOY,source_derived:6d71abb38be958c8,source,percent_point,decimal,0.01,True,False,passthrough,Raw wide field preserved as traceable long-form item,
31635b34-d1ee-46d4-9c0f-32ae3f30d567,stock_cash_flow_sheet_by_report_em,INSURED_INVEST_ADD_YOY,source_derived:049c7ab4de9a0938,source,percent_point,decimal,0.01,True,False,passthrough,Raw wide field preserved as traceable long-form item,
31635b34-d1ee-46d4-9c0f-32ae3f30d567,stock_cash_flow_sheet_by_report_em,DISPOSAL_TFA_ADD_YOY,source_derived:47768a1bfe5568ac,source,percent_point,decimal,0.01,True,False,passthrough,Raw wide field preserved as traceable long-form item,
31635b34-d1ee-46d4-9c0f-32ae3f30d567,stock_cash_flow_sheet_by_report_em,RECEIVE_INTEREST_COMMISSION_YOY,source_derived:d2a087f79cc21f42,source,percent_point,decimal,0.01,True,False,passthrough,Raw wide field preserved as traceable long-form item,
31635b34-d1ee-46d4-9c0f-32ae3f30d567,stock_cash_flow_sheet_by_report_em,BORROW_FUND_ADD_YOY,source_derived:0dc1419f66fa11de,source,percent_point,decimal,0.01,True,False,passthrough,Raw wide field preserved as traceable long-form item,
31635b34-d1ee-46d4-9c0f-32ae3f30d567,stock_cash_flow_sheet_by_report_em,LOAN_ADVANCE_REDUCE_YOY,source_derived:598bfc27feee2040,source,percent_point,decimal,0.01,True,False,passthrough,Raw wide field preserved as traceable long-form item,
31635b34-d1ee-46d4-9c0f-32ae3f30d567,stock_cash_flow_sheet_by_report_em,REPO_BUSINESS_ADD_YOY,source_derived:795677cb3b839b7e,source,percent_point,decimal,0.01,True,False,passthrough,Raw wide field preserved as traceable long-form item,
31635b34-d1ee-46d4-9c0f-32ae3f30d567,stock_cash_flow_sheet_by_report_em,RECEIVE_TAX_REFUND_YOY,source_derived:83b73db10ddb435b,source,percent_point,decimal,0.01,True,False,passthrough,Raw wide field preserved as traceable long-form item,
31635b34-d1ee-46d4-9c0f-32ae3f30d567,stock_cash_flow_sheet_by_report_em,RECEIVE_OTHER_OPERATE_YOY,source_derived:11f706341d9e3d1b,source,percent_point,decimal,0.01,True,False,passthrough,Raw wide field preserved as traceable long-form item,
31635b34-d1ee-46d4-9c0f-32ae3f30d567,stock_cash_flow_sheet_by_report_em,OPERATE_INFLOW_OTHER_YOY,source_derived:b3039011fd069417,source,percent_point,decimal,0.01,True,False,passthrough,Raw wide field preserved as traceable long-form item,
31635b34-d1ee-46d4-9c0f-32ae3f30d567,stock_cash_flow_sheet_by_report_em,OPERATE_INFLOW_BALANCE_YOY,source_derived:65403f6957ce6f24,source,percent_point,decimal,0.01,True,False,passthrough,Raw wide field preserved as traceable long-form item,
31635b34-d1ee-46d4-9c0f-32ae3f30d567,stock_cash_flow_sheet_by_report_em,TOTAL_OPERATE_INFLOW_YOY,source_derived:0143943e137b032f,source,percent_point,decimal,0.01,True,False,passthrough,Raw wide field preserved as traceable long-form item,
31635b34-d1ee-46d4-9c0f-32ae3f30d567,stock_cash_flow_sheet_by_report_em,BUY_SERVICES_YOY,source_derived:e47ea88377606a4f,source,percent_point,decimal,0.01,True,False,passthrough,Raw wide field preserved as traceable long-form item,
31635b34-d1ee-46d4-9c0f-32ae3f30d567,stock_cash_flow_sheet_by_report_em,LOAN_ADVANCE_ADD_YOY,source_derived:300471ff500b2a0f,source,percent_point,decimal,0.01,True,False,passthrough,Raw wide field preserved as traceable long-form item,
31635b34-d1ee-46d4-9c0f-32ae3f30d567,stock_cash_flow_sheet_by_report_em,PBC_INTERBANK_ADD_YOY,source_derived:992cb75f7df7d684,source,percent_point,decimal,0.01,True,False,passthrough,Raw wide field preserved as traceable long-form item,
31635b34-d1ee-46d4-9c0f-32ae3f30d567,stock_cash_flow_sheet_by_report_em,PAY_ORIGIC_COMPENSATE_YOY,source_derived:13bf18a10d9f7600,source,percent_point,decimal,0.01,True,False,passthrough,Raw wide field preserved as traceable long-form item,
31635b34-d1ee-46d4-9c0f-32ae3f30d567,stock_cash_flow_sheet_by_report_em,PAY_INTEREST_COMMISSION_YOY,source_derived:9cbab35342b9b3d9,source,percent_point,decimal,0.01,True,False,passthrough,Raw wide field preserved as traceable long-form item,
31635b34-d1ee-46d4-9c0f-32ae3f30d567,stock_cash_flow_sheet_by_report_em,PAY_POLICY_BONUS_YOY,source_derived:63d2503888ef4b72,source,percent_point,decimal,0.01,True,False,passthrough,Raw wide field preserved as traceable long-form item,
31635b34-d1ee-46d4-9c0f-32ae3f30d567,stock_cash_flow_sheet_by_report_em,PAY_STAFF_CASH_YOY,source_derived:86513eace94f3427,source,percent_point,decimal,0.01,True,False,passthrough,Raw wide field preserved as traceable long-form item,
31635b34-d1ee-46d4-9c0f-32ae3f30d567,stock_cash_flow_sheet_by_report_em,PAY_ALL_TAX_YOY,source_derived:32cc659e6193be94,source,percent_point,decimal,0.01,True,False,passthrough,Raw wide field preserved as traceable long-form item,
31635b34-d1ee-46d4-9c0f-32ae3f30d567,stock_cash_flow_sheet_by_report_em,PAY_OTHER_OPERATE_YOY,source_derived:13e0a5d3d9979549,source,percent_point,decimal,0.01,True,False,passthrough,Raw wide field preserved as traceable long-form item,
31635b34-d1ee-46d4-9c0f-32ae3f30d567,stock_cash_flow_sheet_by_report_em,OPERATE_OUTFLOW_OTHER_YOY,source_derived:73137aeae4170f94,source,percent_point,decimal,0.01,True,False,passthrough,Raw wide field preserved as traceable long-form item,
31635b34-d1ee-46d4-9c0f-32ae3f30d567,stock_cash_flow_sheet_by_report_em,OPERATE_OUTFLOW_BALANCE_YOY,source_derived:816228db2c5fd884,source,percent_point,decimal,0.01,True,False,passthrough,Raw wide field preserved as traceable long-form item,
31635b34-d1ee-46d4-9c0f-32ae3f30d567,stock_cash_flow_sheet_by_report_em,TOTAL_OPERATE_OUTFLOW_YOY,source_derived:955e5ab367ca55c8,source,percent_point,decimal,0.01,True,False,passthrough,Raw wide field preserved as traceable long-form item,
31635b34-d1ee-46d4-9c0f-32ae3f30d567,stock_cash_flow_sheet_by_report_em,OPERATE_NETCASH_OTHER_YOY,source_derived:78b9b4c97351d3ca,source,percent_point,decimal,0.01,True,False,passthrough,Raw wide field preserved as traceable long-form item,
31635b34-d1ee-46d4-9c0f-32ae3f30d567,stock_cash_flow_sheet_by_report_em,OPERATE_NETCASH_BALANCE_YOY,source_derived:241d5c7f392aab7c,source,percent_point,decimal,0.01,True,False,passthrough,Raw wide field preserved as traceable long-form item,
31635b34-d1ee-46d4-9c0f-32ae3f30d567,stock_cash_flow_sheet_by_report_em,NETCASH_OPERATE_YOY,source_derived:d620fc693c8e36e3,source,percent_point,decimal,0.01,True,False,passthrough,Raw wide field preserved as traceable long-form item,
31635b34-d1ee-46d4-9c0f-32ae3f30d567,stock_cash_flow_sheet_by_report_em,WITHDRAW_INVEST_YOY,source_derived:c7754fa1ee76e276,source,percent_point,decimal,0.01,True,False,passthrough,Raw wide field preserved as traceable long-form item,
31635b34-d1ee-46d4-9c0f-32ae3f30d567,stock_cash_flow_sheet_by_report_em,RECEIVE_INVEST_INCOME_YOY,source_derived:a1604bf170fcd491,source,percent_point,decimal,0.01,True,False,passthrough,Raw wide field preserved as traceable long-form item,
31635b34-d1ee-46d4-9c0f-32ae3f30d567,stock_cash_flow_sheet_by_report_em,DISPOSAL_LONG_ASSET_YOY,source_derived:42e5ed81d82fb0fa,source,percent_point,decimal,0.01,True,False,passthrough,Raw wide field preserved as traceable long-form item,
31635b34-d1ee-46d4-9c0f-32ae3f30d567,stock_cash_flow_sheet_by_report_em,DISPOSAL_SUBSIDIARY_OTHER_YOY,source_derived:5b1e9d5413debcf4,source,percent_point,decimal,0.01,True,False,passthrough,Raw wide field preserved as traceable long-form item,
31635b34-d1ee-46d4-9c0f-32ae3f30d567,stock_cash_flow_sheet_by_report_em,REDUCE_PLEDGE_TIMEDEPOSITS_YOY,source_derived:8dd09b5cf63c03ca,source,percent_point,decimal,0.01,True,False,passthrough,Raw wide field preserved as traceable long-form item,
31635b34-d1ee-46d4-9c0f-32ae3f30d567,stock_cash_flow_sheet_by_report_em,RECEIVE_OTHER_INVEST_YOY,source_derived:d88fee41e430388a,source,percent_point,decimal,0.01,True,False,passthrough,Raw wide field preserved as traceable long-form item,
31635b34-d1ee-46d4-9c0f-32ae3f30d567,stock_cash_flow_sheet_by_report_em,INVEST_INFLOW_OTHER_YOY,source_derived:dafd144899db426e,source,percent_point,decimal,0.01,True,False,passthrough,Raw wide field preserved as traceable long-form item,
31635b34-d1ee-46d4-9c0f-32ae3f30d567,stock_cash_flow_sheet_by_report_em,INVEST_INFLOW_BALANCE_YOY,source_derived:804a605b4fc15ef2,source,percent_point,decimal,0.01,True,False,passthrough,Raw wide field preserved as traceable long-form item,
31635b34-d1ee-46d4-9c0f-32ae3f30d567,stock_cash_flow_sheet_by_report_em,TOTAL_INVEST_INFLOW_YOY,source_derived:105da4d7ba505906,source,percent_point,decimal,0.01,True,False,passthrough,Raw wide field preserved as traceable long-form item,
31635b34-d1ee-46d4-9c0f-32ae3f30d567,stock_cash_flow_sheet_by_report_em,CONSTRUCT_LONG_ASSET_YOY,source_derived:786c297632e86581,source,percent_point,decimal,0.01,True,False,passthrough,Raw wide field preserved as traceable long-form item,
31635b34-d1ee-46d4-9c0f-32ae3f30d567,stock_cash_flow_sheet_by_report_em,INVEST_PAY_CASH_YOY,source_derived:13ab8ec282e02305,source,percent_point,decimal,0.01,True,False,passthrough,Raw wide field preserved as traceable long-form item,
31635b34-d1ee-46d4-9c0f-32ae3f30d567,stock_cash_flow_sheet_by_report_em,PLEDGE_LOAN_ADD_YOY,source_derived:2da6a4145d92e828,source,percent_point,decimal,0.01,True,False,passthrough,Raw wide field preserved as traceable long-form item,
31635b34-d1ee-46d4-9c0f-32ae3f30d567,stock_cash_flow_sheet_by_report_em,OBTAIN_SUBSIDIARY_OTHER_YOY,source_derived:942eeb5c7a0e4ca0,source,percent_point,decimal,0.01,True,False,passthrough,Raw wide field preserved as traceable long-form item,
31635b34-d1ee-46d4-9c0f-32ae3f30d567,stock_cash_flow_sheet_by_report_em,ADD_PLEDGE_TIMEDEPOSITS_YOY,source_derived:baa21533b36cb260,source,percent_point,decimal,0.01,True,False,passthrough,Raw wide field preserved as traceable long-form item,
31635b34-d1ee-46d4-9c0f-32ae3f30d567,stock_cash_flow_sheet_by_report_em,PAY_OTHER_INVEST_YOY,source_derived:db2d0e905af8c34f,source,percent_point,decimal,0.01,True,False,passthrough,Raw wide field preserved as traceable long-form item,
31635b34-d1ee-46d4-9c0f-32ae3f30d567,stock_cash_flow_sheet_by_report_em,INVEST_OUTFLOW_OTHER_YOY,source_derived:b9a4c62d8a81788e,source,percent_point,decimal,0.01,True,False,passthrough,Raw wide field preserved as traceable long-form item,
31635b34-d1ee-46d4-9c0f-32ae3f30d567,stock_cash_flow_sheet_by_report_em,INVEST_OUTFLOW_BALANCE_YOY,source_derived:b0c7b1f9f95cd035,source,percent_point,decimal,0.01,True,False,passthrough,Raw wide field preserved as traceable long-form item,
31635b34-d1ee-46d4-9c0f-32ae3f30d567,stock_cash_flow_sheet_by_report_em,TOTAL_INVEST_OUTFLOW_YOY,source_derived:0588b30ddbc58b07,source,percent_point,decimal,0.01,True,False,passthrough,Raw wide field preserved as traceable long-form item,
31635b34-d1ee-46d4-9c0f-32ae3f30d567,stock_cash_flow_sheet_by_report_em,INVEST_NETCASH_OTHER_YOY,source_derived:28c86f81007584eb,source,percent_point,decimal,0.01,True,False,passthrough,Raw wide field preserved as traceable long-form item,
31635b34-d1ee-46d4-9c0f-32ae3f30d567,stock_cash_flow_sheet_by_report_em,INVEST_NETCASH_BALANCE_YOY,source_derived:038dc996836ed068,source,percent_point,decimal,0.01,True,False,passthrough,Raw wide field preserved as traceable long-form item,
31635b34-d1ee-46d4-9c0f-32ae3f30d567,stock_cash_flow_sheet_by_report_em,NETCASH_INVEST_YOY,source_derived:b3e2a0e6cd19e303,source,percent_point,decimal,0.01,True,False,passthrough,Raw wide field preserved as traceable long-form item,
31635b34-d1ee-46d4-9c0f-32ae3f30d567,stock_cash_flow_sheet_by_report_em,ACCEPT_INVEST_CASH_YOY,source_derived:a3e68c67ee5f31ea,source,percent_point,decimal,0.01,True,False,passthrough,Raw wide field preserved as traceable long-form item,
31635b34-d1ee-46d4-9c0f-32ae3f30d567,stock_cash_flow_sheet_by_report_em,SUBSIDIARY_ACCEPT_INVEST_YOY,source_derived:7a0541d3b0d3eb87,source,percent_point,decimal,0.01,True,False,passthrough,Raw wide field preserved as traceable long-form item,
31635b34-d1ee-46d4-9c0f-32ae3f30d567,stock_cash_flow_sheet_by_report_em,RECEIVE_LOAN_CASH_YOY,source_derived:83a15b52d61bb6db,source,percent_point,decimal,0.01,True,False,passthrough,Raw wide field preserved as traceable long-form item,
31635b34-d1ee-46d4-9c0f-32ae3f30d567,stock_cash_flow_sheet_by_report_em,ISSUE_BOND_YOY,source_derived:0d7faf1a782540ba,source,percent_point,decimal,0.01,True,False,passthrough,Raw wide field preserved as traceable long-form item,
31635b34-d1ee-46d4-9c0f-32ae3f30d567,stock_cash_flow_sheet_by_report_em,RECEIVE_OTHER_FINANCE_YOY,source_derived:542134f40f3f9f93,source,percent_point,decimal,0.01,True,False,passthrough,Raw wide field preserved as traceable long-form item,
31635b34-d1ee-46d4-9c0f-32ae3f30d567,stock_cash_flow_sheet_by_report_em,FINANCE_INFLOW_OTHER_YOY,source_derived:84e9a77f43f885c3,source,percent_point,decimal,0.01,True,False,passthrough,Raw wide field preserved as traceable long-form item,
31635b34-d1ee-46d4-9c0f-32ae3f30d567,stock_cash_flow_sheet_by_report_em,FINANCE_INFLOW_BALANCE_YOY,source_derived:6468d4e47fd7d4ed,source,percent_point,decimal,0.01,True,False,passthrough,Raw wide field preserved as traceable long-form item,
31635b34-d1ee-46d4-9c0f-32ae3f30d567,stock_cash_flow_sheet_by_report_em,TOTAL_FINANCE_INFLOW_YOY,source_derived:c06f9e53d7fd3ad6,source,percent_point,decimal,0.01,True,False,passthrough,Raw wide field preserved as traceable long-form item,
31635b34-d1ee-46d4-9c0f-32ae3f30d567,stock_cash_flow_sheet_by_report_em,PAY_DEBT_CASH_YOY,source_derived:52336225827c5f61,source,percent_point,decimal,0.01,True,False,passthrough,Raw wide field preserved as traceable long-form item,
31635b34-d1ee-46d4-9c0f-32ae3f30d567,stock_cash_flow_sheet_by_report_em,ASSIGN_DIVIDEND_PORFIT_YOY,source_derived:9adec78e56da50c9,source,percent_point,decimal,0.01,True,False,passthrough,Raw wide field preserved as traceable long-form item,
31635b34-d1ee-46d4-9c0f-32ae3f30d567,stock_cash_flow_sheet_by_report_em,SUBSIDIARY_PAY_DIVIDEND_YOY,source_derived:ddae2a0f2af06665,source,percent_point,decimal,0.01,True,False,passthrough,Raw wide field preserved as traceable long-form item,
31635b34-d1ee-46d4-9c0f-32ae3f30d567,stock_cash_flow_sheet_by_report_em,BUY_SUBSIDIARY_EQUITY_YOY,source_derived:d24754729b582526,source,percent_point,decimal,0.01,True,False,passthrough,Raw wide field preserved as traceable long-form item,
31635b34-d1ee-46d4-9c0f-32ae3f30d567,stock_cash_flow_sheet_by_report_em,PAY_OTHER_FINANCE_YOY,source_derived:ae5f22f5ffb32a31,source,percent_point,decimal,0.01,True,False,passthrough,Raw wide field preserved as traceable long-form item,
31635b34-d1ee-46d4-9c0f-32ae3f30d567,stock_cash_flow_sheet_by_report_em,SUBSIDIARY_REDUCE_CASH_YOY,source_derived:c6817b463208ab4c,source,percent_point,decimal,0.01,True,False,passthrough,Raw wide field preserved as traceable long-form item,
31635b34-d1ee-46d4-9c0f-32ae3f30d567,stock_cash_flow_sheet_by_report_em,FINANCE_OUTFLOW_OTHER_YOY,source_derived:e3ac1e2de07e0f0c,source,percent_point,decimal,0.01,True,False,passthrough,Raw wide field preserved as traceable long-form item,
31635b34-d1ee-46d4-9c0f-32ae3f30d567,stock_cash_flow_sheet_by_report_em,FINANCE_OUTFLOW_BALANCE_YOY,source_derived:e34bb06296f41bb7,source,percent_point,decimal,0.01,True,False,passthrough,Raw wide field preserved as traceable long-form item,
31635b34-d1ee-46d4-9c0f-32ae3f30d567,stock_cash_flow_sheet_by_report_em,TOTAL_FINANCE_OUTFLOW_YOY,source_derived:80ac815f0239ec25,source,percent_point,decimal,0.01,True,False,passthrough,Raw wide field preserved as traceable long-form item,
31635b34-d1ee-46d4-9c0f-32ae3f30d567,stock_cash_flow_sheet_by_report_em,FINANCE_NETCASH_OTHER_YOY,source_derived:07448ddf1d8bf7ee,source,percent_point,decimal,0.01,True,False,passthrough,Raw wide field preserved as traceable long-form item,
31635b34-d1ee-46d4-9c0f-32ae3f30d567,stock_cash_flow_sheet_by_report_em,FINANCE_NETCASH_BALANCE_YOY,source_derived:ad8634ef106a134d,source,percent_point,decimal,0.01,True,False,passthrough,Raw wide field preserved as traceable long-form item,
31635b34-d1ee-46d4-9c0f-32ae3f30d567,stock_cash_flow_sheet_by_report_em,NETCASH_FINANCE_YOY,source_derived:a6d15e5e96ce950f,source,percent_point,decimal,0.01,True,False,passthrough,Raw wide field preserved as traceable long-form item,
31635b34-d1ee-46d4-9c0f-32ae3f30d567,stock_cash_flow_sheet_by_report_em,RATE_CHANGE_EFFECT_YOY,source_derived:5c43cb3fa040ee63,source,percent_point,decimal,0.01,True,False,passthrough,Raw wide field preserved as traceable long-form item,
31635b34-d1ee-46d4-9c0f-32ae3f30d567,stock_cash_flow_sheet_by_report_em,CCE_ADD_OTHER_YOY,source_derived:c43f2be416937b50,source,percent_point,decimal,0.01,True,False,passthrough,Raw wide field preserved as traceable long-form item,
31635b34-d1ee-46d4-9c0f-32ae3f30d567,stock_cash_flow_sheet_by_report_em,CCE_ADD_BALANCE_YOY,source_derived:750f62e4d27591c7,source,percent_point,decimal,0.01,True,False,passthrough,Raw wide field preserved as traceable long-form item,
31635b34-d1ee-46d4-9c0f-32ae3f30d567,stock_cash_flow_sheet_by_report_em,CCE_ADD_YOY,source_derived:db710cb4e2337fc6,source,percent_point,decimal,0.01,True,False,passthrough,Raw wide field preserved as traceable long-form item,
31635b34-d1ee-46d4-9c0f-32ae3f30d567,stock_cash_flow_sheet_by_report_em,BEGIN_CCE_YOY,source_derived:6bedbddf4ff91dba,source,percent_point,decimal,0.01,True,False,passthrough,Raw wide field preserved as traceable long-form item,
31635b34-d1ee-46d4-9c0f-32ae3f30d567,stock_cash_flow_sheet_by_report_em,END_CCE_OTHER_YOY,source_derived:89c114cecdbbe75d,source,percent_point,decimal,0.01,True,False,passthrough,Raw wide field preserved as traceable long-form item,
31635b34-d1ee-46d4-9c0f-32ae3f30d567,stock_cash_flow_sheet_by_report_em,END_CCE_BALANCE_YOY,source_derived:079a626b7a88b05c,source,percent_point,decimal,0.01,True,False,passthrough,Raw wide field preserved as traceable long-form item,
31635b34-d1ee-46d4-9c0f-32ae3f30d567,stock_cash_flow_sheet_by_report_em,END_CCE_YOY,source_derived:2feabf8afcc5a270,source,percent_point,decimal,0.01,True,False,passthrough,Raw wide field preserved as traceable long-form item,
31635b34-d1ee-46d4-9c0f-32ae3f30d567,stock_cash_flow_sheet_by_report_em,NETPROFIT_YOY,source_derived:7bee233f453666ee,source,percent_point,decimal,0.01,True,False,passthrough,Raw wide field preserved as traceable long-form item,
31635b34-d1ee-46d4-9c0f-32ae3f30d567,stock_cash_flow_sheet_by_report_em,ASSET_IMPAIRMENT_YOY,source_derived:3589dbbe332fac63,source,percent_point,decimal,0.01,True,False,passthrough,Raw wide field preserved as traceable long-form item,
31635b34-d1ee-46d4-9c0f-32ae3f30d567,stock_cash_flow_sheet_by_report_em,FA_IR_DEPR_YOY,source_derived:af2daa7d5d0e091b,source,percent_point,decimal,0.01,True,False,passthrough,Raw wide field preserved as traceable long-form item,
31635b34-d1ee-46d4-9c0f-32ae3f30d567,stock_cash_flow_sheet_by_report_em,OILGAS_BIOLOGY_DEPR_YOY,source_derived:8a0f436d7fe97274,source,percent_point,decimal,0.01,True,False,passthrough,Raw wide field preserved as traceable long-form item,
31635b34-d1ee-46d4-9c0f-32ae3f30d567,stock_cash_flow_sheet_by_report_em,IR_DEPR_YOY,source_derived:e7272441f2f631c7,source,percent_point,decimal,0.01,True,False,passthrough,Raw wide field preserved as traceable long-form item,
31635b34-d1ee-46d4-9c0f-32ae3f30d567,stock_cash_flow_sheet_by_report_em,IA_AMORTIZE_YOY,source_derived:5bf443294827ad3c,source,percent_point,decimal,0.01,True,False,passthrough,Raw wide field preserved as traceable long-form item,
31635b34-d1ee-46d4-9c0f-32ae3f30d567,stock_cash_flow_sheet_by_report_em,LPE_AMORTIZE_YOY,source_derived:54871cdb41d20f7a,source,percent_point,decimal,0.01,True,False,passthrough,Raw wide field preserved as traceable long-form item,
31635b34-d1ee-46d4-9c0f-32ae3f30d567,stock_cash_flow_sheet_by_report_em,DEFER_INCOME_AMORTIZE_YOY,source_derived:f489a9f3031d64ad,source,percent_point,decimal,0.01,True,False,passthrough,Raw wide field preserved as traceable long-form item,
31635b34-d1ee-46d4-9c0f-32ae3f30d567,stock_cash_flow_sheet_by_report_em,PREPAID_EXPENSE_REDUCE_YOY,source_derived:c516751a548d58ed,source,percent_point,decimal,0.01,True,False,passthrough,Raw wide field preserved as traceable long-form item,
31635b34-d1ee-46d4-9c0f-32ae3f30d567,stock_cash_flow_sheet_by_report_em,ACCRUED_EXPENSE_ADD_YOY,source_derived:ea21942813021288,source,percent_point,decimal,0.01,True,False,passthrough,Raw wide field preserved as traceable long-form item,
31635b34-d1ee-46d4-9c0f-32ae3f30d567,stock_cash_flow_sheet_by_report_em,DISPOSAL_LONGASSET_LOSS_YOY,source_derived:40b5b665415531a9,source,percent_point,decimal,0.01,True,False,passthrough,Raw wide field preserved as traceable long-form item,
31635b34-d1ee-46d4-9c0f-32ae3f30d567,stock_cash_flow_sheet_by_report_em,FA_SCRAP_LOSS_YOY,source_derived:84a4404d78f04455,source,percent_point,decimal,0.01,True,False,passthrough,Raw wide field preserved as traceable long-form item,
31635b34-d1ee-46d4-9c0f-32ae3f30d567,stock_cash_flow_sheet_by_report_em,FAIRVALUE_CHANGE_LOSS_YOY,source_derived:9b2128092955477d,source,percent_point,decimal,0.01,True,False,passthrough,Raw wide field preserved as traceable long-form item,
31635b34-d1ee-46d4-9c0f-32ae3f30d567,stock_cash_flow_sheet_by_report_em,FINANCE_EXPENSE_YOY,source_derived:54f2d42834b26aa4,source,percent_point,decimal,0.01,True,False,passthrough,Raw wide field preserved as traceable long-form item,
31635b34-d1ee-46d4-9c0f-32ae3f30d567,stock_cash_flow_sheet_by_report_em,INVEST_LOSS_YOY,source_derived:bc3bb2738528ab52,source,percent_point,decimal,0.01,True,False,passthrough,Raw wide field preserved as traceable long-form item,
31635b34-d1ee-46d4-9c0f-32ae3f30d567,stock_cash_flow_sheet_by_report_em,DEFER_TAX_YOY,source_derived:60ed22d75d833cf6,source,percent_point,decimal,0.01,True,False,passthrough,Raw wide field preserved as traceable long-form item,
31635b34-d1ee-46d4-9c0f-32ae3f30d567,stock_cash_flow_sheet_by_report_em,DT_ASSET_REDUCE_YOY,source_derived:9719d72ec354b1a6,source,percent_point,decimal,0.01,True,False,passthrough,Raw wide field preserved as traceable long-form item,
31635b34-d1ee-46d4-9c0f-32ae3f30d567,stock_cash_flow_sheet_by_report_em,DT_LIAB_ADD_YOY,source_derived:54b41a141f037ce5,source,percent_point,decimal,0.01,True,False,passthrough,Raw wide field preserved as traceable long-form item,
31635b34-d1ee-46d4-9c0f-32ae3f30d567,stock_cash_flow_sheet_by_report_em,PREDICT_LIAB_ADD_YOY,source_derived:52a67f63e5fb6a9d,source,percent_point,decimal,0.01,True,False,passthrough,Raw wide field preserved as traceable long-form item,
31635b34-d1ee-46d4-9c0f-32ae3f30d567,stock_cash_flow_sheet_by_report_em,INVENTORY_REDUCE_YOY,source_derived:ca310de26935b2a4,source,percent_point,decimal,0.01,True,False,passthrough,Raw wide field preserved as traceable long-form item,
31635b34-d1ee-46d4-9c0f-32ae3f30d567,stock_cash_flow_sheet_by_report_em,OPERATE_RECE_REDUCE_YOY,source_derived:1d38552d6198b002,source,percent_point,decimal,0.01,True,False,passthrough,Raw wide field preserved as traceable long-form item,
31635b34-d1ee-46d4-9c0f-32ae3f30d567,stock_cash_flow_sheet_by_report_em,OPERATE_PAYABLE_ADD_YOY,source_derived:59c7277303411bf3,source,percent_point,decimal,0.01,True,False,passthrough,Raw wide field preserved as traceable long-form item,
31635b34-d1ee-46d4-9c0f-32ae3f30d567,stock_cash_flow_sheet_by_report_em,OTHER_YOY,source_derived:9f28485d12be2871,source,percent_point,decimal,0.01,True,False,passthrough,Raw wide field preserved as traceable long-form item,
31635b34-d1ee-46d4-9c0f-32ae3f30d567,stock_cash_flow_sheet_by_report_em,OPERATE_NETCASH_OTHERNOTE_YOY,source_derived:10f23a3f4b8574ac,source,percent_point,decimal,0.01,True,False,passthrough,Raw wide field preserved as traceable long-form item,
31635b34-d1ee-46d4-9c0f-32ae3f30d567,stock_cash_flow_sheet_by_report_em,OPERATE_NETCASH_BALANCENOTE_YOY,source_derived:0c79abe67c6eecbf,source,percent_point,decimal,0.01,True,False,passthrough,Raw wide field preserved as traceable long-form item,
31635b34-d1ee-46d4-9c0f-32ae3f30d567,stock_cash_flow_sheet_by_report_em,NETCASH_OPERATENOTE_YOY,source_derived:e37ba17698350de4,source,percent_point,decimal,0.01,True,False,passthrough,Raw wide field preserved as traceable long-form item,
31635b34-d1ee-46d4-9c0f-32ae3f30d567,stock_cash_flow_sheet_by_report_em,DEBT_TRANSFER_CAPITAL_YOY,source_derived:ee8f8ea7dc35e134,source,percent_point,decimal,0.01,True,False,passthrough,Raw wide field preserved as traceable long-form item,
31635b34-d1ee-46d4-9c0f-32ae3f30d567,stock_cash_flow_sheet_by_report_em,CONVERT_BOND_1YEAR_YOY,source_derived:8be444bf0a80c711,source,percent_point,decimal,0.01,True,False,passthrough,Raw wide field preserved as traceable long-form item,
31635b34-d1ee-46d4-9c0f-32ae3f30d567,stock_cash_flow_sheet_by_report_em,FINLEASE_OBTAIN_FA_YOY,source_derived:8da3abc01cfd72c0,source,percent_point,decimal,0.01,True,False,passthrough,Raw wide field preserved as traceable long-form item,
31635b34-d1ee-46d4-9c0f-32ae3f30d567,stock_cash_flow_sheet_by_report_em,UNINVOLVE_INVESTFIN_OTHER_YOY,source_derived:face94cd042897d7,source,percent_point,decimal,0.01,True,False,passthrough,Raw wide field preserved as traceable long-form item,
31635b34-d1ee-46d4-9c0f-32ae3f30d567,stock_cash_flow_sheet_by_report_em,END_CASH_YOY,source_derived:5a9d17d490d3241f,source,percent_point,decimal,0.01,True,False,passthrough,Raw wide field preserved as traceable long-form item,
31635b34-d1ee-46d4-9c0f-32ae3f30d567,stock_cash_flow_sheet_by_report_em,BEGIN_CASH_YOY,source_derived:1f94b450d2e53db6,source,percent_point,decimal,0.01,True,False,passthrough,Raw wide field preserved as traceable long-form item,
31635b34-d1ee-46d4-9c0f-32ae3f30d567,stock_cash_flow_sheet_by_report_em,END_CASH_EQUIVALENTS_YOY,source_derived:6f382f7236a42847,source,percent_point,decimal,0.01,True,False,passthrough,Raw wide field preserved as traceable long-form item,
31635b34-d1ee-46d4-9c0f-32ae3f30d567,stock_cash_flow_sheet_by_report_em,BEGIN_CASH_EQUIVALENTS_YOY,source_derived:cc4b3ebde8c3290a,source,percent_point,decimal,0.01,True,False,passthrough,Raw wide field preserved as traceable long-form item,
31635b34-d1ee-46d4-9c0f-32ae3f30d567,stock_cash_flow_sheet_by_report_em,CCE_ADD_OTHERNOTE_YOY,source_derived:0837fee28cc7b161,source,percent_point,decimal,0.01,True,False,passthrough,Raw wide field preserved as traceable long-form item,
31635b34-d1ee-46d4-9c0f-32ae3f30d567,stock_cash_flow_sheet_by_report_em,CCE_ADD_BALANCENOTE_YOY,source_derived:36e2387510b9f48e,source,percent_point,decimal,0.01,True,False,passthrough,Raw wide field preserved as traceable long-form item,
31635b34-d1ee-46d4-9c0f-32ae3f30d567,stock_cash_flow_sheet_by_report_em,CCE_ADDNOTE_YOY,source_derived:ed42842dcd27029c,source,percent_point,decimal,0.01,True,False,passthrough,Raw wide field preserved as traceable long-form item,
31635b34-d1ee-46d4-9c0f-32ae3f30d567,stock_cash_flow_sheet_by_report_em,OPINION_TYPE,source_derived:8284e770b12c26af,source,CNY_yuan,CNY_yuan,1.0,True,False,passthrough,Raw wide field preserved as traceable long-form item,
31635b34-d1ee-46d4-9c0f-32ae3f30d567,stock_cash_flow_sheet_by_report_em,OSOPINION_TYPE,source_derived:1e68567941eae6cc,source,CNY_yuan,CNY_yuan,1.0,True,False,passthrough,Raw wide field preserved as traceable long-form item,
31635b34-d1ee-46d4-9c0f-32ae3f30d567,stock_cash_flow_sheet_by_report_em,MINORITY_INTEREST,source_derived:ca442e3c4a390c58,source,CNY_yuan,CNY_yuan,1.0,True,False,passthrough,Raw wide field preserved as traceable long-form item,
31635b34-d1ee-46d4-9c0f-32ae3f30d567,stock_cash_flow_sheet_by_report_em,MINORITY_INTEREST_YOY,source_derived:288dcdc35e3481d0,source,percent_point,decimal,0.01,True,False,passthrough,Raw wide field preserved as traceable long-form item,
31635b34-d1ee-46d4-9c0f-32ae3f30d567,stock_cash_flow_sheet_by_report_em,USERIGHT_ASSET_AMORTIZE,source_derived:81c396909b37e2ed,source,CNY_yuan,CNY_yuan,1.0,True,False,passthrough,Raw wide field preserved as traceable long-form item,
31635b34-d1ee-46d4-9c0f-32ae3f30d567,stock_cash_flow_sheet_by_report_em,USERIGHT_ASSET_AMORTIZE_YOY,source_derived:6d93c9a51fba25ba,source,percent_point,decimal,0.01,True,False,passthrough,Raw wide field preserved as traceable long-form item,
31635b34-d1ee-46d4-9c0f-32ae3f30d567,stock_financial_abstract,选项,metric_category_source,source,,,1.0,True,False,mapped,Financial metadata field mapping,
31635b34-d1ee-46d4-9c0f-32ae3f30d567,stock_financial_abstract,指标,metric_name_source,source,,,1.0,True,False,mapped,Financial metadata field mapping,
31635b34-d1ee-46d4-9c0f-32ae3f30d567,stock_financial_abstract,20260331,source_derived:2d3ecd804da5d868,source,unknown,unknown,1.0,True,False,passthrough,Raw wide field preserved as traceable long-form item,
31635b34-d1ee-46d4-9c0f-32ae3f30d567,stock_financial_abstract,20251231,source_derived:1f0992505a60f0ec,source,unknown,unknown,1.0,True,False,passthrough,Raw wide field preserved as traceable long-form item,
31635b34-d1ee-46d4-9c0f-32ae3f30d567,stock_financial_abstract,20250930,source_derived:d0fa9b1ee5c4a8c6,source,unknown,unknown,1.0,True,False,passthrough,Raw wide field preserved as traceable long-form item,
31635b34-d1ee-46d4-9c0f-32ae3f30d567,stock_financial_abstract,20250630,source_derived:addc6e162dace263,source,unknown,unknown,1.0,True,False,passthrough,Raw wide field preserved as traceable long-form item,
31635b34-d1ee-46d4-9c0f-32ae3f30d567,stock_financial_abstract,20250331,source_derived:b2cfdce22c3e2108,source,unknown,unknown,1.0,True,False,passthrough,Raw wide field preserved as traceable long-form item,
31635b34-d1ee-46d4-9c0f-32ae3f30d567,stock_financial_abstract,20241231,source_derived:5b5cbcf563a137d5,source,unknown,unknown,1.0,True,False,passthrough,Raw wide field preserved as traceable long-form item,
31635b34-d1ee-46d4-9c0f-32ae3f30d567,stock_financial_abstract,20240930,source_derived:e2a90997f9bdab74,source,unknown,unknown,1.0,True,False,passthrough,Raw wide field preserved as traceable long-form item,
31635b34-d1ee-46d4-9c0f-32ae3f30d567,stock_financial_abstract,20240630,source_derived:dbc636fc10ec1c52,source,unknown,unknown,1.0,True,False,passthrough,Raw wide field preserved as traceable long-form item,
31635b34-d1ee-46d4-9c0f-32ae3f30d567,stock_financial_abstract,20240331,source_derived:65c5308131a2b4c7,source,unknown,unknown,1.0,True,False,passthrough,Raw wide field preserved as traceable long-form item,
31635b34-d1ee-46d4-9c0f-32ae3f30d567,stock_financial_abstract,20231231,source_derived:80847a7b598d1277,source,unknown,unknown,1.0,True,False,passthrough,Raw wide field preserved as traceable long-form item,
31635b34-d1ee-46d4-9c0f-32ae3f30d567,stock_financial_abstract,20230930,source_derived:ddc29c36f5a5deeb,source,unknown,unknown,1.0,True,False,passthrough,Raw wide field preserved as traceable long-form item,
31635b34-d1ee-46d4-9c0f-32ae3f30d567,stock_financial_abstract,20230630,source_derived:2d63250b984b383e,source,unknown,unknown,1.0,True,False,passthrough,Raw wide field preserved as traceable long-form item,
31635b34-d1ee-46d4-9c0f-32ae3f30d567,stock_financial_abstract,20230331,source_derived:1984aa4f2ef6532e,source,unknown,unknown,1.0,True,False,passthrough,Raw wide field preserved as traceable long-form item,
31635b34-d1ee-46d4-9c0f-32ae3f30d567,stock_financial_abstract,20221231,source_derived:638784ea1cfa24c8,source,unknown,unknown,1.0,True,False,passthrough,Raw wide field preserved as traceable long-form item,
31635b34-d1ee-46d4-9c0f-32ae3f30d567,stock_financial_abstract,20220930,source_derived:006a7351e2b8596f,source,unknown,unknown,1.0,True,False,passthrough,Raw wide field preserved as traceable long-form item,
31635b34-d1ee-46d4-9c0f-32ae3f30d567,stock_financial_abstract,20220630,source_derived:aeb1b014b066df4d,source,unknown,unknown,1.0,True,False,passthrough,Raw wide field preserved as traceable long-form item,
31635b34-d1ee-46d4-9c0f-32ae3f30d567,stock_financial_abstract,20220331,source_derived:85986f573f3e9888,source,unknown,unknown,1.0,True,False,passthrough,Raw wide field preserved as traceable long-form item,
31635b34-d1ee-46d4-9c0f-32ae3f30d567,stock_financial_abstract,20211231,source_derived:6607893d6aa4d821,source,unknown,unknown,1.0,True,False,passthrough,Raw wide field preserved as traceable long-form item,
31635b34-d1ee-46d4-9c0f-32ae3f30d567,stock_financial_abstract,20210930,source_derived:f37bd709b3168a84,source,unknown,unknown,1.0,True,False,passthrough,Raw wide field preserved as traceable long-form item,
31635b34-d1ee-46d4-9c0f-32ae3f30d567,stock_financial_abstract,20210630,source_derived:d700667a5209c623,source,unknown,unknown,1.0,True,False,passthrough,Raw wide field preserved as traceable long-form item,
31635b34-d1ee-46d4-9c0f-32ae3f30d567,stock_financial_abstract,20210331,source_derived:1d10e6a0b1b2681d,source,unknown,unknown,1.0,True,False,passthrough,Raw wide field preserved as traceable long-form item,
31635b34-d1ee-46d4-9c0f-32ae3f30d567,stock_financial_abstract,20201231,source_derived:ee80caaefc4aa92e,source,unknown,unknown,1.0,True,False,passthrough,Raw wide field preserved as traceable long-form item,
31635b34-d1ee-46d4-9c0f-32ae3f30d567,stock_financial_abstract,20200930,source_derived:388e5a8f4b82481e,source,unknown,unknown,1.0,True,False,passthrough,Raw wide field preserved as traceable long-form item,
31635b34-d1ee-46d4-9c0f-32ae3f30d567,stock_financial_abstract,20200630,source_derived:a8d77506185444b4,source,unknown,unknown,1.0,True,False,passthrough,Raw wide field preserved as traceable long-form item,
31635b34-d1ee-46d4-9c0f-32ae3f30d567,stock_financial_abstract,20200331,source_derived:c448132032db9819,source,unknown,unknown,1.0,True,False,passthrough,Raw wide field preserved as traceable long-form item,
31635b34-d1ee-46d4-9c0f-32ae3f30d567,stock_financial_abstract,20191231,source_derived:cf3e69315898d7cf,source,unknown,unknown,1.0,True,False,passthrough,Raw wide field preserved as traceable long-form item,
31635b34-d1ee-46d4-9c0f-32ae3f30d567,stock_financial_abstract,20190930,source_derived:c29236a41e0fa668,source,unknown,unknown,1.0,True,False,passthrough,Raw wide field preserved as traceable long-form item,
31635b34-d1ee-46d4-9c0f-32ae3f30d567,stock_financial_abstract,20190630,source_derived:77d14a7d251e25be,source,unknown,unknown,1.0,True,False,passthrough,Raw wide field preserved as traceable long-form item,
31635b34-d1ee-46d4-9c0f-32ae3f30d567,stock_financial_abstract,20190331,source_derived:e8722d8e691d71f5,source,unknown,unknown,1.0,True,False,passthrough,Raw wide field preserved as traceable long-form item,
31635b34-d1ee-46d4-9c0f-32ae3f30d567,stock_financial_abstract,20181231,source_derived:f580815d2d34fad7,source,unknown,unknown,1.0,True,False,passthrough,Raw wide field preserved as traceable long-form item,
31635b34-d1ee-46d4-9c0f-32ae3f30d567,stock_financial_abstract,20180930,source_derived:71bf956312309d80,source,unknown,unknown,1.0,True,False,passthrough,Raw wide field preserved as traceable long-form item,
31635b34-d1ee-46d4-9c0f-32ae3f30d567,stock_financial_abstract,20180630,source_derived:7a046b79355dd6b6,source,unknown,unknown,1.0,True,False,passthrough,Raw wide field preserved as traceable long-form item,
31635b34-d1ee-46d4-9c0f-32ae3f30d567,stock_financial_abstract,20180331,source_derived:dd40c9c51ae9f56c,source,unknown,unknown,1.0,True,False,passthrough,Raw wide field preserved as traceable long-form item,
31635b34-d1ee-46d4-9c0f-32ae3f30d567,stock_financial_abstract,20171231,source_derived:59f482fd3b905616,source,unknown,unknown,1.0,True,False,passthrough,Raw wide field preserved as traceable long-form item,
31635b34-d1ee-46d4-9c0f-32ae3f30d567,stock_financial_abstract,20170930,source_derived:ffab2b9f52643623,source,unknown,unknown,1.0,True,False,passthrough,Raw wide field preserved as traceable long-form item,
31635b34-d1ee-46d4-9c0f-32ae3f30d567,stock_financial_abstract,20170630,source_derived:e084b74ec2c4a846,source,unknown,unknown,1.0,True,False,passthrough,Raw wide field preserved as traceable long-form item,
31635b34-d1ee-46d4-9c0f-32ae3f30d567,stock_financial_abstract,20170331,source_derived:20836dd11a93262e,source,unknown,unknown,1.0,True,False,passthrough,Raw wide field preserved as traceable long-form item,
31635b34-d1ee-46d4-9c0f-32ae3f30d567,stock_financial_abstract,20161231,source_derived:5e97f76fc1900ec3,source,unknown,unknown,1.0,True,False,passthrough,Raw wide field preserved as traceable long-form item,
31635b34-d1ee-46d4-9c0f-32ae3f30d567,stock_financial_abstract,20160930,source_derived:db99ddeee2fc35a0,source,unknown,unknown,1.0,True,False,passthrough,Raw wide field preserved as traceable long-form item,
31635b34-d1ee-46d4-9c0f-32ae3f30d567,stock_financial_abstract,20160630,source_derived:2616f334149107eb,source,unknown,unknown,1.0,True,False,passthrough,Raw wide field preserved as traceable long-form item,
31635b34-d1ee-46d4-9c0f-32ae3f30d567,stock_financial_abstract,20160331,source_derived:2c9aeffbba4cbfa4,source,unknown,unknown,1.0,True,False,passthrough,Raw wide field preserved as traceable long-form item,
31635b34-d1ee-46d4-9c0f-32ae3f30d567,stock_financial_abstract,20151231,source_derived:3900b11fa203fcf5,source,unknown,unknown,1.0,True,False,passthrough,Raw wide field preserved as traceable long-form item,
31635b34-d1ee-46d4-9c0f-32ae3f30d567,stock_financial_abstract,20150930,source_derived:a4d29ec73c2d55f1,source,unknown,unknown,1.0,True,False,passthrough,Raw wide field preserved as traceable long-form item,
31635b34-d1ee-46d4-9c0f-32ae3f30d567,stock_financial_abstract,20150630,source_derived:5963286159da0f68,source,unknown,unknown,1.0,True,False,passthrough,Raw wide field preserved as traceable long-form item,
31635b34-d1ee-46d4-9c0f-32ae3f30d567,stock_financial_abstract,20150331,source_derived:1b21d6541d0e43c5,source,unknown,unknown,1.0,True,False,passthrough,Raw wide field preserved as traceable long-form item,
31635b34-d1ee-46d4-9c0f-32ae3f30d567,stock_financial_abstract,20141231,source_derived:f8b917d37922852b,source,unknown,unknown,1.0,True,False,passthrough,Raw wide field preserved as traceable long-form item,
31635b34-d1ee-46d4-9c0f-32ae3f30d567,stock_financial_abstract,20140930,source_derived:4f06abbf6db93d19,source,unknown,unknown,1.0,True,False,passthrough,Raw wide field preserved as traceable long-form item,
31635b34-d1ee-46d4-9c0f-32ae3f30d567,stock_financial_abstract,20140630,source_derived:1ff0f5e478e8ed64,source,unknown,unknown,1.0,True,False,passthrough,Raw wide field preserved as traceable long-form item,
31635b34-d1ee-46d4-9c0f-32ae3f30d567,stock_financial_abstract,20140331,source_derived:11599e4e629bf196,source,unknown,unknown,1.0,True,False,passthrough,Raw wide field preserved as traceable long-form item,
31635b34-d1ee-46d4-9c0f-32ae3f30d567,stock_financial_abstract,20131231,source_derived:e4bbafd22f555866,source,unknown,unknown,1.0,True,False,passthrough,Raw wide field preserved as traceable long-form item,
31635b34-d1ee-46d4-9c0f-32ae3f30d567,stock_financial_abstract,20130930,source_derived:ff565c73c2ef3dae,source,unknown,unknown,1.0,True,False,passthrough,Raw wide field preserved as traceable long-form item,
31635b34-d1ee-46d4-9c0f-32ae3f30d567,stock_financial_abstract,20130630,source_derived:73547af91ce90de3,source,unknown,unknown,1.0,True,False,passthrough,Raw wide field preserved as traceable long-form item,
31635b34-d1ee-46d4-9c0f-32ae3f30d567,stock_financial_abstract,20130331,source_derived:f6051fe31f837a31,source,unknown,unknown,1.0,True,False,passthrough,Raw wide field preserved as traceable long-form item,
31635b34-d1ee-46d4-9c0f-32ae3f30d567,stock_financial_abstract,20121231,source_derived:70f6d3883b95922c,source,unknown,unknown,1.0,True,False,passthrough,Raw wide field preserved as traceable long-form item,
31635b34-d1ee-46d4-9c0f-32ae3f30d567,stock_financial_abstract,20120930,source_derived:aeb66b8fa294f0fc,source,unknown,unknown,1.0,True,False,passthrough,Raw wide field preserved as traceable long-form item,
31635b34-d1ee-46d4-9c0f-32ae3f30d567,stock_financial_abstract,20120630,source_derived:bf01989c00e8eeec,source,unknown,unknown,1.0,True,False,passthrough,Raw wide field preserved as traceable long-form item,
31635b34-d1ee-46d4-9c0f-32ae3f30d567,stock_financial_abstract,20120331,source_derived:3b22eab48de0f3a6,source,unknown,unknown,1.0,True,False,passthrough,Raw wide field preserved as traceable long-form item,
31635b34-d1ee-46d4-9c0f-32ae3f30d567,stock_financial_abstract,20111231,source_derived:7fb5b935ce01688b,source,unknown,unknown,1.0,True,False,passthrough,Raw wide field preserved as traceable long-form item,
31635b34-d1ee-46d4-9c0f-32ae3f30d567,stock_financial_abstract,20110930,source_derived:3c8d60aac5956054,source,unknown,unknown,1.0,True,False,passthrough,Raw wide field preserved as traceable long-form item,
31635b34-d1ee-46d4-9c0f-32ae3f30d567,stock_financial_abstract,20110630,source_derived:8cc7fc868379e044,source,unknown,unknown,1.0,True,False,passthrough,Raw wide field preserved as traceable long-form item,
31635b34-d1ee-46d4-9c0f-32ae3f30d567,stock_financial_abstract,20110331,source_derived:c8b65ec3901ebaa4,source,unknown,unknown,1.0,True,False,passthrough,Raw wide field preserved as traceable long-form item,
31635b34-d1ee-46d4-9c0f-32ae3f30d567,stock_financial_abstract,20101231,source_derived:a4795097d0775be1,source,unknown,unknown,1.0,True,False,passthrough,Raw wide field preserved as traceable long-form item,
31635b34-d1ee-46d4-9c0f-32ae3f30d567,stock_financial_abstract,20100930,source_derived:4a5ec12082900f00,source,unknown,unknown,1.0,True,False,passthrough,Raw wide field preserved as traceable long-form item,
31635b34-d1ee-46d4-9c0f-32ae3f30d567,stock_financial_abstract,20100630,source_derived:b4aa1dca3e768e54,source,unknown,unknown,1.0,True,False,passthrough,Raw wide field preserved as traceable long-form item,
31635b34-d1ee-46d4-9c0f-32ae3f30d567,stock_financial_abstract,20100331,source_derived:063d1e3e20e809d1,source,unknown,unknown,1.0,True,False,passthrough,Raw wide field preserved as traceable long-form item,
31635b34-d1ee-46d4-9c0f-32ae3f30d567,stock_financial_abstract,20091231,source_derived:c611c97ba6386b96,source,unknown,unknown,1.0,True,False,passthrough,Raw wide field preserved as traceable long-form item,
31635b34-d1ee-46d4-9c0f-32ae3f30d567,stock_financial_abstract,20090930,source_derived:0745ad22dae119da,source,unknown,unknown,1.0,True,False,passthrough,Raw wide field preserved as traceable long-form item,
31635b34-d1ee-46d4-9c0f-32ae3f30d567,stock_financial_abstract,20090630,source_derived:39be4f96d31a0634,source,unknown,unknown,1.0,True,False,passthrough,Raw wide field preserved as traceable long-form item,
31635b34-d1ee-46d4-9c0f-32ae3f30d567,stock_financial_abstract,20090331,source_derived:3eabe066d79d6728,source,unknown,unknown,1.0,True,False,passthrough,Raw wide field preserved as traceable long-form item,
31635b34-d1ee-46d4-9c0f-32ae3f30d567,stock_financial_abstract,20081231,source_derived:fda87ab6579c09af,source,unknown,unknown,1.0,True,False,passthrough,Raw wide field preserved as traceable long-form item,
31635b34-d1ee-46d4-9c0f-32ae3f30d567,stock_financial_abstract,20080930,source_derived:58b4579d9d29cb67,source,unknown,unknown,1.0,True,False,passthrough,Raw wide field preserved as traceable long-form item,
31635b34-d1ee-46d4-9c0f-32ae3f30d567,stock_financial_abstract,20080630,source_derived:9c89bb9760be3d24,source,unknown,unknown,1.0,True,False,passthrough,Raw wide field preserved as traceable long-form item,
31635b34-d1ee-46d4-9c0f-32ae3f30d567,stock_financial_abstract,20080331,source_derived:97105e5cf263b6a7,source,unknown,unknown,1.0,True,False,passthrough,Raw wide field preserved as traceable long-form item,
31635b34-d1ee-46d4-9c0f-32ae3f30d567,stock_financial_abstract,20071231,source_derived:5c1fac8a3a2bb3c4,source,unknown,unknown,1.0,True,False,passthrough,Raw wide field preserved as traceable long-form item,
31635b34-d1ee-46d4-9c0f-32ae3f30d567,stock_financial_abstract,20070930,source_derived:8d72cc66332ad40d,source,unknown,unknown,1.0,True,False,passthrough,Raw wide field preserved as traceable long-form item,
31635b34-d1ee-46d4-9c0f-32ae3f30d567,stock_financial_abstract,20070630,source_derived:eb9b6c1a363c7ea0,source,unknown,unknown,1.0,True,False,passthrough,Raw wide field preserved as traceable long-form item,
31635b34-d1ee-46d4-9c0f-32ae3f30d567,stock_financial_abstract,20070331,source_derived:1ea0ccf719b6fb21,source,unknown,unknown,1.0,True,False,passthrough,Raw wide field preserved as traceable long-form item,
31635b34-d1ee-46d4-9c0f-32ae3f30d567,stock_financial_abstract,20061231,source_derived:dccae4fe70b3d88f,source,unknown,unknown,1.0,True,False,passthrough,Raw wide field preserved as traceable long-form item,
31635b34-d1ee-46d4-9c0f-32ae3f30d567,stock_financial_abstract,20060930,source_derived:545dbd9eba2caa99,source,unknown,unknown,1.0,True,False,passthrough,Raw wide field preserved as traceable long-form item,
31635b34-d1ee-46d4-9c0f-32ae3f30d567,stock_financial_abstract,20060630,source_derived:567f5119b4913d84,source,unknown,unknown,1.0,True,False,passthrough,Raw wide field preserved as traceable long-form item,
31635b34-d1ee-46d4-9c0f-32ae3f30d567,stock_financial_abstract,20060331,source_derived:0fdff80c4f600006,source,unknown,unknown,1.0,True,False,passthrough,Raw wide field preserved as traceable long-form item,
31635b34-d1ee-46d4-9c0f-32ae3f30d567,stock_financial_abstract,20051231,source_derived:95044aced33c869b,source,unknown,unknown,1.0,True,False,passthrough,Raw wide field preserved as traceable long-form item,
31635b34-d1ee-46d4-9c0f-32ae3f30d567,stock_financial_abstract,20050930,source_derived:97671b872f51f81a,source,unknown,unknown,1.0,True,False,passthrough,Raw wide field preserved as traceable long-form item,
31635b34-d1ee-46d4-9c0f-32ae3f30d567,stock_financial_abstract,20050630,source_derived:64b055ea0e984db3,source,unknown,unknown,1.0,True,False,passthrough,Raw wide field preserved as traceable long-form item,
31635b34-d1ee-46d4-9c0f-32ae3f30d567,stock_financial_abstract,20050331,source_derived:fcacd6ac43062b39,source,unknown,unknown,1.0,True,False,passthrough,Raw wide field preserved as traceable long-form item,
31635b34-d1ee-46d4-9c0f-32ae3f30d567,stock_financial_abstract,20041231,source_derived:3970ff08a6651ddb,source,unknown,unknown,1.0,True,False,passthrough,Raw wide field preserved as traceable long-form item,
31635b34-d1ee-46d4-9c0f-32ae3f30d567,stock_financial_abstract,20040930,source_derived:fc3968715bba70fa,source,unknown,unknown,1.0,True,False,passthrough,Raw wide field preserved as traceable long-form item,
31635b34-d1ee-46d4-9c0f-32ae3f30d567,stock_financial_abstract,20040630,source_derived:15f2bf5effdfdb95,source,unknown,unknown,1.0,True,False,passthrough,Raw wide field preserved as traceable long-form item,
31635b34-d1ee-46d4-9c0f-32ae3f30d567,stock_financial_abstract,20040331,source_derived:eec761b26b0ed330,source,unknown,unknown,1.0,True,False,passthrough,Raw wide field preserved as traceable long-form item,
31635b34-d1ee-46d4-9c0f-32ae3f30d567,stock_financial_abstract,20031231,source_derived:8d7b16e44b8f143f,source,unknown,unknown,1.0,True,False,passthrough,Raw wide field preserved as traceable long-form item,
31635b34-d1ee-46d4-9c0f-32ae3f30d567,stock_financial_abstract,20030930,source_derived:e7e99f8bc4e40548,source,unknown,unknown,1.0,True,False,passthrough,Raw wide field preserved as traceable long-form item,
31635b34-d1ee-46d4-9c0f-32ae3f30d567,stock_financial_abstract,20030630,source_derived:2a001136e49223e2,source,unknown,unknown,1.0,True,False,passthrough,Raw wide field preserved as traceable long-form item,
31635b34-d1ee-46d4-9c0f-32ae3f30d567,stock_financial_abstract,20030331,source_derived:1bbe06d172961e6d,source,unknown,unknown,1.0,True,False,passthrough,Raw wide field preserved as traceable long-form item,
31635b34-d1ee-46d4-9c0f-32ae3f30d567,stock_financial_abstract,20021231,source_derived:687f785439931b2a,source,unknown,unknown,1.0,True,False,passthrough,Raw wide field preserved as traceable long-form item,
31635b34-d1ee-46d4-9c0f-32ae3f30d567,stock_financial_abstract,20011231,source_derived:83e093656a5227a2,source,unknown,unknown,1.0,True,False,passthrough,Raw wide field preserved as traceable long-form item,
31635b34-d1ee-46d4-9c0f-32ae3f30d567,stock_financial_abstract,20001231,source_derived:e9e78a4ba6ee122e,source,unknown,unknown,1.0,True,False,passthrough,Raw wide field preserved as traceable long-form item,
31635b34-d1ee-46d4-9c0f-32ae3f30d567,stock_financial_abstract,20020930,source_derived:cff6e6960ee2ecbd,source,unknown,unknown,1.0,True,False,passthrough,Raw wide field preserved as traceable long-form item,
31635b34-d1ee-46d4-9c0f-32ae3f30d567,stock_financial_abstract,20020630,source_derived:f4a0c87bafce0381,source,unknown,unknown,1.0,True,False,passthrough,Raw wide field preserved as traceable long-form item,
31635b34-d1ee-46d4-9c0f-32ae3f30d567,stock_financial_abstract,20020331,source_derived:92af3c647c6a4e5f,source,unknown,unknown,1.0,True,False,passthrough,Raw wide field preserved as traceable long-form item,
31635b34-d1ee-46d4-9c0f-32ae3f30d567,stock_financial_abstract,20010930,source_derived:d99dd2ff5226480a,source,unknown,unknown,1.0,True,False,passthrough,Raw wide field preserved as traceable long-form item,
31635b34-d1ee-46d4-9c0f-32ae3f30d567,stock_financial_abstract,20010630,source_derived:b1087766413ecb28,source,unknown,unknown,1.0,True,False,passthrough,Raw wide field preserved as traceable long-form item,
31635b34-d1ee-46d4-9c0f-32ae3f30d567,stock_financial_abstract,20000630,source_derived:33e9322e497388cb,source,unknown,unknown,1.0,True,False,passthrough,Raw wide field preserved as traceable long-form item,
31635b34-d1ee-46d4-9c0f-32ae3f30d567,stock_financial_abstract,19991231,source_derived:fa820cbac67771fb,source,unknown,unknown,1.0,True,False,passthrough,Raw wide field preserved as traceable long-form item,
31635b34-d1ee-46d4-9c0f-32ae3f30d567,stock_financial_abstract,19981231,source_derived:857670894617c227,source,unknown,unknown,1.0,True,False,passthrough,Raw wide field preserved as traceable long-form item,
31635b34-d1ee-46d4-9c0f-32ae3f30d567,stock_financial_abstract,19971231,source_derived:e9133724fcbb9201,source,unknown,unknown,1.0,True,False,passthrough,Raw wide field preserved as traceable long-form item,
31635b34-d1ee-46d4-9c0f-32ae3f30d567,stock_financial_abstract,19990630,source_derived:a075c2a6baea8765,source,unknown,unknown,1.0,True,False,passthrough,Raw wide field preserved as traceable long-form item,
31635b34-d1ee-46d4-9c0f-32ae3f30d567,stock_financial_abstract,19980630,source_derived:cbcaa84ebe13e00a,source,unknown,unknown,1.0,True,False,passthrough,Raw wide field preserved as traceable long-form item,
31635b34-d1ee-46d4-9c0f-32ae3f30d567,stock_financial_abstract,19970630,source_derived:fa875bf803f4ddb8,source,unknown,unknown,1.0,True,False,passthrough,Raw wide field preserved as traceable long-form item,
31635b34-d1ee-46d4-9c0f-32ae3f30d567,stock_financial_abstract,19961231,source_derived:10888fbd82deecf4,source,unknown,unknown,1.0,True,False,passthrough,Raw wide field preserved as traceable long-form item,
31635b34-d1ee-46d4-9c0f-32ae3f30d567,stock_financial_abstract,19951231,source_derived:3cb6eec6bd9bf96e,source,unknown,unknown,1.0,True,False,passthrough,Raw wide field preserved as traceable long-form item,
31635b34-d1ee-46d4-9c0f-32ae3f30d567,stock_financial_abstract,19941231,source_derived:8713c276a312ade3,source,unknown,unknown,1.0,True,False,passthrough,Raw wide field preserved as traceable long-form item,
31635b34-d1ee-46d4-9c0f-32ae3f30d567,stock_financial_abstract,19931231,source_derived:a76a8256089c0d3f,source,unknown,unknown,1.0,True,False,passthrough,Raw wide field preserved as traceable long-form item,
31635b34-d1ee-46d4-9c0f-32ae3f30d567,stock_financial_analysis_indicator,日期,report_period,source,,,1.0,True,False,mapped,Financial metadata field mapping,
31635b34-d1ee-46d4-9c0f-32ae3f30d567,stock_financial_analysis_indicator,摊薄每股收益(元),source_derived:cc31ff3e0ac0535a,source,CNY_yuan,CNY_yuan,1.0,True,False,passthrough,Raw wide field preserved as traceable long-form item,
31635b34-d1ee-46d4-9c0f-32ae3f30d567,stock_financial_analysis_indicator,加权每股收益(元),source_derived:da23e7efea3e5b14,source,CNY_yuan,CNY_yuan,1.0,True,False,passthrough,Raw wide field preserved as traceable long-form item,
31635b34-d1ee-46d4-9c0f-32ae3f30d567,stock_financial_analysis_indicator,每股收益_调整后(元),source_derived:dd7fad6612eac898,source,CNY_yuan,CNY_yuan,1.0,True,False,passthrough,Raw wide field preserved as traceable long-form item,
31635b34-d1ee-46d4-9c0f-32ae3f30d567,stock_financial_analysis_indicator,扣除非经常性损益后的每股收益(元),source_derived:b55f4c26ff5cb3b6,source,CNY_yuan,CNY_yuan,1.0,True,False,passthrough,Raw wide field preserved as traceable long-form item,
31635b34-d1ee-46d4-9c0f-32ae3f30d567,stock_financial_analysis_indicator,每股净资产_调整前(元),source_derived:a0991773bb9770ab,source,CNY_yuan,CNY_yuan,1.0,True,False,passthrough,Raw wide field preserved as traceable long-form item,
31635b34-d1ee-46d4-9c0f-32ae3f30d567,stock_financial_analysis_indicator,每股净资产_调整后(元),source_derived:66cc8a28e16f84d6,source,CNY_yuan,CNY_yuan,1.0,True,False,passthrough,Raw wide field preserved as traceable long-form item,
31635b34-d1ee-46d4-9c0f-32ae3f30d567,stock_financial_analysis_indicator,每股经营性现金流(元),source_derived:adf5b0acd57f6124,source,CNY_yuan,CNY_yuan,1.0,True,False,passthrough,Raw wide field preserved as traceable long-form item,
31635b34-d1ee-46d4-9c0f-32ae3f30d567,stock_financial_analysis_indicator,每股资本公积金(元),source_derived:91d632c8ffc5ab98,source,CNY_yuan,CNY_yuan,1.0,True,False,passthrough,Raw wide field preserved as traceable long-form item,
31635b34-d1ee-46d4-9c0f-32ae3f30d567,stock_financial_analysis_indicator,每股未分配利润(元),source_derived:e5e942116b4384b1,source,CNY_yuan,CNY_yuan,1.0,True,False,passthrough,Raw wide field preserved as traceable long-form item,
31635b34-d1ee-46d4-9c0f-32ae3f30d567,stock_financial_analysis_indicator,调整后的每股净资产(元),source_derived:9e620221d1e58b51,source,CNY_yuan,CNY_yuan,1.0,True,False,passthrough,Raw wide field preserved as traceable long-form item,
31635b34-d1ee-46d4-9c0f-32ae3f30d567,stock_financial_analysis_indicator,总资产利润率(%),source_derived:d115c5e8a7bf7215,source,percent_point,decimal,0.01,True,False,passthrough,Raw wide field preserved as traceable long-form item,
31635b34-d1ee-46d4-9c0f-32ae3f30d567,stock_financial_analysis_indicator,主营业务利润率(%),source_derived:8019f8acda39521c,source,percent_point,decimal,0.01,True,False,passthrough,Raw wide field preserved as traceable long-form item,
31635b34-d1ee-46d4-9c0f-32ae3f30d567,stock_financial_analysis_indicator,总资产净利润率(%),source_derived:716d7f7b0e092618,source,percent_point,decimal,0.01,True,False,passthrough,Raw wide field preserved as traceable long-form item,
31635b34-d1ee-46d4-9c0f-32ae3f30d567,stock_financial_analysis_indicator,成本费用利润率(%),source_derived:b48dfd4b21364f65,source,percent_point,decimal,0.01,True,False,passthrough,Raw wide field preserved as traceable long-form item,
31635b34-d1ee-46d4-9c0f-32ae3f30d567,stock_financial_analysis_indicator,营业利润率(%),source_derived:6bb6d7880f1c45b7,source,percent_point,decimal,0.01,True,False,passthrough,Raw wide field preserved as traceable long-form item,
31635b34-d1ee-46d4-9c0f-32ae3f30d567,stock_financial_analysis_indicator,主营业务成本率(%),source_derived:716b84bcbccaec77,source,percent_point,decimal,0.01,True,False,passthrough,Raw wide field preserved as traceable long-form item,
31635b34-d1ee-46d4-9c0f-32ae3f30d567,stock_financial_analysis_indicator,销售净利率(%),source_derived:8e74216a01e52345,source,percent_point,decimal,0.01,True,False,passthrough,Raw wide field preserved as traceable long-form item,
31635b34-d1ee-46d4-9c0f-32ae3f30d567,stock_financial_analysis_indicator,股本报酬率(%),source_derived:611177d4cb16a4cd,source,percent_point,decimal,0.01,True,False,passthrough,Raw wide field preserved as traceable long-form item,
31635b34-d1ee-46d4-9c0f-32ae3f30d567,stock_financial_analysis_indicator,净资产报酬率(%),source_derived:3386269a2d91b1a8,source,percent_point,decimal,0.01,True,False,passthrough,Raw wide field preserved as traceable long-form item,
31635b34-d1ee-46d4-9c0f-32ae3f30d567,stock_financial_analysis_indicator,资产报酬率(%),source_derived:37fbdfb4821f2869,source,percent_point,decimal,0.01,True,False,passthrough,Raw wide field preserved as traceable long-form item,
31635b34-d1ee-46d4-9c0f-32ae3f30d567,stock_financial_analysis_indicator,销售毛利率(%),source_derived:2d419ac02f4901fa,source,percent_point,decimal,0.01,True,False,passthrough,Raw wide field preserved as traceable long-form item,
31635b34-d1ee-46d4-9c0f-32ae3f30d567,stock_financial_analysis_indicator,三项费用比重,source_derived:7c2408faf9a13204,source,unknown,unknown,1.0,True,False,passthrough,Raw wide field preserved as traceable long-form item,
31635b34-d1ee-46d4-9c0f-32ae3f30d567,stock_financial_analysis_indicator,非主营比重,source_derived:def200f782fc63f1,source,unknown,unknown,1.0,True,False,passthrough,Raw wide field preserved as traceable long-form item,
31635b34-d1ee-46d4-9c0f-32ae3f30d567,stock_financial_analysis_indicator,主营利润比重,source_derived:0e69ed9f99d43062,source,unknown,unknown,1.0,True,False,passthrough,Raw wide field preserved as traceable long-form item,
31635b34-d1ee-46d4-9c0f-32ae3f30d567,stock_financial_analysis_indicator,股息发放率(%),source_derived:a59c2cada4799778,source,percent_point,decimal,0.01,True,False,passthrough,Raw wide field preserved as traceable long-form item,
31635b34-d1ee-46d4-9c0f-32ae3f30d567,stock_financial_analysis_indicator,投资收益率(%),source_derived:55cfda63a636e68f,source,percent_point,decimal,0.01,True,False,passthrough,Raw wide field preserved as traceable long-form item,
31635b34-d1ee-46d4-9c0f-32ae3f30d567,stock_financial_analysis_indicator,主营业务利润(元),source_derived:cc3689d07774e589,source,CNY_yuan,CNY_yuan,1.0,True,False,passthrough,Raw wide field preserved as traceable long-form item,
31635b34-d1ee-46d4-9c0f-32ae3f30d567,stock_financial_analysis_indicator,净资产收益率(%),source_derived:3926c65138d0397f,source,percent_point,decimal,0.01,True,False,passthrough,Raw wide field preserved as traceable long-form item,
31635b34-d1ee-46d4-9c0f-32ae3f30d567,stock_financial_analysis_indicator,加权净资产收益率(%),source_derived:ab2910e0e4bfa7bb,source,percent_point,decimal,0.01,True,False,passthrough,Raw wide field preserved as traceable long-form item,
31635b34-d1ee-46d4-9c0f-32ae3f30d567,stock_financial_analysis_indicator,扣除非经常性损益后的净利润(元),source_derived:c42edf381d0b878c,source,CNY_yuan,CNY_yuan,1.0,True,False,passthrough,Raw wide field preserved as traceable long-form item,
31635b34-d1ee-46d4-9c0f-32ae3f30d567,stock_financial_analysis_indicator,主营业务收入增长率(%),source_derived:262453da0f92fe09,source,percent_point,decimal,0.01,True,False,passthrough,Raw wide field preserved as traceable long-form item,
31635b34-d1ee-46d4-9c0f-32ae3f30d567,stock_financial_analysis_indicator,净利润增长率(%),source_derived:e144ebd9bd2475db,source,percent_point,decimal,0.01,True,False,passthrough,Raw wide field preserved as traceable long-form item,
31635b34-d1ee-46d4-9c0f-32ae3f30d567,stock_financial_analysis_indicator,净资产增长率(%),source_derived:91617112ce0d0fb2,source,percent_point,decimal,0.01,True,False,passthrough,Raw wide field preserved as traceable long-form item,
31635b34-d1ee-46d4-9c0f-32ae3f30d567,stock_financial_analysis_indicator,总资产增长率(%),source_derived:bafb23dac43577e0,source,percent_point,decimal,0.01,True,False,passthrough,Raw wide field preserved as traceable long-form item,
31635b34-d1ee-46d4-9c0f-32ae3f30d567,stock_financial_analysis_indicator,应收账款周转率(次),source_derived:fb043710f522d3a9,source,times,times,1.0,True,False,passthrough,Raw wide field preserved as traceable long-form item,
31635b34-d1ee-46d4-9c0f-32ae3f30d567,stock_financial_analysis_indicator,应收账款周转天数(天),source_derived:f2cf19f6e7746c61,source,day,day,1.0,True,False,passthrough,Raw wide field preserved as traceable long-form item,
31635b34-d1ee-46d4-9c0f-32ae3f30d567,stock_financial_analysis_indicator,存货周转天数(天),source_derived:3a8f1b61a071d468,source,day,day,1.0,True,False,passthrough,Raw wide field preserved as traceable long-form item,
31635b34-d1ee-46d4-9c0f-32ae3f30d567,stock_financial_analysis_indicator,存货周转率(次),source_derived:aafd85eb4aaec758,source,times,times,1.0,True,False,passthrough,Raw wide field preserved as traceable long-form item,
31635b34-d1ee-46d4-9c0f-32ae3f30d567,stock_financial_analysis_indicator,固定资产周转率(次),source_derived:bde97531d67dedca,source,times,times,1.0,True,False,passthrough,Raw wide field preserved as traceable long-form item,
31635b34-d1ee-46d4-9c0f-32ae3f30d567,stock_financial_analysis_indicator,总资产周转率(次),source_derived:cf4ce88d2492d6bb,source,times,times,1.0,True,False,passthrough,Raw wide field preserved as traceable long-form item,
31635b34-d1ee-46d4-9c0f-32ae3f30d567,stock_financial_analysis_indicator,总资产周转天数(天),source_derived:85e9fa6988af7f02,source,day,day,1.0,True,False,passthrough,Raw wide field preserved as traceable long-form item,
31635b34-d1ee-46d4-9c0f-32ae3f30d567,stock_financial_analysis_indicator,流动资产周转率(次),source_derived:65fd307d6ddab42a,source,times,times,1.0,True,False,passthrough,Raw wide field preserved as traceable long-form item,
31635b34-d1ee-46d4-9c0f-32ae3f30d567,stock_financial_analysis_indicator,流动资产周转天数(天),source_derived:ffdd5ad3ae276bb2,source,day,day,1.0,True,False,passthrough,Raw wide field preserved as traceable long-form item,
31635b34-d1ee-46d4-9c0f-32ae3f30d567,stock_financial_analysis_indicator,股东权益周转率(次),source_derived:559d131d5b5aa563,source,times,times,1.0,True,False,passthrough,Raw wide field preserved as traceable long-form item,
31635b34-d1ee-46d4-9c0f-32ae3f30d567,stock_financial_analysis_indicator,流动比率,source_derived:1ba38914ed7d9382,source,unknown,unknown,1.0,True,False,passthrough,Raw wide field preserved as traceable long-form item,
31635b34-d1ee-46d4-9c0f-32ae3f30d567,stock_financial_analysis_indicator,速动比率,source_derived:49dffdc0a631560f,source,unknown,unknown,1.0,True,False,passthrough,Raw wide field preserved as traceable long-form item,
31635b34-d1ee-46d4-9c0f-32ae3f30d567,stock_financial_analysis_indicator,现金比率(%),source_derived:ee463b75dcdd512f,source,percent_point,decimal,0.01,True,False,passthrough,Raw wide field preserved as traceable long-form item,
31635b34-d1ee-46d4-9c0f-32ae3f30d567,stock_financial_analysis_indicator,利息支付倍数,source_derived:d4069a9b2493fb56,source,unknown,unknown,1.0,True,False,passthrough,Raw wide field preserved as traceable long-form item,
31635b34-d1ee-46d4-9c0f-32ae3f30d567,stock_financial_analysis_indicator,长期债务与营运资金比率(%),source_derived:4aa9d287155e4fa8,source,percent_point,decimal,0.01,True,False,passthrough,Raw wide field preserved as traceable long-form item,
31635b34-d1ee-46d4-9c0f-32ae3f30d567,stock_financial_analysis_indicator,股东权益比率(%),source_derived:3644e4ef026054a3,source,percent_point,decimal,0.01,True,False,passthrough,Raw wide field preserved as traceable long-form item,
31635b34-d1ee-46d4-9c0f-32ae3f30d567,stock_financial_analysis_indicator,长期负债比率(%),source_derived:e4024a84a3f1823d,source,percent_point,decimal,0.01,True,False,passthrough,Raw wide field preserved as traceable long-form item,
31635b34-d1ee-46d4-9c0f-32ae3f30d567,stock_financial_analysis_indicator,股东权益与固定资产比率(%),source_derived:1eb62e9bb58fe019,source,percent_point,decimal,0.01,True,False,passthrough,Raw wide field preserved as traceable long-form item,
31635b34-d1ee-46d4-9c0f-32ae3f30d567,stock_financial_analysis_indicator,负债与所有者权益比率(%),source_derived:de045fea19a86801,source,percent_point,decimal,0.01,True,False,passthrough,Raw wide field preserved as traceable long-form item,
31635b34-d1ee-46d4-9c0f-32ae3f30d567,stock_financial_analysis_indicator,长期资产与长期资金比率(%),source_derived:c31fac02cc6eee76,source,percent_point,decimal,0.01,True,False,passthrough,Raw wide field preserved as traceable long-form item,
31635b34-d1ee-46d4-9c0f-32ae3f30d567,stock_financial_analysis_indicator,资本化比率(%),source_derived:b5c986170d749731,source,percent_point,decimal,0.01,True,False,passthrough,Raw wide field preserved as traceable long-form item,
31635b34-d1ee-46d4-9c0f-32ae3f30d567,stock_financial_analysis_indicator,固定资产净值率(%),source_derived:ccb6d19e30d4e87d,source,percent_point,decimal,0.01,True,False,passthrough,Raw wide field preserved as traceable long-form item,
31635b34-d1ee-46d4-9c0f-32ae3f30d567,stock_financial_analysis_indicator,资本固定化比率(%),source_derived:b3622a4283c231aa,source,percent_point,decimal,0.01,True,False,passthrough,Raw wide field preserved as traceable long-form item,
31635b34-d1ee-46d4-9c0f-32ae3f30d567,stock_financial_analysis_indicator,产权比率(%),source_derived:7617ddda5d3e2a45,source,percent_point,decimal,0.01,True,False,passthrough,Raw wide field preserved as traceable long-form item,
31635b34-d1ee-46d4-9c0f-32ae3f30d567,stock_financial_analysis_indicator,清算价值比率(%),source_derived:7270aaed84905707,source,percent_point,decimal,0.01,True,False,passthrough,Raw wide field preserved as traceable long-form item,
31635b34-d1ee-46d4-9c0f-32ae3f30d567,stock_financial_analysis_indicator,固定资产比重(%),source_derived:107f446ebf84407b,source,percent_point,decimal,0.01,True,False,passthrough,Raw wide field preserved as traceable long-form item,
31635b34-d1ee-46d4-9c0f-32ae3f30d567,stock_financial_analysis_indicator,资产负债率(%),source_derived:a0c8337a0b1af7a1,source,percent_point,decimal,0.01,True,False,passthrough,Raw wide field preserved as traceable long-form item,
31635b34-d1ee-46d4-9c0f-32ae3f30d567,stock_financial_analysis_indicator,总资产(元),source_derived:a0732d83fc10f289,source,CNY_yuan,CNY_yuan,1.0,True,False,passthrough,Raw wide field preserved as traceable long-form item,
31635b34-d1ee-46d4-9c0f-32ae3f30d567,stock_financial_analysis_indicator,经营现金净流量对销售收入比率(%),source_derived:8204bb7a762d9a8a,source,percent_point,decimal,0.01,True,False,passthrough,Raw wide field preserved as traceable long-form item,
31635b34-d1ee-46d4-9c0f-32ae3f30d567,stock_financial_analysis_indicator,资产的经营现金流量回报率(%),source_derived:fcfb569b5992b3a8,source,percent_point,decimal,0.01,True,False,passthrough,Raw wide field preserved as traceable long-form item,
31635b34-d1ee-46d4-9c0f-32ae3f30d567,stock_financial_analysis_indicator,经营现金净流量与净利润的比率(%),source_derived:7f2667fe20cc11cf,source,percent_point,decimal,0.01,True,False,passthrough,Raw wide field preserved as traceable long-form item,
31635b34-d1ee-46d4-9c0f-32ae3f30d567,stock_financial_analysis_indicator,经营现金净流量对负债比率(%),source_derived:0854fefcb4bccb26,source,percent_point,decimal,0.01,True,False,passthrough,Raw wide field preserved as traceable long-form item,
31635b34-d1ee-46d4-9c0f-32ae3f30d567,stock_financial_analysis_indicator,现金流量比率(%),source_derived:495c4a39aae3d098,source,percent_point,decimal,0.01,True,False,passthrough,Raw wide field preserved as traceable long-form item,
31635b34-d1ee-46d4-9c0f-32ae3f30d567,stock_financial_analysis_indicator,短期股票投资(元),source_derived:23f8d94bafa8c7a5,source,CNY_yuan,CNY_yuan,1.0,True,False,passthrough,Raw wide field preserved as traceable long-form item,
31635b34-d1ee-46d4-9c0f-32ae3f30d567,stock_financial_analysis_indicator,短期债券投资(元),source_derived:9bd315c336bb73da,source,CNY_yuan,CNY_yuan,1.0,True,False,passthrough,Raw wide field preserved as traceable long-form item,
31635b34-d1ee-46d4-9c0f-32ae3f30d567,stock_financial_analysis_indicator,短期其它经营性投资(元),source_derived:480a1dee23e2e2fd,source,CNY_yuan,CNY_yuan,1.0,True,False,passthrough,Raw wide field preserved as traceable long-form item,
31635b34-d1ee-46d4-9c0f-32ae3f30d567,stock_financial_analysis_indicator,长期股票投资(元),source_derived:c27a3c24075e9f71,source,CNY_yuan,CNY_yuan,1.0,True,False,passthrough,Raw wide field preserved as traceable long-form item,
31635b34-d1ee-46d4-9c0f-32ae3f30d567,stock_financial_analysis_indicator,长期债券投资(元),source_derived:dc8259c5569f24c7,source,CNY_yuan,CNY_yuan,1.0,True,False,passthrough,Raw wide field preserved as traceable long-form item,
31635b34-d1ee-46d4-9c0f-32ae3f30d567,stock_financial_analysis_indicator,长期其它经营性投资(元),source_derived:f21ed6db500243c0,source,CNY_yuan,CNY_yuan,1.0,True,False,passthrough,Raw wide field preserved as traceable long-form item,
31635b34-d1ee-46d4-9c0f-32ae3f30d567,stock_financial_analysis_indicator,1年以内应收帐款(元),source_derived:4d2ac4931a29dd93,source,CNY_yuan,CNY_yuan,1.0,True,False,passthrough,Raw wide field preserved as traceable long-form item,
31635b34-d1ee-46d4-9c0f-32ae3f30d567,stock_financial_analysis_indicator,1-2年以内应收帐款(元),source_derived:887b2cf43e7da8ca,source,CNY_yuan,CNY_yuan,1.0,True,False,passthrough,Raw wide field preserved as traceable long-form item,
31635b34-d1ee-46d4-9c0f-32ae3f30d567,stock_financial_analysis_indicator,2-3年以内应收帐款(元),source_derived:35fe8a8ba3099652,source,CNY_yuan,CNY_yuan,1.0,True,False,passthrough,Raw wide field preserved as traceable long-form item,
31635b34-d1ee-46d4-9c0f-32ae3f30d567,stock_financial_analysis_indicator,3年以内应收帐款(元),source_derived:68d65cf2b2d56e49,source,CNY_yuan,CNY_yuan,1.0,True,False,passthrough,Raw wide field preserved as traceable long-form item,
31635b34-d1ee-46d4-9c0f-32ae3f30d567,stock_financial_analysis_indicator,1年以内预付货款(元),source_derived:4f1316910b9692a2,source,CNY_yuan,CNY_yuan,1.0,True,False,passthrough,Raw wide field preserved as traceable long-form item,
31635b34-d1ee-46d4-9c0f-32ae3f30d567,stock_financial_analysis_indicator,1-2年以内预付货款(元),source_derived:52f0bd09568e4569,source,CNY_yuan,CNY_yuan,1.0,True,False,passthrough,Raw wide field preserved as traceable long-form item,
31635b34-d1ee-46d4-9c0f-32ae3f30d567,stock_financial_analysis_indicator,2-3年以内预付货款(元),source_derived:517cd5212b8d47a2,source,CNY_yuan,CNY_yuan,1.0,True,False,passthrough,Raw wide field preserved as traceable long-form item,
31635b34-d1ee-46d4-9c0f-32ae3f30d567,stock_financial_analysis_indicator,3年以内预付货款(元),source_derived:e8dc3825f683546c,source,CNY_yuan,CNY_yuan,1.0,True,False,passthrough,Raw wide field preserved as traceable long-form item,
31635b34-d1ee-46d4-9c0f-32ae3f30d567,stock_financial_analysis_indicator,1年以内其它应收款(元),source_derived:a1d15ee0f04d73cc,source,CNY_yuan,CNY_yuan,1.0,True,False,passthrough,Raw wide field preserved as traceable long-form item,
31635b34-d1ee-46d4-9c0f-32ae3f30d567,stock_financial_analysis_indicator,1-2年以内其它应收款(元),source_derived:eb2beb3a6d4c984d,source,CNY_yuan,CNY_yuan,1.0,True,False,passthrough,Raw wide field preserved as traceable long-form item,
31635b34-d1ee-46d4-9c0f-32ae3f30d567,stock_financial_analysis_indicator,2-3年以内其它应收款(元),source_derived:c341b2ec20a4ab90,source,CNY_yuan,CNY_yuan,1.0,True,False,passthrough,Raw wide field preserved as traceable long-form item,
31635b34-d1ee-46d4-9c0f-32ae3f30d567,stock_financial_analysis_indicator,3年以内其它应收款(元),source_derived:98b6191b5fd2567d,source,CNY_yuan,CNY_yuan,1.0,True,False,passthrough,Raw wide field preserved as traceable long-form item,
31635b34-d1ee-46d4-9c0f-32ae3f30d567,stock_individual_fund_flow,日期,trade_date,date,,,1.0,False,True,mapped,AKShare documented field,
31635b34-d1ee-46d4-9c0f-32ae3f30d567,stock_individual_fund_flow,收盘价,close,float64,,,1.0,True,True,mapped,AKShare documented field,
31635b34-d1ee-46d4-9c0f-32ae3f30d567,stock_individual_fund_flow,涨跌幅,pct_change,float64,,,1.0,True,False,mapped,AKShare field is percent points,
31635b34-d1ee-46d4-9c0f-32ae3f30d567,stock_individual_fund_flow,主力净流入-净额,main_net_inflow_cny,float64,,,1.0,True,False,mapped,Neutral canonical name; AKShare field unit is CNY yuan,
31635b34-d1ee-46d4-9c0f-32ae3f30d567,stock_individual_fund_flow,主力净流入-净占比,main_net_inflow_ratio,float64,,,1.0,True,False,mapped,AKShare field is percent points,
31635b34-d1ee-46d4-9c0f-32ae3f30d567,stock_individual_fund_flow,超大单净流入-净额,super_large_net_inflow_cny,float64,,,1.0,True,False,mapped,AKShare field unit is CNY yuan,
31635b34-d1ee-46d4-9c0f-32ae3f30d567,stock_individual_fund_flow,超大单净流入-净占比,super_large_net_inflow_ratio,float64,,,1.0,True,False,mapped,AKShare field is percent points,
31635b34-d1ee-46d4-9c0f-32ae3f30d567,stock_individual_fund_flow,大单净流入-净额,large_net_inflow_cny,float64,,,1.0,True,False,mapped,AKShare field unit is CNY yuan,
31635b34-d1ee-46d4-9c0f-32ae3f30d567,stock_individual_fund_flow,大单净流入-净占比,large_net_inflow_ratio,float64,,,1.0,True,False,mapped,AKShare field is percent points,
31635b34-d1ee-46d4-9c0f-32ae3f30d567,stock_individual_fund_flow,中单净流入-净额,medium_net_inflow_cny,float64,,,1.0,True,False,mapped,AKShare field unit is CNY yuan,
31635b34-d1ee-46d4-9c0f-32ae3f30d567,stock_individual_fund_flow,中单净流入-净占比,medium_net_inflow_ratio,float64,,,1.0,True,False,mapped,AKShare field is percent points,
31635b34-d1ee-46d4-9c0f-32ae3f30d567,stock_individual_fund_flow,小单净流入-净额,small_net_inflow_cny,float64,,,1.0,True,False,mapped,AKShare field unit is CNY yuan,
31635b34-d1ee-46d4-9c0f-32ae3f30d567,stock_individual_fund_flow,小单净流入-净占比,small_net_inflow_ratio,float64,,,1.0,True,False,mapped,AKShare field is percent points,
31635b34-d1ee-46d4-9c0f-32ae3f30d567,stock_profit_sheet_by_report_em,SECUCODE,source_derived:e44430b3eb84251e,source,CNY_yuan,CNY_yuan,1.0,True,False,passthrough,Raw wide field preserved as traceable long-form item,
31635b34-d1ee-46d4-9c0f-32ae3f30d567,stock_profit_sheet_by_report_em,SECURITY_CODE,symbol,source,,,1.0,True,False,mapped,Financial metadata field mapping,
31635b34-d1ee-46d4-9c0f-32ae3f30d567,stock_profit_sheet_by_report_em,SECURITY_NAME_ABBR,source_derived:8a7075e1c91097de,source,CNY_yuan,CNY_yuan,1.0,True,False,passthrough,Raw wide field preserved as traceable long-form item,
31635b34-d1ee-46d4-9c0f-32ae3f30d567,stock_profit_sheet_by_report_em,ORG_CODE,source_derived:4fd7af85f8b03e86,source,CNY_yuan,CNY_yuan,1.0,True,False,passthrough,Raw wide field preserved as traceable long-form item,
31635b34-d1ee-46d4-9c0f-32ae3f30d567,stock_profit_sheet_by_report_em,ORG_TYPE,source_derived:8e7cfb6ff8c74c68,source,CNY_yuan,CNY_yuan,1.0,True,False,passthrough,Raw wide field preserved as traceable long-form item,
31635b34-d1ee-46d4-9c0f-32ae3f30d567,stock_profit_sheet_by_report_em,REPORT_DATE,report_period,source,,,1.0,True,False,mapped,Financial metadata field mapping,
31635b34-d1ee-46d4-9c0f-32ae3f30d567,stock_profit_sheet_by_report_em,REPORT_TYPE,report_type,source,,,1.0,True,False,mapped,Financial metadata field mapping,
31635b34-d1ee-46d4-9c0f-32ae3f30d567,stock_profit_sheet_by_report_em,REPORT_DATE_NAME,source_derived:2bca7cad996bba19,source,CNY_yuan,CNY_yuan,1.0,True,False,passthrough,Raw wide field preserved as traceable long-form item,
31635b34-d1ee-46d4-9c0f-32ae3f30d567,stock_profit_sheet_by_report_em,SECURITY_TYPE_CODE,source_derived:d946b4dd41b870b6,source,CNY_yuan,CNY_yuan,1.0,True,False,passthrough,Raw wide field preserved as traceable long-form item,
31635b34-d1ee-46d4-9c0f-32ae3f30d567,stock_profit_sheet_by_report_em,NOTICE_DATE,announcement_date,source,,,1.0,True,False,mapped,Financial metadata field mapping,
31635b34-d1ee-46d4-9c0f-32ae3f30d567,stock_profit_sheet_by_report_em,UPDATE_DATE,source_update_date,source,,,1.0,True,False,mapped,Financial metadata field mapping,
31635b34-d1ee-46d4-9c0f-32ae3f30d567,stock_profit_sheet_by_report_em,CURRENCY,currency,source,,,1.0,True,False,mapped,Financial metadata field mapping,
31635b34-d1ee-46d4-9c0f-32ae3f30d567,stock_profit_sheet_by_report_em,TOTAL_OPERATE_INCOME,source_derived:f3a80934f26a8666,source,CNY_yuan,CNY_yuan,1.0,True,False,passthrough,Raw wide field preserved as traceable long-form item,
31635b34-d1ee-46d4-9c0f-32ae3f30d567,stock_profit_sheet_by_report_em,TOTAL_OPERATE_INCOME_YOY,source_derived:421c2e4290f5e78b,source,percent_point,decimal,0.01,True,False,passthrough,Raw wide field preserved as traceable long-form item,
31635b34-d1ee-46d4-9c0f-32ae3f30d567,stock_profit_sheet_by_report_em,OPERATE_INCOME,source_derived:2e88d2bced796e3a,source,CNY_yuan,CNY_yuan,1.0,True,False,passthrough,Raw wide field preserved as traceable long-form item,
31635b34-d1ee-46d4-9c0f-32ae3f30d567,stock_profit_sheet_by_report_em,OPERATE_INCOME_YOY,source_derived:eb1fbe4f7afa6f0f,source,percent_point,decimal,0.01,True,False,passthrough,Raw wide field preserved as traceable long-form item,
31635b34-d1ee-46d4-9c0f-32ae3f30d567,stock_profit_sheet_by_report_em,INTEREST_INCOME,source_derived:c2959bd64ef39a8d,source,CNY_yuan,CNY_yuan,1.0,True,False,passthrough,Raw wide field preserved as traceable long-form item,
31635b34-d1ee-46d4-9c0f-32ae3f30d567,stock_profit_sheet_by_report_em,INTEREST_INCOME_YOY,source_derived:ab213c047821410c,source,percent_point,decimal,0.01,True,False,passthrough,Raw wide field preserved as traceable long-form item,
31635b34-d1ee-46d4-9c0f-32ae3f30d567,stock_profit_sheet_by_report_em,EARNED_PREMIUM,source_derived:87fd0ccf41f41444,source,CNY_yuan,CNY_yuan,1.0,True,False,passthrough,Raw wide field preserved as traceable long-form item,
31635b34-d1ee-46d4-9c0f-32ae3f30d567,stock_profit_sheet_by_report_em,EARNED_PREMIUM_YOY,source_derived:1a32e655d4f4e8a5,source,percent_point,decimal,0.01,True,False,passthrough,Raw wide field preserved as traceable long-form item,
31635b34-d1ee-46d4-9c0f-32ae3f30d567,stock_profit_sheet_by_report_em,FEE_COMMISSION_INCOME,source_derived:34411858d149ccbf,source,CNY_yuan,CNY_yuan,1.0,True,False,passthrough,Raw wide field preserved as traceable long-form item,
31635b34-d1ee-46d4-9c0f-32ae3f30d567,stock_profit_sheet_by_report_em,FEE_COMMISSION_INCOME_YOY,source_derived:62e4951815fd71b0,source,percent_point,decimal,0.01,True,False,passthrough,Raw wide field preserved as traceable long-form item,
31635b34-d1ee-46d4-9c0f-32ae3f30d567,stock_profit_sheet_by_report_em,OTHER_BUSINESS_INCOME,source_derived:021a9382558362a4,source,CNY_yuan,CNY_yuan,1.0,True,False,passthrough,Raw wide field preserved as traceable long-form item,
31635b34-d1ee-46d4-9c0f-32ae3f30d567,stock_profit_sheet_by_report_em,OTHER_BUSINESS_INCOME_YOY,source_derived:6dd71a3a0dc9bac0,source,percent_point,decimal,0.01,True,False,passthrough,Raw wide field preserved as traceable long-form item,
31635b34-d1ee-46d4-9c0f-32ae3f30d567,stock_profit_sheet_by_report_em,TOI_OTHER,source_derived:09df7bdf0dc925a0,source,CNY_yuan,CNY_yuan,1.0,True,False,passthrough,Raw wide field preserved as traceable long-form item,
31635b34-d1ee-46d4-9c0f-32ae3f30d567,stock_profit_sheet_by_report_em,TOI_OTHER_YOY,source_derived:f86a04da6410e5fb,source,percent_point,decimal,0.01,True,False,passthrough,Raw wide field preserved as traceable long-form item,
31635b34-d1ee-46d4-9c0f-32ae3f30d567,stock_profit_sheet_by_report_em,TOTAL_OPERATE_COST,source_derived:ea1aa9377fcf2fb5,source,CNY_yuan,CNY_yuan,1.0,True,False,passthrough,Raw wide field preserved as traceable long-form item,
31635b34-d1ee-46d4-9c0f-32ae3f30d567,stock_profit_sheet_by_report_em,TOTAL_OPERATE_COST_YOY,source_derived:7af82a1659abdb0c,source,percent_point,decimal,0.01,True,False,passthrough,Raw wide field preserved as traceable long-form item,
31635b34-d1ee-46d4-9c0f-32ae3f30d567,stock_profit_sheet_by_report_em,OPERATE_COST,source_derived:8c798e26948a10aa,source,CNY_yuan,CNY_yuan,1.0,True,False,passthrough,Raw wide field preserved as traceable long-form item,
31635b34-d1ee-46d4-9c0f-32ae3f30d567,stock_profit_sheet_by_report_em,OPERATE_COST_YOY,source_derived:dc62c112ff1abf51,source,percent_point,decimal,0.01,True,False,passthrough,Raw wide field preserved as traceable long-form item,
31635b34-d1ee-46d4-9c0f-32ae3f30d567,stock_profit_sheet_by_report_em,INTEREST_EXPENSE,source_derived:5af24162aed96c26,source,CNY_yuan,CNY_yuan,1.0,True,False,passthrough,Raw wide field preserved as traceable long-form item,
31635b34-d1ee-46d4-9c0f-32ae3f30d567,stock_profit_sheet_by_report_em,INTEREST_EXPENSE_YOY,source_derived:4664609972b199d9,source,percent_point,decimal,0.01,True,False,passthrough,Raw wide field preserved as traceable long-form item,
31635b34-d1ee-46d4-9c0f-32ae3f30d567,stock_profit_sheet_by_report_em,FEE_COMMISSION_EXPENSE,source_derived:d09c26af480607de,source,CNY_yuan,CNY_yuan,1.0,True,False,passthrough,Raw wide field preserved as traceable long-form item,
31635b34-d1ee-46d4-9c0f-32ae3f30d567,stock_profit_sheet_by_report_em,FEE_COMMISSION_EXPENSE_YOY,source_derived:94bef0272de78834,source,percent_point,decimal,0.01,True,False,passthrough,Raw wide field preserved as traceable long-form item,
31635b34-d1ee-46d4-9c0f-32ae3f30d567,stock_profit_sheet_by_report_em,RESEARCH_EXPENSE,source_derived:2669c772f6c6f99a,source,CNY_yuan,CNY_yuan,1.0,True,False,passthrough,Raw wide field preserved as traceable long-form item,
31635b34-d1ee-46d4-9c0f-32ae3f30d567,stock_profit_sheet_by_report_em,RESEARCH_EXPENSE_YOY,source_derived:57b1858dec3b8ead,source,percent_point,decimal,0.01,True,False,passthrough,Raw wide field preserved as traceable long-form item,
31635b34-d1ee-46d4-9c0f-32ae3f30d567,stock_profit_sheet_by_report_em,SURRENDER_VALUE,source_derived:15cab9b7a40622d8,source,CNY_yuan,CNY_yuan,1.0,True,False,passthrough,Raw wide field preserved as traceable long-form item,
31635b34-d1ee-46d4-9c0f-32ae3f30d567,stock_profit_sheet_by_report_em,SURRENDER_VALUE_YOY,source_derived:2df83cfbf5f78fc3,source,percent_point,decimal,0.01,True,False,passthrough,Raw wide field preserved as traceable long-form item,
31635b34-d1ee-46d4-9c0f-32ae3f30d567,stock_profit_sheet_by_report_em,NET_COMPENSATE_EXPENSE,source_derived:8364fa1f62379948,source,CNY_yuan,CNY_yuan,1.0,True,False,passthrough,Raw wide field preserved as traceable long-form item,
31635b34-d1ee-46d4-9c0f-32ae3f30d567,stock_profit_sheet_by_report_em,NET_COMPENSATE_EXPENSE_YOY,source_derived:5c2b86e7fbb2f6b5,source,percent_point,decimal,0.01,True,False,passthrough,Raw wide field preserved as traceable long-form item,
31635b34-d1ee-46d4-9c0f-32ae3f30d567,stock_profit_sheet_by_report_em,NET_CONTRACT_RESERVE,source_derived:41ba6007055f48a7,source,CNY_yuan,CNY_yuan,1.0,True,False,passthrough,Raw wide field preserved as traceable long-form item,
31635b34-d1ee-46d4-9c0f-32ae3f30d567,stock_profit_sheet_by_report_em,NET_CONTRACT_RESERVE_YOY,source_derived:153eb9841e68c673,source,percent_point,decimal,0.01,True,False,passthrough,Raw wide field preserved as traceable long-form item,
31635b34-d1ee-46d4-9c0f-32ae3f30d567,stock_profit_sheet_by_report_em,POLICY_BONUS_EXPENSE,source_derived:28a719d6ca75725b,source,CNY_yuan,CNY_yuan,1.0,True,False,passthrough,Raw wide field preserved as traceable long-form item,
31635b34-d1ee-46d4-9c0f-32ae3f30d567,stock_profit_sheet_by_report_em,POLICY_BONUS_EXPENSE_YOY,source_derived:f9aeb4f17b18aad4,source,percent_point,decimal,0.01,True,False,passthrough,Raw wide field preserved as traceable long-form item,
31635b34-d1ee-46d4-9c0f-32ae3f30d567,stock_profit_sheet_by_report_em,REINSURE_EXPENSE,source_derived:42e945d7fffcc33e,source,CNY_yuan,CNY_yuan,1.0,True,False,passthrough,Raw wide field preserved as traceable long-form item,
31635b34-d1ee-46d4-9c0f-32ae3f30d567,stock_profit_sheet_by_report_em,REINSURE_EXPENSE_YOY,source_derived:1b7ab51b1bc9727d,source,percent_point,decimal,0.01,True,False,passthrough,Raw wide field preserved as traceable long-form item,
31635b34-d1ee-46d4-9c0f-32ae3f30d567,stock_profit_sheet_by_report_em,OTHER_BUSINESS_COST,source_derived:297d63344f1e4ef4,source,CNY_yuan,CNY_yuan,1.0,True,False,passthrough,Raw wide field preserved as traceable long-form item,
31635b34-d1ee-46d4-9c0f-32ae3f30d567,stock_profit_sheet_by_report_em,OTHER_BUSINESS_COST_YOY,source_derived:2e91508d7d972d22,source,percent_point,decimal,0.01,True,False,passthrough,Raw wide field preserved as traceable long-form item,
31635b34-d1ee-46d4-9c0f-32ae3f30d567,stock_profit_sheet_by_report_em,OPERATE_TAX_ADD,source_derived:a6dcb4c2047e0daf,source,CNY_yuan,CNY_yuan,1.0,True,False,passthrough,Raw wide field preserved as traceable long-form item,
31635b34-d1ee-46d4-9c0f-32ae3f30d567,stock_profit_sheet_by_report_em,OPERATE_TAX_ADD_YOY,source_derived:8c496def4cb61d89,source,percent_point,decimal,0.01,True,False,passthrough,Raw wide field preserved as traceable long-form item,
31635b34-d1ee-46d4-9c0f-32ae3f30d567,stock_profit_sheet_by_report_em,SALE_EXPENSE,source_derived:ced776bfbf6fe121,source,CNY_yuan,CNY_yuan,1.0,True,False,passthrough,Raw wide field preserved as traceable long-form item,
31635b34-d1ee-46d4-9c0f-32ae3f30d567,stock_profit_sheet_by_report_em,SALE_EXPENSE_YOY,source_derived:344c0b089c774549,source,percent_point,decimal,0.01,True,False,passthrough,Raw wide field preserved as traceable long-form item,
31635b34-d1ee-46d4-9c0f-32ae3f30d567,stock_profit_sheet_by_report_em,MANAGE_EXPENSE,source_derived:6cb12ad17bd496a6,source,CNY_yuan,CNY_yuan,1.0,True,False,passthrough,Raw wide field preserved as traceable long-form item,
31635b34-d1ee-46d4-9c0f-32ae3f30d567,stock_profit_sheet_by_report_em,MANAGE_EXPENSE_YOY,source_derived:c1da93f2bf171bb0,source,percent_point,decimal,0.01,True,False,passthrough,Raw wide field preserved as traceable long-form item,
31635b34-d1ee-46d4-9c0f-32ae3f30d567,stock_profit_sheet_by_report_em,ME_RESEARCH_EXPENSE,source_derived:97b6cef0f5acee8b,source,CNY_yuan,CNY_yuan,1.0,True,False,passthrough,Raw wide field preserved as traceable long-form item,
31635b34-d1ee-46d4-9c0f-32ae3f30d567,stock_profit_sheet_by_report_em,ME_RESEARCH_EXPENSE_YOY,source_derived:90d495ae59d840f1,source,percent_point,decimal,0.01,True,False,passthrough,Raw wide field preserved as traceable long-form item,
31635b34-d1ee-46d4-9c0f-32ae3f30d567,stock_profit_sheet_by_report_em,FINANCE_EXPENSE,source_derived:a9c9f65bcd3a296c,source,CNY_yuan,CNY_yuan,1.0,True,False,passthrough,Raw wide field preserved as traceable long-form item,
31635b34-d1ee-46d4-9c0f-32ae3f30d567,stock_profit_sheet_by_report_em,FINANCE_EXPENSE_YOY,source_derived:54f2d42834b26aa4,source,percent_point,decimal,0.01,True,False,passthrough,Raw wide field preserved as traceable long-form item,
31635b34-d1ee-46d4-9c0f-32ae3f30d567,stock_profit_sheet_by_report_em,FE_INTEREST_EXPENSE,source_derived:bd4a4554eff65e1f,source,CNY_yuan,CNY_yuan,1.0,True,False,passthrough,Raw wide field preserved as traceable long-form item,
31635b34-d1ee-46d4-9c0f-32ae3f30d567,stock_profit_sheet_by_report_em,FE_INTEREST_EXPENSE_YOY,source_derived:cd652c040520114d,source,percent_point,decimal,0.01,True,False,passthrough,Raw wide field preserved as traceable long-form item,
31635b34-d1ee-46d4-9c0f-32ae3f30d567,stock_profit_sheet_by_report_em,FE_INTEREST_INCOME,source_derived:2b45818bb1c8f399,source,CNY_yuan,CNY_yuan,1.0,True,False,passthrough,Raw wide field preserved as traceable long-form item,
31635b34-d1ee-46d4-9c0f-32ae3f30d567,stock_profit_sheet_by_report_em,FE_INTEREST_INCOME_YOY,source_derived:fe6fb5609f239cd3,source,percent_point,decimal,0.01,True,False,passthrough,Raw wide field preserved as traceable long-form item,
31635b34-d1ee-46d4-9c0f-32ae3f30d567,stock_profit_sheet_by_report_em,ASSET_IMPAIRMENT_LOSS,source_derived:8754df20f998a7ab,source,CNY_yuan,CNY_yuan,1.0,True,False,passthrough,Raw wide field preserved as traceable long-form item,
31635b34-d1ee-46d4-9c0f-32ae3f30d567,stock_profit_sheet_by_report_em,ASSET_IMPAIRMENT_LOSS_YOY,source_derived:65024740ee5da863,source,percent_point,decimal,0.01,True,False,passthrough,Raw wide field preserved as traceable long-form item,
31635b34-d1ee-46d4-9c0f-32ae3f30d567,stock_profit_sheet_by_report_em,CREDIT_IMPAIRMENT_LOSS,source_derived:d4fdd152d78e875e,source,CNY_yuan,CNY_yuan,1.0,True,False,passthrough,Raw wide field preserved as traceable long-form item,
31635b34-d1ee-46d4-9c0f-32ae3f30d567,stock_profit_sheet_by_report_em,CREDIT_IMPAIRMENT_LOSS_YOY,source_derived:e1e5c19be1d91d42,source,percent_point,decimal,0.01,True,False,passthrough,Raw wide field preserved as traceable long-form item,
31635b34-d1ee-46d4-9c0f-32ae3f30d567,stock_profit_sheet_by_report_em,TOC_OTHER,source_derived:3dcd9d52c369bdc1,source,CNY_yuan,CNY_yuan,1.0,True,False,passthrough,Raw wide field preserved as traceable long-form item,
31635b34-d1ee-46d4-9c0f-32ae3f30d567,stock_profit_sheet_by_report_em,TOC_OTHER_YOY,source_derived:f3d8a5f0b5c7db8f,source,percent_point,decimal,0.01,True,False,passthrough,Raw wide field preserved as traceable long-form item,
31635b34-d1ee-46d4-9c0f-32ae3f30d567,stock_profit_sheet_by_report_em,FAIRVALUE_CHANGE_INCOME,source_derived:b2476c2f2f2dec33,source,CNY_yuan,CNY_yuan,1.0,True,False,passthrough,Raw wide field preserved as traceable long-form item,
31635b34-d1ee-46d4-9c0f-32ae3f30d567,stock_profit_sheet_by_report_em,FAIRVALUE_CHANGE_INCOME_YOY,source_derived:15b188c91037e741,source,percent_point,decimal,0.01,True,False,passthrough,Raw wide field preserved as traceable long-form item,
31635b34-d1ee-46d4-9c0f-32ae3f30d567,stock_profit_sheet_by_report_em,INVEST_INCOME,source_derived:fb310e1162cf6d49,source,CNY_yuan,CNY_yuan,1.0,True,False,passthrough,Raw wide field preserved as traceable long-form item,
31635b34-d1ee-46d4-9c0f-32ae3f30d567,stock_profit_sheet_by_report_em,INVEST_INCOME_YOY,source_derived:298c4d135ce5ed59,source,percent_point,decimal,0.01,True,False,passthrough,Raw wide field preserved as traceable long-form item,
31635b34-d1ee-46d4-9c0f-32ae3f30d567,stock_profit_sheet_by_report_em,INVEST_JOINT_INCOME,source_derived:2bc3dfef81346e1e,source,CNY_yuan,CNY_yuan,1.0,True,False,passthrough,Raw wide field preserved as traceable long-form item,
31635b34-d1ee-46d4-9c0f-32ae3f30d567,stock_profit_sheet_by_report_em,INVEST_JOINT_INCOME_YOY,source_derived:915dbc5ae64b1674,source,percent_point,decimal,0.01,True,False,passthrough,Raw wide field preserved as traceable long-form item,
31635b34-d1ee-46d4-9c0f-32ae3f30d567,stock_profit_sheet_by_report_em,NET_EXPOSURE_INCOME,source_derived:cb365ee9eea3fccb,source,CNY_yuan,CNY_yuan,1.0,True,False,passthrough,Raw wide field preserved as traceable long-form item,
31635b34-d1ee-46d4-9c0f-32ae3f30d567,stock_profit_sheet_by_report_em,NET_EXPOSURE_INCOME_YOY,source_derived:368c8e863cd931e1,source,percent_point,decimal,0.01,True,False,passthrough,Raw wide field preserved as traceable long-form item,
31635b34-d1ee-46d4-9c0f-32ae3f30d567,stock_profit_sheet_by_report_em,EXCHANGE_INCOME,source_derived:3ae7abb739e8eec8,source,CNY_yuan,CNY_yuan,1.0,True,False,passthrough,Raw wide field preserved as traceable long-form item,
31635b34-d1ee-46d4-9c0f-32ae3f30d567,stock_profit_sheet_by_report_em,EXCHANGE_INCOME_YOY,source_derived:f8c7c87499df39cd,source,percent_point,decimal,0.01,True,False,passthrough,Raw wide field preserved as traceable long-form item,
31635b34-d1ee-46d4-9c0f-32ae3f30d567,stock_profit_sheet_by_report_em,ASSET_DISPOSAL_INCOME,source_derived:fd8e17cc46621063,source,CNY_yuan,CNY_yuan,1.0,True,False,passthrough,Raw wide field preserved as traceable long-form item,
31635b34-d1ee-46d4-9c0f-32ae3f30d567,stock_profit_sheet_by_report_em,ASSET_DISPOSAL_INCOME_YOY,source_derived:be3c3a246aac13b2,source,percent_point,decimal,0.01,True,False,passthrough,Raw wide field preserved as traceable long-form item,
31635b34-d1ee-46d4-9c0f-32ae3f30d567,stock_profit_sheet_by_report_em,ASSET_IMPAIRMENT_INCOME,source_derived:13cfc585724376a1,source,CNY_yuan,CNY_yuan,1.0,True,False,passthrough,Raw wide field preserved as traceable long-form item,
31635b34-d1ee-46d4-9c0f-32ae3f30d567,stock_profit_sheet_by_report_em,ASSET_IMPAIRMENT_INCOME_YOY,source_derived:f07e76ff665f6fe6,source,percent_point,decimal,0.01,True,False,passthrough,Raw wide field preserved as traceable long-form item,
31635b34-d1ee-46d4-9c0f-32ae3f30d567,stock_profit_sheet_by_report_em,CREDIT_IMPAIRMENT_INCOME,source_derived:c4fd8dc37d2f801a,source,CNY_yuan,CNY_yuan,1.0,True,False,passthrough,Raw wide field preserved as traceable long-form item,
31635b34-d1ee-46d4-9c0f-32ae3f30d567,stock_profit_sheet_by_report_em,CREDIT_IMPAIRMENT_INCOME_YOY,source_derived:d7cc7da9762ccba0,source,percent_point,decimal,0.01,True,False,passthrough,Raw wide field preserved as traceable long-form item,
31635b34-d1ee-46d4-9c0f-32ae3f30d567,stock_profit_sheet_by_report_em,OTHER_INCOME,source_derived:fe393a2aea4d91a4,source,CNY_yuan,CNY_yuan,1.0,True,False,passthrough,Raw wide field preserved as traceable long-form item,
31635b34-d1ee-46d4-9c0f-32ae3f30d567,stock_profit_sheet_by_report_em,OTHER_INCOME_YOY,source_derived:2c659cd097ddbd5a,source,percent_point,decimal,0.01,True,False,passthrough,Raw wide field preserved as traceable long-form item,
31635b34-d1ee-46d4-9c0f-32ae3f30d567,stock_profit_sheet_by_report_em,OPERATE_PROFIT_OTHER,source_derived:05417a9c04df704a,source,CNY_yuan,CNY_yuan,1.0,True,False,passthrough,Raw wide field preserved as traceable long-form item,
31635b34-d1ee-46d4-9c0f-32ae3f30d567,stock_profit_sheet_by_report_em,OPERATE_PROFIT_OTHER_YOY,source_derived:453fa8807676eea7,source,percent_point,decimal,0.01,True,False,passthrough,Raw wide field preserved as traceable long-form item,
31635b34-d1ee-46d4-9c0f-32ae3f30d567,stock_profit_sheet_by_report_em,OPERATE_PROFIT_BALANCE,source_derived:2a121e36d723b420,source,CNY_yuan,CNY_yuan,1.0,True,False,passthrough,Raw wide field preserved as traceable long-form item,
31635b34-d1ee-46d4-9c0f-32ae3f30d567,stock_profit_sheet_by_report_em,OPERATE_PROFIT_BALANCE_YOY,source_derived:8df7e6221f6dc2a0,source,percent_point,decimal,0.01,True,False,passthrough,Raw wide field preserved as traceable long-form item,
31635b34-d1ee-46d4-9c0f-32ae3f30d567,stock_profit_sheet_by_report_em,OPERATE_PROFIT,source_derived:5291e5a3a58456ec,source,CNY_yuan,CNY_yuan,1.0,True,False,passthrough,Raw wide field preserved as traceable long-form item,
31635b34-d1ee-46d4-9c0f-32ae3f30d567,stock_profit_sheet_by_report_em,OPERATE_PROFIT_YOY,source_derived:04010bc4fc9bc4ea,source,percent_point,decimal,0.01,True,False,passthrough,Raw wide field preserved as traceable long-form item,
31635b34-d1ee-46d4-9c0f-32ae3f30d567,stock_profit_sheet_by_report_em,NONBUSINESS_INCOME,source_derived:4680bf603e0a0829,source,CNY_yuan,CNY_yuan,1.0,True,False,passthrough,Raw wide field preserved as traceable long-form item,
31635b34-d1ee-46d4-9c0f-32ae3f30d567,stock_profit_sheet_by_report_em,NONBUSINESS_INCOME_YOY,source_derived:71bb5faf6988765d,source,percent_point,decimal,0.01,True,False,passthrough,Raw wide field preserved as traceable long-form item,
31635b34-d1ee-46d4-9c0f-32ae3f30d567,stock_profit_sheet_by_report_em,NONCURRENT_DISPOSAL_INCOME,source_derived:ceda100aae8b8ee4,source,CNY_yuan,CNY_yuan,1.0,True,False,passthrough,Raw wide field preserved as traceable long-form item,
31635b34-d1ee-46d4-9c0f-32ae3f30d567,stock_profit_sheet_by_report_em,NONCURRENT_DISPOSAL_INCOME_YOY,source_derived:f747ecdf9ac66d98,source,percent_point,decimal,0.01,True,False,passthrough,Raw wide field preserved as traceable long-form item,
31635b34-d1ee-46d4-9c0f-32ae3f30d567,stock_profit_sheet_by_report_em,NONBUSINESS_EXPENSE,source_derived:20d29dfc5f5ff552,source,CNY_yuan,CNY_yuan,1.0,True,False,passthrough,Raw wide field preserved as traceable long-form item,
31635b34-d1ee-46d4-9c0f-32ae3f30d567,stock_profit_sheet_by_report_em,NONBUSINESS_EXPENSE_YOY,source_derived:a9fc1354fd0d98ea,source,percent_point,decimal,0.01,True,False,passthrough,Raw wide field preserved as traceable long-form item,
31635b34-d1ee-46d4-9c0f-32ae3f30d567,stock_profit_sheet_by_report_em,NONCURRENT_DISPOSAL_LOSS,source_derived:3e4a0a0ae18444be,source,CNY_yuan,CNY_yuan,1.0,True,False,passthrough,Raw wide field preserved as traceable long-form item,
31635b34-d1ee-46d4-9c0f-32ae3f30d567,stock_profit_sheet_by_report_em,NONCURRENT_DISPOSAL_LOSS_YOY,source_derived:1aa271bbbf19c68f,source,percent_point,decimal,0.01,True,False,passthrough,Raw wide field preserved as traceable long-form item,
31635b34-d1ee-46d4-9c0f-32ae3f30d567,stock_profit_sheet_by_report_em,EFFECT_TP_OTHER,source_derived:371820d606687655,source,CNY_yuan,CNY_yuan,1.0,True,False,passthrough,Raw wide field preserved as traceable long-form item,
31635b34-d1ee-46d4-9c0f-32ae3f30d567,stock_profit_sheet_by_report_em,EFFECT_TP_OTHER_YOY,source_derived:bea83e718e5b5b48,source,percent_point,decimal,0.01,True,False,passthrough,Raw wide field preserved as traceable long-form item,
31635b34-d1ee-46d4-9c0f-32ae3f30d567,stock_profit_sheet_by_report_em,TOTAL_PROFIT_BALANCE,source_derived:8366b091cdee0e24,source,CNY_yuan,CNY_yuan,1.0,True,False,passthrough,Raw wide field preserved as traceable long-form item,
31635b34-d1ee-46d4-9c0f-32ae3f30d567,stock_profit_sheet_by_report_em,TOTAL_PROFIT_BALANCE_YOY,source_derived:80163cece5d5aa2d,source,percent_point,decimal,0.01,True,False,passthrough,Raw wide field preserved as traceable long-form item,
31635b34-d1ee-46d4-9c0f-32ae3f30d567,stock_profit_sheet_by_report_em,TOTAL_PROFIT,source_derived:13d4fc601b3c7c2a,source,CNY_yuan,CNY_yuan,1.0,True,False,passthrough,Raw wide field preserved as traceable long-form item,
31635b34-d1ee-46d4-9c0f-32ae3f30d567,stock_profit_sheet_by_report_em,TOTAL_PROFIT_YOY,source_derived:cac5976e6531f483,source,percent_point,decimal,0.01,True,False,passthrough,Raw wide field preserved as traceable long-form item,
31635b34-d1ee-46d4-9c0f-32ae3f30d567,stock_profit_sheet_by_report_em,INCOME_TAX,source_derived:a2a8fdc014736a75,source,CNY_yuan,CNY_yuan,1.0,True,False,passthrough,Raw wide field preserved as traceable long-form item,
31635b34-d1ee-46d4-9c0f-32ae3f30d567,stock_profit_sheet_by_report_em,INCOME_TAX_YOY,source_derived:bbd87e89cd72dc2b,source,percent_point,decimal,0.01,True,False,passthrough,Raw wide field preserved as traceable long-form item,
31635b34-d1ee-46d4-9c0f-32ae3f30d567,stock_profit_sheet_by_report_em,EFFECT_NETPROFIT_OTHER,source_derived:79887b4274029aa6,source,CNY_yuan,CNY_yuan,1.0,True,False,passthrough,Raw wide field preserved as traceable long-form item,
31635b34-d1ee-46d4-9c0f-32ae3f30d567,stock_profit_sheet_by_report_em,EFFECT_NETPROFIT_OTHER_YOY,source_derived:b2dacfea5662dd99,source,percent_point,decimal,0.01,True,False,passthrough,Raw wide field preserved as traceable long-form item,
31635b34-d1ee-46d4-9c0f-32ae3f30d567,stock_profit_sheet_by_report_em,EFFECT_NETPROFIT_BALANCE,source_derived:c8ab4f189d53dadc,source,CNY_yuan,CNY_yuan,1.0,True,False,passthrough,Raw wide field preserved as traceable long-form item,
31635b34-d1ee-46d4-9c0f-32ae3f30d567,stock_profit_sheet_by_report_em,EFFECT_NETPROFIT_BALANCE_YOY,source_derived:dd072600fe503fd4,source,percent_point,decimal,0.01,True,False,passthrough,Raw wide field preserved as traceable long-form item,
31635b34-d1ee-46d4-9c0f-32ae3f30d567,stock_profit_sheet_by_report_em,UNCONFIRM_INVEST_LOSS,source_derived:c9f07bd1fa2e6944,source,CNY_yuan,CNY_yuan,1.0,True,False,passthrough,Raw wide field preserved as traceable long-form item,
31635b34-d1ee-46d4-9c0f-32ae3f30d567,stock_profit_sheet_by_report_em,UNCONFIRM_INVEST_LOSS_YOY,source_derived:4a0ef6bbc3e6514f,source,percent_point,decimal,0.01,True,False,passthrough,Raw wide field preserved as traceable long-form item,
31635b34-d1ee-46d4-9c0f-32ae3f30d567,stock_profit_sheet_by_report_em,NETPROFIT,source_derived:1275bd6f985644e6,source,CNY_yuan,CNY_yuan,1.0,True,False,passthrough,Raw wide field preserved as traceable long-form item,
31635b34-d1ee-46d4-9c0f-32ae3f30d567,stock_profit_sheet_by_report_em,NETPROFIT_YOY,source_derived:7bee233f453666ee,source,percent_point,decimal,0.01,True,False,passthrough,Raw wide field preserved as traceable long-form item,
31635b34-d1ee-46d4-9c0f-32ae3f30d567,stock_profit_sheet_by_report_em,PRECOMBINE_PROFIT,source_derived:7b1dab46381e0e37,source,CNY_yuan,CNY_yuan,1.0,True,False,passthrough,Raw wide field preserved as traceable long-form item,
31635b34-d1ee-46d4-9c0f-32ae3f30d567,stock_profit_sheet_by_report_em,PRECOMBINE_PROFIT_YOY,source_derived:f86fe82ccf0c227e,source,percent_point,decimal,0.01,True,False,passthrough,Raw wide field preserved as traceable long-form item,
31635b34-d1ee-46d4-9c0f-32ae3f30d567,stock_profit_sheet_by_report_em,CONTINUED_NETPROFIT,source_derived:1e538d9407f887f2,source,CNY_yuan,CNY_yuan,1.0,True,False,passthrough,Raw wide field preserved as traceable long-form item,
31635b34-d1ee-46d4-9c0f-32ae3f30d567,stock_profit_sheet_by_report_em,CONTINUED_NETPROFIT_YOY,source_derived:ac7bc6880674598c,source,percent_point,decimal,0.01,True,False,passthrough,Raw wide field preserved as traceable long-form item,
31635b34-d1ee-46d4-9c0f-32ae3f30d567,stock_profit_sheet_by_report_em,DISCONTINUED_NETPROFIT,source_derived:5e6bba8ee7a0b8f2,source,CNY_yuan,CNY_yuan,1.0,True,False,passthrough,Raw wide field preserved as traceable long-form item,
31635b34-d1ee-46d4-9c0f-32ae3f30d567,stock_profit_sheet_by_report_em,DISCONTINUED_NETPROFIT_YOY,source_derived:1789b4fc335370b1,source,percent_point,decimal,0.01,True,False,passthrough,Raw wide field preserved as traceable long-form item,
31635b34-d1ee-46d4-9c0f-32ae3f30d567,stock_profit_sheet_by_report_em,PARENT_NETPROFIT,source_derived:6148651e0be99d23,source,CNY_yuan,CNY_yuan,1.0,True,False,passthrough,Raw wide field preserved as traceable long-form item,
31635b34-d1ee-46d4-9c0f-32ae3f30d567,stock_profit_sheet_by_report_em,PARENT_NETPROFIT_YOY,source_derived:9b6871a825308abb,source,percent_point,decimal,0.01,True,False,passthrough,Raw wide field preserved as traceable long-form item,
31635b34-d1ee-46d4-9c0f-32ae3f30d567,stock_profit_sheet_by_report_em,MINORITY_INTEREST,source_derived:ca442e3c4a390c58,source,CNY_yuan,CNY_yuan,1.0,True,False,passthrough,Raw wide field preserved as traceable long-form item,
31635b34-d1ee-46d4-9c0f-32ae3f30d567,stock_profit_sheet_by_report_em,MINORITY_INTEREST_YOY,source_derived:288dcdc35e3481d0,source,percent_point,decimal,0.01,True,False,passthrough,Raw wide field preserved as traceable long-form item,
31635b34-d1ee-46d4-9c0f-32ae3f30d567,stock_profit_sheet_by_report_em,DEDUCT_PARENT_NETPROFIT,source_derived:a79c697bd40f2726,source,CNY_yuan,CNY_yuan,1.0,True,False,passthrough,Raw wide field preserved as traceable long-form item,
31635b34-d1ee-46d4-9c0f-32ae3f30d567,stock_profit_sheet_by_report_em,DEDUCT_PARENT_NETPROFIT_YOY,source_derived:0b9812d0461fff1d,source,percent_point,decimal,0.01,True,False,passthrough,Raw wide field preserved as traceable long-form item,
31635b34-d1ee-46d4-9c0f-32ae3f30d567,stock_profit_sheet_by_report_em,NETPROFIT_OTHER,source_derived:46c71666084bde1d,source,CNY_yuan,CNY_yuan,1.0,True,False,passthrough,Raw wide field preserved as traceable long-form item,
31635b34-d1ee-46d4-9c0f-32ae3f30d567,stock_profit_sheet_by_report_em,NETPROFIT_OTHER_YOY,source_derived:84ee95fe91647e44,source,percent_point,decimal,0.01,True,False,passthrough,Raw wide field preserved as traceable long-form item,
31635b34-d1ee-46d4-9c0f-32ae3f30d567,stock_profit_sheet_by_report_em,NETPROFIT_BALANCE,source_derived:662b1168fa91941c,source,CNY_yuan,CNY_yuan,1.0,True,False,passthrough,Raw wide field preserved as traceable long-form item,
31635b34-d1ee-46d4-9c0f-32ae3f30d567,stock_profit_sheet_by_report_em,NETPROFIT_BALANCE_YOY,source_derived:ddcc96d7586d4bd7,source,percent_point,decimal,0.01,True,False,passthrough,Raw wide field preserved as traceable long-form item,
31635b34-d1ee-46d4-9c0f-32ae3f30d567,stock_profit_sheet_by_report_em,BASIC_EPS,source_derived:34ebbaeb60600040,source,CNY_per_share,CNY_per_share,1.0,True,False,passthrough,Raw wide field preserved as traceable long-form item,
31635b34-d1ee-46d4-9c0f-32ae3f30d567,stock_profit_sheet_by_report_em,BASIC_EPS_YOY,source_derived:57d8a5304d5faa2e,source,percent_point,decimal,0.01,True,False,passthrough,Raw wide field preserved as traceable long-form item,
31635b34-d1ee-46d4-9c0f-32ae3f30d567,stock_profit_sheet_by_report_em,DILUTED_EPS,source_derived:bc2a1419a5a08d56,source,CNY_per_share,CNY_per_share,1.0,True,False,passthrough,Raw wide field preserved as traceable long-form item,
31635b34-d1ee-46d4-9c0f-32ae3f30d567,stock_profit_sheet_by_report_em,DILUTED_EPS_YOY,source_derived:c0b4803341cbf545,source,percent_point,decimal,0.01,True,False,passthrough,Raw wide field preserved as traceable long-form item,
31635b34-d1ee-46d4-9c0f-32ae3f30d567,stock_profit_sheet_by_report_em,OTHER_COMPRE_INCOME,source_derived:fe659cf8395c1f32,source,CNY_yuan,CNY_yuan,1.0,True,False,passthrough,Raw wide field preserved as traceable long-form item,
31635b34-d1ee-46d4-9c0f-32ae3f30d567,stock_profit_sheet_by_report_em,OTHER_COMPRE_INCOME_YOY,source_derived:cbf609c2511129a6,source,percent_point,decimal,0.01,True,False,passthrough,Raw wide field preserved as traceable long-form item,
31635b34-d1ee-46d4-9c0f-32ae3f30d567,stock_profit_sheet_by_report_em,PARENT_OCI,source_derived:e1e98b9d2ac7c5f4,source,CNY_yuan,CNY_yuan,1.0,True,False,passthrough,Raw wide field preserved as traceable long-form item,
31635b34-d1ee-46d4-9c0f-32ae3f30d567,stock_profit_sheet_by_report_em,PARENT_OCI_YOY,source_derived:3c51d51c1bc6c733,source,percent_point,decimal,0.01,True,False,passthrough,Raw wide field preserved as traceable long-form item,
31635b34-d1ee-46d4-9c0f-32ae3f30d567,stock_profit_sheet_by_report_em,MINORITY_OCI,source_derived:d07525750ccb7883,source,CNY_yuan,CNY_yuan,1.0,True,False,passthrough,Raw wide field preserved as traceable long-form item,
31635b34-d1ee-46d4-9c0f-32ae3f30d567,stock_profit_sheet_by_report_em,MINORITY_OCI_YOY,source_derived:820afd9eb213257c,source,percent_point,decimal,0.01,True,False,passthrough,Raw wide field preserved as traceable long-form item,
31635b34-d1ee-46d4-9c0f-32ae3f30d567,stock_profit_sheet_by_report_em,PARENT_OCI_OTHER,source_derived:937202eca66c7243,source,CNY_yuan,CNY_yuan,1.0,True,False,passthrough,Raw wide field preserved as traceable long-form item,
31635b34-d1ee-46d4-9c0f-32ae3f30d567,stock_profit_sheet_by_report_em,PARENT_OCI_OTHER_YOY,source_derived:6b64ec8d32171b94,source,percent_point,decimal,0.01,True,False,passthrough,Raw wide field preserved as traceable long-form item,
31635b34-d1ee-46d4-9c0f-32ae3f30d567,stock_profit_sheet_by_report_em,PARENT_OCI_BALANCE,source_derived:613bcf663171ebbe,source,CNY_yuan,CNY_yuan,1.0,True,False,passthrough,Raw wide field preserved as traceable long-form item,
31635b34-d1ee-46d4-9c0f-32ae3f30d567,stock_profit_sheet_by_report_em,PARENT_OCI_BALANCE_YOY,source_derived:c82c274112d2e4cc,source,percent_point,decimal,0.01,True,False,passthrough,Raw wide field preserved as traceable long-form item,
31635b34-d1ee-46d4-9c0f-32ae3f30d567,stock_profit_sheet_by_report_em,UNABLE_OCI,source_derived:c1480cd7d0b5076d,source,CNY_yuan,CNY_yuan,1.0,True,False,passthrough,Raw wide field preserved as traceable long-form item,
31635b34-d1ee-46d4-9c0f-32ae3f30d567,stock_profit_sheet_by_report_em,UNABLE_OCI_YOY,source_derived:6b7350dbec53dd87,source,percent_point,decimal,0.01,True,False,passthrough,Raw wide field preserved as traceable long-form item,
31635b34-d1ee-46d4-9c0f-32ae3f30d567,stock_profit_sheet_by_report_em,CREDITRISK_FAIRVALUE_CHANGE,source_derived:5230c638d94e088a,source,CNY_yuan,CNY_yuan,1.0,True,False,passthrough,Raw wide field preserved as traceable long-form item,
31635b34-d1ee-46d4-9c0f-32ae3f30d567,stock_profit_sheet_by_report_em,CREDITRISK_FAIRVALUE_CHANGE_YOY,source_derived:0157b1eb0af58bcd,source,percent_point,decimal,0.01,True,False,passthrough,Raw wide field preserved as traceable long-form item,
31635b34-d1ee-46d4-9c0f-32ae3f30d567,stock_profit_sheet_by_report_em,OTHERRIGHT_FAIRVALUE_CHANGE,source_derived:5ed87ae066e5833a,source,CNY_yuan,CNY_yuan,1.0,True,False,passthrough,Raw wide field preserved as traceable long-form item,
31635b34-d1ee-46d4-9c0f-32ae3f30d567,stock_profit_sheet_by_report_em,OTHERRIGHT_FAIRVALUE_CHANGE_YOY,source_derived:17118dd40e17cbef,source,percent_point,decimal,0.01,True,False,passthrough,Raw wide field preserved as traceable long-form item,
31635b34-d1ee-46d4-9c0f-32ae3f30d567,stock_profit_sheet_by_report_em,SETUP_PROFIT_CHANGE,source_derived:5a00ee4f1057feb8,source,CNY_yuan,CNY_yuan,1.0,True,False,passthrough,Raw wide field preserved as traceable long-form item,
31635b34-d1ee-46d4-9c0f-32ae3f30d567,stock_profit_sheet_by_report_em,SETUP_PROFIT_CHANGE_YOY,source_derived:4c1bc0d0e603af0d,source,percent_point,decimal,0.01,True,False,passthrough,Raw wide field preserved as traceable long-form item,
31635b34-d1ee-46d4-9c0f-32ae3f30d567,stock_profit_sheet_by_report_em,RIGHTLAW_UNABLE_OCI,source_derived:fad052fb837ffdad,source,CNY_yuan,CNY_yuan,1.0,True,False,passthrough,Raw wide field preserved as traceable long-form item,
31635b34-d1ee-46d4-9c0f-32ae3f30d567,stock_profit_sheet_by_report_em,RIGHTLAW_UNABLE_OCI_YOY,source_derived:7d0f7f4d52fc1bfb,source,percent_point,decimal,0.01,True,False,passthrough,Raw wide field preserved as traceable long-form item,
31635b34-d1ee-46d4-9c0f-32ae3f30d567,stock_profit_sheet_by_report_em,UNABLE_OCI_OTHER,source_derived:45deb0b27749fb06,source,CNY_yuan,CNY_yuan,1.0,True,False,passthrough,Raw wide field preserved as traceable long-form item,
31635b34-d1ee-46d4-9c0f-32ae3f30d567,stock_profit_sheet_by_report_em,UNABLE_OCI_OTHER_YOY,source_derived:18ef3f8017af0b50,source,percent_point,decimal,0.01,True,False,passthrough,Raw wide field preserved as traceable long-form item,
31635b34-d1ee-46d4-9c0f-32ae3f30d567,stock_profit_sheet_by_report_em,UNABLE_OCI_BALANCE,source_derived:f986b47aee31252f,source,CNY_yuan,CNY_yuan,1.0,True,False,passthrough,Raw wide field preserved as traceable long-form item,
31635b34-d1ee-46d4-9c0f-32ae3f30d567,stock_profit_sheet_by_report_em,UNABLE_OCI_BALANCE_YOY,source_derived:0f1914b104513211,source,percent_point,decimal,0.01,True,False,passthrough,Raw wide field preserved as traceable long-form item,
31635b34-d1ee-46d4-9c0f-32ae3f30d567,stock_profit_sheet_by_report_em,ABLE_OCI,source_derived:e08ab0bb26af4c8c,source,CNY_yuan,CNY_yuan,1.0,True,False,passthrough,Raw wide field preserved as traceable long-form item,
31635b34-d1ee-46d4-9c0f-32ae3f30d567,stock_profit_sheet_by_report_em,ABLE_OCI_YOY,source_derived:2494258521bb1156,source,percent_point,decimal,0.01,True,False,passthrough,Raw wide field preserved as traceable long-form item,
31635b34-d1ee-46d4-9c0f-32ae3f30d567,stock_profit_sheet_by_report_em,RIGHTLAW_ABLE_OCI,source_derived:19f948db819545f3,source,CNY_yuan,CNY_yuan,1.0,True,False,passthrough,Raw wide field preserved as traceable long-form item,
31635b34-d1ee-46d4-9c0f-32ae3f30d567,stock_profit_sheet_by_report_em,RIGHTLAW_ABLE_OCI_YOY,source_derived:3a7a7081e586099f,source,percent_point,decimal,0.01,True,False,passthrough,Raw wide field preserved as traceable long-form item,
31635b34-d1ee-46d4-9c0f-32ae3f30d567,stock_profit_sheet_by_report_em,AFA_FAIRVALUE_CHANGE,source_derived:8938b3c6ec41409a,source,CNY_yuan,CNY_yuan,1.0,True,False,passthrough,Raw wide field preserved as traceable long-form item,
31635b34-d1ee-46d4-9c0f-32ae3f30d567,stock_profit_sheet_by_report_em,AFA_FAIRVALUE_CHANGE_YOY,source_derived:ee3846a4ecb04250,source,percent_point,decimal,0.01,True,False,passthrough,Raw wide field preserved as traceable long-form item,
31635b34-d1ee-46d4-9c0f-32ae3f30d567,stock_profit_sheet_by_report_em,HMI_AFA,source_derived:d9976e6d31a3e52c,source,CNY_yuan,CNY_yuan,1.0,True,False,passthrough,Raw wide field preserved as traceable long-form item,
31635b34-d1ee-46d4-9c0f-32ae3f30d567,stock_profit_sheet_by_report_em,HMI_AFA_YOY,source_derived:3a0f5eee8fdd92aa,source,percent_point,decimal,0.01,True,False,passthrough,Raw wide field preserved as traceable long-form item,
31635b34-d1ee-46d4-9c0f-32ae3f30d567,stock_profit_sheet_by_report_em,CASHFLOW_HEDGE_VALID,source_derived:56b372df0a73b422,source,CNY_yuan,CNY_yuan,1.0,True,False,passthrough,Raw wide field preserved as traceable long-form item,
31635b34-d1ee-46d4-9c0f-32ae3f30d567,stock_profit_sheet_by_report_em,CASHFLOW_HEDGE_VALID_YOY,source_derived:295afaaa479b986d,source,percent_point,decimal,0.01,True,False,passthrough,Raw wide field preserved as traceable long-form item,
31635b34-d1ee-46d4-9c0f-32ae3f30d567,stock_profit_sheet_by_report_em,CREDITOR_FAIRVALUE_CHANGE,source_derived:3af3d829099162dd,source,CNY_yuan,CNY_yuan,1.0,True,False,passthrough,Raw wide field preserved as traceable long-form item,
31635b34-d1ee-46d4-9c0f-32ae3f30d567,stock_profit_sheet_by_report_em,CREDITOR_FAIRVALUE_CHANGE_YOY,source_derived:33560c56491618cb,source,percent_point,decimal,0.01,True,False,passthrough,Raw wide field preserved as traceable long-form item,
31635b34-d1ee-46d4-9c0f-32ae3f30d567,stock_profit_sheet_by_report_em,CREDITOR_IMPAIRMENT_RESERVE,source_derived:f6f7cfa316c8ee45,source,CNY_yuan,CNY_yuan,1.0,True,False,passthrough,Raw wide field preserved as traceable long-form item,
31635b34-d1ee-46d4-9c0f-32ae3f30d567,stock_profit_sheet_by_report_em,CREDITOR_IMPAIRMENT_RESERVE_YOY,source_derived:127ec89182d4cd3a,source,percent_point,decimal,0.01,True,False,passthrough,Raw wide field preserved as traceable long-form item,
31635b34-d1ee-46d4-9c0f-32ae3f30d567,stock_profit_sheet_by_report_em,FINANCE_OCI_AMT,source_derived:d89b68389258395e,source,CNY_yuan,CNY_yuan,1.0,True,False,passthrough,Raw wide field preserved as traceable long-form item,
31635b34-d1ee-46d4-9c0f-32ae3f30d567,stock_profit_sheet_by_report_em,FINANCE_OCI_AMT_YOY,source_derived:e117dc79415821d3,source,percent_point,decimal,0.01,True,False,passthrough,Raw wide field preserved as traceable long-form item,
31635b34-d1ee-46d4-9c0f-32ae3f30d567,stock_profit_sheet_by_report_em,CONVERT_DIFF,source_derived:e5ef1e52b16caa67,source,CNY_yuan,CNY_yuan,1.0,True,False,passthrough,Raw wide field preserved as traceable long-form item,
31635b34-d1ee-46d4-9c0f-32ae3f30d567,stock_profit_sheet_by_report_em,CONVERT_DIFF_YOY,source_derived:431a2fb35bfeb023,source,percent_point,decimal,0.01,True,False,passthrough,Raw wide field preserved as traceable long-form item,
31635b34-d1ee-46d4-9c0f-32ae3f30d567,stock_profit_sheet_by_report_em,ABLE_OCI_OTHER,source_derived:9d12913a11ea1088,source,CNY_yuan,CNY_yuan,1.0,True,False,passthrough,Raw wide field preserved as traceable long-form item,
31635b34-d1ee-46d4-9c0f-32ae3f30d567,stock_profit_sheet_by_report_em,ABLE_OCI_OTHER_YOY,source_derived:26d83d9f8c0a1e78,source,percent_point,decimal,0.01,True,False,passthrough,Raw wide field preserved as traceable long-form item,
31635b34-d1ee-46d4-9c0f-32ae3f30d567,stock_profit_sheet_by_report_em,ABLE_OCI_BALANCE,source_derived:c2630fea06a48b6f,source,CNY_yuan,CNY_yuan,1.0,True,False,passthrough,Raw wide field preserved as traceable long-form item,
31635b34-d1ee-46d4-9c0f-32ae3f30d567,stock_profit_sheet_by_report_em,ABLE_OCI_BALANCE_YOY,source_derived:8734669a9e61e68d,source,percent_point,decimal,0.01,True,False,passthrough,Raw wide field preserved as traceable long-form item,
31635b34-d1ee-46d4-9c0f-32ae3f30d567,stock_profit_sheet_by_report_em,OCI_OTHER,source_derived:8f9edc2d459ce5a9,source,CNY_yuan,CNY_yuan,1.0,True,False,passthrough,Raw wide field preserved as traceable long-form item,
31635b34-d1ee-46d4-9c0f-32ae3f30d567,stock_profit_sheet_by_report_em,OCI_OTHER_YOY,source_derived:91555b3af7acc09f,source,percent_point,decimal,0.01,True,False,passthrough,Raw wide field preserved as traceable long-form item,
31635b34-d1ee-46d4-9c0f-32ae3f30d567,stock_profit_sheet_by_report_em,OCI_BALANCE,source_derived:dd2688b5782e3e69,source,CNY_yuan,CNY_yuan,1.0,True,False,passthrough,Raw wide field preserved as traceable long-form item,
31635b34-d1ee-46d4-9c0f-32ae3f30d567,stock_profit_sheet_by_report_em,OCI_BALANCE_YOY,source_derived:743d4489968c0afa,source,percent_point,decimal,0.01,True,False,passthrough,Raw wide field preserved as traceable long-form item,
31635b34-d1ee-46d4-9c0f-32ae3f30d567,stock_profit_sheet_by_report_em,TOTAL_COMPRE_INCOME,source_derived:e44da6cae5c8ab84,source,CNY_yuan,CNY_yuan,1.0,True,False,passthrough,Raw wide field preserved as traceable long-form item,
31635b34-d1ee-46d4-9c0f-32ae3f30d567,stock_profit_sheet_by_report_em,TOTAL_COMPRE_INCOME_YOY,source_derived:019607b50ec5ac08,source,percent_point,decimal,0.01,True,False,passthrough,Raw wide field preserved as traceable long-form item,
31635b34-d1ee-46d4-9c0f-32ae3f30d567,stock_profit_sheet_by_report_em,PARENT_TCI,source_derived:d9e7a0a1309e0184,source,CNY_yuan,CNY_yuan,1.0,True,False,passthrough,Raw wide field preserved as traceable long-form item,
31635b34-d1ee-46d4-9c0f-32ae3f30d567,stock_profit_sheet_by_report_em,PARENT_TCI_YOY,source_derived:330fdb0c53f3b727,source,percent_point,decimal,0.01,True,False,passthrough,Raw wide field preserved as traceable long-form item,
31635b34-d1ee-46d4-9c0f-32ae3f30d567,stock_profit_sheet_by_report_em,MINORITY_TCI,source_derived:0015563fc6237938,source,CNY_yuan,CNY_yuan,1.0,True,False,passthrough,Raw wide field preserved as traceable long-form item,
31635b34-d1ee-46d4-9c0f-32ae3f30d567,stock_profit_sheet_by_report_em,MINORITY_TCI_YOY,source_derived:0003ad4f54133a10,source,percent_point,decimal,0.01,True,False,passthrough,Raw wide field preserved as traceable long-form item,
31635b34-d1ee-46d4-9c0f-32ae3f30d567,stock_profit_sheet_by_report_em,PRECOMBINE_TCI,source_derived:34d15b147343ad06,source,CNY_yuan,CNY_yuan,1.0,True,False,passthrough,Raw wide field preserved as traceable long-form item,
31635b34-d1ee-46d4-9c0f-32ae3f30d567,stock_profit_sheet_by_report_em,PRECOMBINE_TCI_YOY,source_derived:59244007a72b0be2,source,percent_point,decimal,0.01,True,False,passthrough,Raw wide field preserved as traceable long-form item,
31635b34-d1ee-46d4-9c0f-32ae3f30d567,stock_profit_sheet_by_report_em,EFFECT_TCI_BALANCE,source_derived:60fcc2660463a44c,source,CNY_yuan,CNY_yuan,1.0,True,False,passthrough,Raw wide field preserved as traceable long-form item,
31635b34-d1ee-46d4-9c0f-32ae3f30d567,stock_profit_sheet_by_report_em,EFFECT_TCI_BALANCE_YOY,source_derived:5fd8bf17704d607f,source,percent_point,decimal,0.01,True,False,passthrough,Raw wide field preserved as traceable long-form item,
31635b34-d1ee-46d4-9c0f-32ae3f30d567,stock_profit_sheet_by_report_em,TCI_OTHER,source_derived:115419fb0d0ef2ae,source,CNY_yuan,CNY_yuan,1.0,True,False,passthrough,Raw wide field preserved as traceable long-form item,
31635b34-d1ee-46d4-9c0f-32ae3f30d567,stock_profit_sheet_by_report_em,TCI_OTHER_YOY,source_derived:70c96f201a8b61f8,source,percent_point,decimal,0.01,True,False,passthrough,Raw wide field preserved as traceable long-form item,
31635b34-d1ee-46d4-9c0f-32ae3f30d567,stock_profit_sheet_by_report_em,TCI_BALANCE,source_derived:2377c730ae805607,source,CNY_yuan,CNY_yuan,1.0,True,False,passthrough,Raw wide field preserved as traceable long-form item,
31635b34-d1ee-46d4-9c0f-32ae3f30d567,stock_profit_sheet_by_report_em,TCI_BALANCE_YOY,source_derived:c6dc19c93d7063b7,source,percent_point,decimal,0.01,True,False,passthrough,Raw wide field preserved as traceable long-form item,
31635b34-d1ee-46d4-9c0f-32ae3f30d567,stock_profit_sheet_by_report_em,ACF_END_INCOME,source_derived:bb41267129c14a1d,source,CNY_yuan,CNY_yuan,1.0,True,False,passthrough,Raw wide field preserved as traceable long-form item,
31635b34-d1ee-46d4-9c0f-32ae3f30d567,stock_profit_sheet_by_report_em,ACF_END_INCOME_YOY,source_derived:0533bbc03bb2057f,source,percent_point,decimal,0.01,True,False,passthrough,Raw wide field preserved as traceable long-form item,
31635b34-d1ee-46d4-9c0f-32ae3f30d567,stock_profit_sheet_by_report_em,OPINION_TYPE,source_derived:8284e770b12c26af,source,CNY_yuan,CNY_yuan,1.0,True,False,passthrough,Raw wide field preserved as traceable long-form item,
