run_id,interface,function_signature,market,symbol,provider,request_parameters,request_time,outcome,status,row_count,columns,earliest_date,latest_date,report_period_type,announcement_date_available,error_type,error_message,attempt_count,duration_ms,data_category,data_temporality,akshare_version,snapshot_time,analysis_as_of_date,audit_only,eligible_for_analysis,schema_hash,sha256,raw_data_path,metadata_path
b276fa2d-1462-4b44-a38c-14013555293c,stock_financial_abstract,(symbol: str = '600004') -> pandas.DataFrame,A,600763,Sina,"{""symbol"":""600763""}",2026-08-27T03:12:50.650695+00:00,success,PASS,80,"[""选项"", ""指标"", ""20260630"", ""20260331"", ""20251231"", ""20250930"", ""20250630"", ""20250331"", ""20241231"", ""20240930"", ""20240630"", ""20240331"", ""20231231"", ""20230930"", ""20230630"", ""20230331"", ""20221231"", ""20220930"", ""20220630"", ""20220331"", ""20211231"", ""20210930"", ""20210630"", ""20210331"", ""20201231"", ""20200930"", ""20200630"", ""20200331"", ""20191231"", ""20190930"", ""20190630"", ""20190331"", ""20181231"", ""20180930"", ""20180630"", ""20180331"", ""20171231"", ""20170930"", ""20170630"", ""20170331"", ""20161231"", ""20160930"", ""20160630"", ""20160331"", ""20151231"", ""20150930"", ""20150630"", ""20150331"", ""20141231"", ""20140930"", ""20140630"", ""20140331"", ""20131231"", ""20130930"", ""20130630"", ""20130331"", ""20121231"", ""20120930"", ""20120630"", ""20120331"", ""20111231"", ""20110930"", ""20110630"", ""20110331"", ""20101231"", ""20100930"", ""20100630"", ""20100331"", ""20091231"", ""20090930"", ""20090630"", ""20090331"", ""20081231"", ""20080930"", ""20080630"", ""20080331"", ""20071231"", ""20070930"", ""20070630"", ""20070331"", ""20061231"", ""20060930"", ""20060630"", ""20060331"", ""20051231"", ""20050930"", ""20050630"", ""20050331"", ""20041231"", ""20040930"", ""20040630"", ""20040331"", ""20031231"", ""20030930"", ""20030630"", ""20030331"", ""20021231"", ""20020930"", ""20020630"", ""20020331"", ""20011231"", ""20010930"", ""20010630"", ""20001231"", ""20000630"", ""19991231"", ""19990630"", ""19981231"", ""19980630"", ""19971231"", ""19970630"", ""19961231"", ""19951231"", ""19941231"", ""19931231""]",1993-12-31,2026-06-30,all_available,False,,,1,724.88,financial_abstract,history,1.18.80,,2026-07-27,False,True,8ad04d770a2b8834bce0c24161dec9922f4768ef6d0354367be6b4490eaf8d2e,777f505fd48527ca6d8f7bb3a319f558f8c13c7f583a1e61293bd32b1f367a99,data/raw/stage18/interface_audit/run_id=b276fa2d-1462-4b44-a38c-14013555293c/financial_abstract/market=A/symbol=600763/audit=7165aef84b43/data.parquet,data/raw/stage18/interface_audit/run_id=b276fa2d-1462-4b44-a38c-14013555293c/financial_abstract/market=A/symbol=600763/audit=7165aef84b43/metadata.json
b276fa2d-1462-4b44-a38c-14013555293c,stock_financial_analysis_indicator,"(symbol: str = '600004', start_year: str = '1900') -> pandas.DataFrame",A,600763,Sina,"{""start_year"":""1900"",""symbol"":""600763""}",2026-08-27T03:12:51.452188+00:00,success,PASS,111,"[""日期"", ""摊薄每股收益(元)"", ""加权每股收益(元)"", ""每股收益_调整后(元)"", ""扣除非经常性损益后的每股收益(元)"", ""每股净资产_调整前(元)"", ""每股净资产_调整后(元)"", ""每股经营性现金流(元)"", ""每股资本公积金(元)"", ""每股未分配利润(元)"", ""调整后的每股净资产(元)"", ""总资产利润率(%)"", ""主营业务利润率(%)"", ""总资产净利润率(%)"", ""成本费用利润率(%)"", ""营业利润率(%)"", ""主营业务成本率(%)"", ""销售净利率(%)"", ""股本报酬率(%)"", ""净资产报酬率(%)"", ""资产报酬率(%)"", ""销售毛利率(%)"", ""三项费用比重"", ""非主营比重"", ""主营利润比重"", ""股息发放率(%)"", ""投资收益率(%)"", ""主营业务利润(元)"", ""净资产收益率(%)"", ""加权净资产收益率(%)"", ""扣除非经常性损益后的净利润(元)"", ""主营业务收入增长率(%)"", ""净利润增长率(%)"", ""净资产增长率(%)"", ""总资产增长率(%)"", ""应收账款周转率(次)"", ""应收账款周转天数(天)"", ""存货周转天数(天)"", ""存货周转率(次)"", ""固定资产周转率(次)"", ""总资产周转率(次)"", ""总资产周转天数(天)"", ""流动资产周转率(次)"", ""流动资产周转天数(天)"", ""股东权益周转率(次)"", ""流动比率"", ""速动比率"", ""现金比率(%)"", ""利息支付倍数"", ""长期债务与营运资金比率(%)"", ""股东权益比率(%)"", ""长期负债比率(%)"", ""股东权益与固定资产比率(%)"", ""负债与所有者权益比率(%)"", ""长期资产与长期资金比率(%)"", ""资本化比率(%)"", ""固定资产净值率(%)"", ""资本固定化比率(%)"", ""产权比率(%)"", ""清算价值比率(%)"", ""固定资产比重(%)"", ""资产负债率(%)"", ""总资产(元)"", ""经营现金净流量对销售收入比率(%)"", ""资产的经营现金流量回报率(%)"", ""经营现金净流量与净利润的比率(%)"", ""经营现金净流量对负债比率(%)"", ""现金流量比率(%)"", ""短期股票投资(元)"", ""短期债券投资(元)"", ""短期其它经营性投资(元)"", ""长期股票投资(元)"", ""长期债券投资(元)"", ""长期其它经营性投资(元)"", ""1年以内应收帐款(元)"", ""1-2年以内应收帐款(元)"", ""2-3年以内应收帐款(元)"", ""3年以内应收帐款(元)"", ""1年以内预付货款(元)"", ""1-2年以内预付货款(元)"", ""2-3年以内预付货款(元)"", ""3年以内预付货款(元)"", ""1年以内其它应收款(元)"", ""1-2年以内其它应收款(元)"", ""2-3年以内其它应收款(元)"", ""3年以内其它应收款(元)""]",1995-12-31,2026-06-30,all_available,False,,,1,2640.207,financial_indicator,history,1.18.80,,2026-07-27,False,True,960d644eb3ae60fb578de75382c7bfdd61a6d74c0310d0579ba4f8fcfc90dc1c,c488a3d49ac93bad58f316eb553564c9a63fd53198055d3a0be5e9b177296a71,data/raw/stage18/interface_audit/run_id=b276fa2d-1462-4b44-a38c-14013555293c/financial_indicator/market=A/symbol=600763/audit=a35d6a3b71f6/data.parquet,data/raw/stage18/interface_audit/run_id=b276fa2d-1462-4b44-a38c-14013555293c/financial_indicator/market=A/symbol=600763/audit=a35d6a3b71f6/metadata.json
b276fa2d-1462-4b44-a38c-14013555293c,stock_balance_sheet_by_report_em,(symbol: str = 'SH600519') -> pandas.DataFrame,A,600763,Eastmoney,"{""symbol"":""SH600763""}",2026-08-27T03:12:54.138014+00:00,success,PASS,113,"[""SECUCODE"", ""SECURITY_CODE"", ""SECURITY_NAME_ABBR"", ""ORG_CODE"", ""ORG_TYPE"", ""REPORT_DATE"", ""REPORT_TYPE"", ""REPORT_DATE_NAME"", ""SECURITY_TYPE_CODE"", ""NOTICE_DATE"", ""UPDATE_DATE"", ""CURRENCY"", ""ACCEPT_DEPOSIT_INTERBANK"", ""ACCOUNTS_PAYABLE"", ""ACCOUNTS_RECE"", ""ACCRUED_EXPENSE"", ""ADVANCE_RECEIVABLES"", ""AGENT_TRADE_SECURITY"", ""AGENT_UNDERWRITE_SECURITY"", ""AMORTIZE_COST_FINASSET"", ""AMORTIZE_COST_FINLIAB"", ""AMORTIZE_COST_NCFINASSET"", ""AMORTIZE_COST_NCFINLIAB"", ""APPOINT_FVTPL_FINASSET"", ""APPOINT_FVTPL_FINLIAB"", ""ASSET_BALANCE"", ""ASSET_OTHER"", ""ASSIGN_CASH_DIVIDEND"", ""AVAILABLE_SALE_FINASSET"", ""BOND_PAYABLE"", ""BORROW_FUND"", ""BUY_RESALE_FINASSET"", ""CAPITAL_RESERVE"", ""CIP"", ""CONSUMPTIVE_BIOLOGICAL_ASSET"", ""CONTRACT_ASSET"", ""CONTRACT_LIAB"", ""CONVERT_DIFF"", ""CREDITOR_INVEST"", ""CURRENT_ASSET_BALANCE"", ""CURRENT_ASSET_OTHER"", ""CURRENT_LIAB_BALANCE"", ""CURRENT_LIAB_OTHER"", ""DEFER_INCOME"", ""DEFER_INCOME_1YEAR"", ""DEFER_TAX_ASSET"", ""DEFER_TAX_LIAB"", ""DERIVE_FINASSET"", ""DERIVE_FINLIAB"", ""DEVELOP_EXPENSE"", ""DIV_HOLDSALE_ASSET"", ""DIV_HOLDSALE_LIAB"", ""DIVIDEND_PAYABLE"", ""DIVIDEND_RECE"", ""EQUITY_BALANCE"", ""EQUITY_OTHER"", ""EXPORT_REFUND_RECE"", ""FEE_COMMISSION_PAYABLE"", ""FIN_FUND"", ""FINANCE_RECE"", ""FIXED_ASSET"", ""FIXED_ASSET_DISPOSAL"", ""FVTOCI_FINASSET"", ""FVTOCI_NCFINASSET"", ""FVTPL_FINASSET"", ""FVTPL_FINLIAB"", ""GENERAL_RISK_RESERVE"", ""GOODWILL"", ""HOLD_MATURITY_INVEST"", ""HOLDSALE_ASSET"", ""HOLDSALE_LIAB"", ""INSURANCE_CONTRACT_RESERVE"", ""INTANGIBLE_ASSET"", ""INTEREST_PAYABLE"", ""INTEREST_RECE"", ""INTERNAL_PAYABLE"", ""INTERNAL_RECE"", ""INVENTORY"", ""INVEST_REALESTATE"", ""LEASE_LIAB"", ""LEND_FUND"", ""LIAB_BALANCE"", ""LIAB_EQUITY_BALANCE"", ""LIAB_EQUITY_OTHER"", ""LIAB_OTHER"", ""LOAN_ADVANCE"", ""LOAN_PBC"", ""LONG_EQUITY_INVEST"", ""LONG_LOAN"", ""LONG_PAYABLE"", ""LONG_PREPAID_EXPENSE"", ""LONG_RECE"", ""LONG_STAFFSALARY_PAYABLE"", ""MINORITY_EQUITY"", ""MONETARYFUNDS"", ""NONCURRENT_ASSET_1YEAR"", ""NONCURRENT_ASSET_BALANCE"", ""NONCURRENT_ASSET_OTHER"", ""NONCURRENT_LIAB_1YEAR"", ""NONCURRENT_LIAB_BALANCE"", ""NONCURRENT_LIAB_OTHER"", ""NOTE_ACCOUNTS_PAYABLE"", ""NOTE_ACCOUNTS_RECE"", ""NOTE_PAYABLE"", ""NOTE_RECE"", ""OIL_GAS_ASSET"", ""OTHER_COMPRE_INCOME"", ""OTHER_CREDITOR_INVEST"", ""OTHER_CURRENT_ASSET"", ""OTHER_CURRENT_LIAB"", ""OTHER_EQUITY_INVEST"", ""OTHER_EQUITY_OTHER"", ""OTHER_EQUITY_TOOL"", ""OTHER_NONCURRENT_ASSET"", ""OTHER_NONCURRENT_FINASSET"", ""OTHER_NONCURRENT_LIAB"", ""OTHER_PAYABLE"", ""OTHER_RECE"", ""PARENT_EQUITY_BALANCE"", ""PARENT_EQUITY_OTHER"", ""PERPETUAL_BOND"", ""PERPETUAL_BOND_PAYBALE"", ""PREDICT_CURRENT_LIAB"", ""PREDICT_LIAB"", ""PREFERRED_SHARES"", ""PREFERRED_SHARES_PAYBALE"", ""PREMIUM_RECE"", ""PREPAYMENT"", ""PRODUCTIVE_BIOLOGY_ASSET"", ""PROJECT_MATERIAL"", ""RC_RESERVE_RECE"", ""REINSURE_PAYABLE"", ""REINSURE_RECE"", ""SELL_REPO_FINASSET"", ""SETTLE_EXCESS_RESERVE"", ""SHARE_CAPITAL"", ""SHORT_BOND_PAYABLE"", ""SHORT_FIN_PAYABLE"", ""SHORT_LOAN"", ""SPECIAL_PAYABLE"", ""SPECIAL_RESERVE"", ""STAFF_SALARY_PAYABLE"", ""SUBSIDY_RECE"", ""SURPLUS_RESERVE"", ""TAX_PAYABLE"", ""TOTAL_ASSETS"", ""TOTAL_CURRENT_ASSETS"", ""TOTAL_CURRENT_LIAB"", ""TOTAL_EQUITY"", ""TOTAL_LIAB_EQUITY"", ""TOTAL_LIABILITIES"", ""TOTAL_NONCURRENT_ASSETS"", ""TOTAL_NONCURRENT_LIAB"", ""TOTAL_OTHER_PAYABLE"", ""TOTAL_OTHER_RECE"", ""TOTAL_PARENT_EQUITY"", ""TRADE_FINASSET"", ""TRADE_FINASSET_NOTFVTPL"", ""TRADE_FINLIAB"", ""TRADE_FINLIAB_NOTFVTPL"", ""TREASURY_SHARES"", ""UNASSIGN_RPOFIT"", ""UNCONFIRM_INVEST_LOSS"", ""USERIGHT_ASSET"", ""ACCEPT_DEPOSIT_INTERBANK_YOY"", ""ACCOUNTS_PAYABLE_YOY"", ""ACCOUNTS_RECE_YOY"", ""ACCRUED_EXPENSE_YOY"", ""ADVANCE_RECEIVABLES_YOY"", ""AGENT_TRADE_SECURITY_YOY"", ""AGENT_UNDERWRITE_SECURITY_YOY"", ""AMORTIZE_COST_FINASSET_YOY"", ""AMORTIZE_COST_FINLIAB_YOY"", ""AMORTIZE_COST_NCFINASSET_YOY"", ""AMORTIZE_COST_NCFINLIAB_YOY"", ""APPOINT_FVTPL_FINASSET_YOY"", ""APPOINT_FVTPL_FINLIAB_YOY"", ""ASSET_BALANCE_YOY"", ""ASSET_OTHER_YOY"", ""ASSIGN_CASH_DIVIDEND_YOY"", ""AVAILABLE_SALE_FINASSET_YOY"", ""BOND_PAYABLE_YOY"", ""BORROW_FUND_YOY"", ""BUY_RESALE_FINASSET_YOY"", ""CAPITAL_RESERVE_YOY"", ""CIP_YOY"", ""CONSUMPTIVE_BIOLOGICAL_ASSET_YOY"", ""CONTRACT_ASSET_YOY"", ""CONTRACT_LIAB_YOY"", ""CONVERT_DIFF_YOY"", ""CREDITOR_INVEST_YOY"", ""CURRENT_ASSET_BALANCE_YOY"", ""CURRENT_ASSET_OTHER_YOY"", ""CURRENT_LIAB_BALANCE_YOY"", ""CURRENT_LIAB_OTHER_YOY"", ""DEFER_INCOME_1YEAR_YOY"", ""DEFER_INCOME_YOY"", ""DEFER_TAX_ASSET_YOY"", ""DEFER_TAX_LIAB_YOY"", ""DERIVE_FINASSET_YOY"", ""DERIVE_FINLIAB_YOY"", ""DEVELOP_EXPENSE_YOY"", ""DIV_HOLDSALE_ASSET_YOY"", ""DIV_HOLDSALE_LIAB_YOY"", ""DIVIDEND_PAYABLE_YOY"", ""DIVIDEND_RECE_YOY"", ""EQUITY_BALANCE_YOY"", ""EQUITY_OTHER_YOY"", ""EXPORT_REFUND_RECE_YOY"", ""FEE_COMMISSION_PAYABLE_YOY"", ""FIN_FUND_YOY"", ""FINANCE_RECE_YOY"", ""FIXED_ASSET_DISPOSAL_YOY"", ""FIXED_ASSET_YOY"", ""FVTOCI_FINASSET_YOY"", ""FVTOCI_NCFINASSET_YOY"", ""FVTPL_FINASSET_YOY"", ""FVTPL_FINLIAB_YOY"", ""GENERAL_RISK_RESERVE_YOY"", ""GOODWILL_YOY"", ""HOLD_MATURITY_INVEST_YOY"", ""HOLDSALE_ASSET_YOY"", ""HOLDSALE_LIAB_YOY"", ""INSURANCE_CONTRACT_RESERVE_YOY"", ""INTANGIBLE_ASSET_YOY"", ""INTEREST_PAYABLE_YOY"", ""INTEREST_RECE_YOY"", ""INTERNAL_PAYABLE_YOY"", ""INTERNAL_RECE_YOY"", ""INVENTORY_YOY"", ""INVEST_REALESTATE_YOY"", ""LEASE_LIAB_YOY"", ""LEND_FUND_YOY"", ""LIAB_BALANCE_YOY"", ""LIAB_EQUITY_BALANCE_YOY"", ""LIAB_EQUITY_OTHER_YOY"", ""LIAB_OTHER_YOY"", ""LOAN_ADVANCE_YOY"", ""LOAN_PBC_YOY"", ""LONG_EQUITY_INVEST_YOY"", ""LONG_LOAN_YOY"", ""LONG_PAYABLE_YOY"", ""LONG_PREPAID_EXPENSE_YOY"", ""LONG_RECE_YOY"", ""LONG_STAFFSALARY_PAYABLE_YOY"", ""MINORITY_EQUITY_YOY"", ""MONETARYFUNDS_YOY"", ""NONCURRENT_ASSET_1YEAR_YOY"", ""NONCURRENT_ASSET_BALANCE_YOY"", ""NONCURRENT_ASSET_OTHER_YOY"", ""NONCURRENT_LIAB_1YEAR_YOY"", ""NONCURRENT_LIAB_BALANCE_YOY"", ""NONCURRENT_LIAB_OTHER_YOY"", ""NOTE_ACCOUNTS_PAYABLE_YOY"", ""NOTE_ACCOUNTS_RECE_YOY"", ""NOTE_PAYABLE_YOY"", ""NOTE_RECE_YOY"", ""OIL_GAS_ASSET_YOY"", ""OTHER_COMPRE_INCOME_YOY"", ""OTHER_CREDITOR_INVEST_YOY"", ""OTHER_CURRENT_ASSET_YOY"", ""OTHER_CURRENT_LIAB_YOY"", ""OTHER_EQUITY_INVEST_YOY"", ""OTHER_EQUITY_OTHER_YOY"", ""OTHER_EQUITY_TOOL_YOY"", ""OTHER_NONCURRENT_ASSET_YOY"", ""OTHER_NONCURRENT_FINASSET_YOY"", ""OTHER_NONCURRENT_LIAB_YOY"", ""OTHER_PAYABLE_YOY"", ""OTHER_RECE_YOY"", ""PARENT_EQUITY_BALANCE_YOY"", ""PARENT_EQUITY_OTHER_YOY"", ""PERPETUAL_BOND_PAYBALE_YOY"", ""PERPETUAL_BOND_YOY"", ""PREDICT_CURRENT_LIAB_YOY"", ""PREDICT_LIAB_YOY"", ""PREFERRED_SHARES_PAYBALE_YOY"", ""PREFERRED_SHARES_YOY"", ""PREMIUM_RECE_YOY"", ""PREPAYMENT_YOY"", ""PRODUCTIVE_BIOLOGY_ASSET_YOY"", ""PROJECT_MATERIAL_YOY"", ""RC_RESERVE_RECE_YOY"", ""REINSURE_PAYABLE_YOY"", ""REINSURE_RECE_YOY"", ""SELL_REPO_FINASSET_YOY"", ""SETTLE_EXCESS_RESERVE_YOY"", ""SHARE_CAPITAL_YOY"", ""SHORT_BOND_PAYABLE_YOY"", ""SHORT_FIN_PAYABLE_YOY"", ""SHORT_LOAN_YOY"", ""SPECIAL_PAYABLE_YOY"", ""SPECIAL_RESERVE_YOY"", ""STAFF_SALARY_PAYABLE_YOY"", ""SUBSIDY_RECE_YOY"", ""SURPLUS_RESERVE_YOY"", ""TAX_PAYABLE_YOY"", ""TOTAL_ASSETS_YOY"", ""TOTAL_CURRENT_ASSETS_YOY"", ""TOTAL_CURRENT_LIAB_YOY"", ""TOTAL_EQUITY_YOY"", ""TOTAL_LIAB_EQUITY_YOY"", ""TOTAL_LIABILITIES_YOY"", ""TOTAL_NONCURRENT_ASSETS_YOY"", ""TOTAL_NONCURRENT_LIAB_YOY"", ""TOTAL_OTHER_PAYABLE_YOY"", ""TOTAL_OTHER_RECE_YOY"", ""TOTAL_PARENT_EQUITY_YOY"", ""TRADE_FINASSET_NOTFVTPL_YOY"", ""TRADE_FINASSET_YOY"", ""TRADE_FINLIAB_NOTFVTPL_YOY"", ""TRADE_FINLIAB_YOY"", ""TREASURY_SHARES_YOY"", ""UNASSIGN_RPOFIT_YOY"", ""UNCONFIRM_INVEST_LOSS_YOY"", ""USERIGHT_ASSET_YOY"", ""OPINION_TYPE"", ""OSOPINION_TYPE"", ""LISTING_STATE""]",1993-12-31,2026-06-30,all_available,True,,,1,5643.964,balance_sheet,history,1.18.80,,2026-07-27,False,True,3bc858107d998d1310173853710ad71461c7dc8cb7629e3469512a5d23b4e0ef,4809d9a4f7b80d2a549d6663c157b054fa59ff0fcb96896f36d40b3e3f4ce2b0,data/raw/stage18/interface_audit/run_id=b276fa2d-1462-4b44-a38c-14013555293c/balance_sheet/market=A/symbol=600763/audit=3a7b7fbaf985/data.parquet,data/raw/stage18/interface_audit/run_id=b276fa2d-1462-4b44-a38c-14013555293c/balance_sheet/market=A/symbol=600763/audit=3a7b7fbaf985/metadata.json
b276fa2d-1462-4b44-a38c-14013555293c,stock_profit_sheet_by_report_em,(symbol: str = 'SH600519') -> pandas.DataFrame,A,600763,Eastmoney,"{""symbol"":""SH600763""}",2026-08-27T03:12:59.883863+00:00,success,PASS,113,"[""SECUCODE"", ""SECURITY_CODE"", ""SECURITY_NAME_ABBR"", ""ORG_CODE"", ""ORG_TYPE"", ""REPORT_DATE"", ""REPORT_TYPE"", ""REPORT_DATE_NAME"", ""SECURITY_TYPE_CODE"", ""NOTICE_DATE"", ""UPDATE_DATE"", ""CURRENCY"", ""TOTAL_OPERATE_INCOME"", ""TOTAL_OPERATE_INCOME_YOY"", ""OPERATE_INCOME"", ""OPERATE_INCOME_YOY"", ""INTEREST_INCOME"", ""INTEREST_INCOME_YOY"", ""EARNED_PREMIUM"", ""EARNED_PREMIUM_YOY"", ""FEE_COMMISSION_INCOME"", ""FEE_COMMISSION_INCOME_YOY"", ""OTHER_BUSINESS_INCOME"", ""OTHER_BUSINESS_INCOME_YOY"", ""TOI_OTHER"", ""TOI_OTHER_YOY"", ""TOTAL_OPERATE_COST"", ""TOTAL_OPERATE_COST_YOY"", ""OPERATE_COST"", ""OPERATE_COST_YOY"", ""INTEREST_EXPENSE"", ""INTEREST_EXPENSE_YOY"", ""FEE_COMMISSION_EXPENSE"", ""FEE_COMMISSION_EXPENSE_YOY"", ""RESEARCH_EXPENSE"", ""RESEARCH_EXPENSE_YOY"", ""SURRENDER_VALUE"", ""SURRENDER_VALUE_YOY"", ""NET_COMPENSATE_EXPENSE"", ""NET_COMPENSATE_EXPENSE_YOY"", ""NET_CONTRACT_RESERVE"", ""NET_CONTRACT_RESERVE_YOY"", ""POLICY_BONUS_EXPENSE"", ""POLICY_BONUS_EXPENSE_YOY"", ""REINSURE_EXPENSE"", ""REINSURE_EXPENSE_YOY"", ""OTHER_BUSINESS_COST"", ""OTHER_BUSINESS_COST_YOY"", ""OPERATE_TAX_ADD"", ""OPERATE_TAX_ADD_YOY"", ""SALE_EXPENSE"", ""SALE_EXPENSE_YOY"", ""MANAGE_EXPENSE"", ""MANAGE_EXPENSE_YOY"", ""ME_RESEARCH_EXPENSE"", ""ME_RESEARCH_EXPENSE_YOY"", ""FINANCE_EXPENSE"", ""FINANCE_EXPENSE_YOY"", ""FE_INTEREST_EXPENSE"", ""FE_INTEREST_EXPENSE_YOY"", ""FE_INTEREST_INCOME"", ""FE_INTEREST_INCOME_YOY"", ""ASSET_IMPAIRMENT_LOSS"", ""ASSET_IMPAIRMENT_LOSS_YOY"", ""CREDIT_IMPAIRMENT_LOSS"", ""CREDIT_IMPAIRMENT_LOSS_YOY"", ""TOC_OTHER"", ""TOC_OTHER_YOY"", ""FAIRVALUE_CHANGE_INCOME"", ""FAIRVALUE_CHANGE_INCOME_YOY"", ""INVEST_INCOME"", ""INVEST_INCOME_YOY"", ""INVEST_JOINT_INCOME"", ""INVEST_JOINT_INCOME_YOY"", ""NET_EXPOSURE_INCOME"", ""NET_EXPOSURE_INCOME_YOY"", ""EXCHANGE_INCOME"", ""EXCHANGE_INCOME_YOY"", ""ASSET_DISPOSAL_INCOME"", ""ASSET_DISPOSAL_INCOME_YOY"", ""ASSET_IMPAIRMENT_INCOME"", ""ASSET_IMPAIRMENT_INCOME_YOY"", ""CREDIT_IMPAIRMENT_INCOME"", ""CREDIT_IMPAIRMENT_INCOME_YOY"", ""OTHER_INCOME"", ""OTHER_INCOME_YOY"", ""OPERATE_PROFIT_OTHER"", ""OPERATE_PROFIT_OTHER_YOY"", ""OPERATE_PROFIT_BALANCE"", ""OPERATE_PROFIT_BALANCE_YOY"", ""OPERATE_PROFIT"", ""OPERATE_PROFIT_YOY"", ""NONBUSINESS_INCOME"", ""NONBUSINESS_INCOME_YOY"", ""NONCURRENT_DISPOSAL_INCOME"", ""NONCURRENT_DISPOSAL_INCOME_YOY"", ""NONBUSINESS_EXPENSE"", ""NONBUSINESS_EXPENSE_YOY"", ""NONCURRENT_DISPOSAL_LOSS"", ""NONCURRENT_DISPOSAL_LOSS_YOY"", ""EFFECT_TP_OTHER"", ""EFFECT_TP_OTHER_YOY"", ""TOTAL_PROFIT_BALANCE"", ""TOTAL_PROFIT_BALANCE_YOY"", ""TOTAL_PROFIT"", ""TOTAL_PROFIT_YOY"", ""INCOME_TAX"", ""INCOME_TAX_YOY"", ""EFFECT_NETPROFIT_OTHER"", ""EFFECT_NETPROFIT_OTHER_YOY"", ""EFFECT_NETPROFIT_BALANCE"", ""EFFECT_NETPROFIT_BALANCE_YOY"", ""UNCONFIRM_INVEST_LOSS"", ""UNCONFIRM_INVEST_LOSS_YOY"", ""NETPROFIT"", ""NETPROFIT_YOY"", ""PRECOMBINE_PROFIT"", ""PRECOMBINE_PROFIT_YOY"", ""CONTINUED_NETPROFIT"", ""CONTINUED_NETPROFIT_YOY"", ""DISCONTINUED_NETPROFIT"", ""DISCONTINUED_NETPROFIT_YOY"", ""PARENT_NETPROFIT"", ""PARENT_NETPROFIT_YOY"", ""MINORITY_INTEREST"", ""MINORITY_INTEREST_YOY"", ""DEDUCT_PARENT_NETPROFIT"", ""DEDUCT_PARENT_NETPROFIT_YOY"", ""NETPROFIT_OTHER"", ""NETPROFIT_OTHER_YOY"", ""NETPROFIT_BALANCE"", ""NETPROFIT_BALANCE_YOY"", ""BASIC_EPS"", ""BASIC_EPS_YOY"", ""DILUTED_EPS"", ""DILUTED_EPS_YOY"", ""OTHER_COMPRE_INCOME"", ""OTHER_COMPRE_INCOME_YOY"", ""PARENT_OCI"", ""PARENT_OCI_YOY"", ""MINORITY_OCI"", ""MINORITY_OCI_YOY"", ""PARENT_OCI_OTHER"", ""PARENT_OCI_OTHER_YOY"", ""PARENT_OCI_BALANCE"", ""PARENT_OCI_BALANCE_YOY"", ""UNABLE_OCI"", ""UNABLE_OCI_YOY"", ""CREDITRISK_FAIRVALUE_CHANGE"", ""CREDITRISK_FAIRVALUE_CHANGE_YOY"", ""OTHERRIGHT_FAIRVALUE_CHANGE"", ""OTHERRIGHT_FAIRVALUE_CHANGE_YOY"", ""SETUP_PROFIT_CHANGE"", ""SETUP_PROFIT_CHANGE_YOY"", ""RIGHTLAW_UNABLE_OCI"", ""RIGHTLAW_UNABLE_OCI_YOY"", ""UNABLE_OCI_OTHER"", ""UNABLE_OCI_OTHER_YOY"", ""UNABLE_OCI_BALANCE"", ""UNABLE_OCI_BALANCE_YOY"", ""ABLE_OCI"", ""ABLE_OCI_YOY"", ""RIGHTLAW_ABLE_OCI"", ""RIGHTLAW_ABLE_OCI_YOY"", ""AFA_FAIRVALUE_CHANGE"", ""AFA_FAIRVALUE_CHANGE_YOY"", ""HMI_AFA"", ""HMI_AFA_YOY"", ""CASHFLOW_HEDGE_VALID"", ""CASHFLOW_HEDGE_VALID_YOY"", ""CREDITOR_FAIRVALUE_CHANGE"", ""CREDITOR_FAIRVALUE_CHANGE_YOY"", ""CREDITOR_IMPAIRMENT_RESERVE"", ""CREDITOR_IMPAIRMENT_RESERVE_YOY"", ""FINANCE_OCI_AMT"", ""FINANCE_OCI_AMT_YOY"", ""CONVERT_DIFF"", ""CONVERT_DIFF_YOY"", ""ABLE_OCI_OTHER"", ""ABLE_OCI_OTHER_YOY"", ""ABLE_OCI_BALANCE"", ""ABLE_OCI_BALANCE_YOY"", ""OCI_OTHER"", ""OCI_OTHER_YOY"", ""OCI_BALANCE"", ""OCI_BALANCE_YOY"", ""TOTAL_COMPRE_INCOME"", ""TOTAL_COMPRE_INCOME_YOY"", ""PARENT_TCI"", ""PARENT_TCI_YOY"", ""MINORITY_TCI"", ""MINORITY_TCI_YOY"", ""PRECOMBINE_TCI"", ""PRECOMBINE_TCI_YOY"", ""EFFECT_TCI_BALANCE"", ""EFFECT_TCI_BALANCE_YOY"", ""TCI_OTHER"", ""TCI_OTHER_YOY"", ""TCI_BALANCE"", ""TCI_BALANCE_YOY"", ""ACF_END_INCOME"", ""ACF_END_INCOME_YOY"", ""OPINION_TYPE""]",1993-12-31,2026-06-30,all_available,True,,,1,4993.691,income_statement,history,1.18.80,,2026-07-27,False,True,3a3c3a7dcacf5d3139bca93fb4f5e45cc6f1d3df542732a56dbe03a82417940b,2cc247e662fce735b52c4e1c416fe5cdc0732803ea5260bb5efdb29023c4e84f,data/raw/stage18/interface_audit/run_id=b276fa2d-1462-4b44-a38c-14013555293c/income_statement/market=A/symbol=600763/audit=8de87e06598e/data.parquet,data/raw/stage18/interface_audit/run_id=b276fa2d-1462-4b44-a38c-14013555293c/income_statement/market=A/symbol=600763/audit=8de87e06598e/metadata.json
b276fa2d-1462-4b44-a38c-14013555293c,stock_cash_flow_sheet_by_report_em,(symbol: str = 'SH600519') -> pandas.DataFrame,A,600763,Eastmoney,"{""symbol"":""SH600763""}",2026-08-27T03:13:04.947420+00:00,success,PASS,102,"[""SECUCODE"", ""SECURITY_CODE"", ""SECURITY_NAME_ABBR"", ""ORG_CODE"", ""ORG_TYPE"", ""REPORT_DATE"", ""REPORT_TYPE"", ""REPORT_DATE_NAME"", ""SECURITY_TYPE_CODE"", ""NOTICE_DATE"", ""UPDATE_DATE"", ""CURRENCY"", ""SALES_SERVICES"", ""DEPOSIT_INTERBANK_ADD"", ""LOAN_PBC_ADD"", ""OFI_BF_ADD"", ""RECEIVE_ORIGIC_PREMIUM"", ""RECEIVE_REINSURE_NET"", ""INSURED_INVEST_ADD"", ""DISPOSAL_TFA_ADD"", ""RECEIVE_INTEREST_COMMISSION"", ""BORROW_FUND_ADD"", ""LOAN_ADVANCE_REDUCE"", ""REPO_BUSINESS_ADD"", ""RECEIVE_TAX_REFUND"", ""RECEIVE_OTHER_OPERATE"", ""OPERATE_INFLOW_OTHER"", ""OPERATE_INFLOW_BALANCE"", ""TOTAL_OPERATE_INFLOW"", ""BUY_SERVICES"", ""LOAN_ADVANCE_ADD"", ""PBC_INTERBANK_ADD"", ""PAY_ORIGIC_COMPENSATE"", ""PAY_INTEREST_COMMISSION"", ""PAY_POLICY_BONUS"", ""PAY_STAFF_CASH"", ""PAY_ALL_TAX"", ""PAY_OTHER_OPERATE"", ""OPERATE_OUTFLOW_OTHER"", ""OPERATE_OUTFLOW_BALANCE"", ""TOTAL_OPERATE_OUTFLOW"", ""OPERATE_NETCASH_OTHER"", ""OPERATE_NETCASH_BALANCE"", ""NETCASH_OPERATE"", ""WITHDRAW_INVEST"", ""RECEIVE_INVEST_INCOME"", ""DISPOSAL_LONG_ASSET"", ""DISPOSAL_SUBSIDIARY_OTHER"", ""REDUCE_PLEDGE_TIMEDEPOSITS"", ""RECEIVE_OTHER_INVEST"", ""INVEST_INFLOW_OTHER"", ""INVEST_INFLOW_BALANCE"", ""TOTAL_INVEST_INFLOW"", ""CONSTRUCT_LONG_ASSET"", ""INVEST_PAY_CASH"", ""PLEDGE_LOAN_ADD"", ""OBTAIN_SUBSIDIARY_OTHER"", ""ADD_PLEDGE_TIMEDEPOSITS"", ""PAY_OTHER_INVEST"", ""INVEST_OUTFLOW_OTHER"", ""INVEST_OUTFLOW_BALANCE"", ""TOTAL_INVEST_OUTFLOW"", ""INVEST_NETCASH_OTHER"", ""INVEST_NETCASH_BALANCE"", ""NETCASH_INVEST"", ""ACCEPT_INVEST_CASH"", ""SUBSIDIARY_ACCEPT_INVEST"", ""RECEIVE_LOAN_CASH"", ""ISSUE_BOND"", ""RECEIVE_OTHER_FINANCE"", ""FINANCE_INFLOW_OTHER"", ""FINANCE_INFLOW_BALANCE"", ""TOTAL_FINANCE_INFLOW"", ""PAY_DEBT_CASH"", ""ASSIGN_DIVIDEND_PORFIT"", ""SUBSIDIARY_PAY_DIVIDEND"", ""BUY_SUBSIDIARY_EQUITY"", ""PAY_OTHER_FINANCE"", ""SUBSIDIARY_REDUCE_CASH"", ""FINANCE_OUTFLOW_OTHER"", ""FINANCE_OUTFLOW_BALANCE"", ""TOTAL_FINANCE_OUTFLOW"", ""FINANCE_NETCASH_OTHER"", ""FINANCE_NETCASH_BALANCE"", ""NETCASH_FINANCE"", ""RATE_CHANGE_EFFECT"", ""CCE_ADD_OTHER"", ""CCE_ADD_BALANCE"", ""CCE_ADD"", ""BEGIN_CCE"", ""END_CCE_OTHER"", ""END_CCE_BALANCE"", ""END_CCE"", ""NETPROFIT"", ""ASSET_IMPAIRMENT"", ""FA_IR_DEPR"", ""OILGAS_BIOLOGY_DEPR"", ""IR_DEPR"", ""IA_AMORTIZE"", ""LPE_AMORTIZE"", ""DEFER_INCOME_AMORTIZE"", ""PREPAID_EXPENSE_REDUCE"", ""ACCRUED_EXPENSE_ADD"", ""DISPOSAL_LONGASSET_LOSS"", ""FA_SCRAP_LOSS"", ""FAIRVALUE_CHANGE_LOSS"", ""FINANCE_EXPENSE"", ""INVEST_LOSS"", ""DEFER_TAX"", ""DT_ASSET_REDUCE"", ""DT_LIAB_ADD"", ""PREDICT_LIAB_ADD"", ""INVENTORY_REDUCE"", ""OPERATE_RECE_REDUCE"", ""OPERATE_PAYABLE_ADD"", ""OTHER"", ""OPERATE_NETCASH_OTHERNOTE"", ""OPERATE_NETCASH_BALANCENOTE"", ""NETCASH_OPERATENOTE"", ""DEBT_TRANSFER_CAPITAL"", ""CONVERT_BOND_1YEAR"", ""FINLEASE_OBTAIN_FA"", ""UNINVOLVE_INVESTFIN_OTHER"", ""END_CASH"", ""BEGIN_CASH"", ""END_CASH_EQUIVALENTS"", ""BEGIN_CASH_EQUIVALENTS"", ""CCE_ADD_OTHERNOTE"", ""CCE_ADD_BALANCENOTE"", ""CCE_ADDNOTE"", ""SALES_SERVICES_YOY"", ""DEPOSIT_INTERBANK_ADD_YOY"", ""LOAN_PBC_ADD_YOY"", ""OFI_BF_ADD_YOY"", ""RECEIVE_ORIGIC_PREMIUM_YOY"", ""RECEIVE_REINSURE_NET_YOY"", ""INSURED_INVEST_ADD_YOY"", ""DISPOSAL_TFA_ADD_YOY"", ""RECEIVE_INTEREST_COMMISSION_YOY"", ""BORROW_FUND_ADD_YOY"", ""LOAN_ADVANCE_REDUCE_YOY"", ""REPO_BUSINESS_ADD_YOY"", ""RECEIVE_TAX_REFUND_YOY"", ""RECEIVE_OTHER_OPERATE_YOY"", ""OPERATE_INFLOW_OTHER_YOY"", ""OPERATE_INFLOW_BALANCE_YOY"", ""TOTAL_OPERATE_INFLOW_YOY"", ""BUY_SERVICES_YOY"", ""LOAN_ADVANCE_ADD_YOY"", ""PBC_INTERBANK_ADD_YOY"", ""PAY_ORIGIC_COMPENSATE_YOY"", ""PAY_INTEREST_COMMISSION_YOY"", ""PAY_POLICY_BONUS_YOY"", ""PAY_STAFF_CASH_YOY"", ""PAY_ALL_TAX_YOY"", ""PAY_OTHER_OPERATE_YOY"", ""OPERATE_OUTFLOW_OTHER_YOY"", ""OPERATE_OUTFLOW_BALANCE_YOY"", ""TOTAL_OPERATE_OUTFLOW_YOY"", ""OPERATE_NETCASH_OTHER_YOY"", ""OPERATE_NETCASH_BALANCE_YOY"", ""NETCASH_OPERATE_YOY"", ""WITHDRAW_INVEST_YOY"", ""RECEIVE_INVEST_INCOME_YOY"", ""DISPOSAL_LONG_ASSET_YOY"", ""DISPOSAL_SUBSIDIARY_OTHER_YOY"", ""REDUCE_PLEDGE_TIMEDEPOSITS_YOY"", ""RECEIVE_OTHER_INVEST_YOY"", ""INVEST_INFLOW_OTHER_YOY"", ""INVEST_INFLOW_BALANCE_YOY"", ""TOTAL_INVEST_INFLOW_YOY"", ""CONSTRUCT_LONG_ASSET_YOY"", ""INVEST_PAY_CASH_YOY"", ""PLEDGE_LOAN_ADD_YOY"", ""OBTAIN_SUBSIDIARY_OTHER_YOY"", ""ADD_PLEDGE_TIMEDEPOSITS_YOY"", ""PAY_OTHER_INVEST_YOY"", ""INVEST_OUTFLOW_OTHER_YOY"", ""INVEST_OUTFLOW_BALANCE_YOY"", ""TOTAL_INVEST_OUTFLOW_YOY"", ""INVEST_NETCASH_OTHER_YOY"", ""INVEST_NETCASH_BALANCE_YOY"", ""NETCASH_INVEST_YOY"", ""ACCEPT_INVEST_CASH_YOY"", ""SUBSIDIARY_ACCEPT_INVEST_YOY"", ""RECEIVE_LOAN_CASH_YOY"", ""ISSUE_BOND_YOY"", ""RECEIVE_OTHER_FINANCE_YOY"", ""FINANCE_INFLOW_OTHER_YOY"", ""FINANCE_INFLOW_BALANCE_YOY"", ""TOTAL_FINANCE_INFLOW_YOY"", ""PAY_DEBT_CASH_YOY"", ""ASSIGN_DIVIDEND_PORFIT_YOY"", ""SUBSIDIARY_PAY_DIVIDEND_YOY"", ""BUY_SUBSIDIARY_EQUITY_YOY"", ""PAY_OTHER_FINANCE_YOY"", ""SUBSIDIARY_REDUCE_CASH_YOY"", ""FINANCE_OUTFLOW_OTHER_YOY"", ""FINANCE_OUTFLOW_BALANCE_YOY"", ""TOTAL_FINANCE_OUTFLOW_YOY"", ""FINANCE_NETCASH_OTHER_YOY"", ""FINANCE_NETCASH_BALANCE_YOY"", ""NETCASH_FINANCE_YOY"", ""RATE_CHANGE_EFFECT_YOY"", ""CCE_ADD_OTHER_YOY"", ""CCE_ADD_BALANCE_YOY"", ""CCE_ADD_YOY"", ""BEGIN_CCE_YOY"", ""END_CCE_OTHER_YOY"", ""END_CCE_BALANCE_YOY"", ""END_CCE_YOY"", ""NETPROFIT_YOY"", ""ASSET_IMPAIRMENT_YOY"", ""FA_IR_DEPR_YOY"", ""OILGAS_BIOLOGY_DEPR_YOY"", ""IR_DEPR_YOY"", ""IA_AMORTIZE_YOY"", ""LPE_AMORTIZE_YOY"", ""DEFER_INCOME_AMORTIZE_YOY"", ""PREPAID_EXPENSE_REDUCE_YOY"", ""ACCRUED_EXPENSE_ADD_YOY"", ""DISPOSAL_LONGASSET_LOSS_YOY"", ""FA_SCRAP_LOSS_YOY"", ""FAIRVALUE_CHANGE_LOSS_YOY"", ""FINANCE_EXPENSE_YOY"", ""INVEST_LOSS_YOY"", ""DEFER_TAX_YOY"", ""DT_ASSET_REDUCE_YOY"", ""DT_LIAB_ADD_YOY"", ""PREDICT_LIAB_ADD_YOY"", ""INVENTORY_REDUCE_YOY"", ""OPERATE_RECE_REDUCE_YOY"", ""OPERATE_PAYABLE_ADD_YOY"", ""OTHER_YOY"", ""OPERATE_NETCASH_OTHERNOTE_YOY"", ""OPERATE_NETCASH_BALANCENOTE_YOY"", ""NETCASH_OPERATENOTE_YOY"", ""DEBT_TRANSFER_CAPITAL_YOY"", ""CONVERT_BOND_1YEAR_YOY"", ""FINLEASE_OBTAIN_FA_YOY"", ""UNINVOLVE_INVESTFIN_OTHER_YOY"", ""END_CASH_YOY"", ""BEGIN_CASH_YOY"", ""END_CASH_EQUIVALENTS_YOY"", ""BEGIN_CASH_EQUIVALENTS_YOY"", ""CCE_ADD_OTHERNOTE_YOY"", ""CCE_ADD_BALANCENOTE_YOY"", ""CCE_ADDNOTE_YOY"", ""OPINION_TYPE"", ""OSOPINION_TYPE"", ""MINORITY_INTEREST"", ""MINORITY_INTEREST_YOY"", ""USERIGHT_ASSET_AMORTIZE"", ""USERIGHT_ASSET_AMORTIZE_YOY""]",1998-12-31,2026-06-30,all_available,True,,,1,4697.245,cash_flow_statement,history,1.18.80,,2026-07-27,False,True,577084621e66c64fa608b14030fd7fa41f39ba533041d33c3b29c4c69fe8009c,8ca2c443d332d146273972784d19e7e778ac126176fe5e9592a8d5fcb485cb8a,data/raw/stage18/interface_audit/run_id=b276fa2d-1462-4b44-a38c-14013555293c/cash_flow_statement/market=A/symbol=600763/audit=872954ddd14e/data.parquet,data/raw/stage18/interface_audit/run_id=b276fa2d-1462-4b44-a38c-14013555293c/cash_flow_statement/market=A/symbol=600763/audit=872954ddd14e/metadata.json
b276fa2d-1462-4b44-a38c-14013555293c,stock_zh_a_spot_em,() -> pandas.DataFrame,A,600763,Eastmoney,{},2026-08-27T03:13:09.740782+00:00,failure,FAIL,0,[],,,snapshot,False,connection_error,"HTTPSConnectionPool(host='82.push2.eastmoney.com', port=443): Max retries exceeded with url: /api/qt/clist/get?pn=1&pz=100&po=1&np=1&ut=bd1d9ddb04089700cf9c27f6f7426281&fltt=2&invt=2&fid=f12&fs=m%3A0+t%3A6%2Cm%3A0+t%3A80%2Cm%3A1+t%3A2%2Cm%3",3,19444.141,valuation_snapshot,snapshot,1.18.80,2026-08-27T03:13:29.185609+00:00,2026-07-27,True,False,,,,data/raw/stage18/interface_audit/run_id=b276fa2d-1462-4b44-a38c-14013555293c/valuation_snapshot/market=A/symbol=600763/audit=639f642ce4db/metadata.json
b276fa2d-1462-4b44-a38c-14013555293c,stock_financial_abstract,(symbol: str = '600004') -> pandas.DataFrame,A,000100,Sina,"{""symbol"":""000100""}",2026-08-27T03:13:29.190615+00:00,success,PASS,80,"[""选项"", ""指标"", ""20260331"", ""20251231"", ""20250930"", ""20250630"", ""20250331"", ""20241231"", ""20240930"", ""20240630"", ""20240331"", ""20231231"", ""20230930"", ""20230630"", ""20230331"", ""20221231"", ""20220930"", ""20220630"", ""20220331"", ""20211231"", ""20210930"", ""20210630"", ""20210331"", ""20201231"", ""20200930"", ""20200630"", ""20200331"", ""20191231"", ""20190930"", ""20190630"", ""20190331"", ""20181231"", ""20180930"", ""20180630"", ""20180331"", ""20171231"", ""20170930"", ""20170630"", ""20170331"", ""20161231"", ""20160930"", ""20160630"", ""20160331"", ""20151231"", ""20150930"", ""20150630"", ""20150331"", ""20141231"", ""20140930"", ""20140630"", ""20140331"", ""20131231"", ""20130930"", ""20130630"", ""20130331"", ""20121231"", ""20120930"", ""20120630"", ""20120331"", ""20111231"", ""20110930"", ""20110630"", ""20110331"", ""20101231"", ""20100930"", ""20100630"", ""20100331"", ""20091231"", ""20090930"", ""20090630"", ""20090331"", ""20081231"", ""20080930"", ""20080630"", ""20080331"", ""20071231"", ""20070930"", ""20070630"", ""20070331"", ""20061231"", ""20060930"", ""20060630"", ""20060331"", ""20051231"", ""20050930"", ""20050630"", ""20050331"", ""20041231"", ""20040930"", ""20040630"", ""20040331"", ""20031231"", ""20030930"", ""20030630"", ""20030331"", ""20021231"", ""20011231"", ""20001231""]",2000-12-31,2026-03-31,all_available,False,,,1,631.262,financial_abstract,history,1.18.80,,2026-07-27,False,True,3919e4b949909e46cbe5d402c9190f8ffb6a80606ff4dedf1ac25ba9a3aa4dd0,ab4eb341d072a1feaf67b302d21f08f134c7aa9a0997bc9787394df4c10870c4,data/raw/stage18/interface_audit/run_id=b276fa2d-1462-4b44-a38c-14013555293c/financial_abstract/market=A/symbol=000100/audit=7165aef84b43/data.parquet,data/raw/stage18/interface_audit/run_id=b276fa2d-1462-4b44-a38c-14013555293c/financial_abstract/market=A/symbol=000100/audit=7165aef84b43/metadata.json
b276fa2d-1462-4b44-a38c-14013555293c,stock_financial_analysis_indicator,"(symbol: str = '600004', start_year: str = '1900') -> pandas.DataFrame",A,000100,Sina,"{""start_year"":""1900"",""symbol"":""000100""}",2026-08-27T03:13:29.875629+00:00,success,PASS,96,"[""日期"", ""摊薄每股收益(元)"", ""加权每股收益(元)"", ""每股收益_调整后(元)"", ""扣除非经常性损益后的每股收益(元)"", ""每股净资产_调整前(元)"", ""每股净资产_调整后(元)"", ""每股经营性现金流(元)"", ""每股资本公积金(元)"", ""每股未分配利润(元)"", ""调整后的每股净资产(元)"", ""总资产利润率(%)"", ""主营业务利润率(%)"", ""总资产净利润率(%)"", ""成本费用利润率(%)"", ""营业利润率(%)"", ""主营业务成本率(%)"", ""销售净利率(%)"", ""股本报酬率(%)"", ""净资产报酬率(%)"", ""资产报酬率(%)"", ""销售毛利率(%)"", ""三项费用比重"", ""非主营比重"", ""主营利润比重"", ""股息发放率(%)"", ""投资收益率(%)"", ""主营业务利润(元)"", ""净资产收益率(%)"", ""加权净资产收益率(%)"", ""扣除非经常性损益后的净利润(元)"", ""主营业务收入增长率(%)"", ""净利润增长率(%)"", ""净资产增长率(%)"", ""总资产增长率(%)"", ""应收账款周转率(次)"", ""应收账款周转天数(天)"", ""存货周转天数(天)"", ""存货周转率(次)"", ""固定资产周转率(次)"", ""总资产周转率(次)"", ""总资产周转天数(天)"", ""流动资产周转率(次)"", ""流动资产周转天数(天)"", ""股东权益周转率(次)"", ""流动比率"", ""速动比率"", ""现金比率(%)"", ""利息支付倍数"", ""长期债务与营运资金比率(%)"", ""股东权益比率(%)"", ""长期负债比率(%)"", ""股东权益与固定资产比率(%)"", ""负债与所有者权益比率(%)"", ""长期资产与长期资金比率(%)"", ""资本化比率(%)"", ""固定资产净值率(%)"", ""资本固定化比率(%)"", ""产权比率(%)"", ""清算价值比率(%)"", ""固定资产比重(%)"", ""资产负债率(%)"", ""总资产(元)"", ""经营现金净流量对销售收入比率(%)"", ""资产的经营现金流量回报率(%)"", ""经营现金净流量与净利润的比率(%)"", ""经营现金净流量对负债比率(%)"", ""现金流量比率(%)"", ""短期股票投资(元)"", ""短期债券投资(元)"", ""短期其它经营性投资(元)"", ""长期股票投资(元)"", ""长期债券投资(元)"", ""长期其它经营性投资(元)"", ""1年以内应收帐款(元)"", ""1-2年以内应收帐款(元)"", ""2-3年以内应收帐款(元)"", ""3年以内应收帐款(元)"", ""1年以内预付货款(元)"", ""1-2年以内预付货款(元)"", ""2-3年以内预付货款(元)"", ""3年以内预付货款(元)"", ""1年以内其它应收款(元)"", ""1-2年以内其它应收款(元)"", ""2-3年以内其它应收款(元)"", ""3年以内其它应收款(元)""]",2000-12-31,2026-03-31,all_available,False,,,1,2645.486,financial_indicator,history,1.18.80,,2026-07-27,False,True,960d644eb3ae60fb578de75382c7bfdd61a6d74c0310d0579ba4f8fcfc90dc1c,345b8ea4253c25a5c96804984db447a1cb68514687bfbc9f04f85d41ec2242b3,data/raw/stage18/interface_audit/run_id=b276fa2d-1462-4b44-a38c-14013555293c/financial_indicator/market=A/symbol=000100/audit=a35d6a3b71f6/data.parquet,data/raw/stage18/interface_audit/run_id=b276fa2d-1462-4b44-a38c-14013555293c/financial_indicator/market=A/symbol=000100/audit=a35d6a3b71f6/metadata.json
b276fa2d-1462-4b44-a38c-14013555293c,stock_balance_sheet_by_report_em,(symbol: str = 'SH600519') -> pandas.DataFrame,A,000100,Eastmoney,"{""symbol"":""SZ000100""}",2026-08-27T03:13:32.568598+00:00,success,PASS,94,"[""SECUCODE"", ""SECURITY_CODE"", ""SECURITY_NAME_ABBR"", ""ORG_CODE"", ""ORG_TYPE"", ""REPORT_DATE"", ""REPORT_TYPE"", ""REPORT_DATE_NAME"", ""SECURITY_TYPE_CODE"", ""NOTICE_DATE"", ""UPDATE_DATE"", ""CURRENCY"", ""ACCEPT_DEPOSIT_INTERBANK"", ""ACCOUNTS_PAYABLE"", ""ACCOUNTS_RECE"", ""ACCRUED_EXPENSE"", ""ADVANCE_RECEIVABLES"", ""AGENT_TRADE_SECURITY"", ""AGENT_UNDERWRITE_SECURITY"", ""AMORTIZE_COST_FINASSET"", ""AMORTIZE_COST_FINLIAB"", ""AMORTIZE_COST_NCFINASSET"", ""AMORTIZE_COST_NCFINLIAB"", ""APPOINT_FVTPL_FINASSET"", ""APPOINT_FVTPL_FINLIAB"", ""ASSET_BALANCE"", ""ASSET_OTHER"", ""ASSIGN_CASH_DIVIDEND"", ""AVAILABLE_SALE_FINASSET"", ""BOND_PAYABLE"", ""BORROW_FUND"", ""BUY_RESALE_FINASSET"", ""CAPITAL_RESERVE"", ""CIP"", ""CONSUMPTIVE_BIOLOGICAL_ASSET"", ""CONTRACT_ASSET"", ""CONTRACT_LIAB"", ""CONVERT_DIFF"", ""CREDITOR_INVEST"", ""CURRENT_ASSET_BALANCE"", ""CURRENT_ASSET_OTHER"", ""CURRENT_LIAB_BALANCE"", ""CURRENT_LIAB_OTHER"", ""DEFER_INCOME"", ""DEFER_INCOME_1YEAR"", ""DEFER_TAX_ASSET"", ""DEFER_TAX_LIAB"", ""DERIVE_FINASSET"", ""DERIVE_FINLIAB"", ""DEVELOP_EXPENSE"", ""DIV_HOLDSALE_ASSET"", ""DIV_HOLDSALE_LIAB"", ""DIVIDEND_PAYABLE"", ""DIVIDEND_RECE"", ""EQUITY_BALANCE"", ""EQUITY_OTHER"", ""EXPORT_REFUND_RECE"", ""FEE_COMMISSION_PAYABLE"", ""FIN_FUND"", ""FINANCE_RECE"", ""FIXED_ASSET"", ""FIXED_ASSET_DISPOSAL"", ""FVTOCI_FINASSET"", ""FVTOCI_NCFINASSET"", ""FVTPL_FINASSET"", ""FVTPL_FINLIAB"", ""GENERAL_RISK_RESERVE"", ""GOODWILL"", ""HOLD_MATURITY_INVEST"", ""HOLDSALE_ASSET"", ""HOLDSALE_LIAB"", ""INSURANCE_CONTRACT_RESERVE"", ""INTANGIBLE_ASSET"", ""INTEREST_PAYABLE"", ""INTEREST_RECE"", ""INTERNAL_PAYABLE"", ""INTERNAL_RECE"", ""INVENTORY"", ""INVEST_REALESTATE"", ""LEASE_LIAB"", ""LEND_FUND"", ""LIAB_BALANCE"", ""LIAB_EQUITY_BALANCE"", ""LIAB_EQUITY_OTHER"", ""LIAB_OTHER"", ""LOAN_ADVANCE"", ""LOAN_PBC"", ""LONG_EQUITY_INVEST"", ""LONG_LOAN"", ""LONG_PAYABLE"", ""LONG_PREPAID_EXPENSE"", ""LONG_RECE"", ""LONG_STAFFSALARY_PAYABLE"", ""MINORITY_EQUITY"", ""MONETARYFUNDS"", ""NONCURRENT_ASSET_1YEAR"", ""NONCURRENT_ASSET_BALANCE"", ""NONCURRENT_ASSET_OTHER"", ""NONCURRENT_LIAB_1YEAR"", ""NONCURRENT_LIAB_BALANCE"", ""NONCURRENT_LIAB_OTHER"", ""NOTE_ACCOUNTS_PAYABLE"", ""NOTE_ACCOUNTS_RECE"", ""NOTE_PAYABLE"", ""NOTE_RECE"", ""OIL_GAS_ASSET"", ""OTHER_COMPRE_INCOME"", ""OTHER_CREDITOR_INVEST"", ""OTHER_CURRENT_ASSET"", ""OTHER_CURRENT_LIAB"", ""OTHER_EQUITY_INVEST"", ""OTHER_EQUITY_OTHER"", ""OTHER_EQUITY_TOOL"", ""OTHER_NONCURRENT_ASSET"", ""OTHER_NONCURRENT_FINASSET"", ""OTHER_NONCURRENT_LIAB"", ""OTHER_PAYABLE"", ""OTHER_RECE"", ""PARENT_EQUITY_BALANCE"", ""PARENT_EQUITY_OTHER"", ""PERPETUAL_BOND"", ""PERPETUAL_BOND_PAYBALE"", ""PREDICT_CURRENT_LIAB"", ""PREDICT_LIAB"", ""PREFERRED_SHARES"", ""PREFERRED_SHARES_PAYBALE"", ""PREMIUM_RECE"", ""PREPAYMENT"", ""PRODUCTIVE_BIOLOGY_ASSET"", ""PROJECT_MATERIAL"", ""RC_RESERVE_RECE"", ""REINSURE_PAYABLE"", ""REINSURE_RECE"", ""SELL_REPO_FINASSET"", ""SETTLE_EXCESS_RESERVE"", ""SHARE_CAPITAL"", ""SHORT_BOND_PAYABLE"", ""SHORT_FIN_PAYABLE"", ""SHORT_LOAN"", ""SPECIAL_PAYABLE"", ""SPECIAL_RESERVE"", ""STAFF_SALARY_PAYABLE"", ""SUBSIDY_RECE"", ""SURPLUS_RESERVE"", ""TAX_PAYABLE"", ""TOTAL_ASSETS"", ""TOTAL_CURRENT_ASSETS"", ""TOTAL_CURRENT_LIAB"", ""TOTAL_EQUITY"", ""TOTAL_LIAB_EQUITY"", ""TOTAL_LIABILITIES"", ""TOTAL_NONCURRENT_ASSETS"", ""TOTAL_NONCURRENT_LIAB"", ""TOTAL_OTHER_PAYABLE"", ""TOTAL_OTHER_RECE"", ""TOTAL_PARENT_EQUITY"", ""TRADE_FINASSET"", ""TRADE_FINASSET_NOTFVTPL"", ""TRADE_FINLIAB"", ""TRADE_FINLIAB_NOTFVTPL"", ""TREASURY_SHARES"", ""UNASSIGN_RPOFIT"", ""UNCONFIRM_INVEST_LOSS"", ""USERIGHT_ASSET"", ""ACCEPT_DEPOSIT_INTERBANK_YOY"", ""ACCOUNTS_PAYABLE_YOY"", ""ACCOUNTS_RECE_YOY"", ""ACCRUED_EXPENSE_YOY"", ""ADVANCE_RECEIVABLES_YOY"", ""AGENT_TRADE_SECURITY_YOY"", ""AGENT_UNDERWRITE_SECURITY_YOY"", ""AMORTIZE_COST_FINASSET_YOY"", ""AMORTIZE_COST_FINLIAB_YOY"", ""AMORTIZE_COST_NCFINASSET_YOY"", ""AMORTIZE_COST_NCFINLIAB_YOY"", ""APPOINT_FVTPL_FINASSET_YOY"", ""APPOINT_FVTPL_FINLIAB_YOY"", ""ASSET_BALANCE_YOY"", ""ASSET_OTHER_YOY"", ""ASSIGN_CASH_DIVIDEND_YOY"", ""AVAILABLE_SALE_FINASSET_YOY"", ""BOND_PAYABLE_YOY"", ""BORROW_FUND_YOY"", ""BUY_RESALE_FINASSET_YOY"", ""CAPITAL_RESERVE_YOY"", ""CIP_YOY"", ""CONSUMPTIVE_BIOLOGICAL_ASSET_YOY"", ""CONTRACT_ASSET_YOY"", ""CONTRACT_LIAB_YOY"", ""CONVERT_DIFF_YOY"", ""CREDITOR_INVEST_YOY"", ""CURRENT_ASSET_BALANCE_YOY"", ""CURRENT_ASSET_OTHER_YOY"", ""CURRENT_LIAB_BALANCE_YOY"", ""CURRENT_LIAB_OTHER_YOY"", ""DEFER_INCOME_1YEAR_YOY"", ""DEFER_INCOME_YOY"", ""DEFER_TAX_ASSET_YOY"", ""DEFER_TAX_LIAB_YOY"", ""DERIVE_FINASSET_YOY"", ""DERIVE_FINLIAB_YOY"", ""DEVELOP_EXPENSE_YOY"", ""DIV_HOLDSALE_ASSET_YOY"", ""DIV_HOLDSALE_LIAB_YOY"", ""DIVIDEND_PAYABLE_YOY"", ""DIVIDEND_RECE_YOY"", ""EQUITY_BALANCE_YOY"", ""EQUITY_OTHER_YOY"", ""EXPORT_REFUND_RECE_YOY"", ""FEE_COMMISSION_PAYABLE_YOY"", ""FIN_FUND_YOY"", ""FINANCE_RECE_YOY"", ""FIXED_ASSET_DISPOSAL_YOY"", ""FIXED_ASSET_YOY"", ""FVTOCI_FINASSET_YOY"", ""FVTOCI_NCFINASSET_YOY"", ""FVTPL_FINASSET_YOY"", ""FVTPL_FINLIAB_YOY"", ""GENERAL_RISK_RESERVE_YOY"", ""GOODWILL_YOY"", ""HOLD_MATURITY_INVEST_YOY"", ""HOLDSALE_ASSET_YOY"", ""HOLDSALE_LIAB_YOY"", ""INSURANCE_CONTRACT_RESERVE_YOY"", ""INTANGIBLE_ASSET_YOY"", ""INTEREST_PAYABLE_YOY"", ""INTEREST_RECE_YOY"", ""INTERNAL_PAYABLE_YOY"", ""INTERNAL_RECE_YOY"", ""INVENTORY_YOY"", ""INVEST_REALESTATE_YOY"", ""LEASE_LIAB_YOY"", ""LEND_FUND_YOY"", ""LIAB_BALANCE_YOY"", ""LIAB_EQUITY_BALANCE_YOY"", ""LIAB_EQUITY_OTHER_YOY"", ""LIAB_OTHER_YOY"", ""LOAN_ADVANCE_YOY"", ""LOAN_PBC_YOY"", ""LONG_EQUITY_INVEST_YOY"", ""LONG_LOAN_YOY"", ""LONG_PAYABLE_YOY"", ""LONG_PREPAID_EXPENSE_YOY"", ""LONG_RECE_YOY"", ""LONG_STAFFSALARY_PAYABLE_YOY"", ""MINORITY_EQUITY_YOY"", ""MONETARYFUNDS_YOY"", ""NONCURRENT_ASSET_1YEAR_YOY"", ""NONCURRENT_ASSET_BALANCE_YOY"", ""NONCURRENT_ASSET_OTHER_YOY"", ""NONCURRENT_LIAB_1YEAR_YOY"", ""NONCURRENT_LIAB_BALANCE_YOY"", ""NONCURRENT_LIAB_OTHER_YOY"", ""NOTE_ACCOUNTS_PAYABLE_YOY"", ""NOTE_ACCOUNTS_RECE_YOY"", ""NOTE_PAYABLE_YOY"", ""NOTE_RECE_YOY"", ""OIL_GAS_ASSET_YOY"", ""OTHER_COMPRE_INCOME_YOY"", ""OTHER_CREDITOR_INVEST_YOY"", ""OTHER_CURRENT_ASSET_YOY"", ""OTHER_CURRENT_LIAB_YOY"", ""OTHER_EQUITY_INVEST_YOY"", ""OTHER_EQUITY_OTHER_YOY"", ""OTHER_EQUITY_TOOL_YOY"", ""OTHER_NONCURRENT_ASSET_YOY"", ""OTHER_NONCURRENT_FINASSET_YOY"", ""OTHER_NONCURRENT_LIAB_YOY"", ""OTHER_PAYABLE_YOY"", ""OTHER_RECE_YOY"", ""PARENT_EQUITY_BALANCE_YOY"", ""PARENT_EQUITY_OTHER_YOY"", ""PERPETUAL_BOND_PAYBALE_YOY"", ""PERPETUAL_BOND_YOY"", ""PREDICT_CURRENT_LIAB_YOY"", ""PREDICT_LIAB_YOY"", ""PREFERRED_SHARES_PAYBALE_YOY"", ""PREFERRED_SHARES_YOY"", ""PREMIUM_RECE_YOY"", ""PREPAYMENT_YOY"", ""PRODUCTIVE_BIOLOGY_ASSET_YOY"", ""PROJECT_MATERIAL_YOY"", ""RC_RESERVE_RECE_YOY"", ""REINSURE_PAYABLE_YOY"", ""REINSURE_RECE_YOY"", ""SELL_REPO_FINASSET_YOY"", ""SETTLE_EXCESS_RESERVE_YOY"", ""SHARE_CAPITAL_YOY"", ""SHORT_BOND_PAYABLE_YOY"", ""SHORT_FIN_PAYABLE_YOY"", ""SHORT_LOAN_YOY"", ""SPECIAL_PAYABLE_YOY"", ""SPECIAL_RESERVE_YOY"", ""STAFF_SALARY_PAYABLE_YOY"", ""SUBSIDY_RECE_YOY"", ""SURPLUS_RESERVE_YOY"", ""TAX_PAYABLE_YOY"", ""TOTAL_ASSETS_YOY"", ""TOTAL_CURRENT_ASSETS_YOY"", ""TOTAL_CURRENT_LIAB_YOY"", ""TOTAL_EQUITY_YOY"", ""TOTAL_LIAB_EQUITY_YOY"", ""TOTAL_LIABILITIES_YOY"", ""TOTAL_NONCURRENT_ASSETS_YOY"", ""TOTAL_NONCURRENT_LIAB_YOY"", ""TOTAL_OTHER_PAYABLE_YOY"", ""TOTAL_OTHER_RECE_YOY"", ""TOTAL_PARENT_EQUITY_YOY"", ""TRADE_FINASSET_NOTFVTPL_YOY"", ""TRADE_FINASSET_YOY"", ""TRADE_FINLIAB_NOTFVTPL_YOY"", ""TRADE_FINLIAB_YOY"", ""TREASURY_SHARES_YOY"", ""UNASSIGN_RPOFIT_YOY"", ""UNCONFIRM_INVEST_LOSS_YOY"", ""USERIGHT_ASSET_YOY"", ""OPINION_TYPE"", ""OSOPINION_TYPE"", ""LISTING_STATE""]",2000-12-31,2026-03-31,all_available,True,,,1,2797.073,balance_sheet,history,1.18.80,,2026-07-27,False,True,e3f68f3c1e442d9f843722969cd1f7f14a94af139281cfb9edaaf98dbcefaed1,f161f12f99090996cde81bce019406a6e3d697fc2a69488a3b6e0a81e57a40b0,data/raw/stage18/interface_audit/run_id=b276fa2d-1462-4b44-a38c-14013555293c/balance_sheet/market=A/symbol=000100/audit=3a7b7fbaf985/data.parquet,data/raw/stage18/interface_audit/run_id=b276fa2d-1462-4b44-a38c-14013555293c/balance_sheet/market=A/symbol=000100/audit=3a7b7fbaf985/metadata.json
b276fa2d-1462-4b44-a38c-14013555293c,stock_profit_sheet_by_report_em,(symbol: str = 'SH600519') -> pandas.DataFrame,A,000100,Eastmoney,"{""symbol"":""SZ000100""}",2026-08-27T03:13:35.476657+00:00,success,PASS,96,"[""SECUCODE"", ""SECURITY_CODE"", ""SECURITY_NAME_ABBR"", ""ORG_CODE"", ""ORG_TYPE"", ""REPORT_DATE"", ""REPORT_TYPE"", ""REPORT_DATE_NAME"", ""SECURITY_TYPE_CODE"", ""NOTICE_DATE"", ""UPDATE_DATE"", ""CURRENCY"", ""TOTAL_OPERATE_INCOME"", ""TOTAL_OPERATE_INCOME_YOY"", ""OPERATE_INCOME"", ""OPERATE_INCOME_YOY"", ""INTEREST_INCOME"", ""INTEREST_INCOME_YOY"", ""EARNED_PREMIUM"", ""EARNED_PREMIUM_YOY"", ""FEE_COMMISSION_INCOME"", ""FEE_COMMISSION_INCOME_YOY"", ""OTHER_BUSINESS_INCOME"", ""OTHER_BUSINESS_INCOME_YOY"", ""TOI_OTHER"", ""TOI_OTHER_YOY"", ""TOTAL_OPERATE_COST"", ""TOTAL_OPERATE_COST_YOY"", ""OPERATE_COST"", ""OPERATE_COST_YOY"", ""INTEREST_EXPENSE"", ""INTEREST_EXPENSE_YOY"", ""FEE_COMMISSION_EXPENSE"", ""FEE_COMMISSION_EXPENSE_YOY"", ""RESEARCH_EXPENSE"", ""RESEARCH_EXPENSE_YOY"", ""SURRENDER_VALUE"", ""SURRENDER_VALUE_YOY"", ""NET_COMPENSATE_EXPENSE"", ""NET_COMPENSATE_EXPENSE_YOY"", ""NET_CONTRACT_RESERVE"", ""NET_CONTRACT_RESERVE_YOY"", ""POLICY_BONUS_EXPENSE"", ""POLICY_BONUS_EXPENSE_YOY"", ""REINSURE_EXPENSE"", ""REINSURE_EXPENSE_YOY"", ""OTHER_BUSINESS_COST"", ""OTHER_BUSINESS_COST_YOY"", ""OPERATE_TAX_ADD"", ""OPERATE_TAX_ADD_YOY"", ""SALE_EXPENSE"", ""SALE_EXPENSE_YOY"", ""MANAGE_EXPENSE"", ""MANAGE_EXPENSE_YOY"", ""ME_RESEARCH_EXPENSE"", ""ME_RESEARCH_EXPENSE_YOY"", ""FINANCE_EXPENSE"", ""FINANCE_EXPENSE_YOY"", ""FE_INTEREST_EXPENSE"", ""FE_INTEREST_EXPENSE_YOY"", ""FE_INTEREST_INCOME"", ""FE_INTEREST_INCOME_YOY"", ""ASSET_IMPAIRMENT_LOSS"", ""ASSET_IMPAIRMENT_LOSS_YOY"", ""CREDIT_IMPAIRMENT_LOSS"", ""CREDIT_IMPAIRMENT_LOSS_YOY"", ""TOC_OTHER"", ""TOC_OTHER_YOY"", ""FAIRVALUE_CHANGE_INCOME"", ""FAIRVALUE_CHANGE_INCOME_YOY"", ""INVEST_INCOME"", ""INVEST_INCOME_YOY"", ""INVEST_JOINT_INCOME"", ""INVEST_JOINT_INCOME_YOY"", ""NET_EXPOSURE_INCOME"", ""NET_EXPOSURE_INCOME_YOY"", ""EXCHANGE_INCOME"", ""EXCHANGE_INCOME_YOY"", ""ASSET_DISPOSAL_INCOME"", ""ASSET_DISPOSAL_INCOME_YOY"", ""ASSET_IMPAIRMENT_INCOME"", ""ASSET_IMPAIRMENT_INCOME_YOY"", ""CREDIT_IMPAIRMENT_INCOME"", ""CREDIT_IMPAIRMENT_INCOME_YOY"", ""OTHER_INCOME"", ""OTHER_INCOME_YOY"", ""OPERATE_PROFIT_OTHER"", ""OPERATE_PROFIT_OTHER_YOY"", ""OPERATE_PROFIT_BALANCE"", ""OPERATE_PROFIT_BALANCE_YOY"", ""OPERATE_PROFIT"", ""OPERATE_PROFIT_YOY"", ""NONBUSINESS_INCOME"", ""NONBUSINESS_INCOME_YOY"", ""NONCURRENT_DISPOSAL_INCOME"", ""NONCURRENT_DISPOSAL_INCOME_YOY"", ""NONBUSINESS_EXPENSE"", ""NONBUSINESS_EXPENSE_YOY"", ""NONCURRENT_DISPOSAL_LOSS"", ""NONCURRENT_DISPOSAL_LOSS_YOY"", ""EFFECT_TP_OTHER"", ""EFFECT_TP_OTHER_YOY"", ""TOTAL_PROFIT_BALANCE"", ""TOTAL_PROFIT_BALANCE_YOY"", ""TOTAL_PROFIT"", ""TOTAL_PROFIT_YOY"", ""INCOME_TAX"", ""INCOME_TAX_YOY"", ""EFFECT_NETPROFIT_OTHER"", ""EFFECT_NETPROFIT_OTHER_YOY"", ""EFFECT_NETPROFIT_BALANCE"", ""EFFECT_NETPROFIT_BALANCE_YOY"", ""UNCONFIRM_INVEST_LOSS"", ""UNCONFIRM_INVEST_LOSS_YOY"", ""NETPROFIT"", ""NETPROFIT_YOY"", ""PRECOMBINE_PROFIT"", ""PRECOMBINE_PROFIT_YOY"", ""CONTINUED_NETPROFIT"", ""CONTINUED_NETPROFIT_YOY"", ""DISCONTINUED_NETPROFIT"", ""DISCONTINUED_NETPROFIT_YOY"", ""PARENT_NETPROFIT"", ""PARENT_NETPROFIT_YOY"", ""MINORITY_INTEREST"", ""MINORITY_INTEREST_YOY"", ""DEDUCT_PARENT_NETPROFIT"", ""DEDUCT_PARENT_NETPROFIT_YOY"", ""NETPROFIT_OTHER"", ""NETPROFIT_OTHER_YOY"", ""NETPROFIT_BALANCE"", ""NETPROFIT_BALANCE_YOY"", ""BASIC_EPS"", ""BASIC_EPS_YOY"", ""DILUTED_EPS"", ""DILUTED_EPS_YOY"", ""OTHER_COMPRE_INCOME"", ""OTHER_COMPRE_INCOME_YOY"", ""PARENT_OCI"", ""PARENT_OCI_YOY"", ""MINORITY_OCI"", ""MINORITY_OCI_YOY"", ""PARENT_OCI_OTHER"", ""PARENT_OCI_OTHER_YOY"", ""PARENT_OCI_BALANCE"", ""PARENT_OCI_BALANCE_YOY"", ""UNABLE_OCI"", ""UNABLE_OCI_YOY"", ""CREDITRISK_FAIRVALUE_CHANGE"", ""CREDITRISK_FAIRVALUE_CHANGE_YOY"", ""OTHERRIGHT_FAIRVALUE_CHANGE"", ""OTHERRIGHT_FAIRVALUE_CHANGE_YOY"", ""SETUP_PROFIT_CHANGE"", ""SETUP_PROFIT_CHANGE_YOY"", ""RIGHTLAW_UNABLE_OCI"", ""RIGHTLAW_UNABLE_OCI_YOY"", ""UNABLE_OCI_OTHER"", ""UNABLE_OCI_OTHER_YOY"", ""UNABLE_OCI_BALANCE"", ""UNABLE_OCI_BALANCE_YOY"", ""ABLE_OCI"", ""ABLE_OCI_YOY"", ""RIGHTLAW_ABLE_OCI"", ""RIGHTLAW_ABLE_OCI_YOY"", ""AFA_FAIRVALUE_CHANGE"", ""AFA_FAIRVALUE_CHANGE_YOY"", ""HMI_AFA"", ""HMI_AFA_YOY"", ""CASHFLOW_HEDGE_VALID"", ""CASHFLOW_HEDGE_VALID_YOY"", ""CREDITOR_FAIRVALUE_CHANGE"", ""CREDITOR_FAIRVALUE_CHANGE_YOY"", ""CREDITOR_IMPAIRMENT_RESERVE"", ""CREDITOR_IMPAIRMENT_RESERVE_YOY"", ""FINANCE_OCI_AMT"", ""FINANCE_OCI_AMT_YOY"", ""CONVERT_DIFF"", ""CONVERT_DIFF_YOY"", ""ABLE_OCI_OTHER"", ""ABLE_OCI_OTHER_YOY"", ""ABLE_OCI_BALANCE"", ""ABLE_OCI_BALANCE_YOY"", ""OCI_OTHER"", ""OCI_OTHER_YOY"", ""OCI_BALANCE"", ""OCI_BALANCE_YOY"", ""TOTAL_COMPRE_INCOME"", ""TOTAL_COMPRE_INCOME_YOY"", ""PARENT_TCI"", ""PARENT_TCI_YOY"", ""MINORITY_TCI"", ""MINORITY_TCI_YOY"", ""PRECOMBINE_TCI"", ""PRECOMBINE_TCI_YOY"", ""EFFECT_TCI_BALANCE"", ""EFFECT_TCI_BALANCE_YOY"", ""TCI_OTHER"", ""TCI_OTHER_YOY"", ""TCI_BALANCE"", ""TCI_BALANCE_YOY"", ""ACF_END_INCOME"", ""ACF_END_INCOME_YOY"", ""OPINION_TYPE""]",2000-12-31,2026-03-31,all_available,True,,,1,2556.435,income_statement,history,1.18.80,,2026-07-27,False,True,047a268bbe13d2fdf73d1add6a3ec909dbccc60aa787770049c45871db5271df,d5f1e614cf23a3150f17254dd555c4309592c56adda5c569a67db01093541be9,data/raw/stage18/interface_audit/run_id=b276fa2d-1462-4b44-a38c-14013555293c/income_statement/market=A/symbol=000100/audit=8de87e06598e/data.parquet,data/raw/stage18/interface_audit/run_id=b276fa2d-1462-4b44-a38c-14013555293c/income_statement/market=A/symbol=000100/audit=8de87e06598e/metadata.json
b276fa2d-1462-4b44-a38c-14013555293c,stock_cash_flow_sheet_by_report_em,(symbol: str = 'SH600519') -> pandas.DataFrame,A,000100,Eastmoney,"{""symbol"":""SZ000100""}",2026-08-27T03:13:38.112192+00:00,success,PASS,92,"[""SECUCODE"", ""SECURITY_CODE"", ""SECURITY_NAME_ABBR"", ""ORG_CODE"", ""ORG_TYPE"", ""REPORT_DATE"", ""REPORT_TYPE"", ""REPORT_DATE_NAME"", ""SECURITY_TYPE_CODE"", ""NOTICE_DATE"", ""UPDATE_DATE"", ""CURRENCY"", ""SALES_SERVICES"", ""DEPOSIT_INTERBANK_ADD"", ""LOAN_PBC_ADD"", ""OFI_BF_ADD"", ""RECEIVE_ORIGIC_PREMIUM"", ""RECEIVE_REINSURE_NET"", ""INSURED_INVEST_ADD"", ""DISPOSAL_TFA_ADD"", ""RECEIVE_INTEREST_COMMISSION"", ""BORROW_FUND_ADD"", ""LOAN_ADVANCE_REDUCE"", ""REPO_BUSINESS_ADD"", ""RECEIVE_TAX_REFUND"", ""RECEIVE_OTHER_OPERATE"", ""OPERATE_INFLOW_OTHER"", ""OPERATE_INFLOW_BALANCE"", ""TOTAL_OPERATE_INFLOW"", ""BUY_SERVICES"", ""LOAN_ADVANCE_ADD"", ""PBC_INTERBANK_ADD"", ""PAY_ORIGIC_COMPENSATE"", ""PAY_INTEREST_COMMISSION"", ""PAY_POLICY_BONUS"", ""PAY_STAFF_CASH"", ""PAY_ALL_TAX"", ""PAY_OTHER_OPERATE"", ""OPERATE_OUTFLOW_OTHER"", ""OPERATE_OUTFLOW_BALANCE"", ""TOTAL_OPERATE_OUTFLOW"", ""OPERATE_NETCASH_OTHER"", ""OPERATE_NETCASH_BALANCE"", ""NETCASH_OPERATE"", ""WITHDRAW_INVEST"", ""RECEIVE_INVEST_INCOME"", ""DISPOSAL_LONG_ASSET"", ""DISPOSAL_SUBSIDIARY_OTHER"", ""REDUCE_PLEDGE_TIMEDEPOSITS"", ""RECEIVE_OTHER_INVEST"", ""INVEST_INFLOW_OTHER"", ""INVEST_INFLOW_BALANCE"", ""TOTAL_INVEST_INFLOW"", ""CONSTRUCT_LONG_ASSET"", ""INVEST_PAY_CASH"", ""PLEDGE_LOAN_ADD"", ""OBTAIN_SUBSIDIARY_OTHER"", ""ADD_PLEDGE_TIMEDEPOSITS"", ""PAY_OTHER_INVEST"", ""INVEST_OUTFLOW_OTHER"", ""INVEST_OUTFLOW_BALANCE"", ""TOTAL_INVEST_OUTFLOW"", ""INVEST_NETCASH_OTHER"", ""INVEST_NETCASH_BALANCE"", ""NETCASH_INVEST"", ""ACCEPT_INVEST_CASH"", ""SUBSIDIARY_ACCEPT_INVEST"", ""RECEIVE_LOAN_CASH"", ""ISSUE_BOND"", ""RECEIVE_OTHER_FINANCE"", ""FINANCE_INFLOW_OTHER"", ""FINANCE_INFLOW_BALANCE"", ""TOTAL_FINANCE_INFLOW"", ""PAY_DEBT_CASH"", ""ASSIGN_DIVIDEND_PORFIT"", ""SUBSIDIARY_PAY_DIVIDEND"", ""BUY_SUBSIDIARY_EQUITY"", ""PAY_OTHER_FINANCE"", ""SUBSIDIARY_REDUCE_CASH"", ""FINANCE_OUTFLOW_OTHER"", ""FINANCE_OUTFLOW_BALANCE"", ""TOTAL_FINANCE_OUTFLOW"", ""FINANCE_NETCASH_OTHER"", ""FINANCE_NETCASH_BALANCE"", ""NETCASH_FINANCE"", ""RATE_CHANGE_EFFECT"", ""CCE_ADD_OTHER"", ""CCE_ADD_BALANCE"", ""CCE_ADD"", ""BEGIN_CCE"", ""END_CCE_OTHER"", ""END_CCE_BALANCE"", ""END_CCE"", ""NETPROFIT"", ""ASSET_IMPAIRMENT"", ""FA_IR_DEPR"", ""OILGAS_BIOLOGY_DEPR"", ""IR_DEPR"", ""IA_AMORTIZE"", ""LPE_AMORTIZE"", ""DEFER_INCOME_AMORTIZE"", ""PREPAID_EXPENSE_REDUCE"", ""ACCRUED_EXPENSE_ADD"", ""DISPOSAL_LONGASSET_LOSS"", ""FA_SCRAP_LOSS"", ""FAIRVALUE_CHANGE_LOSS"", ""FINANCE_EXPENSE"", ""INVEST_LOSS"", ""DEFER_TAX"", ""DT_ASSET_REDUCE"", ""DT_LIAB_ADD"", ""PREDICT_LIAB_ADD"", ""INVENTORY_REDUCE"", ""OPERATE_RECE_REDUCE"", ""OPERATE_PAYABLE_ADD"", ""OTHER"", ""OPERATE_NETCASH_OTHERNOTE"", ""OPERATE_NETCASH_BALANCENOTE"", ""NETCASH_OPERATENOTE"", ""DEBT_TRANSFER_CAPITAL"", ""CONVERT_BOND_1YEAR"", ""FINLEASE_OBTAIN_FA"", ""UNINVOLVE_INVESTFIN_OTHER"", ""END_CASH"", ""BEGIN_CASH"", ""END_CASH_EQUIVALENTS"", ""BEGIN_CASH_EQUIVALENTS"", ""CCE_ADD_OTHERNOTE"", ""CCE_ADD_BALANCENOTE"", ""CCE_ADDNOTE"", ""SALES_SERVICES_YOY"", ""DEPOSIT_INTERBANK_ADD_YOY"", ""LOAN_PBC_ADD_YOY"", ""OFI_BF_ADD_YOY"", ""RECEIVE_ORIGIC_PREMIUM_YOY"", ""RECEIVE_REINSURE_NET_YOY"", ""INSURED_INVEST_ADD_YOY"", ""DISPOSAL_TFA_ADD_YOY"", ""RECEIVE_INTEREST_COMMISSION_YOY"", ""BORROW_FUND_ADD_YOY"", ""LOAN_ADVANCE_REDUCE_YOY"", ""REPO_BUSINESS_ADD_YOY"", ""RECEIVE_TAX_REFUND_YOY"", ""RECEIVE_OTHER_OPERATE_YOY"", ""OPERATE_INFLOW_OTHER_YOY"", ""OPERATE_INFLOW_BALANCE_YOY"", ""TOTAL_OPERATE_INFLOW_YOY"", ""BUY_SERVICES_YOY"", ""LOAN_ADVANCE_ADD_YOY"", ""PBC_INTERBANK_ADD_YOY"", ""PAY_ORIGIC_COMPENSATE_YOY"", ""PAY_INTEREST_COMMISSION_YOY"", ""PAY_POLICY_BONUS_YOY"", ""PAY_STAFF_CASH_YOY"", ""PAY_ALL_TAX_YOY"", ""PAY_OTHER_OPERATE_YOY"", ""OPERATE_OUTFLOW_OTHER_YOY"", ""OPERATE_OUTFLOW_BALANCE_YOY"", ""TOTAL_OPERATE_OUTFLOW_YOY"", ""OPERATE_NETCASH_OTHER_YOY"", ""OPERATE_NETCASH_BALANCE_YOY"", ""NETCASH_OPERATE_YOY"", ""WITHDRAW_INVEST_YOY"", ""RECEIVE_INVEST_INCOME_YOY"", ""DISPOSAL_LONG_ASSET_YOY"", ""DISPOSAL_SUBSIDIARY_OTHER_YOY"", ""REDUCE_PLEDGE_TIMEDEPOSITS_YOY"", ""RECEIVE_OTHER_INVEST_YOY"", ""INVEST_INFLOW_OTHER_YOY"", ""INVEST_INFLOW_BALANCE_YOY"", ""TOTAL_INVEST_INFLOW_YOY"", ""CONSTRUCT_LONG_ASSET_YOY"", ""INVEST_PAY_CASH_YOY"", ""PLEDGE_LOAN_ADD_YOY"", ""OBTAIN_SUBSIDIARY_OTHER_YOY"", ""ADD_PLEDGE_TIMEDEPOSITS_YOY"", ""PAY_OTHER_INVEST_YOY"", ""INVEST_OUTFLOW_OTHER_YOY"", ""INVEST_OUTFLOW_BALANCE_YOY"", ""TOTAL_INVEST_OUTFLOW_YOY"", ""INVEST_NETCASH_OTHER_YOY"", ""INVEST_NETCASH_BALANCE_YOY"", ""NETCASH_INVEST_YOY"", ""ACCEPT_INVEST_CASH_YOY"", ""SUBSIDIARY_ACCEPT_INVEST_YOY"", ""RECEIVE_LOAN_CASH_YOY"", ""ISSUE_BOND_YOY"", ""RECEIVE_OTHER_FINANCE_YOY"", ""FINANCE_INFLOW_OTHER_YOY"", ""FINANCE_INFLOW_BALANCE_YOY"", ""TOTAL_FINANCE_INFLOW_YOY"", ""PAY_DEBT_CASH_YOY"", ""ASSIGN_DIVIDEND_PORFIT_YOY"", ""SUBSIDIARY_PAY_DIVIDEND_YOY"", ""BUY_SUBSIDIARY_EQUITY_YOY"", ""PAY_OTHER_FINANCE_YOY"", ""SUBSIDIARY_REDUCE_CASH_YOY"", ""FINANCE_OUTFLOW_OTHER_YOY"", ""FINANCE_OUTFLOW_BALANCE_YOY"", ""TOTAL_FINANCE_OUTFLOW_YOY"", ""FINANCE_NETCASH_OTHER_YOY"", ""FINANCE_NETCASH_BALANCE_YOY"", ""NETCASH_FINANCE_YOY"", ""RATE_CHANGE_EFFECT_YOY"", ""CCE_ADD_OTHER_YOY"", ""CCE_ADD_BALANCE_YOY"", ""CCE_ADD_YOY"", ""BEGIN_CCE_YOY"", ""END_CCE_OTHER_YOY"", ""END_CCE_BALANCE_YOY"", ""END_CCE_YOY"", ""NETPROFIT_YOY"", ""ASSET_IMPAIRMENT_YOY"", ""FA_IR_DEPR_YOY"", ""OILGAS_BIOLOGY_DEPR_YOY"", ""IR_DEPR_YOY"", ""IA_AMORTIZE_YOY"", ""LPE_AMORTIZE_YOY"", ""DEFER_INCOME_AMORTIZE_YOY"", ""PREPAID_EXPENSE_REDUCE_YOY"", ""ACCRUED_EXPENSE_ADD_YOY"", ""DISPOSAL_LONGASSET_LOSS_YOY"", ""FA_SCRAP_LOSS_YOY"", ""FAIRVALUE_CHANGE_LOSS_YOY"", ""FINANCE_EXPENSE_YOY"", ""INVEST_LOSS_YOY"", ""DEFER_TAX_YOY"", ""DT_ASSET_REDUCE_YOY"", ""DT_LIAB_ADD_YOY"", ""PREDICT_LIAB_ADD_YOY"", ""INVENTORY_REDUCE_YOY"", ""OPERATE_RECE_REDUCE_YOY"", ""OPERATE_PAYABLE_ADD_YOY"", ""OTHER_YOY"", ""OPERATE_NETCASH_OTHERNOTE_YOY"", ""OPERATE_NETCASH_BALANCENOTE_YOY"", ""NETCASH_OPERATENOTE_YOY"", ""DEBT_TRANSFER_CAPITAL_YOY"", ""CONVERT_BOND_1YEAR_YOY"", ""FINLEASE_OBTAIN_FA_YOY"", ""UNINVOLVE_INVESTFIN_OTHER_YOY"", ""END_CASH_YOY"", ""BEGIN_CASH_YOY"", ""END_CASH_EQUIVALENTS_YOY"", ""BEGIN_CASH_EQUIVALENTS_YOY"", ""CCE_ADD_OTHERNOTE_YOY"", ""CCE_ADD_BALANCENOTE_YOY"", ""CCE_ADDNOTE_YOY"", ""OPINION_TYPE"", ""OSOPINION_TYPE"", ""MINORITY_INTEREST"", ""MINORITY_INTEREST_YOY"", ""USERIGHT_ASSET_AMORTIZE"", ""USERIGHT_ASSET_AMORTIZE_YOY""]",2002-12-31,2026-03-31,all_available,True,,,1,2501.566,cash_flow_statement,history,1.18.80,,2026-07-27,False,True,2050581cfd86f2ba8a5a90318121b032ae6cee22d66dbc6f0a5f923fe8307444,4d73f2352e79e9b8d7ecc023b379727e8216edb48ddcfd48b2d80b978a779f67,data/raw/stage18/interface_audit/run_id=b276fa2d-1462-4b44-a38c-14013555293c/cash_flow_statement/market=A/symbol=000100/audit=872954ddd14e/data.parquet,data/raw/stage18/interface_audit/run_id=b276fa2d-1462-4b44-a38c-14013555293c/cash_flow_statement/market=A/symbol=000100/audit=872954ddd14e/metadata.json
b276fa2d-1462-4b44-a38c-14013555293c,stock_zh_a_spot_em,() -> pandas.DataFrame,A,000100,Eastmoney,{},2026-08-27T03:13:09.740782+00:00,failure,FAIL,0,[],,,snapshot,False,connection_error,"HTTPSConnectionPool(host='82.push2.eastmoney.com', port=443): Max retries exceeded with url: /api/qt/clist/get?pn=1&pz=100&po=1&np=1&ut=bd1d9ddb04089700cf9c27f6f7426281&fltt=2&invt=2&fid=f12&fs=m%3A0+t%3A6%2Cm%3A0+t%3A80%2Cm%3A1+t%3A2%2Cm%3",3,19444.141,valuation_snapshot,snapshot,1.18.80,2026-08-27T03:13:29.185609+00:00,2026-07-27,True,False,,,,data/raw/stage18/interface_audit/run_id=b276fa2d-1462-4b44-a38c-14013555293c/valuation_snapshot/market=A/symbol=000100/audit=639f642ce4db/metadata.json
b276fa2d-1462-4b44-a38c-14013555293c,stock_financial_abstract,(symbol: str = '600004') -> pandas.DataFrame,A,603259,Sina,"{""symbol"":""603259""}",2026-08-27T03:13:40.695626+00:00,success,PASS,80,"[""选项"", ""指标"", ""20260630"", ""20260331"", ""20251231"", ""20250930"", ""20250630"", ""20250331"", ""20241231"", ""20240930"", ""20240630"", ""20240331"", ""20231231"", ""20230930"", ""20230630"", ""20230331"", ""20221231"", ""20220930"", ""20220630"", ""20220331"", ""20211231"", ""20210930"", ""20210630"", ""20210331"", ""20201231"", ""20200930"", ""20200630"", ""20200331"", ""20191231"", ""20190930"", ""20190630"", ""20190331"", ""20181231"", ""20180930"", ""20180630"", ""20180331"", ""20171231"", ""20170930"", ""20170630"", ""20170331"", ""20161231"", ""20151231"", ""20141231""]",2014-12-31,2026-06-30,all_available,False,,,1,374.514,financial_abstract,history,1.18.80,,2026-07-27,False,True,4e22893817e67c20ba9adcdfcc51624fa2a1063e9b4ddc2eca8fe643eae96e72,576be871bff7ae801c2cb89fb95c0554134c0e38a19f77229cd9c2c18611eb64,data/raw/stage18/interface_audit/run_id=b276fa2d-1462-4b44-a38c-14013555293c/financial_abstract/market=A/symbol=603259/audit=7165aef84b43/data.parquet,data/raw/stage18/interface_audit/run_id=b276fa2d-1462-4b44-a38c-14013555293c/financial_abstract/market=A/symbol=603259/audit=7165aef84b43/metadata.json
b276fa2d-1462-4b44-a38c-14013555293c,stock_financial_analysis_indicator,"(symbol: str = '600004', start_year: str = '1900') -> pandas.DataFrame",A,603259,Sina,"{""start_year"":""1900"",""symbol"":""603259""}",2026-08-27T03:13:41.106650+00:00,success,PASS,41,"[""日期"", ""摊薄每股收益(元)"", ""加权每股收益(元)"", ""每股收益_调整后(元)"", ""扣除非经常性损益后的每股收益(元)"", ""每股净资产_调整前(元)"", ""每股净资产_调整后(元)"", ""每股经营性现金流(元)"", ""每股资本公积金(元)"", ""每股未分配利润(元)"", ""调整后的每股净资产(元)"", ""总资产利润率(%)"", ""主营业务利润率(%)"", ""总资产净利润率(%)"", ""成本费用利润率(%)"", ""营业利润率(%)"", ""主营业务成本率(%)"", ""销售净利率(%)"", ""股本报酬率(%)"", ""净资产报酬率(%)"", ""资产报酬率(%)"", ""销售毛利率(%)"", ""三项费用比重"", ""非主营比重"", ""主营利润比重"", ""股息发放率(%)"", ""投资收益率(%)"", ""主营业务利润(元)"", ""净资产收益率(%)"", ""加权净资产收益率(%)"", ""扣除非经常性损益后的净利润(元)"", ""主营业务收入增长率(%)"", ""净利润增长率(%)"", ""净资产增长率(%)"", ""总资产增长率(%)"", ""应收账款周转率(次)"", ""应收账款周转天数(天)"", ""存货周转天数(天)"", ""存货周转率(次)"", ""固定资产周转率(次)"", ""总资产周转率(次)"", ""总资产周转天数(天)"", ""流动资产周转率(次)"", ""流动资产周转天数(天)"", ""股东权益周转率(次)"", ""流动比率"", ""速动比率"", ""现金比率(%)"", ""利息支付倍数"", ""长期债务与营运资金比率(%)"", ""股东权益比率(%)"", ""长期负债比率(%)"", ""股东权益与固定资产比率(%)"", ""负债与所有者权益比率(%)"", ""长期资产与长期资金比率(%)"", ""资本化比率(%)"", ""固定资产净值率(%)"", ""资本固定化比率(%)"", ""产权比率(%)"", ""清算价值比率(%)"", ""固定资产比重(%)"", ""资产负债率(%)"", ""总资产(元)"", ""经营现金净流量对销售收入比率(%)"", ""资产的经营现金流量回报率(%)"", ""经营现金净流量与净利润的比率(%)"", ""经营现金净流量对负债比率(%)"", ""现金流量比率(%)"", ""短期股票投资(元)"", ""短期债券投资(元)"", ""短期其它经营性投资(元)"", ""长期股票投资(元)"", ""长期债券投资(元)"", ""长期其它经营性投资(元)"", ""1年以内应收帐款(元)"", ""1-2年以内应收帐款(元)"", ""2-3年以内应收帐款(元)"", ""3年以内应收帐款(元)"", ""1年以内预付货款(元)"", ""1-2年以内预付货款(元)"", ""2-3年以内预付货款(元)"", ""3年以内预付货款(元)"", ""1年以内其它应收款(元)"", ""1-2年以内其它应收款(元)"", ""2-3年以内其它应收款(元)"", ""3年以内其它应收款(元)""]",2014-12-31,2026-06-30,all_available,False,,,1,1446.05,financial_indicator,history,1.18.80,,2026-07-27,False,True,960d644eb3ae60fb578de75382c7bfdd61a6d74c0310d0579ba4f8fcfc90dc1c,c7feff94ba7af6fcb2af65f48850bded79ea33013464a5ec80cf2ae4b9456f12,data/raw/stage18/interface_audit/run_id=b276fa2d-1462-4b44-a38c-14013555293c/financial_indicator/market=A/symbol=603259/audit=a35d6a3b71f6/data.parquet,data/raw/stage18/interface_audit/run_id=b276fa2d-1462-4b44-a38c-14013555293c/financial_indicator/market=A/symbol=603259/audit=a35d6a3b71f6/metadata.json
b276fa2d-1462-4b44-a38c-14013555293c,stock_balance_sheet_by_report_em,(symbol: str = 'SH600519') -> pandas.DataFrame,A,603259,Eastmoney,"{""symbol"":""SH603259""}",2026-08-27T03:13:42.589619+00:00,success,PASS,40,"[""SECUCODE"", ""SECURITY_CODE"", ""SECURITY_NAME_ABBR"", ""ORG_CODE"", ""ORG_TYPE"", ""REPORT_DATE"", ""REPORT_TYPE"", ""REPORT_DATE_NAME"", ""SECURITY_TYPE_CODE"", ""NOTICE_DATE"", ""UPDATE_DATE"", ""CURRENCY"", ""ACCEPT_DEPOSIT_INTERBANK"", ""ACCOUNTS_PAYABLE"", ""ACCOUNTS_RECE"", ""ACCRUED_EXPENSE"", ""ADVANCE_RECEIVABLES"", ""AGENT_TRADE_SECURITY"", ""AGENT_UNDERWRITE_SECURITY"", ""AMORTIZE_COST_FINASSET"", ""AMORTIZE_COST_FINLIAB"", ""AMORTIZE_COST_NCFINASSET"", ""AMORTIZE_COST_NCFINLIAB"", ""APPOINT_FVTPL_FINASSET"", ""APPOINT_FVTPL_FINLIAB"", ""ASSET_BALANCE"", ""ASSET_OTHER"", ""ASSIGN_CASH_DIVIDEND"", ""AVAILABLE_SALE_FINASSET"", ""BOND_PAYABLE"", ""BORROW_FUND"", ""BUY_RESALE_FINASSET"", ""CAPITAL_RESERVE"", ""CIP"", ""CONSUMPTIVE_BIOLOGICAL_ASSET"", ""CONTRACT_ASSET"", ""CONTRACT_LIAB"", ""CONVERT_DIFF"", ""CREDITOR_INVEST"", ""CURRENT_ASSET_BALANCE"", ""CURRENT_ASSET_OTHER"", ""CURRENT_LIAB_BALANCE"", ""CURRENT_LIAB_OTHER"", ""DEFER_INCOME"", ""DEFER_INCOME_1YEAR"", ""DEFER_TAX_ASSET"", ""DEFER_TAX_LIAB"", ""DERIVE_FINASSET"", ""DERIVE_FINLIAB"", ""DEVELOP_EXPENSE"", ""DIV_HOLDSALE_ASSET"", ""DIV_HOLDSALE_LIAB"", ""DIVIDEND_PAYABLE"", ""DIVIDEND_RECE"", ""EQUITY_BALANCE"", ""EQUITY_OTHER"", ""EXPORT_REFUND_RECE"", ""FEE_COMMISSION_PAYABLE"", ""FIN_FUND"", ""FINANCE_RECE"", ""FIXED_ASSET"", ""FIXED_ASSET_DISPOSAL"", ""FVTOCI_FINASSET"", ""FVTOCI_NCFINASSET"", ""FVTPL_FINASSET"", ""FVTPL_FINLIAB"", ""GENERAL_RISK_RESERVE"", ""GOODWILL"", ""HOLD_MATURITY_INVEST"", ""HOLDSALE_ASSET"", ""HOLDSALE_LIAB"", ""INSURANCE_CONTRACT_RESERVE"", ""INTANGIBLE_ASSET"", ""INTEREST_PAYABLE"", ""INTEREST_RECE"", ""INTERNAL_PAYABLE"", ""INTERNAL_RECE"", ""INVENTORY"", ""INVEST_REALESTATE"", ""LEASE_LIAB"", ""LEND_FUND"", ""LIAB_BALANCE"", ""LIAB_EQUITY_BALANCE"", ""LIAB_EQUITY_OTHER"", ""LIAB_OTHER"", ""LOAN_ADVANCE"", ""LOAN_PBC"", ""LONG_EQUITY_INVEST"", ""LONG_LOAN"", ""LONG_PAYABLE"", ""LONG_PREPAID_EXPENSE"", ""LONG_RECE"", ""LONG_STAFFSALARY_PAYABLE"", ""MINORITY_EQUITY"", ""MONETARYFUNDS"", ""NONCURRENT_ASSET_1YEAR"", ""NONCURRENT_ASSET_BALANCE"", ""NONCURRENT_ASSET_OTHER"", ""NONCURRENT_LIAB_1YEAR"", ""NONCURRENT_LIAB_BALANCE"", ""NONCURRENT_LIAB_OTHER"", ""NOTE_ACCOUNTS_PAYABLE"", ""NOTE_ACCOUNTS_RECE"", ""NOTE_PAYABLE"", ""NOTE_RECE"", ""OIL_GAS_ASSET"", ""OTHER_COMPRE_INCOME"", ""OTHER_CREDITOR_INVEST"", ""OTHER_CURRENT_ASSET"", ""OTHER_CURRENT_LIAB"", ""OTHER_EQUITY_INVEST"", ""OTHER_EQUITY_OTHER"", ""OTHER_EQUITY_TOOL"", ""OTHER_NONCURRENT_ASSET"", ""OTHER_NONCURRENT_FINASSET"", ""OTHER_NONCURRENT_LIAB"", ""OTHER_PAYABLE"", ""OTHER_RECE"", ""PARENT_EQUITY_BALANCE"", ""PARENT_EQUITY_OTHER"", ""PERPETUAL_BOND"", ""PERPETUAL_BOND_PAYBALE"", ""PREDICT_CURRENT_LIAB"", ""PREDICT_LIAB"", ""PREFERRED_SHARES"", ""PREFERRED_SHARES_PAYBALE"", ""PREMIUM_RECE"", ""PREPAYMENT"", ""PRODUCTIVE_BIOLOGY_ASSET"", ""PROJECT_MATERIAL"", ""RC_RESERVE_RECE"", ""REINSURE_PAYABLE"", ""REINSURE_RECE"", ""SELL_REPO_FINASSET"", ""SETTLE_EXCESS_RESERVE"", ""SHARE_CAPITAL"", ""SHORT_BOND_PAYABLE"", ""SHORT_FIN_PAYABLE"", ""SHORT_LOAN"", ""SPECIAL_PAYABLE"", ""SPECIAL_RESERVE"", ""STAFF_SALARY_PAYABLE"", ""SUBSIDY_RECE"", ""SURPLUS_RESERVE"", ""TAX_PAYABLE"", ""TOTAL_ASSETS"", ""TOTAL_CURRENT_ASSETS"", ""TOTAL_CURRENT_LIAB"", ""TOTAL_EQUITY"", ""TOTAL_LIAB_EQUITY"", ""TOTAL_LIABILITIES"", ""TOTAL_NONCURRENT_ASSETS"", ""TOTAL_NONCURRENT_LIAB"", ""TOTAL_OTHER_PAYABLE"", ""TOTAL_OTHER_RECE"", ""TOTAL_PARENT_EQUITY"", ""TRADE_FINASSET"", ""TRADE_FINASSET_NOTFVTPL"", ""TRADE_FINLIAB"", ""TRADE_FINLIAB_NOTFVTPL"", ""TREASURY_SHARES"", ""UNASSIGN_RPOFIT"", ""UNCONFIRM_INVEST_LOSS"", ""USERIGHT_ASSET"", ""ACCEPT_DEPOSIT_INTERBANK_YOY"", ""ACCOUNTS_PAYABLE_YOY"", ""ACCOUNTS_RECE_YOY"", ""ACCRUED_EXPENSE_YOY"", ""ADVANCE_RECEIVABLES_YOY"", ""AGENT_TRADE_SECURITY_YOY"", ""AGENT_UNDERWRITE_SECURITY_YOY"", ""AMORTIZE_COST_FINASSET_YOY"", ""AMORTIZE_COST_FINLIAB_YOY"", ""AMORTIZE_COST_NCFINASSET_YOY"", ""AMORTIZE_COST_NCFINLIAB_YOY"", ""APPOINT_FVTPL_FINASSET_YOY"", ""APPOINT_FVTPL_FINLIAB_YOY"", ""ASSET_BALANCE_YOY"", ""ASSET_OTHER_YOY"", ""ASSIGN_CASH_DIVIDEND_YOY"", ""AVAILABLE_SALE_FINASSET_YOY"", ""BOND_PAYABLE_YOY"", ""BORROW_FUND_YOY"", ""BUY_RESALE_FINASSET_YOY"", ""CAPITAL_RESERVE_YOY"", ""CIP_YOY"", ""CONSUMPTIVE_BIOLOGICAL_ASSET_YOY"", ""CONTRACT_ASSET_YOY"", ""CONTRACT_LIAB_YOY"", ""CONVERT_DIFF_YOY"", ""CREDITOR_INVEST_YOY"", ""CURRENT_ASSET_BALANCE_YOY"", ""CURRENT_ASSET_OTHER_YOY"", ""CURRENT_LIAB_BALANCE_YOY"", ""CURRENT_LIAB_OTHER_YOY"", ""DEFER_INCOME_1YEAR_YOY"", ""DEFER_INCOME_YOY"", ""DEFER_TAX_ASSET_YOY"", ""DEFER_TAX_LIAB_YOY"", ""DERIVE_FINASSET_YOY"", ""DERIVE_FINLIAB_YOY"", ""DEVELOP_EXPENSE_YOY"", ""DIV_HOLDSALE_ASSET_YOY"", ""DIV_HOLDSALE_LIAB_YOY"", ""DIVIDEND_PAYABLE_YOY"", ""DIVIDEND_RECE_YOY"", ""EQUITY_BALANCE_YOY"", ""EQUITY_OTHER_YOY"", ""EXPORT_REFUND_RECE_YOY"", ""FEE_COMMISSION_PAYABLE_YOY"", ""FIN_FUND_YOY"", ""FINANCE_RECE_YOY"", ""FIXED_ASSET_DISPOSAL_YOY"", ""FIXED_ASSET_YOY"", ""FVTOCI_FINASSET_YOY"", ""FVTOCI_NCFINASSET_YOY"", ""FVTPL_FINASSET_YOY"", ""FVTPL_FINLIAB_YOY"", ""GENERAL_RISK_RESERVE_YOY"", ""GOODWILL_YOY"", ""HOLD_MATURITY_INVEST_YOY"", ""HOLDSALE_ASSET_YOY"", ""HOLDSALE_LIAB_YOY"", ""INSURANCE_CONTRACT_RESERVE_YOY"", ""INTANGIBLE_ASSET_YOY"", ""INTEREST_PAYABLE_YOY"", ""INTEREST_RECE_YOY"", ""INTERNAL_PAYABLE_YOY"", ""INTERNAL_RECE_YOY"", ""INVENTORY_YOY"", ""INVEST_REALESTATE_YOY"", ""LEASE_LIAB_YOY"", ""LEND_FUND_YOY"", ""LIAB_BALANCE_YOY"", ""LIAB_EQUITY_BALANCE_YOY"", ""LIAB_EQUITY_OTHER_YOY"", ""LIAB_OTHER_YOY"", ""LOAN_ADVANCE_YOY"", ""LOAN_PBC_YOY"", ""LONG_EQUITY_INVEST_YOY"", ""LONG_LOAN_YOY"", ""LONG_PAYABLE_YOY"", ""LONG_PREPAID_EXPENSE_YOY"", ""LONG_RECE_YOY"", ""LONG_STAFFSALARY_PAYABLE_YOY"", ""MINORITY_EQUITY_YOY"", ""MONETARYFUNDS_YOY"", ""NONCURRENT_ASSET_1YEAR_YOY"", ""NONCURRENT_ASSET_BALANCE_YOY"", ""NONCURRENT_ASSET_OTHER_YOY"", ""NONCURRENT_LIAB_1YEAR_YOY"", ""NONCURRENT_LIAB_BALANCE_YOY"", ""NONCURRENT_LIAB_OTHER_YOY"", ""NOTE_ACCOUNTS_PAYABLE_YOY"", ""NOTE_ACCOUNTS_RECE_YOY"", ""NOTE_PAYABLE_YOY"", ""NOTE_RECE_YOY"", ""OIL_GAS_ASSET_YOY"", ""OTHER_COMPRE_INCOME_YOY"", ""OTHER_CREDITOR_INVEST_YOY"", ""OTHER_CURRENT_ASSET_YOY"", ""OTHER_CURRENT_LIAB_YOY"", ""OTHER_EQUITY_INVEST_YOY"", ""OTHER_EQUITY_OTHER_YOY"", ""OTHER_EQUITY_TOOL_YOY"", ""OTHER_NONCURRENT_ASSET_YOY"", ""OTHER_NONCURRENT_FINASSET_YOY"", ""OTHER_NONCURRENT_LIAB_YOY"", ""OTHER_PAYABLE_YOY"", ""OTHER_RECE_YOY"", ""PARENT_EQUITY_BALANCE_YOY"", ""PARENT_EQUITY_OTHER_YOY"", ""PERPETUAL_BOND_PAYBALE_YOY"", ""PERPETUAL_BOND_YOY"", ""PREDICT_CURRENT_LIAB_YOY"", ""PREDICT_LIAB_YOY"", ""PREFERRED_SHARES_PAYBALE_YOY"", ""PREFERRED_SHARES_YOY"", ""PREMIUM_RECE_YOY"", ""PREPAYMENT_YOY"", ""PRODUCTIVE_BIOLOGY_ASSET_YOY"", ""PROJECT_MATERIAL_YOY"", ""RC_RESERVE_RECE_YOY"", ""REINSURE_PAYABLE_YOY"", ""REINSURE_RECE_YOY"", ""SELL_REPO_FINASSET_YOY"", ""SETTLE_EXCESS_RESERVE_YOY"", ""SHARE_CAPITAL_YOY"", ""SHORT_BOND_PAYABLE_YOY"", ""SHORT_FIN_PAYABLE_YOY"", ""SHORT_LOAN_YOY"", ""SPECIAL_PAYABLE_YOY"", ""SPECIAL_RESERVE_YOY"", ""STAFF_SALARY_PAYABLE_YOY"", ""SUBSIDY_RECE_YOY"", ""SURPLUS_RESERVE_YOY"", ""TAX_PAYABLE_YOY"", ""TOTAL_ASSETS_YOY"", ""TOTAL_CURRENT_ASSETS_YOY"", ""TOTAL_CURRENT_LIAB_YOY"", ""TOTAL_EQUITY_YOY"", ""TOTAL_LIAB_EQUITY_YOY"", ""TOTAL_LIABILITIES_YOY"", ""TOTAL_NONCURRENT_ASSETS_YOY"", ""TOTAL_NONCURRENT_LIAB_YOY"", ""TOTAL_OTHER_PAYABLE_YOY"", ""TOTAL_OTHER_RECE_YOY"", ""TOTAL_PARENT_EQUITY_YOY"", ""TRADE_FINASSET_NOTFVTPL_YOY"", ""TRADE_FINASSET_YOY"", ""TRADE_FINLIAB_NOTFVTPL_YOY"", ""TRADE_FINLIAB_YOY"", ""TREASURY_SHARES_YOY"", ""UNASSIGN_RPOFIT_YOY"", ""UNCONFIRM_INVEST_LOSS_YOY"", ""USERIGHT_ASSET_YOY"", ""OPINION_TYPE"", ""OSOPINION_TYPE"", ""LISTING_STATE""]",2014-12-31,2026-06-30,all_available,True,,,1,2404.728,balance_sheet,history,1.18.80,,2026-07-27,False,True,cc134561193eb4c793e07900971f9337acbe9bf24098404fbe8936d07d5f5478,43ad42273b13a7a9c7e0ab49e9c155fe67e65bc13217482bde74960c1dd306da,data/raw/stage18/interface_audit/run_id=b276fa2d-1462-4b44-a38c-14013555293c/balance_sheet/market=A/symbol=603259/audit=3a7b7fbaf985/data.parquet,data/raw/stage18/interface_audit/run_id=b276fa2d-1462-4b44-a38c-14013555293c/balance_sheet/market=A/symbol=603259/audit=3a7b7fbaf985/metadata.json
b276fa2d-1462-4b44-a38c-14013555293c,stock_profit_sheet_by_report_em,(symbol: str = 'SH600519') -> pandas.DataFrame,A,603259,Eastmoney,"{""symbol"":""SH603259""}",2026-08-27T03:13:45.087676+00:00,success,PASS,41,"[""SECUCODE"", ""SECURITY_CODE"", ""SECURITY_NAME_ABBR"", ""ORG_CODE"", ""ORG_TYPE"", ""REPORT_DATE"", ""REPORT_TYPE"", ""REPORT_DATE_NAME"", ""SECURITY_TYPE_CODE"", ""NOTICE_DATE"", ""UPDATE_DATE"", ""CURRENCY"", ""TOTAL_OPERATE_INCOME"", ""TOTAL_OPERATE_INCOME_YOY"", ""OPERATE_INCOME"", ""OPERATE_INCOME_YOY"", ""INTEREST_INCOME"", ""INTEREST_INCOME_YOY"", ""EARNED_PREMIUM"", ""EARNED_PREMIUM_YOY"", ""FEE_COMMISSION_INCOME"", ""FEE_COMMISSION_INCOME_YOY"", ""OTHER_BUSINESS_INCOME"", ""OTHER_BUSINESS_INCOME_YOY"", ""TOI_OTHER"", ""TOI_OTHER_YOY"", ""TOTAL_OPERATE_COST"", ""TOTAL_OPERATE_COST_YOY"", ""OPERATE_COST"", ""OPERATE_COST_YOY"", ""INTEREST_EXPENSE"", ""INTEREST_EXPENSE_YOY"", ""FEE_COMMISSION_EXPENSE"", ""FEE_COMMISSION_EXPENSE_YOY"", ""RESEARCH_EXPENSE"", ""RESEARCH_EXPENSE_YOY"", ""SURRENDER_VALUE"", ""SURRENDER_VALUE_YOY"", ""NET_COMPENSATE_EXPENSE"", ""NET_COMPENSATE_EXPENSE_YOY"", ""NET_CONTRACT_RESERVE"", ""NET_CONTRACT_RESERVE_YOY"", ""POLICY_BONUS_EXPENSE"", ""POLICY_BONUS_EXPENSE_YOY"", ""REINSURE_EXPENSE"", ""REINSURE_EXPENSE_YOY"", ""OTHER_BUSINESS_COST"", ""OTHER_BUSINESS_COST_YOY"", ""OPERATE_TAX_ADD"", ""OPERATE_TAX_ADD_YOY"", ""SALE_EXPENSE"", ""SALE_EXPENSE_YOY"", ""MANAGE_EXPENSE"", ""MANAGE_EXPENSE_YOY"", ""ME_RESEARCH_EXPENSE"", ""ME_RESEARCH_EXPENSE_YOY"", ""FINANCE_EXPENSE"", ""FINANCE_EXPENSE_YOY"", ""FE_INTEREST_EXPENSE"", ""FE_INTEREST_EXPENSE_YOY"", ""FE_INTEREST_INCOME"", ""FE_INTEREST_INCOME_YOY"", ""ASSET_IMPAIRMENT_LOSS"", ""ASSET_IMPAIRMENT_LOSS_YOY"", ""CREDIT_IMPAIRMENT_LOSS"", ""CREDIT_IMPAIRMENT_LOSS_YOY"", ""TOC_OTHER"", ""TOC_OTHER_YOY"", ""FAIRVALUE_CHANGE_INCOME"", ""FAIRVALUE_CHANGE_INCOME_YOY"", ""INVEST_INCOME"", ""INVEST_INCOME_YOY"", ""INVEST_JOINT_INCOME"", ""INVEST_JOINT_INCOME_YOY"", ""NET_EXPOSURE_INCOME"", ""NET_EXPOSURE_INCOME_YOY"", ""EXCHANGE_INCOME"", ""EXCHANGE_INCOME_YOY"", ""ASSET_DISPOSAL_INCOME"", ""ASSET_DISPOSAL_INCOME_YOY"", ""ASSET_IMPAIRMENT_INCOME"", ""ASSET_IMPAIRMENT_INCOME_YOY"", ""CREDIT_IMPAIRMENT_INCOME"", ""CREDIT_IMPAIRMENT_INCOME_YOY"", ""OTHER_INCOME"", ""OTHER_INCOME_YOY"", ""OPERATE_PROFIT_OTHER"", ""OPERATE_PROFIT_OTHER_YOY"", ""OPERATE_PROFIT_BALANCE"", ""OPERATE_PROFIT_BALANCE_YOY"", ""OPERATE_PROFIT"", ""OPERATE_PROFIT_YOY"", ""NONBUSINESS_INCOME"", ""NONBUSINESS_INCOME_YOY"", ""NONCURRENT_DISPOSAL_INCOME"", ""NONCURRENT_DISPOSAL_INCOME_YOY"", ""NONBUSINESS_EXPENSE"", ""NONBUSINESS_EXPENSE_YOY"", ""NONCURRENT_DISPOSAL_LOSS"", ""NONCURRENT_DISPOSAL_LOSS_YOY"", ""EFFECT_TP_OTHER"", ""EFFECT_TP_OTHER_YOY"", ""TOTAL_PROFIT_BALANCE"", ""TOTAL_PROFIT_BALANCE_YOY"", ""TOTAL_PROFIT"", ""TOTAL_PROFIT_YOY"", ""INCOME_TAX"", ""INCOME_TAX_YOY"", ""EFFECT_NETPROFIT_OTHER"", ""EFFECT_NETPROFIT_OTHER_YOY"", ""EFFECT_NETPROFIT_BALANCE"", ""EFFECT_NETPROFIT_BALANCE_YOY"", ""UNCONFIRM_INVEST_LOSS"", ""UNCONFIRM_INVEST_LOSS_YOY"", ""NETPROFIT"", ""NETPROFIT_YOY"", ""PRECOMBINE_PROFIT"", ""PRECOMBINE_PROFIT_YOY"", ""CONTINUED_NETPROFIT"", ""CONTINUED_NETPROFIT_YOY"", ""DISCONTINUED_NETPROFIT"", ""DISCONTINUED_NETPROFIT_YOY"", ""PARENT_NETPROFIT"", ""PARENT_NETPROFIT_YOY"", ""MINORITY_INTEREST"", ""MINORITY_INTEREST_YOY"", ""DEDUCT_PARENT_NETPROFIT"", ""DEDUCT_PARENT_NETPROFIT_YOY"", ""NETPROFIT_OTHER"", ""NETPROFIT_OTHER_YOY"", ""NETPROFIT_BALANCE"", ""NETPROFIT_BALANCE_YOY"", ""BASIC_EPS"", ""BASIC_EPS_YOY"", ""DILUTED_EPS"", ""DILUTED_EPS_YOY"", ""OTHER_COMPRE_INCOME"", ""OTHER_COMPRE_INCOME_YOY"", ""PARENT_OCI"", ""PARENT_OCI_YOY"", ""MINORITY_OCI"", ""MINORITY_OCI_YOY"", ""PARENT_OCI_OTHER"", ""PARENT_OCI_OTHER_YOY"", ""PARENT_OCI_BALANCE"", ""PARENT_OCI_BALANCE_YOY"", ""UNABLE_OCI"", ""UNABLE_OCI_YOY"", ""CREDITRISK_FAIRVALUE_CHANGE"", ""CREDITRISK_FAIRVALUE_CHANGE_YOY"", ""OTHERRIGHT_FAIRVALUE_CHANGE"", ""OTHERRIGHT_FAIRVALUE_CHANGE_YOY"", ""SETUP_PROFIT_CHANGE"", ""SETUP_PROFIT_CHANGE_YOY"", ""RIGHTLAW_UNABLE_OCI"", ""RIGHTLAW_UNABLE_OCI_YOY"", ""UNABLE_OCI_OTHER"", ""UNABLE_OCI_OTHER_YOY"", ""UNABLE_OCI_BALANCE"", ""UNABLE_OCI_BALANCE_YOY"", ""ABLE_OCI"", ""ABLE_OCI_YOY"", ""RIGHTLAW_ABLE_OCI"", ""RIGHTLAW_ABLE_OCI_YOY"", ""AFA_FAIRVALUE_CHANGE"", ""AFA_FAIRVALUE_CHANGE_YOY"", ""HMI_AFA"", ""HMI_AFA_YOY"", ""CASHFLOW_HEDGE_VALID"", ""CASHFLOW_HEDGE_VALID_YOY"", ""CREDITOR_FAIRVALUE_CHANGE"", ""CREDITOR_FAIRVALUE_CHANGE_YOY"", ""CREDITOR_IMPAIRMENT_RESERVE"", ""CREDITOR_IMPAIRMENT_RESERVE_YOY"", ""FINANCE_OCI_AMT"", ""FINANCE_OCI_AMT_YOY"", ""CONVERT_DIFF"", ""CONVERT_DIFF_YOY"", ""ABLE_OCI_OTHER"", ""ABLE_OCI_OTHER_YOY"", ""ABLE_OCI_BALANCE"", ""ABLE_OCI_BALANCE_YOY"", ""OCI_OTHER"", ""OCI_OTHER_YOY"", ""OCI_BALANCE"", ""OCI_BALANCE_YOY"", ""TOTAL_COMPRE_INCOME"", ""TOTAL_COMPRE_INCOME_YOY"", ""PARENT_TCI"", ""PARENT_TCI_YOY"", ""MINORITY_TCI"", ""MINORITY_TCI_YOY"", ""PRECOMBINE_TCI"", ""PRECOMBINE_TCI_YOY"", ""EFFECT_TCI_BALANCE"", ""EFFECT_TCI_BALANCE_YOY"", ""TCI_OTHER"", ""TCI_OTHER_YOY"", ""TCI_BALANCE"", ""TCI_BALANCE_YOY"", ""ACF_END_INCOME"", ""ACF_END_INCOME_YOY"", ""OPINION_TYPE""]",2014-12-31,2026-06-30,all_available,True,,,1,1506.467,income_statement,history,1.18.80,,2026-07-27,False,True,2d6e53ee92cd21f30ea929ea7a6de81a1e6d1ac17c35241b2b86c92231147bce,f87b4b5f285a38d6c8b11233612fd284584b0eaccff7913f02356ea25a727e89,data/raw/stage18/interface_audit/run_id=b276fa2d-1462-4b44-a38c-14013555293c/income_statement/market=A/symbol=603259/audit=8de87e06598e/data.parquet,data/raw/stage18/interface_audit/run_id=b276fa2d-1462-4b44-a38c-14013555293c/income_statement/market=A/symbol=603259/audit=8de87e06598e/metadata.json
b276fa2d-1462-4b44-a38c-14013555293c,stock_cash_flow_sheet_by_report_em,(symbol: str = 'SH600519') -> pandas.DataFrame,A,603259,Eastmoney,"{""symbol"":""SH603259""}",2026-08-27T03:13:46.658744+00:00,success,PASS,41,"[""SECUCODE"", ""SECURITY_CODE"", ""SECURITY_NAME_ABBR"", ""ORG_CODE"", ""ORG_TYPE"", ""REPORT_DATE"", ""REPORT_TYPE"", ""REPORT_DATE_NAME"", ""SECURITY_TYPE_CODE"", ""NOTICE_DATE"", ""UPDATE_DATE"", ""CURRENCY"", ""SALES_SERVICES"", ""DEPOSIT_INTERBANK_ADD"", ""LOAN_PBC_ADD"", ""OFI_BF_ADD"", ""RECEIVE_ORIGIC_PREMIUM"", ""RECEIVE_REINSURE_NET"", ""INSURED_INVEST_ADD"", ""DISPOSAL_TFA_ADD"", ""RECEIVE_INTEREST_COMMISSION"", ""BORROW_FUND_ADD"", ""LOAN_ADVANCE_REDUCE"", ""REPO_BUSINESS_ADD"", ""RECEIVE_TAX_REFUND"", ""RECEIVE_OTHER_OPERATE"", ""OPERATE_INFLOW_OTHER"", ""OPERATE_INFLOW_BALANCE"", ""TOTAL_OPERATE_INFLOW"", ""BUY_SERVICES"", ""LOAN_ADVANCE_ADD"", ""PBC_INTERBANK_ADD"", ""PAY_ORIGIC_COMPENSATE"", ""PAY_INTEREST_COMMISSION"", ""PAY_POLICY_BONUS"", ""PAY_STAFF_CASH"", ""PAY_ALL_TAX"", ""PAY_OTHER_OPERATE"", ""OPERATE_OUTFLOW_OTHER"", ""OPERATE_OUTFLOW_BALANCE"", ""TOTAL_OPERATE_OUTFLOW"", ""OPERATE_NETCASH_OTHER"", ""OPERATE_NETCASH_BALANCE"", ""NETCASH_OPERATE"", ""WITHDRAW_INVEST"", ""RECEIVE_INVEST_INCOME"", ""DISPOSAL_LONG_ASSET"", ""DISPOSAL_SUBSIDIARY_OTHER"", ""REDUCE_PLEDGE_TIMEDEPOSITS"", ""RECEIVE_OTHER_INVEST"", ""INVEST_INFLOW_OTHER"", ""INVEST_INFLOW_BALANCE"", ""TOTAL_INVEST_INFLOW"", ""CONSTRUCT_LONG_ASSET"", ""INVEST_PAY_CASH"", ""PLEDGE_LOAN_ADD"", ""OBTAIN_SUBSIDIARY_OTHER"", ""ADD_PLEDGE_TIMEDEPOSITS"", ""PAY_OTHER_INVEST"", ""INVEST_OUTFLOW_OTHER"", ""INVEST_OUTFLOW_BALANCE"", ""TOTAL_INVEST_OUTFLOW"", ""INVEST_NETCASH_OTHER"", ""INVEST_NETCASH_BALANCE"", ""NETCASH_INVEST"", ""ACCEPT_INVEST_CASH"", ""SUBSIDIARY_ACCEPT_INVEST"", ""RECEIVE_LOAN_CASH"", ""ISSUE_BOND"", ""RECEIVE_OTHER_FINANCE"", ""FINANCE_INFLOW_OTHER"", ""FINANCE_INFLOW_BALANCE"", ""TOTAL_FINANCE_INFLOW"", ""PAY_DEBT_CASH"", ""ASSIGN_DIVIDEND_PORFIT"", ""SUBSIDIARY_PAY_DIVIDEND"", ""BUY_SUBSIDIARY_EQUITY"", ""PAY_OTHER_FINANCE"", ""SUBSIDIARY_REDUCE_CASH"", ""FINANCE_OUTFLOW_OTHER"", ""FINANCE_OUTFLOW_BALANCE"", ""TOTAL_FINANCE_OUTFLOW"", ""FINANCE_NETCASH_OTHER"", ""FINANCE_NETCASH_BALANCE"", ""NETCASH_FINANCE"", ""RATE_CHANGE_EFFECT"", ""CCE_ADD_OTHER"", ""CCE_ADD_BALANCE"", ""CCE_ADD"", ""BEGIN_CCE"", ""END_CCE_OTHER"", ""END_CCE_BALANCE"", ""END_CCE"", ""NETPROFIT"", ""ASSET_IMPAIRMENT"", ""FA_IR_DEPR"", ""OILGAS_BIOLOGY_DEPR"", ""IR_DEPR"", ""IA_AMORTIZE"", ""LPE_AMORTIZE"", ""DEFER_INCOME_AMORTIZE"", ""PREPAID_EXPENSE_REDUCE"", ""ACCRUED_EXPENSE_ADD"", ""DISPOSAL_LONGASSET_LOSS"", ""FA_SCRAP_LOSS"", ""FAIRVALUE_CHANGE_LOSS"", ""FINANCE_EXPENSE"", ""INVEST_LOSS"", ""DEFER_TAX"", ""DT_ASSET_REDUCE"", ""DT_LIAB_ADD"", ""PREDICT_LIAB_ADD"", ""INVENTORY_REDUCE"", ""OPERATE_RECE_REDUCE"", ""OPERATE_PAYABLE_ADD"", ""OTHER"", ""OPERATE_NETCASH_OTHERNOTE"", ""OPERATE_NETCASH_BALANCENOTE"", ""NETCASH_OPERATENOTE"", ""DEBT_TRANSFER_CAPITAL"", ""CONVERT_BOND_1YEAR"", ""FINLEASE_OBTAIN_FA"", ""UNINVOLVE_INVESTFIN_OTHER"", ""END_CASH"", ""BEGIN_CASH"", ""END_CASH_EQUIVALENTS"", ""BEGIN_CASH_EQUIVALENTS"", ""CCE_ADD_OTHERNOTE"", ""CCE_ADD_BALANCENOTE"", ""CCE_ADDNOTE"", ""SALES_SERVICES_YOY"", ""DEPOSIT_INTERBANK_ADD_YOY"", ""LOAN_PBC_ADD_YOY"", ""OFI_BF_ADD_YOY"", ""RECEIVE_ORIGIC_PREMIUM_YOY"", ""RECEIVE_REINSURE_NET_YOY"", ""INSURED_INVEST_ADD_YOY"", ""DISPOSAL_TFA_ADD_YOY"", ""RECEIVE_INTEREST_COMMISSION_YOY"", ""BORROW_FUND_ADD_YOY"", ""LOAN_ADVANCE_REDUCE_YOY"", ""REPO_BUSINESS_ADD_YOY"", ""RECEIVE_TAX_REFUND_YOY"", ""RECEIVE_OTHER_OPERATE_YOY"", ""OPERATE_INFLOW_OTHER_YOY"", ""OPERATE_INFLOW_BALANCE_YOY"", ""TOTAL_OPERATE_INFLOW_YOY"", ""BUY_SERVICES_YOY"", ""LOAN_ADVANCE_ADD_YOY"", ""PBC_INTERBANK_ADD_YOY"", ""PAY_ORIGIC_COMPENSATE_YOY"", ""PAY_INTEREST_COMMISSION_YOY"", ""PAY_POLICY_BONUS_YOY"", ""PAY_STAFF_CASH_YOY"", ""PAY_ALL_TAX_YOY"", ""PAY_OTHER_OPERATE_YOY"", ""OPERATE_OUTFLOW_OTHER_YOY"", ""OPERATE_OUTFLOW_BALANCE_YOY"", ""TOTAL_OPERATE_OUTFLOW_YOY"", ""OPERATE_NETCASH_OTHER_YOY"", ""OPERATE_NETCASH_BALANCE_YOY"", ""NETCASH_OPERATE_YOY"", ""WITHDRAW_INVEST_YOY"", ""RECEIVE_INVEST_INCOME_YOY"", ""DISPOSAL_LONG_ASSET_YOY"", ""DISPOSAL_SUBSIDIARY_OTHER_YOY"", ""REDUCE_PLEDGE_TIMEDEPOSITS_YOY"", ""RECEIVE_OTHER_INVEST_YOY"", ""INVEST_INFLOW_OTHER_YOY"", ""INVEST_INFLOW_BALANCE_YOY"", ""TOTAL_INVEST_INFLOW_YOY"", ""CONSTRUCT_LONG_ASSET_YOY"", ""INVEST_PAY_CASH_YOY"", ""PLEDGE_LOAN_ADD_YOY"", ""OBTAIN_SUBSIDIARY_OTHER_YOY"", ""ADD_PLEDGE_TIMEDEPOSITS_YOY"", ""PAY_OTHER_INVEST_YOY"", ""INVEST_OUTFLOW_OTHER_YOY"", ""INVEST_OUTFLOW_BALANCE_YOY"", ""TOTAL_INVEST_OUTFLOW_YOY"", ""INVEST_NETCASH_OTHER_YOY"", ""INVEST_NETCASH_BALANCE_YOY"", ""NETCASH_INVEST_YOY"", ""ACCEPT_INVEST_CASH_YOY"", ""SUBSIDIARY_ACCEPT_INVEST_YOY"", ""RECEIVE_LOAN_CASH_YOY"", ""ISSUE_BOND_YOY"", ""RECEIVE_OTHER_FINANCE_YOY"", ""FINANCE_INFLOW_OTHER_YOY"", ""FINANCE_INFLOW_BALANCE_YOY"", ""TOTAL_FINANCE_INFLOW_YOY"", ""PAY_DEBT_CASH_YOY"", ""ASSIGN_DIVIDEND_PORFIT_YOY"", ""SUBSIDIARY_PAY_DIVIDEND_YOY"", ""BUY_SUBSIDIARY_EQUITY_YOY"", ""PAY_OTHER_FINANCE_YOY"", ""SUBSIDIARY_REDUCE_CASH_YOY"", ""FINANCE_OUTFLOW_OTHER_YOY"", ""FINANCE_OUTFLOW_BALANCE_YOY"", ""TOTAL_FINANCE_OUTFLOW_YOY"", ""FINANCE_NETCASH_OTHER_YOY"", ""FINANCE_NETCASH_BALANCE_YOY"", ""NETCASH_FINANCE_YOY"", ""RATE_CHANGE_EFFECT_YOY"", ""CCE_ADD_OTHER_YOY"", ""CCE_ADD_BALANCE_YOY"", ""CCE_ADD_YOY"", ""BEGIN_CCE_YOY"", ""END_CCE_OTHER_YOY"", ""END_CCE_BALANCE_YOY"", ""END_CCE_YOY"", ""NETPROFIT_YOY"", ""ASSET_IMPAIRMENT_YOY"", ""FA_IR_DEPR_YOY"", ""OILGAS_BIOLOGY_DEPR_YOY"", ""IR_DEPR_YOY"", ""IA_AMORTIZE_YOY"", ""LPE_AMORTIZE_YOY"", ""DEFER_INCOME_AMORTIZE_YOY"", ""PREPAID_EXPENSE_REDUCE_YOY"", ""ACCRUED_EXPENSE_ADD_YOY"", ""DISPOSAL_LONGASSET_LOSS_YOY"", ""FA_SCRAP_LOSS_YOY"", ""FAIRVALUE_CHANGE_LOSS_YOY"", ""FINANCE_EXPENSE_YOY"", ""INVEST_LOSS_YOY"", ""DEFER_TAX_YOY"", ""DT_ASSET_REDUCE_YOY"", ""DT_LIAB_ADD_YOY"", ""PREDICT_LIAB_ADD_YOY"", ""INVENTORY_REDUCE_YOY"", ""OPERATE_RECE_REDUCE_YOY"", ""OPERATE_PAYABLE_ADD_YOY"", ""OTHER_YOY"", ""OPERATE_NETCASH_OTHERNOTE_YOY"", ""OPERATE_NETCASH_BALANCENOTE_YOY"", ""NETCASH_OPERATENOTE_YOY"", ""DEBT_TRANSFER_CAPITAL_YOY"", ""CONVERT_BOND_1YEAR_YOY"", ""FINLEASE_OBTAIN_FA_YOY"", ""UNINVOLVE_INVESTFIN_OTHER_YOY"", ""END_CASH_YOY"", ""BEGIN_CASH_YOY"", ""END_CASH_EQUIVALENTS_YOY"", ""BEGIN_CASH_EQUIVALENTS_YOY"", ""CCE_ADD_OTHERNOTE_YOY"", ""CCE_ADD_BALANCENOTE_YOY"", ""CCE_ADDNOTE_YOY"", ""OPINION_TYPE"", ""OSOPINION_TYPE"", ""MINORITY_INTEREST"", ""MINORITY_INTEREST_YOY"", ""USERIGHT_ASSET_AMORTIZE"", ""USERIGHT_ASSET_AMORTIZE_YOY""]",2014-12-31,2026-06-30,all_available,True,,,1,1073.698,cash_flow_statement,history,1.18.80,,2026-07-27,False,True,c766e6bf95a6bd1cfa7eb876a0d034136259759262707eb69a6aa6bf0e971f7f,baf3f36eb2dfe1bd5d8e4b9643491f0e894ee20a547a465f783a141a75e93d31,data/raw/stage18/interface_audit/run_id=b276fa2d-1462-4b44-a38c-14013555293c/cash_flow_statement/market=A/symbol=603259/audit=872954ddd14e/data.parquet,data/raw/stage18/interface_audit/run_id=b276fa2d-1462-4b44-a38c-14013555293c/cash_flow_statement/market=A/symbol=603259/audit=872954ddd14e/metadata.json
b276fa2d-1462-4b44-a38c-14013555293c,stock_zh_a_spot_em,() -> pandas.DataFrame,A,603259,Eastmoney,{},2026-08-27T03:13:09.740782+00:00,failure,FAIL,0,[],,,snapshot,False,connection_error,"HTTPSConnectionPool(host='82.push2.eastmoney.com', port=443): Max retries exceeded with url: /api/qt/clist/get?pn=1&pz=100&po=1&np=1&ut=bd1d9ddb04089700cf9c27f6f7426281&fltt=2&invt=2&fid=f12&fs=m%3A0+t%3A6%2Cm%3A0+t%3A80%2Cm%3A1+t%3A2%2Cm%3",3,19444.141,valuation_snapshot,snapshot,1.18.80,2026-08-27T03:13:29.185609+00:00,2026-07-27,True,False,,,,data/raw/stage18/interface_audit/run_id=b276fa2d-1462-4b44-a38c-14013555293c/valuation_snapshot/market=A/symbol=603259/audit=639f642ce4db/metadata.json
b276fa2d-1462-4b44-a38c-14013555293c,stock_financial_hk_analysis_indicator_em,"(symbol: str = '00853', indicator: str = '年度') -> pandas.DataFrame",HK,08365.HK,Eastmoney,"{""indicator"":""年度"",""symbol"":""08365""}",2026-08-27T03:13:47.833624+00:00,success,PASS,9,"[""SECUCODE"", ""SECURITY_CODE"", ""SECURITY_NAME_ABBR"", ""ORG_CODE"", ""REPORT_DATE"", ""DATE_TYPE_CODE"", ""PER_NETCASH_OPERATE"", ""PER_OI"", ""BPS"", ""BASIC_EPS"", ""DILUTED_EPS"", ""OPERATE_INCOME"", ""OPERATE_INCOME_YOY"", ""GROSS_PROFIT"", ""GROSS_PROFIT_YOY"", ""HOLDER_PROFIT"", ""HOLDER_PROFIT_YOY"", ""GROSS_PROFIT_RATIO"", ""EPS_TTM"", ""OPERATE_INCOME_QOQ"", ""NET_PROFIT_RATIO"", ""ROE_AVG"", ""GROSS_PROFIT_QOQ"", ""ROA"", ""HOLDER_PROFIT_QOQ"", ""ROE_YEARLY"", ""ROIC_YEARLY"", ""TAX_EBT"", ""OCF_SALES"", ""DEBT_ASSET_RATIO"", ""CURRENT_RATIO"", ""CURRENTDEBT_DEBT"", ""START_DATE"", ""FISCAL_YEAR"", ""CURRENCY"", ""IS_CNY_CODE""]",2017-09-30,2025-09-30,annual,False,,,1,84.994,financial_indicator,history,1.18.80,,2026-07-27,False,True,9e7cec0c5096338f6347e7521dbf221c7ed8fa62e416d3bfc0445a944576f293,c27991d056fa8f51867ed79cc986fc7b8ebbe9632b00a3904284cb5831324e01,data/raw/stage18/interface_audit/run_id=b276fa2d-1462-4b44-a38c-14013555293c/financial_indicator/market=HK/symbol=08365.HK/audit=b771caffea55/data.parquet,data/raw/stage18/interface_audit/run_id=b276fa2d-1462-4b44-a38c-14013555293c/financial_indicator/market=HK/symbol=08365.HK/audit=b771caffea55/metadata.json
b276fa2d-1462-4b44-a38c-14013555293c,stock_financial_hk_report_em,"(stock: str = '00700', symbol: str = '资产负债表', indicator: str = '年度') -> pandas.DataFrame",HK,08365.HK,Eastmoney,"{""indicator"":""年度"",""stock"":""08365"",""symbol"":""资产负债表""}",2026-08-27T03:13:47.953391+00:00,success,PASS,368,"[""SECUCODE"", ""SECURITY_CODE"", ""SECURITY_NAME_ABBR"", ""ORG_CODE"", ""REPORT_DATE"", ""DATE_TYPE_CODE"", ""FISCAL_YEAR"", ""STD_ITEM_CODE"", ""STD_ITEM_NAME"", ""AMOUNT"", ""STD_REPORT_DATE""]",2014-09-30,2025-12-31,annual,False,,,1,145.765,balance_sheet,history,1.18.80,,2026-07-27,False,True,3cc41e2c055aa0123723891505fe7fd3becaa7e2ed0cd7a42127f711223facb9,47a5b1c84599e4fe4d70e290d810f4d8300c55bb50a0d03ac04fdbafdb0661c7,data/raw/stage18/interface_audit/run_id=b276fa2d-1462-4b44-a38c-14013555293c/balance_sheet/market=HK/symbol=08365.HK/audit=78873fe35141/data.parquet,data/raw/stage18/interface_audit/run_id=b276fa2d-1462-4b44-a38c-14013555293c/balance_sheet/market=HK/symbol=08365.HK/audit=78873fe35141/metadata.json
b276fa2d-1462-4b44-a38c-14013555293c,stock_financial_hk_report_em,"(stock: str = '00700', symbol: str = '资产负债表', indicator: str = '年度') -> pandas.DataFrame",HK,08365.HK,Eastmoney,"{""indicator"":""年度"",""stock"":""08365"",""symbol"":""利润表""}",2026-08-27T03:13:48.118085+00:00,success,PASS,215,"[""SECUCODE"", ""SECURITY_CODE"", ""SECURITY_NAME_ABBR"", ""ORG_CODE"", ""REPORT_DATE"", ""DATE_TYPE_CODE"", ""FISCAL_YEAR"", ""START_DATE"", ""STD_ITEM_CODE"", ""STD_ITEM_NAME"", ""AMOUNT""]",2014-09-30,2025-09-30,annual,False,,,1,189.126,income_statement,history,1.18.80,,2026-07-27,False,True,96cc5e32f513e6fcdc9fd180a5f0c0b7741475b8cf582de5d765a6c273a54008,7c09924be0d54db82aa9f5c02663cf581f52da58d4ed2a3b2b0cc4b2db2634db,data/raw/stage18/interface_audit/run_id=b276fa2d-1462-4b44-a38c-14013555293c/income_statement/market=HK/symbol=08365.HK/audit=8e03f48de97a/data.parquet,data/raw/stage18/interface_audit/run_id=b276fa2d-1462-4b44-a38c-14013555293c/income_statement/market=HK/symbol=08365.HK/audit=8e03f48de97a/metadata.json
b276fa2d-1462-4b44-a38c-14013555293c,stock_financial_hk_report_em,"(stock: str = '00700', symbol: str = '资产负债表', indicator: str = '年度') -> pandas.DataFrame",HK,08365.HK,Eastmoney,"{""indicator"":""年度"",""stock"":""08365"",""symbol"":""现金流量表""}",2026-08-27T03:13:48.323718+00:00,success,PASS,322,"[""SECUCODE"", ""SECURITY_CODE"", ""SECURITY_NAME_ABBR"", ""ORG_CODE"", ""REPORT_DATE"", ""DATE_TYPE_CODE"", ""FISCAL_YEAR"", ""START_DATE"", ""STD_ITEM_CODE"", ""STD_ITEM_NAME"", ""AMOUNT""]",2014-09-30,2025-09-30,annual,False,,,1,127.46,cash_flow_statement,history,1.18.80,,2026-07-27,False,True,96cc5e32f513e6fcdc9fd180a5f0c0b7741475b8cf582de5d765a6c273a54008,993d5a62cb4e278cc89084e88a097642621a4f01331fc2bd4d2f4d1c2ac5456e,data/raw/stage18/interface_audit/run_id=b276fa2d-1462-4b44-a38c-14013555293c/cash_flow_statement/market=HK/symbol=08365.HK/audit=f3db3f60676c/data.parquet,data/raw/stage18/interface_audit/run_id=b276fa2d-1462-4b44-a38c-14013555293c/cash_flow_statement/market=HK/symbol=08365.HK/audit=f3db3f60676c/metadata.json
b276fa2d-1462-4b44-a38c-14013555293c,stock_financial_hk_analysis_indicator_em,"(symbol: str = '00853', indicator: str = '年度') -> pandas.DataFrame",HK,08365.HK,Eastmoney,"{""indicator"":""报告期"",""symbol"":""08365""}",2026-08-27T03:13:48.468988+00:00,success,PASS,9,"[""SECUCODE"", ""SECURITY_CODE"", ""SECURITY_NAME_ABBR"", ""ORG_CODE"", ""REPORT_DATE"", ""DATE_TYPE_CODE"", ""PER_NETCASH_OPERATE"", ""PER_OI"", ""BPS"", ""BASIC_EPS"", ""DILUTED_EPS"", ""OPERATE_INCOME"", ""OPERATE_INCOME_YOY"", ""GROSS_PROFIT"", ""GROSS_PROFIT_YOY"", ""HOLDER_PROFIT"", ""HOLDER_PROFIT_YOY"", ""GROSS_PROFIT_RATIO"", ""EPS_TTM"", ""OPERATE_INCOME_QOQ"", ""NET_PROFIT_RATIO"", ""ROE_AVG"", ""GROSS_PROFIT_QOQ"", ""ROA"", ""HOLDER_PROFIT_QOQ"", ""ROE_YEARLY"", ""ROIC_YEARLY"", ""TAX_EBT"", ""OCF_SALES"", ""DEBT_ASSET_RATIO"", ""CURRENT_RATIO"", ""CURRENTDEBT_DEBT"", ""START_DATE"", ""FISCAL_YEAR"", ""CURRENCY"", ""IS_CNY_CODE""]",2022-12-31,2026-03-31,report_period,False,,,1,63.558,financial_indicator,history,1.18.80,,2026-07-27,False,True,9e7cec0c5096338f6347e7521dbf221c7ed8fa62e416d3bfc0445a944576f293,e2d90ef8f9da80d959869a73089d7a4e77f891885d67b65f0faf82a41975eb70,data/raw/stage18/interface_audit/run_id=b276fa2d-1462-4b44-a38c-14013555293c/financial_indicator/market=HK/symbol=08365.HK/audit=e40f3b19edf0/data.parquet,data/raw/stage18/interface_audit/run_id=b276fa2d-1462-4b44-a38c-14013555293c/financial_indicator/market=HK/symbol=08365.HK/audit=e40f3b19edf0/metadata.json
b276fa2d-1462-4b44-a38c-14013555293c,stock_financial_hk_report_em,"(stock: str = '00700', symbol: str = '资产负债表', indicator: str = '年度') -> pandas.DataFrame",HK,08365.HK,Eastmoney,"{""indicator"":""报告期"",""stock"":""08365"",""symbol"":""资产负债表""}",2026-08-27T03:13:48.553281+00:00,success,PASS,654,"[""SECUCODE"", ""SECURITY_CODE"", ""SECURITY_NAME_ABBR"", ""ORG_CODE"", ""REPORT_DATE"", ""DATE_TYPE_CODE"", ""FISCAL_YEAR"", ""STD_ITEM_CODE"", ""STD_ITEM_NAME"", ""AMOUNT"", ""STD_REPORT_DATE""]",2014-09-30,2026-06-30,report_period,False,,,1,149.619,balance_sheet,history,1.18.80,,2026-07-27,False,True,3cc41e2c055aa0123723891505fe7fd3becaa7e2ed0cd7a42127f711223facb9,83fb383fe043848443ff003f30f4660d1406c62e4a30b06b9d48c79cf6fc227c,data/raw/stage18/interface_audit/run_id=b276fa2d-1462-4b44-a38c-14013555293c/balance_sheet/market=HK/symbol=08365.HK/audit=836f5e4b89de/data.parquet,data/raw/stage18/interface_audit/run_id=b276fa2d-1462-4b44-a38c-14013555293c/balance_sheet/market=HK/symbol=08365.HK/audit=836f5e4b89de/metadata.json
b276fa2d-1462-4b44-a38c-14013555293c,stock_financial_hk_report_em,"(stock: str = '00700', symbol: str = '资产负债表', indicator: str = '年度') -> pandas.DataFrame",HK,08365.HK,Eastmoney,"{""indicator"":""报告期"",""stock"":""08365"",""symbol"":""利润表""}",2026-08-27T03:13:48.741665+00:00,success,PASS,410,"[""SECUCODE"", ""SECURITY_CODE"", ""SECURITY_NAME_ABBR"", ""ORG_CODE"", ""REPORT_DATE"", ""DATE_TYPE_CODE"", ""FISCAL_YEAR"", ""START_DATE"", ""STD_ITEM_CODE"", ""STD_ITEM_NAME"", ""AMOUNT""]",2014-09-30,2026-03-31,report_period,False,,,1,163.122,income_statement,history,1.18.80,,2026-07-27,False,True,96cc5e32f513e6fcdc9fd180a5f0c0b7741475b8cf582de5d765a6c273a54008,bba4df03d3689bf63aa39d5f92026c71464ab6529ece319c6ebbfe3b81856f3a,data/raw/stage18/interface_audit/run_id=b276fa2d-1462-4b44-a38c-14013555293c/income_statement/market=HK/symbol=08365.HK/audit=66deb48cd92e/data.parquet,data/raw/stage18/interface_audit/run_id=b276fa2d-1462-4b44-a38c-14013555293c/income_statement/market=HK/symbol=08365.HK/audit=66deb48cd92e/metadata.json
b276fa2d-1462-4b44-a38c-14013555293c,stock_financial_hk_report_em,"(stock: str = '00700', symbol: str = '资产负债表', indicator: str = '年度') -> pandas.DataFrame",HK,08365.HK,Eastmoney,"{""indicator"":""报告期"",""stock"":""08365"",""symbol"":""现金流量表""}",2026-08-27T03:13:48.932304+00:00,success,PASS,491,"[""SECUCODE"", ""SECURITY_CODE"", ""SECURITY_NAME_ABBR"", ""ORG_CODE"", ""REPORT_DATE"", ""DATE_TYPE_CODE"", ""FISCAL_YEAR"", ""START_DATE"", ""STD_ITEM_CODE"", ""STD_ITEM_NAME"", ""AMOUNT""]",2014-09-30,2026-03-31,report_period,False,,,1,397.926,cash_flow_statement,history,1.18.80,,2026-07-27,False,True,96cc5e32f513e6fcdc9fd180a5f0c0b7741475b8cf582de5d765a6c273a54008,cd02c0a2fab550bd99d39abdf1694ae2979351832121eb2131282dd550f7e003,data/raw/stage18/interface_audit/run_id=b276fa2d-1462-4b44-a38c-14013555293c/cash_flow_statement/market=HK/symbol=08365.HK/audit=22d0f43debbf/data.parquet,data/raw/stage18/interface_audit/run_id=b276fa2d-1462-4b44-a38c-14013555293c/cash_flow_statement/market=HK/symbol=08365.HK/audit=22d0f43debbf/metadata.json
b276fa2d-1462-4b44-a38c-14013555293c,stock_hk_financial_indicator_em,(symbol: str = '03900') -> pandas.DataFrame,HK,08365.HK,Eastmoney,"{""symbol"":""08365""}",2026-08-27T03:13:49.347314+00:00,success,PASS,1,"[""基本每股收益(元)"", ""每股净资产(元)"", ""法定股本(股)"", ""每手股"", ""每股股息TTM(港元)"", ""派息比率(%)"", ""已发行股本(股)"", ""已发行股本-H股(股)"", ""每股经营现金流(元)"", ""股息率TTM(%)"", ""总市值(港元)"", ""港股市值(港元)"", ""营业总收入"", ""营业总收入滚动环比增长(%)"", ""销售净利率(%)"", ""净利润"", ""净利润滚动环比增长(%)"", ""股东权益回报率(%)"", ""市盈率"", ""市净率"", ""总资产回报率(%)""]",,,snapshot,False,,,1,63.042,valuation_snapshot,snapshot,1.18.80,2026-08-27T03:13:49.410040+00:00,2026-07-27,True,False,2e0d37cf0fd42c28224055e7b4dbde380e084081fb54e3f799b464810da7d50e,43a695e519bc776b2bc844570ac88009dc1d475daf6ad436d5f299385c7503a9,data/raw/stage18/interface_audit/run_id=b276fa2d-1462-4b44-a38c-14013555293c/valuation_snapshot/market=HK/symbol=08365.HK/audit=d9931c621c19/data.parquet,data/raw/stage18/interface_audit/run_id=b276fa2d-1462-4b44-a38c-14013555293c/valuation_snapshot/market=HK/symbol=08365.HK/audit=d9931c621c19/metadata.json
b276fa2d-1462-4b44-a38c-14013555293c,stock_hk_spot_em,() -> pandas.DataFrame,HK,08365.HK,Eastmoney,{},2026-08-27T03:13:49.428248+00:00,failure,FAIL,0,[],,,snapshot,False,connection_error,"HTTPSConnectionPool(host='72.push2.eastmoney.com', port=443): Max retries exceeded with url: /api/qt/clist/get?pn=1&pz=100&po=1&np=1&ut=bd1d9ddb04089700cf9c27f6f7426281&fltt=2&invt=2&fid=f12&fs=m%3A128+t%3A3%2Cm%3A128+t%3A4%2Cm%3A128+t%3A1%",3,20663.466,valuation_snapshot,snapshot,1.18.80,2026-08-27T03:14:10.091347+00:00,2026-07-27,True,False,,,,data/raw/stage18/interface_audit/run_id=b276fa2d-1462-4b44-a38c-14013555293c/valuation_snapshot/market=HK/symbol=08365.HK/audit=bc2c41559968/metadata.json
b276fa2d-1462-4b44-a38c-14013555293c,stock_financial_hk_analysis_indicator_em,"(symbol: str = '00853', indicator: str = '年度') -> pandas.DataFrame",HK,09669.HK,Eastmoney,"{""indicator"":""年度"",""symbol"":""09669""}",2026-08-27T03:14:10.103438+00:00,success,PASS,8,"[""SECUCODE"", ""SECURITY_CODE"", ""SECURITY_NAME_ABBR"", ""ORG_CODE"", ""REPORT_DATE"", ""DATE_TYPE_CODE"", ""PER_NETCASH_OPERATE"", ""PER_OI"", ""BPS"", ""BASIC_EPS"", ""DILUTED_EPS"", ""OPERATE_INCOME"", ""OPERATE_INCOME_YOY"", ""GROSS_PROFIT"", ""GROSS_PROFIT_YOY"", ""HOLDER_PROFIT"", ""HOLDER_PROFIT_YOY"", ""GROSS_PROFIT_RATIO"", ""EPS_TTM"", ""OPERATE_INCOME_QOQ"", ""NET_PROFIT_RATIO"", ""ROE_AVG"", ""GROSS_PROFIT_QOQ"", ""ROA"", ""HOLDER_PROFIT_QOQ"", ""ROE_YEARLY"", ""ROIC_YEARLY"", ""TAX_EBT"", ""OCF_SALES"", ""DEBT_ASSET_RATIO"", ""CURRENT_RATIO"", ""CURRENTDEBT_DEBT"", ""START_DATE"", ""FISCAL_YEAR"", ""CURRENCY"", ""IS_CNY_CODE""]",2019-03-31,2026-03-31,annual,False,,,1,67.802,financial_indicator,history,1.18.80,,2026-07-27,False,True,609949623f436520715f0589cca720f8ad90ea855698fb1043c7872cfd887771,18a4eeb805c48079c9b098044b52a14d83cd060e0ebdc618dc349bd86122738d,data/raw/stage18/interface_audit/run_id=b276fa2d-1462-4b44-a38c-14013555293c/financial_indicator/market=HK/symbol=09669.HK/audit=b771caffea55/data.parquet,data/raw/stage18/interface_audit/run_id=b276fa2d-1462-4b44-a38c-14013555293c/financial_indicator/market=HK/symbol=09669.HK/audit=b771caffea55/metadata.json
b276fa2d-1462-4b44-a38c-14013555293c,stock_financial_hk_report_em,"(stock: str = '00700', symbol: str = '资产负债表', indicator: str = '年度') -> pandas.DataFrame",HK,09669.HK,Eastmoney,"{""indicator"":""年度"",""stock"":""09669"",""symbol"":""资产负债表""}",2026-08-27T03:14:10.193344+00:00,success,PASS,325,"[""SECUCODE"", ""SECURITY_CODE"", ""SECURITY_NAME_ABBR"", ""ORG_CODE"", ""REPORT_DATE"", ""DATE_TYPE_CODE"", ""FISCAL_YEAR"", ""STD_ITEM_CODE"", ""STD_ITEM_NAME"", ""AMOUNT"", ""STD_REPORT_DATE""]",2018-12-31,2026-03-31,annual,False,,,1,284.4,balance_sheet,history,1.18.80,,2026-07-27,False,True,3cc41e2c055aa0123723891505fe7fd3becaa7e2ed0cd7a42127f711223facb9,93af2b124a63560b2e4f380cadfd3a49832c6dfda8bb511e9956ab99f732f953,data/raw/stage18/interface_audit/run_id=b276fa2d-1462-4b44-a38c-14013555293c/balance_sheet/market=HK/symbol=09669.HK/audit=78873fe35141/data.parquet,data/raw/stage18/interface_audit/run_id=b276fa2d-1462-4b44-a38c-14013555293c/balance_sheet/market=HK/symbol=09669.HK/audit=78873fe35141/metadata.json
b276fa2d-1462-4b44-a38c-14013555293c,stock_financial_hk_report_em,"(stock: str = '00700', symbol: str = '资产负债表', indicator: str = '年度') -> pandas.DataFrame",HK,09669.HK,Eastmoney,"{""indicator"":""年度"",""stock"":""09669"",""symbol"":""利润表""}",2026-08-27T03:14:10.507149+00:00,success,PASS,210,"[""SECUCODE"", ""SECURITY_CODE"", ""SECURITY_NAME_ABBR"", ""ORG_CODE"", ""REPORT_DATE"", ""DATE_TYPE_CODE"", ""FISCAL_YEAR"", ""START_DATE"", ""STD_ITEM_CODE"", ""STD_ITEM_NAME"", ""AMOUNT""]",2019-03-31,2026-03-31,annual,False,,,1,146.441,income_statement,history,1.18.80,,2026-07-27,False,True,96cc5e32f513e6fcdc9fd180a5f0c0b7741475b8cf582de5d765a6c273a54008,cbc6ebf4e0ba70dfae707184e49be39b56dbbc837cd896b8919f73faf56b0c43,data/raw/stage18/interface_audit/run_id=b276fa2d-1462-4b44-a38c-14013555293c/income_statement/market=HK/symbol=09669.HK/audit=8e03f48de97a/data.parquet,data/raw/stage18/interface_audit/run_id=b276fa2d-1462-4b44-a38c-14013555293c/income_statement/market=HK/symbol=09669.HK/audit=8e03f48de97a/metadata.json
b276fa2d-1462-4b44-a38c-14013555293c,stock_financial_hk_report_em,"(stock: str = '00700', symbol: str = '资产负债表', indicator: str = '年度') -> pandas.DataFrame",HK,09669.HK,Eastmoney,"{""indicator"":""年度"",""stock"":""09669"",""symbol"":""现金流量表""}",2026-08-27T03:14:10.671273+00:00,success,PASS,289,"[""SECUCODE"", ""SECURITY_CODE"", ""SECURITY_NAME_ABBR"", ""ORG_CODE"", ""REPORT_DATE"", ""DATE_TYPE_CODE"", ""FISCAL_YEAR"", ""START_DATE"", ""STD_ITEM_CODE"", ""STD_ITEM_NAME"", ""AMOUNT""]",2019-03-31,2026-03-31,annual,False,,,1,143.304,cash_flow_statement,history,1.18.80,,2026-07-27,False,True,11a2c2891f1fdfa599070ea7a3b01588a58b3ca72f8fb025f4a0891b1847ce68,087af5baca05d30dd28fa9c7ac1f2d68b9ead336e084a926bb01ab63bf6eab70,data/raw/stage18/interface_audit/run_id=b276fa2d-1462-4b44-a38c-14013555293c/cash_flow_statement/market=HK/symbol=09669.HK/audit=f3db3f60676c/data.parquet,data/raw/stage18/interface_audit/run_id=b276fa2d-1462-4b44-a38c-14013555293c/cash_flow_statement/market=HK/symbol=09669.HK/audit=f3db3f60676c/metadata.json
b276fa2d-1462-4b44-a38c-14013555293c,stock_financial_hk_analysis_indicator_em,"(symbol: str = '00853', indicator: str = '年度') -> pandas.DataFrame",HK,09669.HK,Eastmoney,"{""indicator"":""报告期"",""symbol"":""09669""}",2026-08-27T03:14:10.830684+00:00,success,PASS,9,"[""SECUCODE"", ""SECURITY_CODE"", ""SECURITY_NAME_ABBR"", ""ORG_CODE"", ""REPORT_DATE"", ""DATE_TYPE_CODE"", ""PER_NETCASH_OPERATE"", ""PER_OI"", ""BPS"", ""BASIC_EPS"", ""DILUTED_EPS"", ""OPERATE_INCOME"", ""OPERATE_INCOME_YOY"", ""GROSS_PROFIT"", ""GROSS_PROFIT_YOY"", ""HOLDER_PROFIT"", ""HOLDER_PROFIT_YOY"", ""GROSS_PROFIT_RATIO"", ""EPS_TTM"", ""OPERATE_INCOME_QOQ"", ""NET_PROFIT_RATIO"", ""ROE_AVG"", ""GROSS_PROFIT_QOQ"", ""ROA"", ""HOLDER_PROFIT_QOQ"", ""ROE_YEARLY"", ""ROIC_YEARLY"", ""TAX_EBT"", ""OCF_SALES"", ""DEBT_ASSET_RATIO"", ""CURRENT_RATIO"", ""CURRENTDEBT_DEBT"", ""START_DATE"", ""FISCAL_YEAR"", ""CURRENCY"", ""IS_CNY_CODE""]",2022-03-31,2026-03-31,report_period,False,,,1,57.756,financial_indicator,history,1.18.80,,2026-07-27,False,True,030fde4456074ef41978b7b1061d4b8979f82f321e87c1647bccb0193cbc2b90,d843468c560b940e3cd78ea602c791aa460e5c28f902d5f5b09851366dabd393,data/raw/stage18/interface_audit/run_id=b276fa2d-1462-4b44-a38c-14013555293c/financial_indicator/market=HK/symbol=09669.HK/audit=e40f3b19edf0/data.parquet,data/raw/stage18/interface_audit/run_id=b276fa2d-1462-4b44-a38c-14013555293c/financial_indicator/market=HK/symbol=09669.HK/audit=e40f3b19edf0/metadata.json
b276fa2d-1462-4b44-a38c-14013555293c,stock_financial_hk_report_em,"(stock: str = '00700', symbol: str = '资产负债表', indicator: str = '年度') -> pandas.DataFrame",HK,09669.HK,Eastmoney,"{""indicator"":""报告期"",""stock"":""09669"",""symbol"":""资产负债表""}",2026-08-27T03:14:10.924268+00:00,success,PASS,527,"[""SECUCODE"", ""SECURITY_CODE"", ""SECURITY_NAME_ABBR"", ""ORG_CODE"", ""REPORT_DATE"", ""DATE_TYPE_CODE"", ""FISCAL_YEAR"", ""STD_ITEM_CODE"", ""STD_ITEM_NAME"", ""AMOUNT"", ""STD_REPORT_DATE""]",2018-12-31,2026-03-31,report_period,False,,,1,163.342,balance_sheet,history,1.18.80,,2026-07-27,False,True,3cc41e2c055aa0123723891505fe7fd3becaa7e2ed0cd7a42127f711223facb9,7cb7f9096c0098de279cc689127fcf7d8b98863dfa3b3609f1b681d3e877bd65,data/raw/stage18/interface_audit/run_id=b276fa2d-1462-4b44-a38c-14013555293c/balance_sheet/market=HK/symbol=09669.HK/audit=836f5e4b89de/data.parquet,data/raw/stage18/interface_audit/run_id=b276fa2d-1462-4b44-a38c-14013555293c/balance_sheet/market=HK/symbol=09669.HK/audit=836f5e4b89de/metadata.json
b276fa2d-1462-4b44-a38c-14013555293c,stock_financial_hk_report_em,"(stock: str = '00700', symbol: str = '资产负债表', indicator: str = '年度') -> pandas.DataFrame",HK,09669.HK,Eastmoney,"{""indicator"":""报告期"",""stock"":""09669"",""symbol"":""利润表""}",2026-08-27T03:14:11.105875+00:00,success,PASS,365,"[""SECUCODE"", ""SECURITY_CODE"", ""SECURITY_NAME_ABBR"", ""ORG_CODE"", ""REPORT_DATE"", ""DATE_TYPE_CODE"", ""FISCAL_YEAR"", ""START_DATE"", ""STD_ITEM_CODE"", ""STD_ITEM_NAME"", ""AMOUNT""]",2019-03-31,2026-03-31,report_period,False,,,1,145.805,income_statement,history,1.18.80,,2026-07-27,False,True,96cc5e32f513e6fcdc9fd180a5f0c0b7741475b8cf582de5d765a6c273a54008,29e4b2b4450eaa7bf900d80659bc1a692d42daec36e7c2f0ca214dd4a17f245e,data/raw/stage18/interface_audit/run_id=b276fa2d-1462-4b44-a38c-14013555293c/income_statement/market=HK/symbol=09669.HK/audit=66deb48cd92e/data.parquet,data/raw/stage18/interface_audit/run_id=b276fa2d-1462-4b44-a38c-14013555293c/income_statement/market=HK/symbol=09669.HK/audit=66deb48cd92e/metadata.json
b276fa2d-1462-4b44-a38c-14013555293c,stock_financial_hk_report_em,"(stock: str = '00700', symbol: str = '资产负债表', indicator: str = '年度') -> pandas.DataFrame",HK,09669.HK,Eastmoney,"{""indicator"":""报告期"",""stock"":""09669"",""symbol"":""现金流量表""}",2026-08-27T03:14:11.268002+00:00,success,PASS,434,"[""SECUCODE"", ""SECURITY_CODE"", ""SECURITY_NAME_ABBR"", ""ORG_CODE"", ""REPORT_DATE"", ""DATE_TYPE_CODE"", ""FISCAL_YEAR"", ""START_DATE"", ""STD_ITEM_CODE"", ""STD_ITEM_NAME"", ""AMOUNT""]",2019-03-31,2026-03-31,report_period,False,,,1,217.983,cash_flow_statement,history,1.18.80,,2026-07-27,False,True,11a2c2891f1fdfa599070ea7a3b01588a58b3ca72f8fb025f4a0891b1847ce68,22cc173af941c62c7e5a8651f6928b72fc2ae1906ff9ad721d11c632186f8447,data/raw/stage18/interface_audit/run_id=b276fa2d-1462-4b44-a38c-14013555293c/cash_flow_statement/market=HK/symbol=09669.HK/audit=22d0f43debbf/data.parquet,data/raw/stage18/interface_audit/run_id=b276fa2d-1462-4b44-a38c-14013555293c/cash_flow_statement/market=HK/symbol=09669.HK/audit=22d0f43debbf/metadata.json
b276fa2d-1462-4b44-a38c-14013555293c,stock_hk_financial_indicator_em,(symbol: str = '03900') -> pandas.DataFrame,HK,09669.HK,Eastmoney,"{""symbol"":""09669""}",2026-08-27T03:14:11.512602+00:00,success,PASS,1,"[""基本每股收益(元)"", ""每股净资产(元)"", ""法定股本(股)"", ""每手股"", ""每股股息TTM(港元)"", ""派息比率(%)"", ""已发行股本(股)"", ""已发行股本-H股(股)"", ""每股经营现金流(元)"", ""股息率TTM(%)"", ""总市值(港元)"", ""港股市值(港元)"", ""营业总收入"", ""营业总收入滚动环比增长(%)"", ""销售净利率(%)"", ""净利润"", ""净利润滚动环比增长(%)"", ""股东权益回报率(%)"", ""市盈率"", ""市净率"", ""总资产回报率(%)""]",,,snapshot,False,,,1,124.704,valuation_snapshot,snapshot,1.18.80,2026-08-27T03:14:11.637263+00:00,2026-07-27,True,False,c0996e9cd4e2ec3cd779d363b140cb8669d49bc3d8c15092a773c79531c984f2,a12d30901e3c0c7ebbefde90769157d9a6a4ec7fdbdd7f34a114a2786c6acbd1,data/raw/stage18/interface_audit/run_id=b276fa2d-1462-4b44-a38c-14013555293c/valuation_snapshot/market=HK/symbol=09669.HK/audit=d9931c621c19/data.parquet,data/raw/stage18/interface_audit/run_id=b276fa2d-1462-4b44-a38c-14013555293c/valuation_snapshot/market=HK/symbol=09669.HK/audit=d9931c621c19/metadata.json
b276fa2d-1462-4b44-a38c-14013555293c,stock_hk_spot_em,() -> pandas.DataFrame,HK,09669.HK,Eastmoney,{},2026-08-27T03:13:49.428248+00:00,failure,FAIL,0,[],,,snapshot,False,connection_error,"HTTPSConnectionPool(host='72.push2.eastmoney.com', port=443): Max retries exceeded with url: /api/qt/clist/get?pn=1&pz=100&po=1&np=1&ut=bd1d9ddb04089700cf9c27f6f7426281&fltt=2&invt=2&fid=f12&fs=m%3A128+t%3A3%2Cm%3A128+t%3A4%2Cm%3A128+t%3A1%",3,20663.466,valuation_snapshot,snapshot,1.18.80,2026-08-27T03:14:10.091347+00:00,2026-07-27,True,False,,,,data/raw/stage18/interface_audit/run_id=b276fa2d-1462-4b44-a38c-14013555293c/valuation_snapshot/market=HK/symbol=09669.HK/audit=bc2c41559968/metadata.json
