symbol,source,interface,adjust,error_type,root_cause,sample_date,description,violated_rules,open,high,low,close,volume,formal_run_id,data_path,data_sha256
02076.HK,sina,stock_hk_daily,raw,ohlc_logic_error,upstream_raw_ohlc_inconsistency,2023-01-06,OHLC violates the inclusive daily price envelope,high_lt_open,92.0,91.95,89.3,89.45,11100.0,78cddc46-4b2a-4ebe-9065-1e54e3dff522,data/raw/stage17/equity_daily/run_id=78cddc46-4b2a-4ebe-9065-1e54e3dff522/market=HK/symbol=02076.HK/adjust=raw/source=sina/data.parquet,7759730f73ae6ea665aca0c6f45f7ff3d108b8e993b384a4575345a30b4d0c10
02076.HK,sina,stock_hk_daily,raw,ohlc_logic_error,upstream_raw_ohlc_inconsistency,2023-01-30,OHLC violates the inclusive daily price envelope,low_gt_close,98.95,98.95,98.95,96.0,600.0,78cddc46-4b2a-4ebe-9065-1e54e3dff522,data/raw/stage17/equity_daily/run_id=78cddc46-4b2a-4ebe-9065-1e54e3dff522/market=HK/symbol=02076.HK/adjust=raw/source=sina/data.parquet,7759730f73ae6ea665aca0c6f45f7ff3d108b8e993b384a4575345a30b4d0c10
02076.HK,sina,stock_hk_daily,raw,ohlc_logic_error,upstream_raw_ohlc_inconsistency,2023-01-31,OHLC violates the inclusive daily price envelope,low_gt_close,98.0,98.95,97.95,94.95,700.0,78cddc46-4b2a-4ebe-9065-1e54e3dff522,data/raw/stage17/equity_daily/run_id=78cddc46-4b2a-4ebe-9065-1e54e3dff522/market=HK/symbol=02076.HK/adjust=raw/source=sina/data.parquet,7759730f73ae6ea665aca0c6f45f7ff3d108b8e993b384a4575345a30b4d0c10
02076.HK,sina,stock_hk_daily,raw,ohlc_logic_error,upstream_raw_ohlc_inconsistency,2023-02-02,OHLC violates the inclusive daily price envelope,low_gt_close,97.8,97.85,97.8,97.25,300.0,78cddc46-4b2a-4ebe-9065-1e54e3dff522,data/raw/stage17/equity_daily/run_id=78cddc46-4b2a-4ebe-9065-1e54e3dff522/market=HK/symbol=02076.HK/adjust=raw/source=sina/data.parquet,7759730f73ae6ea665aca0c6f45f7ff3d108b8e993b384a4575345a30b4d0c10
02076.HK,sina,stock_hk_daily,raw,ohlc_logic_error,upstream_raw_ohlc_inconsistency,2023-02-20,OHLC violates the inclusive daily price envelope,high_lt_close,91.0,92.55,91.0,92.65,500.0,78cddc46-4b2a-4ebe-9065-1e54e3dff522,data/raw/stage17/equity_daily/run_id=78cddc46-4b2a-4ebe-9065-1e54e3dff522/market=HK/symbol=02076.HK/adjust=raw/source=sina/data.parquet,7759730f73ae6ea665aca0c6f45f7ff3d108b8e993b384a4575345a30b4d0c10
02076.HK,sina,stock_hk_daily,raw,ohlc_logic_error,upstream_raw_ohlc_inconsistency,2023-06-07,OHLC violates the inclusive daily price envelope,low_gt_close,66.0,66.0,66.0,65.0,100.0,78cddc46-4b2a-4ebe-9065-1e54e3dff522,data/raw/stage17/equity_daily/run_id=78cddc46-4b2a-4ebe-9065-1e54e3dff522/market=HK/symbol=02076.HK/adjust=raw/source=sina/data.parquet,7759730f73ae6ea665aca0c6f45f7ff3d108b8e993b384a4575345a30b4d0c10
02076.HK,sina,stock_hk_daily,raw,ohlc_logic_error,upstream_raw_ohlc_inconsistency,2023-06-21,OHLC violates the inclusive daily price envelope,high_lt_close,60.25,60.25,60.25,60.8,100.0,78cddc46-4b2a-4ebe-9065-1e54e3dff522,data/raw/stage17/equity_daily/run_id=78cddc46-4b2a-4ebe-9065-1e54e3dff522/market=HK/symbol=02076.HK/adjust=raw/source=sina/data.parquet,7759730f73ae6ea665aca0c6f45f7ff3d108b8e993b384a4575345a30b4d0c10
02076.HK,sina,stock_hk_daily,raw,ohlc_logic_error,upstream_raw_ohlc_inconsistency,2023-06-27,OHLC violates the inclusive daily price envelope,high_lt_close,57.0,57.0,57.0,57.1,500.0,78cddc46-4b2a-4ebe-9065-1e54e3dff522,data/raw/stage17/equity_daily/run_id=78cddc46-4b2a-4ebe-9065-1e54e3dff522/market=HK/symbol=02076.HK/adjust=raw/source=sina/data.parquet,7759730f73ae6ea665aca0c6f45f7ff3d108b8e993b384a4575345a30b4d0c10
02076.HK,sina,stock_hk_daily,raw,ohlc_logic_error,upstream_raw_ohlc_inconsistency,2023-08-28,OHLC violates the inclusive daily price envelope,low_gt_close,60.0,60.0,60.0,58.15,100.0,78cddc46-4b2a-4ebe-9065-1e54e3dff522,data/raw/stage17/equity_daily/run_id=78cddc46-4b2a-4ebe-9065-1e54e3dff522/market=HK/symbol=02076.HK/adjust=raw/source=sina/data.parquet,7759730f73ae6ea665aca0c6f45f7ff3d108b8e993b384a4575345a30b4d0c10
02076.HK,sina,stock_hk_daily,raw,ohlc_logic_error,upstream_raw_ohlc_inconsistency,2023-08-30,OHLC violates the inclusive daily price envelope,low_gt_close,58.2,58.2,58.2,57.35,200.0,78cddc46-4b2a-4ebe-9065-1e54e3dff522,data/raw/stage17/equity_daily/run_id=78cddc46-4b2a-4ebe-9065-1e54e3dff522/market=HK/symbol=02076.HK/adjust=raw/source=sina/data.parquet,7759730f73ae6ea665aca0c6f45f7ff3d108b8e993b384a4575345a30b4d0c10
02076.HK,sina,stock_hk_daily,raw,ohlc_logic_error,upstream_raw_ohlc_inconsistency,2024-01-02,OHLC violates the inclusive daily price envelope,high_lt_close,55.85,55.85,55.85,55.9,100.0,78cddc46-4b2a-4ebe-9065-1e54e3dff522,data/raw/stage17/equity_daily/run_id=78cddc46-4b2a-4ebe-9065-1e54e3dff522/market=HK/symbol=02076.HK/adjust=raw/source=sina/data.parquet,7759730f73ae6ea665aca0c6f45f7ff3d108b8e993b384a4575345a30b4d0c10
02076.HK,sina,stock_hk_daily,raw,ohlc_logic_error,upstream_raw_ohlc_inconsistency,2024-04-05,OHLC violates the inclusive daily price envelope,low_gt_open,70.0,71.0,71.0,71.0,1200.0,78cddc46-4b2a-4ebe-9065-1e54e3dff522,data/raw/stage17/equity_daily/run_id=78cddc46-4b2a-4ebe-9065-1e54e3dff522/market=HK/symbol=02076.HK/adjust=raw/source=sina/data.parquet,7759730f73ae6ea665aca0c6f45f7ff3d108b8e993b384a4575345a30b4d0c10
02076.HK,sina,stock_hk_daily,raw,ohlc_logic_error,upstream_raw_ohlc_inconsistency,2024-05-08,OHLC violates the inclusive daily price envelope,low_gt_close,77.6,78.2,77.1,77.0,20900.0,78cddc46-4b2a-4ebe-9065-1e54e3dff522,data/raw/stage17/equity_daily/run_id=78cddc46-4b2a-4ebe-9065-1e54e3dff522/market=HK/symbol=02076.HK/adjust=raw/source=sina/data.parquet,7759730f73ae6ea665aca0c6f45f7ff3d108b8e993b384a4575345a30b4d0c10
02076.HK,sina,stock_hk_daily,raw,ohlc_logic_error,upstream_raw_ohlc_inconsistency,2024-05-31,OHLC violates the inclusive daily price envelope,low_gt_close,81.4,81.5,80.45,80.4,22401.0,78cddc46-4b2a-4ebe-9065-1e54e3dff522,data/raw/stage17/equity_daily/run_id=78cddc46-4b2a-4ebe-9065-1e54e3dff522/market=HK/symbol=02076.HK/adjust=raw/source=sina/data.parquet,7759730f73ae6ea665aca0c6f45f7ff3d108b8e993b384a4575345a30b4d0c10
02076.HK,sina,stock_hk_daily,raw,ohlc_logic_error,upstream_raw_ohlc_inconsistency,2024-06-19,OHLC violates the inclusive daily price envelope,high_lt_close,78.0,78.55,78.0,78.65,20100.0,78cddc46-4b2a-4ebe-9065-1e54e3dff522,data/raw/stage17/equity_daily/run_id=78cddc46-4b2a-4ebe-9065-1e54e3dff522/market=HK/symbol=02076.HK/adjust=raw/source=sina/data.parquet,7759730f73ae6ea665aca0c6f45f7ff3d108b8e993b384a4575345a30b4d0c10
02076.HK,sina,stock_hk_daily,raw,ohlc_logic_error,upstream_raw_ohlc_inconsistency,2024-06-24,OHLC violates the inclusive daily price envelope,high_lt_close,71.05,75.65,71.05,75.7,34200.0,78cddc46-4b2a-4ebe-9065-1e54e3dff522,data/raw/stage17/equity_daily/run_id=78cddc46-4b2a-4ebe-9065-1e54e3dff522/market=HK/symbol=02076.HK/adjust=raw/source=sina/data.parquet,7759730f73ae6ea665aca0c6f45f7ff3d108b8e993b384a4575345a30b4d0c10
02076.HK,sina,stock_hk_daily,raw,ohlc_logic_error,upstream_raw_ohlc_inconsistency,2024-08-02,OHLC violates the inclusive daily price envelope,low_gt_close,52.75,52.75,51.8,51.6,11300.0,78cddc46-4b2a-4ebe-9065-1e54e3dff522,data/raw/stage17/equity_daily/run_id=78cddc46-4b2a-4ebe-9065-1e54e3dff522/market=HK/symbol=02076.HK/adjust=raw/source=sina/data.parquet,7759730f73ae6ea665aca0c6f45f7ff3d108b8e993b384a4575345a30b4d0c10
02076.HK,sina,stock_hk_daily,raw,ohlc_logic_error,upstream_raw_ohlc_inconsistency,2024-08-16,OHLC violates the inclusive daily price envelope,low_gt_close,53.65,53.65,53.65,53.0,20200.0,78cddc46-4b2a-4ebe-9065-1e54e3dff522,data/raw/stage17/equity_daily/run_id=78cddc46-4b2a-4ebe-9065-1e54e3dff522/market=HK/symbol=02076.HK/adjust=raw/source=sina/data.parquet,7759730f73ae6ea665aca0c6f45f7ff3d108b8e993b384a4575345a30b4d0c10
02076.HK,sina,stock_hk_daily,raw,ohlc_logic_error,upstream_raw_ohlc_inconsistency,2024-08-20,OHLC violates the inclusive daily price envelope,low_gt_close,56.85,56.85,56.65,56.5,26400.0,78cddc46-4b2a-4ebe-9065-1e54e3dff522,data/raw/stage17/equity_daily/run_id=78cddc46-4b2a-4ebe-9065-1e54e3dff522/market=HK/symbol=02076.HK/adjust=raw/source=sina/data.parquet,7759730f73ae6ea665aca0c6f45f7ff3d108b8e993b384a4575345a30b4d0c10
02076.HK,sina,stock_hk_daily,raw,ohlc_logic_error,upstream_raw_ohlc_inconsistency,2024-09-03,OHLC violates the inclusive daily price envelope,high_lt_close,46.0,46.55,46.0,46.6,7257.0,78cddc46-4b2a-4ebe-9065-1e54e3dff522,data/raw/stage17/equity_daily/run_id=78cddc46-4b2a-4ebe-9065-1e54e3dff522/market=HK/symbol=02076.HK/adjust=raw/source=sina/data.parquet,7759730f73ae6ea665aca0c6f45f7ff3d108b8e993b384a4575345a30b4d0c10
02076.HK,sina,stock_hk_daily,raw,ohlc_logic_error,upstream_raw_ohlc_inconsistency,2024-09-09,OHLC violates the inclusive daily price envelope,high_lt_close,46.75,47.0,46.75,47.65,10600.0,78cddc46-4b2a-4ebe-9065-1e54e3dff522,data/raw/stage17/equity_daily/run_id=78cddc46-4b2a-4ebe-9065-1e54e3dff522/market=HK/symbol=02076.HK/adjust=raw/source=sina/data.parquet,7759730f73ae6ea665aca0c6f45f7ff3d108b8e993b384a4575345a30b4d0c10
02076.HK,sina,stock_hk_daily,raw,ohlc_logic_error,upstream_raw_ohlc_inconsistency,2024-10-15,OHLC violates the inclusive daily price envelope,low_gt_close,64.55,64.55,61.9,61.85,5000.0,78cddc46-4b2a-4ebe-9065-1e54e3dff522,data/raw/stage17/equity_daily/run_id=78cddc46-4b2a-4ebe-9065-1e54e3dff522/market=HK/symbol=02076.HK/adjust=raw/source=sina/data.parquet,7759730f73ae6ea665aca0c6f45f7ff3d108b8e993b384a4575345a30b4d0c10
02076.HK,sina,stock_hk_daily,raw,ohlc_logic_error,upstream_raw_ohlc_inconsistency,2024-10-16,OHLC violates the inclusive daily price envelope,low_gt_close,61.05,61.3,61.05,60.95,590.0,78cddc46-4b2a-4ebe-9065-1e54e3dff522,data/raw/stage17/equity_daily/run_id=78cddc46-4b2a-4ebe-9065-1e54e3dff522/market=HK/symbol=02076.HK/adjust=raw/source=sina/data.parquet,7759730f73ae6ea665aca0c6f45f7ff3d108b8e993b384a4575345a30b4d0c10
02076.HK,sina,stock_hk_daily,raw,ohlc_logic_error,upstream_raw_ohlc_inconsistency,2024-10-17,OHLC violates the inclusive daily price envelope,low_gt_close,60.95,60.95,60.9,60.4,800.0,78cddc46-4b2a-4ebe-9065-1e54e3dff522,data/raw/stage17/equity_daily/run_id=78cddc46-4b2a-4ebe-9065-1e54e3dff522/market=HK/symbol=02076.HK/adjust=raw/source=sina/data.parquet,7759730f73ae6ea665aca0c6f45f7ff3d108b8e993b384a4575345a30b4d0c10
02076.HK,sina,stock_hk_daily,raw,ohlc_logic_error,upstream_raw_ohlc_inconsistency,2024-10-21,OHLC violates the inclusive daily price envelope,low_gt_close,59.95,59.95,59.95,58.9,200.0,78cddc46-4b2a-4ebe-9065-1e54e3dff522,data/raw/stage17/equity_daily/run_id=78cddc46-4b2a-4ebe-9065-1e54e3dff522/market=HK/symbol=02076.HK/adjust=raw/source=sina/data.parquet,7759730f73ae6ea665aca0c6f45f7ff3d108b8e993b384a4575345a30b4d0c10
02076.HK,sina,stock_hk_daily,raw,ohlc_logic_error,upstream_raw_ohlc_inconsistency,2024-11-06,OHLC violates the inclusive daily price envelope,low_gt_close,58.05,58.05,58.05,58.0,200.0,78cddc46-4b2a-4ebe-9065-1e54e3dff522,data/raw/stage17/equity_daily/run_id=78cddc46-4b2a-4ebe-9065-1e54e3dff522/market=HK/symbol=02076.HK/adjust=raw/source=sina/data.parquet,7759730f73ae6ea665aca0c6f45f7ff3d108b8e993b384a4575345a30b4d0c10
02076.HK,sina,stock_hk_daily,raw,ohlc_logic_error,upstream_raw_ohlc_inconsistency,2024-11-13,OHLC violates the inclusive daily price envelope,low_gt_close,54.5,54.5,54.05,54.0,1300.0,78cddc46-4b2a-4ebe-9065-1e54e3dff522,data/raw/stage17/equity_daily/run_id=78cddc46-4b2a-4ebe-9065-1e54e3dff522/market=HK/symbol=02076.HK/adjust=raw/source=sina/data.parquet,7759730f73ae6ea665aca0c6f45f7ff3d108b8e993b384a4575345a30b4d0c10
02076.HK,sina,stock_hk_daily,raw,ohlc_logic_error,upstream_raw_ohlc_inconsistency,2024-12-11,OHLC violates the inclusive daily price envelope,low_gt_close,56.85,56.85,56.85,56.8,500.0,78cddc46-4b2a-4ebe-9065-1e54e3dff522,data/raw/stage17/equity_daily/run_id=78cddc46-4b2a-4ebe-9065-1e54e3dff522/market=HK/symbol=02076.HK/adjust=raw/source=sina/data.parquet,7759730f73ae6ea665aca0c6f45f7ff3d108b8e993b384a4575345a30b4d0c10
02076.HK,sina,stock_hk_daily,raw,ohlc_logic_error,upstream_raw_ohlc_inconsistency,2024-12-27,OHLC violates the inclusive daily price envelope,low_gt_close,53.7,53.7,53.7,53.2,100.0,78cddc46-4b2a-4ebe-9065-1e54e3dff522,data/raw/stage17/equity_daily/run_id=78cddc46-4b2a-4ebe-9065-1e54e3dff522/market=HK/symbol=02076.HK/adjust=raw/source=sina/data.parquet,7759730f73ae6ea665aca0c6f45f7ff3d108b8e993b384a4575345a30b4d0c10
02076.HK,sina,stock_hk_daily,raw,ohlc_logic_error,upstream_raw_ohlc_inconsistency,2025-01-17,OHLC violates the inclusive daily price envelope,low_gt_close,53.95,53.95,53.95,53.75,600.0,78cddc46-4b2a-4ebe-9065-1e54e3dff522,data/raw/stage17/equity_daily/run_id=78cddc46-4b2a-4ebe-9065-1e54e3dff522/market=HK/symbol=02076.HK/adjust=raw/source=sina/data.parquet,7759730f73ae6ea665aca0c6f45f7ff3d108b8e993b384a4575345a30b4d0c10
02076.HK,sina,stock_hk_daily,raw,ohlc_logic_error,upstream_raw_ohlc_inconsistency,2025-02-19,OHLC violates the inclusive daily price envelope,low_gt_close,64.35,64.35,64.35,64.3,100.0,78cddc46-4b2a-4ebe-9065-1e54e3dff522,data/raw/stage17/equity_daily/run_id=78cddc46-4b2a-4ebe-9065-1e54e3dff522/market=HK/symbol=02076.HK/adjust=raw/source=sina/data.parquet,7759730f73ae6ea665aca0c6f45f7ff3d108b8e993b384a4575345a30b4d0c10
02076.HK,sina,stock_hk_daily,raw,ohlc_logic_error,upstream_raw_ohlc_inconsistency,2025-04-03,OHLC violates the inclusive daily price envelope,low_gt_close,72.45,72.45,72.45,72.0,100.0,78cddc46-4b2a-4ebe-9065-1e54e3dff522,data/raw/stage17/equity_daily/run_id=78cddc46-4b2a-4ebe-9065-1e54e3dff522/market=HK/symbol=02076.HK/adjust=raw/source=sina/data.parquet,7759730f73ae6ea665aca0c6f45f7ff3d108b8e993b384a4575345a30b4d0c10
02076.HK,sina,stock_hk_daily,raw,ohlc_logic_error,upstream_raw_ohlc_inconsistency,2025-04-09,OHLC violates the inclusive daily price envelope,low_gt_close,63.75,63.75,62.0,61.9,5100.0,78cddc46-4b2a-4ebe-9065-1e54e3dff522,data/raw/stage17/equity_daily/run_id=78cddc46-4b2a-4ebe-9065-1e54e3dff522/market=HK/symbol=02076.HK/adjust=raw/source=sina/data.parquet,7759730f73ae6ea665aca0c6f45f7ff3d108b8e993b384a4575345a30b4d0c10
02076.HK,sina,stock_hk_daily,raw,ohlc_logic_error,upstream_raw_ohlc_inconsistency,2025-04-15,OHLC violates the inclusive daily price envelope,low_gt_close,56.1,56.1,56.1,56.0,100.0,78cddc46-4b2a-4ebe-9065-1e54e3dff522,data/raw/stage17/equity_daily/run_id=78cddc46-4b2a-4ebe-9065-1e54e3dff522/market=HK/symbol=02076.HK/adjust=raw/source=sina/data.parquet,7759730f73ae6ea665aca0c6f45f7ff3d108b8e993b384a4575345a30b4d0c10
02076.HK,sina,stock_hk_daily,raw,ohlc_logic_error,upstream_raw_ohlc_inconsistency,2025-04-24,OHLC violates the inclusive daily price envelope,high_lt_close,55.35,55.35,55.3,55.4,6900.0,78cddc46-4b2a-4ebe-9065-1e54e3dff522,data/raw/stage17/equity_daily/run_id=78cddc46-4b2a-4ebe-9065-1e54e3dff522/market=HK/symbol=02076.HK/adjust=raw/source=sina/data.parquet,7759730f73ae6ea665aca0c6f45f7ff3d108b8e993b384a4575345a30b4d0c10
02076.HK,sina,stock_hk_daily,raw,ohlc_logic_error,upstream_raw_ohlc_inconsistency,2025-06-23,OHLC violates the inclusive daily price envelope,high_lt_close,68.75,68.95,68.75,69.0,15000.0,78cddc46-4b2a-4ebe-9065-1e54e3dff522,data/raw/stage17/equity_daily/run_id=78cddc46-4b2a-4ebe-9065-1e54e3dff522/market=HK/symbol=02076.HK/adjust=raw/source=sina/data.parquet,7759730f73ae6ea665aca0c6f45f7ff3d108b8e993b384a4575345a30b4d0c10
02076.HK,sina,stock_hk_daily,raw,ohlc_logic_error,upstream_raw_ohlc_inconsistency,2026-08-18,OHLC violates the inclusive daily price envelope,high_lt_close,61.3,61.3,60.15,61.75,15668.0,78cddc46-4b2a-4ebe-9065-1e54e3dff522,data/raw/stage17/equity_daily/run_id=78cddc46-4b2a-4ebe-9065-1e54e3dff522/market=HK/symbol=02076.HK/adjust=raw/source=sina/data.parquet,7759730f73ae6ea665aca0c6f45f7ff3d108b8e993b384a4575345a30b4d0c10
02076.HK,sina,stock_hk_daily,qfq,ohlc_logic_error,upstream_raw_inconsistency_propagated_by_adjustment,2023-01-06,OHLC violates the inclusive daily price envelope,high_lt_open,90.2284,90.1794,87.5804,87.7275,11100.0,78cddc46-4b2a-4ebe-9065-1e54e3dff522,data/raw/stage17/equity_daily/run_id=78cddc46-4b2a-4ebe-9065-1e54e3dff522/market=HK/symbol=02076.HK/adjust=qfq/source=sina/data.parquet,ec9ea2aef432e323934b5201aaa07ca019a38a39fa7a4f1dbf397701b71e6e9d
02076.HK,sina,stock_hk_daily,qfq,ohlc_logic_error,upstream_raw_inconsistency_propagated_by_adjustment,2023-01-30,OHLC violates the inclusive daily price envelope,low_gt_close,97.0446,97.0446,97.0446,94.1514,600.0,78cddc46-4b2a-4ebe-9065-1e54e3dff522,data/raw/stage17/equity_daily/run_id=78cddc46-4b2a-4ebe-9065-1e54e3dff522/market=HK/symbol=02076.HK/adjust=qfq/source=sina/data.parquet,ec9ea2aef432e323934b5201aaa07ca019a38a39fa7a4f1dbf397701b71e6e9d
02076.HK,sina,stock_hk_daily,qfq,ohlc_logic_error,upstream_raw_inconsistency_propagated_by_adjustment,2023-01-31,OHLC violates the inclusive daily price envelope,low_gt_close,96.1129,97.0446,96.0639,93.1216,700.0,78cddc46-4b2a-4ebe-9065-1e54e3dff522,data/raw/stage17/equity_daily/run_id=78cddc46-4b2a-4ebe-9065-1e54e3dff522/market=HK/symbol=02076.HK/adjust=qfq/source=sina/data.parquet,ec9ea2aef432e323934b5201aaa07ca019a38a39fa7a4f1dbf397701b71e6e9d
02076.HK,sina,stock_hk_daily,qfq,ohlc_logic_error,upstream_raw_inconsistency_propagated_by_adjustment,2023-02-02,OHLC violates the inclusive daily price envelope,low_gt_close,95.9167,95.9658,95.9167,95.3773,300.0,78cddc46-4b2a-4ebe-9065-1e54e3dff522,data/raw/stage17/equity_daily/run_id=78cddc46-4b2a-4ebe-9065-1e54e3dff522/market=HK/symbol=02076.HK/adjust=qfq/source=sina/data.parquet,ec9ea2aef432e323934b5201aaa07ca019a38a39fa7a4f1dbf397701b71e6e9d
02076.HK,sina,stock_hk_daily,qfq,ohlc_logic_error,upstream_raw_inconsistency_propagated_by_adjustment,2023-02-20,OHLC violates the inclusive daily price envelope,high_lt_close,89.2477,90.7678,89.2477,90.8659,500.0,78cddc46-4b2a-4ebe-9065-1e54e3dff522,data/raw/stage17/equity_daily/run_id=78cddc46-4b2a-4ebe-9065-1e54e3dff522/market=HK/symbol=02076.HK/adjust=qfq/source=sina/data.parquet,ec9ea2aef432e323934b5201aaa07ca019a38a39fa7a4f1dbf397701b71e6e9d
02076.HK,sina,stock_hk_daily,qfq,ohlc_logic_error,upstream_raw_inconsistency_propagated_by_adjustment,2023-06-07,OHLC violates the inclusive daily price envelope,low_gt_close,64.7291,64.7291,64.7291,63.7483,100.0,78cddc46-4b2a-4ebe-9065-1e54e3dff522,data/raw/stage17/equity_daily/run_id=78cddc46-4b2a-4ebe-9065-1e54e3dff522/market=HK/symbol=02076.HK/adjust=qfq/source=sina/data.parquet,ec9ea2aef432e323934b5201aaa07ca019a38a39fa7a4f1dbf397701b71e6e9d
02076.HK,sina,stock_hk_daily,qfq,ohlc_logic_error,upstream_raw_inconsistency_propagated_by_adjustment,2023-06-21,OHLC violates the inclusive daily price envelope,high_lt_close,59.0898,59.0898,59.0898,59.6292,100.0,78cddc46-4b2a-4ebe-9065-1e54e3dff522,data/raw/stage17/equity_daily/run_id=78cddc46-4b2a-4ebe-9065-1e54e3dff522/market=HK/symbol=02076.HK/adjust=qfq/source=sina/data.parquet,ec9ea2aef432e323934b5201aaa07ca019a38a39fa7a4f1dbf397701b71e6e9d
02076.HK,sina,stock_hk_daily,qfq,ohlc_logic_error,upstream_raw_inconsistency_propagated_by_adjustment,2023-06-27,OHLC violates the inclusive daily price envelope,high_lt_close,55.9024,55.9024,55.9024,56.0005,500.0,78cddc46-4b2a-4ebe-9065-1e54e3dff522,data/raw/stage17/equity_daily/run_id=78cddc46-4b2a-4ebe-9065-1e54e3dff522/market=HK/symbol=02076.HK/adjust=qfq/source=sina/data.parquet,ec9ea2aef432e323934b5201aaa07ca019a38a39fa7a4f1dbf397701b71e6e9d
02076.HK,sina,stock_hk_daily,qfq,ohlc_logic_error,upstream_raw_inconsistency_propagated_by_adjustment,2023-08-28,OHLC violates the inclusive daily price envelope,low_gt_close,58.8446,58.8446,58.8446,57.0303,100.0,78cddc46-4b2a-4ebe-9065-1e54e3dff522,data/raw/stage17/equity_daily/run_id=78cddc46-4b2a-4ebe-9065-1e54e3dff522/market=HK/symbol=02076.HK/adjust=qfq/source=sina/data.parquet,ec9ea2aef432e323934b5201aaa07ca019a38a39fa7a4f1dbf397701b71e6e9d
02076.HK,sina,stock_hk_daily,qfq,ohlc_logic_error,upstream_raw_inconsistency_propagated_by_adjustment,2023-08-30,OHLC violates the inclusive daily price envelope,low_gt_close,57.0793,57.0793,57.0793,56.2457,200.0,78cddc46-4b2a-4ebe-9065-1e54e3dff522,data/raw/stage17/equity_daily/run_id=78cddc46-4b2a-4ebe-9065-1e54e3dff522/market=HK/symbol=02076.HK/adjust=qfq/source=sina/data.parquet,ec9ea2aef432e323934b5201aaa07ca019a38a39fa7a4f1dbf397701b71e6e9d
02076.HK,sina,stock_hk_daily,qfq,ohlc_logic_error,upstream_raw_inconsistency_propagated_by_adjustment,2024-01-02,OHLC violates the inclusive daily price envelope,high_lt_close,55.4453,55.4453,55.4453,55.4949,100.0,78cddc46-4b2a-4ebe-9065-1e54e3dff522,data/raw/stage17/equity_daily/run_id=78cddc46-4b2a-4ebe-9065-1e54e3dff522/market=HK/symbol=02076.HK/adjust=qfq/source=sina/data.parquet,ec9ea2aef432e323934b5201aaa07ca019a38a39fa7a4f1dbf397701b71e6e9d
02076.HK,sina,stock_hk_daily,qfq,ohlc_logic_error,upstream_raw_inconsistency_propagated_by_adjustment,2024-04-05,OHLC violates the inclusive daily price envelope,low_gt_open,69.4927,70.4855,70.4855,70.4855,1200.0,78cddc46-4b2a-4ebe-9065-1e54e3dff522,data/raw/stage17/equity_daily/run_id=78cddc46-4b2a-4ebe-9065-1e54e3dff522/market=HK/symbol=02076.HK/adjust=qfq/source=sina/data.parquet,ec9ea2aef432e323934b5201aaa07ca019a38a39fa7a4f1dbf397701b71e6e9d
02076.HK,sina,stock_hk_daily,qfq,ohlc_logic_error,upstream_raw_inconsistency_propagated_by_adjustment,2024-05-08,OHLC violates the inclusive daily price envelope,low_gt_close,77.0376,77.6333,76.5413,76.442,20900.0,78cddc46-4b2a-4ebe-9065-1e54e3dff522,data/raw/stage17/equity_daily/run_id=78cddc46-4b2a-4ebe-9065-1e54e3dff522/market=HK/symbol=02076.HK/adjust=qfq/source=sina/data.parquet,ec9ea2aef432e323934b5201aaa07ca019a38a39fa7a4f1dbf397701b71e6e9d
02076.HK,sina,stock_hk_daily,qfq,ohlc_logic_error,upstream_raw_inconsistency_propagated_by_adjustment,2024-05-31,OHLC violates the inclusive daily price envelope,low_gt_close,80.8101,80.9094,79.867,79.8173,22401.0,78cddc46-4b2a-4ebe-9065-1e54e3dff522,data/raw/stage17/equity_daily/run_id=78cddc46-4b2a-4ebe-9065-1e54e3dff522/market=HK/symbol=02076.HK/adjust=qfq/source=sina/data.parquet,ec9ea2aef432e323934b5201aaa07ca019a38a39fa7a4f1dbf397701b71e6e9d
02076.HK,sina,stock_hk_daily,qfq,ohlc_logic_error,upstream_raw_inconsistency_propagated_by_adjustment,2024-06-19,OHLC violates the inclusive daily price envelope,high_lt_close,77.4347,77.9807,77.4347,78.08,20100.0,78cddc46-4b2a-4ebe-9065-1e54e3dff522,data/raw/stage17/equity_daily/run_id=78cddc46-4b2a-4ebe-9065-1e54e3dff522/market=HK/symbol=02076.HK/adjust=qfq/source=sina/data.parquet,ec9ea2aef432e323934b5201aaa07ca019a38a39fa7a4f1dbf397701b71e6e9d
02076.HK,sina,stock_hk_daily,qfq,ohlc_logic_error,upstream_raw_inconsistency_propagated_by_adjustment,2024-06-24,OHLC violates the inclusive daily price envelope,high_lt_close,70.5351,75.1018,70.5351,75.1514,34200.0,78cddc46-4b2a-4ebe-9065-1e54e3dff522,data/raw/stage17/equity_daily/run_id=78cddc46-4b2a-4ebe-9065-1e54e3dff522/market=HK/symbol=02076.HK/adjust=qfq/source=sina/data.parquet,ec9ea2aef432e323934b5201aaa07ca019a38a39fa7a4f1dbf397701b71e6e9d
02076.HK,sina,stock_hk_daily,qfq,ohlc_logic_error,upstream_raw_inconsistency_propagated_by_adjustment,2024-08-02,OHLC violates the inclusive daily price envelope,low_gt_close,52.3677,52.3677,51.4246,51.2261,11300.0,78cddc46-4b2a-4ebe-9065-1e54e3dff522,data/raw/stage17/equity_daily/run_id=78cddc46-4b2a-4ebe-9065-1e54e3dff522/market=HK/symbol=02076.HK/adjust=qfq/source=sina/data.parquet,ec9ea2aef432e323934b5201aaa07ca019a38a39fa7a4f1dbf397701b71e6e9d
02076.HK,sina,stock_hk_daily,qfq,ohlc_logic_error,upstream_raw_inconsistency_propagated_by_adjustment,2024-08-16,OHLC violates the inclusive daily price envelope,low_gt_close,53.2612,53.2612,53.2612,52.6159,20200.0,78cddc46-4b2a-4ebe-9065-1e54e3dff522,data/raw/stage17/equity_daily/run_id=78cddc46-4b2a-4ebe-9065-1e54e3dff522/market=HK/symbol=02076.HK/adjust=qfq/source=sina/data.parquet,ec9ea2aef432e323934b5201aaa07ca019a38a39fa7a4f1dbf397701b71e6e9d
02076.HK,sina,stock_hk_daily,qfq,ohlc_logic_error,upstream_raw_inconsistency_propagated_by_adjustment,2024-08-20,OHLC violates the inclusive daily price envelope,low_gt_close,56.438,56.438,56.2395,56.0905,26400.0,78cddc46-4b2a-4ebe-9065-1e54e3dff522,data/raw/stage17/equity_daily/run_id=78cddc46-4b2a-4ebe-9065-1e54e3dff522/market=HK/symbol=02076.HK/adjust=qfq/source=sina/data.parquet,ec9ea2aef432e323934b5201aaa07ca019a38a39fa7a4f1dbf397701b71e6e9d
02076.HK,sina,stock_hk_daily,qfq,ohlc_logic_error,upstream_raw_inconsistency_propagated_by_adjustment,2024-09-03,OHLC violates the inclusive daily price envelope,high_lt_close,45.6666,46.2127,45.6666,46.2623,7257.0,78cddc46-4b2a-4ebe-9065-1e54e3dff522,data/raw/stage17/equity_daily/run_id=78cddc46-4b2a-4ebe-9065-1e54e3dff522/market=HK/symbol=02076.HK/adjust=qfq/source=sina/data.parquet,ec9ea2aef432e323934b5201aaa07ca019a38a39fa7a4f1dbf397701b71e6e9d
02076.HK,sina,stock_hk_daily,qfq,ohlc_logic_error,upstream_raw_inconsistency_propagated_by_adjustment,2024-09-09,OHLC violates the inclusive daily price envelope,high_lt_close,46.4112,46.6594,46.4112,47.3047,10600.0,78cddc46-4b2a-4ebe-9065-1e54e3dff522,data/raw/stage17/equity_daily/run_id=78cddc46-4b2a-4ebe-9065-1e54e3dff522/market=HK/symbol=02076.HK/adjust=qfq/source=sina/data.parquet,ec9ea2aef432e323934b5201aaa07ca019a38a39fa7a4f1dbf397701b71e6e9d
02076.HK,sina,stock_hk_daily,qfq,ohlc_logic_error,upstream_raw_inconsistency_propagated_by_adjustment,2024-10-15,OHLC violates the inclusive daily price envelope,low_gt_close,64.0822,64.0822,61.4514,61.4018,5000.0,78cddc46-4b2a-4ebe-9065-1e54e3dff522,data/raw/stage17/equity_daily/run_id=78cddc46-4b2a-4ebe-9065-1e54e3dff522/market=HK/symbol=02076.HK/adjust=qfq/source=sina/data.parquet,ec9ea2aef432e323934b5201aaa07ca019a38a39fa7a4f1dbf397701b71e6e9d
02076.HK,sina,stock_hk_daily,qfq,ohlc_logic_error,upstream_raw_inconsistency_propagated_by_adjustment,2024-10-16,OHLC violates the inclusive daily price envelope,low_gt_close,60.6076,60.8558,60.6076,60.5083,590.0,78cddc46-4b2a-4ebe-9065-1e54e3dff522,data/raw/stage17/equity_daily/run_id=78cddc46-4b2a-4ebe-9065-1e54e3dff522/market=HK/symbol=02076.HK/adjust=qfq/source=sina/data.parquet,ec9ea2aef432e323934b5201aaa07ca019a38a39fa7a4f1dbf397701b71e6e9d
02076.HK,sina,stock_hk_daily,qfq,ohlc_logic_error,upstream_raw_inconsistency_propagated_by_adjustment,2024-10-17,OHLC violates the inclusive daily price envelope,low_gt_close,60.5083,60.5083,60.4587,59.9623,800.0,78cddc46-4b2a-4ebe-9065-1e54e3dff522,data/raw/stage17/equity_daily/run_id=78cddc46-4b2a-4ebe-9065-1e54e3dff522/market=HK/symbol=02076.HK/adjust=qfq/source=sina/data.parquet,ec9ea2aef432e323934b5201aaa07ca019a38a39fa7a4f1dbf397701b71e6e9d
02076.HK,sina,stock_hk_daily,qfq,ohlc_logic_error,upstream_raw_inconsistency_propagated_by_adjustment,2024-10-21,OHLC violates the inclusive daily price envelope,low_gt_close,59.5155,59.5155,59.5155,58.4732,200.0,78cddc46-4b2a-4ebe-9065-1e54e3dff522,data/raw/stage17/equity_daily/run_id=78cddc46-4b2a-4ebe-9065-1e54e3dff522/market=HK/symbol=02076.HK/adjust=qfq/source=sina/data.parquet,ec9ea2aef432e323934b5201aaa07ca019a38a39fa7a4f1dbf397701b71e6e9d
02076.HK,sina,stock_hk_daily,qfq,ohlc_logic_error,upstream_raw_inconsistency_propagated_by_adjustment,2024-11-06,OHLC violates the inclusive daily price envelope,low_gt_close,57.6293,57.6293,57.6293,57.5797,200.0,78cddc46-4b2a-4ebe-9065-1e54e3dff522,data/raw/stage17/equity_daily/run_id=78cddc46-4b2a-4ebe-9065-1e54e3dff522/market=HK/symbol=02076.HK/adjust=qfq/source=sina/data.parquet,ec9ea2aef432e323934b5201aaa07ca019a38a39fa7a4f1dbf397701b71e6e9d
02076.HK,sina,stock_hk_daily,qfq,ohlc_logic_error,upstream_raw_inconsistency_propagated_by_adjustment,2024-11-13,OHLC violates the inclusive daily price envelope,low_gt_close,54.105,54.105,53.6583,53.6087,1300.0,78cddc46-4b2a-4ebe-9065-1e54e3dff522,data/raw/stage17/equity_daily/run_id=78cddc46-4b2a-4ebe-9065-1e54e3dff522/market=HK/symbol=02076.HK/adjust=qfq/source=sina/data.parquet,ec9ea2aef432e323934b5201aaa07ca019a38a39fa7a4f1dbf397701b71e6e9d
02076.HK,sina,stock_hk_daily,qfq,ohlc_logic_error,upstream_raw_inconsistency_propagated_by_adjustment,2024-12-11,OHLC violates the inclusive daily price envelope,low_gt_close,56.438,56.438,56.438,56.3884,500.0,78cddc46-4b2a-4ebe-9065-1e54e3dff522,data/raw/stage17/equity_daily/run_id=78cddc46-4b2a-4ebe-9065-1e54e3dff522/market=HK/symbol=02076.HK/adjust=qfq/source=sina/data.parquet,ec9ea2aef432e323934b5201aaa07ca019a38a39fa7a4f1dbf397701b71e6e9d
02076.HK,sina,stock_hk_daily,qfq,ohlc_logic_error,upstream_raw_inconsistency_propagated_by_adjustment,2024-12-27,OHLC violates the inclusive daily price envelope,low_gt_close,53.3108,53.3108,53.3108,52.8145,100.0,78cddc46-4b2a-4ebe-9065-1e54e3dff522,data/raw/stage17/equity_daily/run_id=78cddc46-4b2a-4ebe-9065-1e54e3dff522/market=HK/symbol=02076.HK/adjust=qfq/source=sina/data.parquet,ec9ea2aef432e323934b5201aaa07ca019a38a39fa7a4f1dbf397701b71e6e9d
02076.HK,sina,stock_hk_daily,qfq,ohlc_logic_error,upstream_raw_inconsistency_propagated_by_adjustment,2025-01-17,OHLC violates the inclusive daily price envelope,low_gt_close,53.559,53.559,53.559,53.3605,600.0,78cddc46-4b2a-4ebe-9065-1e54e3dff522,data/raw/stage17/equity_daily/run_id=78cddc46-4b2a-4ebe-9065-1e54e3dff522/market=HK/symbol=02076.HK/adjust=qfq/source=sina/data.parquet,ec9ea2aef432e323934b5201aaa07ca019a38a39fa7a4f1dbf397701b71e6e9d
02076.HK,sina,stock_hk_daily,qfq,ohlc_logic_error,upstream_raw_inconsistency_propagated_by_adjustment,2025-02-19,OHLC violates the inclusive daily price envelope,low_gt_close,63.8837,63.8837,63.8837,63.834,100.0,78cddc46-4b2a-4ebe-9065-1e54e3dff522,data/raw/stage17/equity_daily/run_id=78cddc46-4b2a-4ebe-9065-1e54e3dff522/market=HK/symbol=02076.HK/adjust=qfq/source=sina/data.parquet,ec9ea2aef432e323934b5201aaa07ca019a38a39fa7a4f1dbf397701b71e6e9d
02076.HK,sina,stock_hk_daily,qfq,ohlc_logic_error,upstream_raw_inconsistency_propagated_by_adjustment,2025-04-03,OHLC violates the inclusive daily price envelope,low_gt_close,71.925,71.925,71.925,71.4782,100.0,78cddc46-4b2a-4ebe-9065-1e54e3dff522,data/raw/stage17/equity_daily/run_id=78cddc46-4b2a-4ebe-9065-1e54e3dff522/market=HK/symbol=02076.HK/adjust=qfq/source=sina/data.parquet,ec9ea2aef432e323934b5201aaa07ca019a38a39fa7a4f1dbf397701b71e6e9d
02076.HK,sina,stock_hk_daily,qfq,ohlc_logic_error,upstream_raw_inconsistency_propagated_by_adjustment,2025-04-09,OHLC violates the inclusive daily price envelope,low_gt_close,63.288,63.288,61.5507,61.4514,5100.0,78cddc46-4b2a-4ebe-9065-1e54e3dff522,data/raw/stage17/equity_daily/run_id=78cddc46-4b2a-4ebe-9065-1e54e3dff522/market=HK/symbol=02076.HK/adjust=qfq/source=sina/data.parquet,ec9ea2aef432e323934b5201aaa07ca019a38a39fa7a4f1dbf397701b71e6e9d
02076.HK,sina,stock_hk_daily,qfq,ohlc_logic_error,upstream_raw_inconsistency_propagated_by_adjustment,2025-04-15,OHLC violates the inclusive daily price envelope,low_gt_close,55.6934,55.6934,55.6934,55.5942,100.0,78cddc46-4b2a-4ebe-9065-1e54e3dff522,data/raw/stage17/equity_daily/run_id=78cddc46-4b2a-4ebe-9065-1e54e3dff522/market=HK/symbol=02076.HK/adjust=qfq/source=sina/data.parquet,ec9ea2aef432e323934b5201aaa07ca019a38a39fa7a4f1dbf397701b71e6e9d
02076.HK,sina,stock_hk_daily,qfq,ohlc_logic_error,upstream_raw_inconsistency_propagated_by_adjustment,2025-04-24,OHLC violates the inclusive daily price envelope,high_lt_close,54.9489,54.9489,54.8992,54.9985,6900.0,78cddc46-4b2a-4ebe-9065-1e54e3dff522,data/raw/stage17/equity_daily/run_id=78cddc46-4b2a-4ebe-9065-1e54e3dff522/market=HK/symbol=02076.HK/adjust=qfq/source=sina/data.parquet,ec9ea2aef432e323934b5201aaa07ca019a38a39fa7a4f1dbf397701b71e6e9d
02076.HK,sina,stock_hk_daily,qfq,ohlc_logic_error,upstream_raw_inconsistency_propagated_by_adjustment,2025-06-23,OHLC violates the inclusive daily price envelope,high_lt_close,68.2518,68.4503,68.2518,68.5,15000.0,78cddc46-4b2a-4ebe-9065-1e54e3dff522,data/raw/stage17/equity_daily/run_id=78cddc46-4b2a-4ebe-9065-1e54e3dff522/market=HK/symbol=02076.HK/adjust=qfq/source=sina/data.parquet,ec9ea2aef432e323934b5201aaa07ca019a38a39fa7a4f1dbf397701b71e6e9d
02076.HK,sina,stock_hk_daily,qfq,ohlc_logic_error,upstream_raw_inconsistency_propagated_by_adjustment,2026-08-18,OHLC violates the inclusive daily price envelope,high_lt_close,61.3,61.3,60.15,61.75,15668.0,78cddc46-4b2a-4ebe-9065-1e54e3dff522,data/raw/stage17/equity_daily/run_id=78cddc46-4b2a-4ebe-9065-1e54e3dff522/market=HK/symbol=02076.HK/adjust=qfq/source=sina/data.parquet,ec9ea2aef432e323934b5201aaa07ca019a38a39fa7a4f1dbf397701b71e6e9d
02076.HK,sina,stock_hk_daily,hfq,ohlc_logic_error,upstream_raw_inconsistency_propagated_by_adjustment,2023-01-06,OHLC violates the inclusive daily price envelope,high_lt_open,92.0,91.95,89.3,89.45,11100.0,78cddc46-4b2a-4ebe-9065-1e54e3dff522,data/raw/stage17/equity_daily/run_id=78cddc46-4b2a-4ebe-9065-1e54e3dff522/market=HK/symbol=02076.HK/adjust=hfq/source=sina/data.parquet,15daa34164cd3f01e5e113e4c0c8f88d1a143182a57b9c96d087865ca5baa966
02076.HK,sina,stock_hk_daily,hfq,ohlc_logic_error,upstream_raw_inconsistency_propagated_by_adjustment,2023-01-30,OHLC violates the inclusive daily price envelope,low_gt_close,98.95,98.95,98.95,96.0,600.0,78cddc46-4b2a-4ebe-9065-1e54e3dff522,data/raw/stage17/equity_daily/run_id=78cddc46-4b2a-4ebe-9065-1e54e3dff522/market=HK/symbol=02076.HK/adjust=hfq/source=sina/data.parquet,15daa34164cd3f01e5e113e4c0c8f88d1a143182a57b9c96d087865ca5baa966
02076.HK,sina,stock_hk_daily,hfq,ohlc_logic_error,upstream_raw_inconsistency_propagated_by_adjustment,2023-01-31,OHLC violates the inclusive daily price envelope,low_gt_close,98.0,98.95,97.95,94.95,700.0,78cddc46-4b2a-4ebe-9065-1e54e3dff522,data/raw/stage17/equity_daily/run_id=78cddc46-4b2a-4ebe-9065-1e54e3dff522/market=HK/symbol=02076.HK/adjust=hfq/source=sina/data.parquet,15daa34164cd3f01e5e113e4c0c8f88d1a143182a57b9c96d087865ca5baa966
02076.HK,sina,stock_hk_daily,hfq,ohlc_logic_error,upstream_raw_inconsistency_propagated_by_adjustment,2023-02-02,OHLC violates the inclusive daily price envelope,low_gt_close,97.8,97.85,97.8,97.25,300.0,78cddc46-4b2a-4ebe-9065-1e54e3dff522,data/raw/stage17/equity_daily/run_id=78cddc46-4b2a-4ebe-9065-1e54e3dff522/market=HK/symbol=02076.HK/adjust=hfq/source=sina/data.parquet,15daa34164cd3f01e5e113e4c0c8f88d1a143182a57b9c96d087865ca5baa966
02076.HK,sina,stock_hk_daily,hfq,ohlc_logic_error,upstream_raw_inconsistency_propagated_by_adjustment,2023-02-20,OHLC violates the inclusive daily price envelope,high_lt_close,91.0,92.55,91.0,92.65,500.0,78cddc46-4b2a-4ebe-9065-1e54e3dff522,data/raw/stage17/equity_daily/run_id=78cddc46-4b2a-4ebe-9065-1e54e3dff522/market=HK/symbol=02076.HK/adjust=hfq/source=sina/data.parquet,15daa34164cd3f01e5e113e4c0c8f88d1a143182a57b9c96d087865ca5baa966
02076.HK,sina,stock_hk_daily,hfq,ohlc_logic_error,upstream_raw_inconsistency_propagated_by_adjustment,2023-06-07,OHLC violates the inclusive daily price envelope,low_gt_close,66.0,66.0,66.0,65.0,100.0,78cddc46-4b2a-4ebe-9065-1e54e3dff522,data/raw/stage17/equity_daily/run_id=78cddc46-4b2a-4ebe-9065-1e54e3dff522/market=HK/symbol=02076.HK/adjust=hfq/source=sina/data.parquet,15daa34164cd3f01e5e113e4c0c8f88d1a143182a57b9c96d087865ca5baa966
02076.HK,sina,stock_hk_daily,hfq,ohlc_logic_error,upstream_raw_inconsistency_propagated_by_adjustment,2023-06-21,OHLC violates the inclusive daily price envelope,high_lt_close,60.25,60.25,60.25,60.8,100.0,78cddc46-4b2a-4ebe-9065-1e54e3dff522,data/raw/stage17/equity_daily/run_id=78cddc46-4b2a-4ebe-9065-1e54e3dff522/market=HK/symbol=02076.HK/adjust=hfq/source=sina/data.parquet,15daa34164cd3f01e5e113e4c0c8f88d1a143182a57b9c96d087865ca5baa966
02076.HK,sina,stock_hk_daily,hfq,ohlc_logic_error,upstream_raw_inconsistency_propagated_by_adjustment,2023-06-27,OHLC violates the inclusive daily price envelope,high_lt_close,57.0,57.0,57.0,57.1,500.0,78cddc46-4b2a-4ebe-9065-1e54e3dff522,data/raw/stage17/equity_daily/run_id=78cddc46-4b2a-4ebe-9065-1e54e3dff522/market=HK/symbol=02076.HK/adjust=hfq/source=sina/data.parquet,15daa34164cd3f01e5e113e4c0c8f88d1a143182a57b9c96d087865ca5baa966
02076.HK,sina,stock_hk_daily,hfq,ohlc_logic_error,upstream_raw_inconsistency_propagated_by_adjustment,2023-08-28,OHLC violates the inclusive daily price envelope,low_gt_close,60.0,60.0,60.0,58.15,100.0,78cddc46-4b2a-4ebe-9065-1e54e3dff522,data/raw/stage17/equity_daily/run_id=78cddc46-4b2a-4ebe-9065-1e54e3dff522/market=HK/symbol=02076.HK/adjust=hfq/source=sina/data.parquet,15daa34164cd3f01e5e113e4c0c8f88d1a143182a57b9c96d087865ca5baa966
02076.HK,sina,stock_hk_daily,hfq,ohlc_logic_error,upstream_raw_inconsistency_propagated_by_adjustment,2023-08-30,OHLC violates the inclusive daily price envelope,low_gt_close,58.2,58.2,58.2,57.35,200.0,78cddc46-4b2a-4ebe-9065-1e54e3dff522,data/raw/stage17/equity_daily/run_id=78cddc46-4b2a-4ebe-9065-1e54e3dff522/market=HK/symbol=02076.HK/adjust=hfq/source=sina/data.parquet,15daa34164cd3f01e5e113e4c0c8f88d1a143182a57b9c96d087865ca5baa966
02076.HK,sina,stock_hk_daily,hfq,ohlc_logic_error,upstream_raw_inconsistency_propagated_by_adjustment,2024-01-02,OHLC violates the inclusive daily price envelope,high_lt_close,56.5528,56.5528,56.5528,56.6028,100.0,78cddc46-4b2a-4ebe-9065-1e54e3dff522,data/raw/stage17/equity_daily/run_id=78cddc46-4b2a-4ebe-9065-1e54e3dff522/market=HK/symbol=02076.HK/adjust=hfq/source=sina/data.parquet,15daa34164cd3f01e5e113e4c0c8f88d1a143182a57b9c96d087865ca5baa966
02076.HK,sina,stock_hk_daily,hfq,ohlc_logic_error,upstream_raw_inconsistency_propagated_by_adjustment,2024-04-05,OHLC violates the inclusive daily price envelope,low_gt_open,70.7028,71.7028,71.7028,71.7028,1200.0,78cddc46-4b2a-4ebe-9065-1e54e3dff522,data/raw/stage17/equity_daily/run_id=78cddc46-4b2a-4ebe-9065-1e54e3dff522/market=HK/symbol=02076.HK/adjust=hfq/source=sina/data.parquet,15daa34164cd3f01e5e113e4c0c8f88d1a143182a57b9c96d087865ca5baa966
02076.HK,sina,stock_hk_daily,hfq,ohlc_logic_error,upstream_raw_inconsistency_propagated_by_adjustment,2024-05-08,OHLC violates the inclusive daily price envelope,low_gt_close,78.3028,78.9028,77.8028,77.7028,20900.0,78cddc46-4b2a-4ebe-9065-1e54e3dff522,data/raw/stage17/equity_daily/run_id=78cddc46-4b2a-4ebe-9065-1e54e3dff522/market=HK/symbol=02076.HK/adjust=hfq/source=sina/data.parquet,15daa34164cd3f01e5e113e4c0c8f88d1a143182a57b9c96d087865ca5baa966
02076.HK,sina,stock_hk_daily,hfq,ohlc_logic_error,upstream_raw_inconsistency_propagated_by_adjustment,2024-05-31,OHLC violates the inclusive daily price envelope,low_gt_close,82.1028,82.2028,81.1528,81.1028,22401.0,78cddc46-4b2a-4ebe-9065-1e54e3dff522,data/raw/stage17/equity_daily/run_id=78cddc46-4b2a-4ebe-9065-1e54e3dff522/market=HK/symbol=02076.HK/adjust=hfq/source=sina/data.parquet,15daa34164cd3f01e5e113e4c0c8f88d1a143182a57b9c96d087865ca5baa966
02076.HK,sina,stock_hk_daily,hfq,ohlc_logic_error,upstream_raw_inconsistency_propagated_by_adjustment,2024-06-19,OHLC violates the inclusive daily price envelope,high_lt_close,78.7028,79.2528,78.7028,79.3528,20100.0,78cddc46-4b2a-4ebe-9065-1e54e3dff522,data/raw/stage17/equity_daily/run_id=78cddc46-4b2a-4ebe-9065-1e54e3dff522/market=HK/symbol=02076.HK/adjust=hfq/source=sina/data.parquet,15daa34164cd3f01e5e113e4c0c8f88d1a143182a57b9c96d087865ca5baa966
02076.HK,sina,stock_hk_daily,hfq,ohlc_logic_error,upstream_raw_inconsistency_propagated_by_adjustment,2024-06-24,OHLC violates the inclusive daily price envelope,high_lt_close,71.7528,76.3528,71.7528,76.4028,34200.0,78cddc46-4b2a-4ebe-9065-1e54e3dff522,data/raw/stage17/equity_daily/run_id=78cddc46-4b2a-4ebe-9065-1e54e3dff522/market=HK/symbol=02076.HK/adjust=hfq/source=sina/data.parquet,15daa34164cd3f01e5e113e4c0c8f88d1a143182a57b9c96d087865ca5baa966
02076.HK,sina,stock_hk_daily,hfq,ohlc_logic_error,upstream_raw_inconsistency_propagated_by_adjustment,2024-08-02,OHLC violates the inclusive daily price envelope,low_gt_close,53.4528,53.4528,52.5028,52.3028,11300.0,78cddc46-4b2a-4ebe-9065-1e54e3dff522,data/raw/stage17/equity_daily/run_id=78cddc46-4b2a-4ebe-9065-1e54e3dff522/market=HK/symbol=02076.HK/adjust=hfq/source=sina/data.parquet,15daa34164cd3f01e5e113e4c0c8f88d1a143182a57b9c96d087865ca5baa966
02076.HK,sina,stock_hk_daily,hfq,ohlc_logic_error,upstream_raw_inconsistency_propagated_by_adjustment,2024-08-16,OHLC violates the inclusive daily price envelope,low_gt_close,54.3528,54.3528,54.3528,53.7028,20200.0,78cddc46-4b2a-4ebe-9065-1e54e3dff522,data/raw/stage17/equity_daily/run_id=78cddc46-4b2a-4ebe-9065-1e54e3dff522/market=HK/symbol=02076.HK/adjust=hfq/source=sina/data.parquet,15daa34164cd3f01e5e113e4c0c8f88d1a143182a57b9c96d087865ca5baa966
02076.HK,sina,stock_hk_daily,hfq,ohlc_logic_error,upstream_raw_inconsistency_propagated_by_adjustment,2024-08-20,OHLC violates the inclusive daily price envelope,low_gt_close,57.5528,57.5528,57.3528,57.2028,26400.0,78cddc46-4b2a-4ebe-9065-1e54e3dff522,data/raw/stage17/equity_daily/run_id=78cddc46-4b2a-4ebe-9065-1e54e3dff522/market=HK/symbol=02076.HK/adjust=hfq/source=sina/data.parquet,15daa34164cd3f01e5e113e4c0c8f88d1a143182a57b9c96d087865ca5baa966
02076.HK,sina,stock_hk_daily,hfq,ohlc_logic_error,upstream_raw_inconsistency_propagated_by_adjustment,2024-09-03,OHLC violates the inclusive daily price envelope,high_lt_close,46.7028,47.2528,46.7028,47.3028,7257.0,78cddc46-4b2a-4ebe-9065-1e54e3dff522,data/raw/stage17/equity_daily/run_id=78cddc46-4b2a-4ebe-9065-1e54e3dff522/market=HK/symbol=02076.HK/adjust=hfq/source=sina/data.parquet,15daa34164cd3f01e5e113e4c0c8f88d1a143182a57b9c96d087865ca5baa966
02076.HK,sina,stock_hk_daily,hfq,ohlc_logic_error,upstream_raw_inconsistency_propagated_by_adjustment,2024-09-09,OHLC violates the inclusive daily price envelope,high_lt_close,47.4528,47.7028,47.4528,48.3528,10600.0,78cddc46-4b2a-4ebe-9065-1e54e3dff522,data/raw/stage17/equity_daily/run_id=78cddc46-4b2a-4ebe-9065-1e54e3dff522/market=HK/symbol=02076.HK/adjust=hfq/source=sina/data.parquet,15daa34164cd3f01e5e113e4c0c8f88d1a143182a57b9c96d087865ca5baa966
02076.HK,sina,stock_hk_daily,hfq,ohlc_logic_error,upstream_raw_inconsistency_propagated_by_adjustment,2024-10-15,OHLC violates the inclusive daily price envelope,low_gt_close,65.2528,65.2528,62.6028,62.5528,5000.0,78cddc46-4b2a-4ebe-9065-1e54e3dff522,data/raw/stage17/equity_daily/run_id=78cddc46-4b2a-4ebe-9065-1e54e3dff522/market=HK/symbol=02076.HK/adjust=hfq/source=sina/data.parquet,15daa34164cd3f01e5e113e4c0c8f88d1a143182a57b9c96d087865ca5baa966
02076.HK,sina,stock_hk_daily,hfq,ohlc_logic_error,upstream_raw_inconsistency_propagated_by_adjustment,2024-10-16,OHLC violates the inclusive daily price envelope,low_gt_close,61.7528,62.0028,61.7528,61.6528,590.0,78cddc46-4b2a-4ebe-9065-1e54e3dff522,data/raw/stage17/equity_daily/run_id=78cddc46-4b2a-4ebe-9065-1e54e3dff522/market=HK/symbol=02076.HK/adjust=hfq/source=sina/data.parquet,15daa34164cd3f01e5e113e4c0c8f88d1a143182a57b9c96d087865ca5baa966
02076.HK,sina,stock_hk_daily,hfq,ohlc_logic_error,upstream_raw_inconsistency_propagated_by_adjustment,2024-10-17,OHLC violates the inclusive daily price envelope,low_gt_close,61.6528,61.6528,61.6028,61.1028,800.0,78cddc46-4b2a-4ebe-9065-1e54e3dff522,data/raw/stage17/equity_daily/run_id=78cddc46-4b2a-4ebe-9065-1e54e3dff522/market=HK/symbol=02076.HK/adjust=hfq/source=sina/data.parquet,15daa34164cd3f01e5e113e4c0c8f88d1a143182a57b9c96d087865ca5baa966
02076.HK,sina,stock_hk_daily,hfq,ohlc_logic_error,upstream_raw_inconsistency_propagated_by_adjustment,2024-10-21,OHLC violates the inclusive daily price envelope,low_gt_close,60.6528,60.6528,60.6528,59.6028,200.0,78cddc46-4b2a-4ebe-9065-1e54e3dff522,data/raw/stage17/equity_daily/run_id=78cddc46-4b2a-4ebe-9065-1e54e3dff522/market=HK/symbol=02076.HK/adjust=hfq/source=sina/data.parquet,15daa34164cd3f01e5e113e4c0c8f88d1a143182a57b9c96d087865ca5baa966
02076.HK,sina,stock_hk_daily,hfq,ohlc_logic_error,upstream_raw_inconsistency_propagated_by_adjustment,2024-11-06,OHLC violates the inclusive daily price envelope,low_gt_close,58.7528,58.7528,58.7528,58.7028,200.0,78cddc46-4b2a-4ebe-9065-1e54e3dff522,data/raw/stage17/equity_daily/run_id=78cddc46-4b2a-4ebe-9065-1e54e3dff522/market=HK/symbol=02076.HK/adjust=hfq/source=sina/data.parquet,15daa34164cd3f01e5e113e4c0c8f88d1a143182a57b9c96d087865ca5baa966
02076.HK,sina,stock_hk_daily,hfq,ohlc_logic_error,upstream_raw_inconsistency_propagated_by_adjustment,2024-11-13,OHLC violates the inclusive daily price envelope,low_gt_close,55.2028,55.2028,54.7528,54.7028,1300.0,78cddc46-4b2a-4ebe-9065-1e54e3dff522,data/raw/stage17/equity_daily/run_id=78cddc46-4b2a-4ebe-9065-1e54e3dff522/market=HK/symbol=02076.HK/adjust=hfq/source=sina/data.parquet,15daa34164cd3f01e5e113e4c0c8f88d1a143182a57b9c96d087865ca5baa966
02076.HK,sina,stock_hk_daily,hfq,ohlc_logic_error,upstream_raw_inconsistency_propagated_by_adjustment,2024-12-11,OHLC violates the inclusive daily price envelope,low_gt_close,57.5528,57.5528,57.5528,57.5028,500.0,78cddc46-4b2a-4ebe-9065-1e54e3dff522,data/raw/stage17/equity_daily/run_id=78cddc46-4b2a-4ebe-9065-1e54e3dff522/market=HK/symbol=02076.HK/adjust=hfq/source=sina/data.parquet,15daa34164cd3f01e5e113e4c0c8f88d1a143182a57b9c96d087865ca5baa966
02076.HK,sina,stock_hk_daily,hfq,ohlc_logic_error,upstream_raw_inconsistency_propagated_by_adjustment,2024-12-27,OHLC violates the inclusive daily price envelope,low_gt_close,54.4028,54.4028,54.4028,53.9028,100.0,78cddc46-4b2a-4ebe-9065-1e54e3dff522,data/raw/stage17/equity_daily/run_id=78cddc46-4b2a-4ebe-9065-1e54e3dff522/market=HK/symbol=02076.HK/adjust=hfq/source=sina/data.parquet,15daa34164cd3f01e5e113e4c0c8f88d1a143182a57b9c96d087865ca5baa966
02076.HK,sina,stock_hk_daily,hfq,ohlc_logic_error,upstream_raw_inconsistency_propagated_by_adjustment,2025-01-17,OHLC violates the inclusive daily price envelope,low_gt_close,54.6528,54.6528,54.6528,54.4528,600.0,78cddc46-4b2a-4ebe-9065-1e54e3dff522,data/raw/stage17/equity_daily/run_id=78cddc46-4b2a-4ebe-9065-1e54e3dff522/market=HK/symbol=02076.HK/adjust=hfq/source=sina/data.parquet,15daa34164cd3f01e5e113e4c0c8f88d1a143182a57b9c96d087865ca5baa966
02076.HK,sina,stock_hk_daily,hfq,ohlc_logic_error,upstream_raw_inconsistency_propagated_by_adjustment,2025-02-19,OHLC violates the inclusive daily price envelope,low_gt_close,65.0528,65.0528,65.0528,65.0028,100.0,78cddc46-4b2a-4ebe-9065-1e54e3dff522,data/raw/stage17/equity_daily/run_id=78cddc46-4b2a-4ebe-9065-1e54e3dff522/market=HK/symbol=02076.HK/adjust=hfq/source=sina/data.parquet,15daa34164cd3f01e5e113e4c0c8f88d1a143182a57b9c96d087865ca5baa966
02076.HK,sina,stock_hk_daily,hfq,ohlc_logic_error,upstream_raw_inconsistency_propagated_by_adjustment,2025-04-03,OHLC violates the inclusive daily price envelope,low_gt_close,73.1528,73.1528,73.1528,72.7028,100.0,78cddc46-4b2a-4ebe-9065-1e54e3dff522,data/raw/stage17/equity_daily/run_id=78cddc46-4b2a-4ebe-9065-1e54e3dff522/market=HK/symbol=02076.HK/adjust=hfq/source=sina/data.parquet,15daa34164cd3f01e5e113e4c0c8f88d1a143182a57b9c96d087865ca5baa966
02076.HK,sina,stock_hk_daily,hfq,ohlc_logic_error,upstream_raw_inconsistency_propagated_by_adjustment,2025-04-09,OHLC violates the inclusive daily price envelope,low_gt_close,64.4528,64.4528,62.7028,62.6028,5100.0,78cddc46-4b2a-4ebe-9065-1e54e3dff522,data/raw/stage17/equity_daily/run_id=78cddc46-4b2a-4ebe-9065-1e54e3dff522/market=HK/symbol=02076.HK/adjust=hfq/source=sina/data.parquet,15daa34164cd3f01e5e113e4c0c8f88d1a143182a57b9c96d087865ca5baa966
02076.HK,sina,stock_hk_daily,hfq,ohlc_logic_error,upstream_raw_inconsistency_propagated_by_adjustment,2025-04-15,OHLC violates the inclusive daily price envelope,low_gt_close,56.8028,56.8028,56.8028,56.7028,100.0,78cddc46-4b2a-4ebe-9065-1e54e3dff522,data/raw/stage17/equity_daily/run_id=78cddc46-4b2a-4ebe-9065-1e54e3dff522/market=HK/symbol=02076.HK/adjust=hfq/source=sina/data.parquet,15daa34164cd3f01e5e113e4c0c8f88d1a143182a57b9c96d087865ca5baa966
02076.HK,sina,stock_hk_daily,hfq,ohlc_logic_error,upstream_raw_inconsistency_propagated_by_adjustment,2025-04-24,OHLC violates the inclusive daily price envelope,high_lt_close,56.0528,56.0528,56.0028,56.1028,6900.0,78cddc46-4b2a-4ebe-9065-1e54e3dff522,data/raw/stage17/equity_daily/run_id=78cddc46-4b2a-4ebe-9065-1e54e3dff522/market=HK/symbol=02076.HK/adjust=hfq/source=sina/data.parquet,15daa34164cd3f01e5e113e4c0c8f88d1a143182a57b9c96d087865ca5baa966
02076.HK,sina,stock_hk_daily,hfq,ohlc_logic_error,upstream_raw_inconsistency_propagated_by_adjustment,2025-06-23,OHLC violates the inclusive daily price envelope,high_lt_close,69.4528,69.6528,69.4528,69.7028,15000.0,78cddc46-4b2a-4ebe-9065-1e54e3dff522,data/raw/stage17/equity_daily/run_id=78cddc46-4b2a-4ebe-9065-1e54e3dff522/market=HK/symbol=02076.HK/adjust=hfq/source=sina/data.parquet,15daa34164cd3f01e5e113e4c0c8f88d1a143182a57b9c96d087865ca5baa966
02076.HK,sina,stock_hk_daily,hfq,ohlc_logic_error,upstream_raw_inconsistency_propagated_by_adjustment,2026-08-18,OHLC violates the inclusive daily price envelope,high_lt_close,62.6583,62.6583,61.5083,63.1083,15668.0,78cddc46-4b2a-4ebe-9065-1e54e3dff522,data/raw/stage17/equity_daily/run_id=78cddc46-4b2a-4ebe-9065-1e54e3dff522/market=HK/symbol=02076.HK/adjust=hfq/source=sina/data.parquet,15daa34164cd3f01e5e113e4c0c8f88d1a143182a57b9c96d087865ca5baa966
02180.HK,sina,stock_hk_daily,raw,ohlc_logic_error,upstream_raw_ohlc_inconsistency,2019-08-22,OHLC violates the inclusive daily price envelope,high_lt_open,11.78,11.5,11.12,11.26,155500.0,78cddc46-4b2a-4ebe-9065-1e54e3dff522,data/raw/stage17/equity_daily/run_id=78cddc46-4b2a-4ebe-9065-1e54e3dff522/market=HK/symbol=02180.HK/adjust=raw/source=sina/data.parquet,57538c94b984eb1224c897f74688d9af54c5e215201152086f9328a89f1588bf
02180.HK,sina,stock_hk_daily,raw,ohlc_logic_error,upstream_raw_ohlc_inconsistency,2020-08-10,OHLC violates the inclusive daily price envelope,low_gt_close,12.04,12.04,12.04,11.98,250.0,78cddc46-4b2a-4ebe-9065-1e54e3dff522,data/raw/stage17/equity_daily/run_id=78cddc46-4b2a-4ebe-9065-1e54e3dff522/market=HK/symbol=02180.HK/adjust=raw/source=sina/data.parquet,57538c94b984eb1224c897f74688d9af54c5e215201152086f9328a89f1588bf
02180.HK,sina,stock_hk_daily,raw,ohlc_logic_error,upstream_raw_ohlc_inconsistency,2020-09-14,OHLC violates the inclusive daily price envelope,low_gt_close,14.4,14.4,13.9,13.5,3000.0,78cddc46-4b2a-4ebe-9065-1e54e3dff522,data/raw/stage17/equity_daily/run_id=78cddc46-4b2a-4ebe-9065-1e54e3dff522/market=HK/symbol=02180.HK/adjust=raw/source=sina/data.parquet,57538c94b984eb1224c897f74688d9af54c5e215201152086f9328a89f1588bf
02180.HK,sina,stock_hk_daily,raw,ohlc_logic_error,upstream_raw_ohlc_inconsistency,2020-10-06,OHLC violates the inclusive daily price envelope,low_gt_close,14.28,14.28,14.28,13.66,500.0,78cddc46-4b2a-4ebe-9065-1e54e3dff522,data/raw/stage17/equity_daily/run_id=78cddc46-4b2a-4ebe-9065-1e54e3dff522/market=HK/symbol=02180.HK/adjust=raw/source=sina/data.parquet,57538c94b984eb1224c897f74688d9af54c5e215201152086f9328a89f1588bf
02180.HK,sina,stock_hk_daily,raw,ohlc_logic_error,upstream_raw_ohlc_inconsistency,2020-12-04,OHLC violates the inclusive daily price envelope,low_gt_close,12.5,12.5,12.36,12.34,2000.0,78cddc46-4b2a-4ebe-9065-1e54e3dff522,data/raw/stage17/equity_daily/run_id=78cddc46-4b2a-4ebe-9065-1e54e3dff522/market=HK/symbol=02180.HK/adjust=raw/source=sina/data.parquet,57538c94b984eb1224c897f74688d9af54c5e215201152086f9328a89f1588bf
02180.HK,sina,stock_hk_daily,raw,ohlc_logic_error,upstream_raw_ohlc_inconsistency,2021-01-18,OHLC violates the inclusive daily price envelope,low_gt_close,11.18,11.18,11.0,10.96,6500.0,78cddc46-4b2a-4ebe-9065-1e54e3dff522,data/raw/stage17/equity_daily/run_id=78cddc46-4b2a-4ebe-9065-1e54e3dff522/market=HK/symbol=02180.HK/adjust=raw/source=sina/data.parquet,57538c94b984eb1224c897f74688d9af54c5e215201152086f9328a89f1588bf
02180.HK,sina,stock_hk_daily,raw,ohlc_logic_error,upstream_raw_ohlc_inconsistency,2021-01-21,OHLC violates the inclusive daily price envelope,low_gt_close,10.8,10.8,10.8,10.66,250.0,78cddc46-4b2a-4ebe-9065-1e54e3dff522,data/raw/stage17/equity_daily/run_id=78cddc46-4b2a-4ebe-9065-1e54e3dff522/market=HK/symbol=02180.HK/adjust=raw/source=sina/data.parquet,57538c94b984eb1224c897f74688d9af54c5e215201152086f9328a89f1588bf
02180.HK,sina,stock_hk_daily,raw,ohlc_logic_error,upstream_raw_ohlc_inconsistency,2021-02-01,OHLC violates the inclusive daily price envelope,low_gt_close,11.34,11.34,11.34,11.3,1000.0,78cddc46-4b2a-4ebe-9065-1e54e3dff522,data/raw/stage17/equity_daily/run_id=78cddc46-4b2a-4ebe-9065-1e54e3dff522/market=HK/symbol=02180.HK/adjust=raw/source=sina/data.parquet,57538c94b984eb1224c897f74688d9af54c5e215201152086f9328a89f1588bf
02180.HK,sina,stock_hk_daily,raw,ohlc_logic_error,upstream_raw_ohlc_inconsistency,2021-02-08,OHLC violates the inclusive daily price envelope,low_gt_close,11.8,11.8,11.6,11.58,1750.0,78cddc46-4b2a-4ebe-9065-1e54e3dff522,data/raw/stage17/equity_daily/run_id=78cddc46-4b2a-4ebe-9065-1e54e3dff522/market=HK/symbol=02180.HK/adjust=raw/source=sina/data.parquet,57538c94b984eb1224c897f74688d9af54c5e215201152086f9328a89f1588bf
02180.HK,sina,stock_hk_daily,raw,ohlc_logic_error,upstream_raw_ohlc_inconsistency,2021-02-09,OHLC violates the inclusive daily price envelope,low_gt_close,11.92,11.92,11.92,11.86,5000.0,78cddc46-4b2a-4ebe-9065-1e54e3dff522,data/raw/stage17/equity_daily/run_id=78cddc46-4b2a-4ebe-9065-1e54e3dff522/market=HK/symbol=02180.HK/adjust=raw/source=sina/data.parquet,57538c94b984eb1224c897f74688d9af54c5e215201152086f9328a89f1588bf
02180.HK,sina,stock_hk_daily,raw,ohlc_logic_error,upstream_raw_ohlc_inconsistency,2021-02-10,OHLC violates the inclusive daily price envelope,low_gt_close,12.0,12.0,12.0,11.96,250.0,78cddc46-4b2a-4ebe-9065-1e54e3dff522,data/raw/stage17/equity_daily/run_id=78cddc46-4b2a-4ebe-9065-1e54e3dff522/market=HK/symbol=02180.HK/adjust=raw/source=sina/data.parquet,57538c94b984eb1224c897f74688d9af54c5e215201152086f9328a89f1588bf
02180.HK,sina,stock_hk_daily,raw,ohlc_logic_error,upstream_raw_ohlc_inconsistency,2021-02-22,OHLC violates the inclusive daily price envelope,low_gt_close,12.0,12.0,12.0,11.6,250.0,78cddc46-4b2a-4ebe-9065-1e54e3dff522,data/raw/stage17/equity_daily/run_id=78cddc46-4b2a-4ebe-9065-1e54e3dff522/market=HK/symbol=02180.HK/adjust=raw/source=sina/data.parquet,57538c94b984eb1224c897f74688d9af54c5e215201152086f9328a89f1588bf
02180.HK,sina,stock_hk_daily,raw,ohlc_logic_error,upstream_raw_ohlc_inconsistency,2021-02-24,OHLC violates the inclusive daily price envelope,high_lt_open,11.98,11.82,10.82,10.82,4000.0,78cddc46-4b2a-4ebe-9065-1e54e3dff522,data/raw/stage17/equity_daily/run_id=78cddc46-4b2a-4ebe-9065-1e54e3dff522/market=HK/symbol=02180.HK/adjust=raw/source=sina/data.parquet,57538c94b984eb1224c897f74688d9af54c5e215201152086f9328a89f1588bf
02180.HK,sina,stock_hk_daily,raw,ohlc_logic_error,upstream_raw_ohlc_inconsistency,2021-02-25,OHLC violates the inclusive daily price envelope,low_gt_close,11.9,11.9,11.9,11.4,250.0,78cddc46-4b2a-4ebe-9065-1e54e3dff522,data/raw/stage17/equity_daily/run_id=78cddc46-4b2a-4ebe-9065-1e54e3dff522/market=HK/symbol=02180.HK/adjust=raw/source=sina/data.parquet,57538c94b984eb1224c897f74688d9af54c5e215201152086f9328a89f1588bf
02180.HK,sina,stock_hk_daily,raw,ohlc_logic_error,upstream_raw_ohlc_inconsistency,2021-03-01,OHLC violates the inclusive daily price envelope,high_lt_open|high_lt_close,11.4,10.4,10.4,11.0,1000.0,78cddc46-4b2a-4ebe-9065-1e54e3dff522,data/raw/stage17/equity_daily/run_id=78cddc46-4b2a-4ebe-9065-1e54e3dff522/market=HK/symbol=02180.HK/adjust=raw/source=sina/data.parquet,57538c94b984eb1224c897f74688d9af54c5e215201152086f9328a89f1588bf
02180.HK,sina,stock_hk_daily,raw,ohlc_logic_error,upstream_raw_ohlc_inconsistency,2021-03-03,OHLC violates the inclusive daily price envelope,high_lt_open,11.4,11.0,10.8,10.98,31750.0,78cddc46-4b2a-4ebe-9065-1e54e3dff522,data/raw/stage17/equity_daily/run_id=78cddc46-4b2a-4ebe-9065-1e54e3dff522/market=HK/symbol=02180.HK/adjust=raw/source=sina/data.parquet,57538c94b984eb1224c897f74688d9af54c5e215201152086f9328a89f1588bf
02180.HK,sina,stock_hk_daily,raw,ohlc_logic_error,upstream_raw_ohlc_inconsistency,2021-03-04,OHLC violates the inclusive daily price envelope,low_gt_close,11.4,11.4,11.4,11.2,250.0,78cddc46-4b2a-4ebe-9065-1e54e3dff522,data/raw/stage17/equity_daily/run_id=78cddc46-4b2a-4ebe-9065-1e54e3dff522/market=HK/symbol=02180.HK/adjust=raw/source=sina/data.parquet,57538c94b984eb1224c897f74688d9af54c5e215201152086f9328a89f1588bf
02180.HK,sina,stock_hk_daily,raw,ohlc_logic_error,upstream_raw_ohlc_inconsistency,2021-03-30,OHLC violates the inclusive daily price envelope,high_lt_close,0.0,0.0,0.0,10.2,0.0,78cddc46-4b2a-4ebe-9065-1e54e3dff522,data/raw/stage17/equity_daily/run_id=78cddc46-4b2a-4ebe-9065-1e54e3dff522/market=HK/symbol=02180.HK/adjust=raw/source=sina/data.parquet,57538c94b984eb1224c897f74688d9af54c5e215201152086f9328a89f1588bf
02180.HK,sina,stock_hk_daily,raw,ohlc_logic_error,upstream_raw_ohlc_inconsistency,2021-04-08,OHLC violates the inclusive daily price envelope,high_lt_close,0.0,0.0,0.0,10.06,0.0,78cddc46-4b2a-4ebe-9065-1e54e3dff522,data/raw/stage17/equity_daily/run_id=78cddc46-4b2a-4ebe-9065-1e54e3dff522/market=HK/symbol=02180.HK/adjust=raw/source=sina/data.parquet,57538c94b984eb1224c897f74688d9af54c5e215201152086f9328a89f1588bf
02180.HK,sina,stock_hk_daily,raw,ohlc_logic_error,upstream_raw_ohlc_inconsistency,2021-04-15,OHLC violates the inclusive daily price envelope,high_lt_close,0.0,0.0,0.0,9.75,0.0,78cddc46-4b2a-4ebe-9065-1e54e3dff522,data/raw/stage17/equity_daily/run_id=78cddc46-4b2a-4ebe-9065-1e54e3dff522/market=HK/symbol=02180.HK/adjust=raw/source=sina/data.parquet,57538c94b984eb1224c897f74688d9af54c5e215201152086f9328a89f1588bf
02180.HK,sina,stock_hk_daily,raw,ohlc_logic_error,upstream_raw_ohlc_inconsistency,2021-04-21,OHLC violates the inclusive daily price envelope,high_lt_close,0.0,0.0,0.0,9.75,0.0,78cddc46-4b2a-4ebe-9065-1e54e3dff522,data/raw/stage17/equity_daily/run_id=78cddc46-4b2a-4ebe-9065-1e54e3dff522/market=HK/symbol=02180.HK/adjust=raw/source=sina/data.parquet,57538c94b984eb1224c897f74688d9af54c5e215201152086f9328a89f1588bf
02180.HK,sina,stock_hk_daily,raw,ohlc_logic_error,upstream_raw_ohlc_inconsistency,2021-04-26,OHLC violates the inclusive daily price envelope,high_lt_close,9.6,9.6,9.6,9.61,2750.0,78cddc46-4b2a-4ebe-9065-1e54e3dff522,data/raw/stage17/equity_daily/run_id=78cddc46-4b2a-4ebe-9065-1e54e3dff522/market=HK/symbol=02180.HK/adjust=raw/source=sina/data.parquet,57538c94b984eb1224c897f74688d9af54c5e215201152086f9328a89f1588bf
02180.HK,sina,stock_hk_daily,raw,ohlc_logic_error,upstream_raw_ohlc_inconsistency,2021-05-05,OHLC violates the inclusive daily price envelope,high_lt_close,0.0,0.0,0.0,9.56,0.0,78cddc46-4b2a-4ebe-9065-1e54e3dff522,data/raw/stage17/equity_daily/run_id=78cddc46-4b2a-4ebe-9065-1e54e3dff522/market=HK/symbol=02180.HK/adjust=raw/source=sina/data.parquet,57538c94b984eb1224c897f74688d9af54c5e215201152086f9328a89f1588bf
02180.HK,sina,stock_hk_daily,raw,ohlc_logic_error,upstream_raw_ohlc_inconsistency,2021-05-06,OHLC violates the inclusive daily price envelope,high_lt_close,0.0,0.0,0.0,9.56,0.0,78cddc46-4b2a-4ebe-9065-1e54e3dff522,data/raw/stage17/equity_daily/run_id=78cddc46-4b2a-4ebe-9065-1e54e3dff522/market=HK/symbol=02180.HK/adjust=raw/source=sina/data.parquet,57538c94b984eb1224c897f74688d9af54c5e215201152086f9328a89f1588bf
02180.HK,sina,stock_hk_daily,raw,ohlc_logic_error,upstream_raw_ohlc_inconsistency,2021-05-11,OHLC violates the inclusive daily price envelope,high_lt_close,0.0,0.0,0.0,9.45,0.0,78cddc46-4b2a-4ebe-9065-1e54e3dff522,data/raw/stage17/equity_daily/run_id=78cddc46-4b2a-4ebe-9065-1e54e3dff522/market=HK/symbol=02180.HK/adjust=raw/source=sina/data.parquet,57538c94b984eb1224c897f74688d9af54c5e215201152086f9328a89f1588bf
02180.HK,sina,stock_hk_daily,raw,ohlc_logic_error,upstream_raw_ohlc_inconsistency,2021-05-17,OHLC violates the inclusive daily price envelope,high_lt_close,0.0,0.0,0.0,9.2,0.0,78cddc46-4b2a-4ebe-9065-1e54e3dff522,data/raw/stage17/equity_daily/run_id=78cddc46-4b2a-4ebe-9065-1e54e3dff522/market=HK/symbol=02180.HK/adjust=raw/source=sina/data.parquet,57538c94b984eb1224c897f74688d9af54c5e215201152086f9328a89f1588bf
02180.HK,sina,stock_hk_daily,raw,ohlc_logic_error,upstream_raw_ohlc_inconsistency,2021-06-07,OHLC violates the inclusive daily price envelope,low_gt_close,9.41,9.41,9.4,9.38,22738.0,78cddc46-4b2a-4ebe-9065-1e54e3dff522,data/raw/stage17/equity_daily/run_id=78cddc46-4b2a-4ebe-9065-1e54e3dff522/market=HK/symbol=02180.HK/adjust=raw/source=sina/data.parquet,57538c94b984eb1224c897f74688d9af54c5e215201152086f9328a89f1588bf
02180.HK,sina,stock_hk_daily,raw,ohlc_logic_error,upstream_raw_ohlc_inconsistency,2021-06-09,OHLC violates the inclusive daily price envelope,high_lt_close,0.0,0.0,0.0,9.25,65000.0,78cddc46-4b2a-4ebe-9065-1e54e3dff522,data/raw/stage17/equity_daily/run_id=78cddc46-4b2a-4ebe-9065-1e54e3dff522/market=HK/symbol=02180.HK/adjust=raw/source=sina/data.parquet,57538c94b984eb1224c897f74688d9af54c5e215201152086f9328a89f1588bf
02180.HK,sina,stock_hk_daily,raw,ohlc_logic_error,upstream_raw_ohlc_inconsistency,2021-06-10,OHLC violates the inclusive daily price envelope,high_lt_close,0.0,0.0,0.0,9.25,0.0,78cddc46-4b2a-4ebe-9065-1e54e3dff522,data/raw/stage17/equity_daily/run_id=78cddc46-4b2a-4ebe-9065-1e54e3dff522/market=HK/symbol=02180.HK/adjust=raw/source=sina/data.parquet,57538c94b984eb1224c897f74688d9af54c5e215201152086f9328a89f1588bf
02180.HK,sina,stock_hk_daily,raw,ohlc_logic_error,upstream_raw_ohlc_inconsistency,2021-06-17,OHLC violates the inclusive daily price envelope,high_lt_close,0.0,0.0,0.0,9.4,0.0,78cddc46-4b2a-4ebe-9065-1e54e3dff522,data/raw/stage17/equity_daily/run_id=78cddc46-4b2a-4ebe-9065-1e54e3dff522/market=HK/symbol=02180.HK/adjust=raw/source=sina/data.parquet,57538c94b984eb1224c897f74688d9af54c5e215201152086f9328a89f1588bf
02180.HK,sina,stock_hk_daily,raw,ohlc_logic_error,upstream_raw_ohlc_inconsistency,2021-06-25,OHLC violates the inclusive daily price envelope,high_lt_close,0.0,0.0,0.0,9.45,0.0,78cddc46-4b2a-4ebe-9065-1e54e3dff522,data/raw/stage17/equity_daily/run_id=78cddc46-4b2a-4ebe-9065-1e54e3dff522/market=HK/symbol=02180.HK/adjust=raw/source=sina/data.parquet,57538c94b984eb1224c897f74688d9af54c5e215201152086f9328a89f1588bf
02180.HK,sina,stock_hk_daily,raw,ohlc_logic_error,upstream_raw_ohlc_inconsistency,2021-06-30,OHLC violates the inclusive daily price envelope,low_gt_close,9.45,9.45,9.45,9.4,2250.0,78cddc46-4b2a-4ebe-9065-1e54e3dff522,data/raw/stage17/equity_daily/run_id=78cddc46-4b2a-4ebe-9065-1e54e3dff522/market=HK/symbol=02180.HK/adjust=raw/source=sina/data.parquet,57538c94b984eb1224c897f74688d9af54c5e215201152086f9328a89f1588bf
02180.HK,sina,stock_hk_daily,raw,ohlc_logic_error,upstream_raw_ohlc_inconsistency,2021-07-15,OHLC violates the inclusive daily price envelope,high_lt_close,0.0,0.0,0.0,8.99,0.0,78cddc46-4b2a-4ebe-9065-1e54e3dff522,data/raw/stage17/equity_daily/run_id=78cddc46-4b2a-4ebe-9065-1e54e3dff522/market=HK/symbol=02180.HK/adjust=raw/source=sina/data.parquet,57538c94b984eb1224c897f74688d9af54c5e215201152086f9328a89f1588bf
02180.HK,sina,stock_hk_daily,raw,ohlc_logic_error,upstream_raw_ohlc_inconsistency,2021-07-16,OHLC violates the inclusive daily price envelope,high_lt_close,0.0,0.0,0.0,8.99,0.0,78cddc46-4b2a-4ebe-9065-1e54e3dff522,data/raw/stage17/equity_daily/run_id=78cddc46-4b2a-4ebe-9065-1e54e3dff522/market=HK/symbol=02180.HK/adjust=raw/source=sina/data.parquet,57538c94b984eb1224c897f74688d9af54c5e215201152086f9328a89f1588bf
02180.HK,sina,stock_hk_daily,raw,ohlc_logic_error,upstream_raw_ohlc_inconsistency,2021-07-20,OHLC violates the inclusive daily price envelope,high_lt_close,8.78,8.78,8.78,8.82,10000.0,78cddc46-4b2a-4ebe-9065-1e54e3dff522,data/raw/stage17/equity_daily/run_id=78cddc46-4b2a-4ebe-9065-1e54e3dff522/market=HK/symbol=02180.HK/adjust=raw/source=sina/data.parquet,57538c94b984eb1224c897f74688d9af54c5e215201152086f9328a89f1588bf
02180.HK,sina,stock_hk_daily,raw,ohlc_logic_error,upstream_raw_ohlc_inconsistency,2021-07-30,OHLC violates the inclusive daily price envelope,low_gt_close,9.36,9.54,9.31,9.3,23750.0,78cddc46-4b2a-4ebe-9065-1e54e3dff522,data/raw/stage17/equity_daily/run_id=78cddc46-4b2a-4ebe-9065-1e54e3dff522/market=HK/symbol=02180.HK/adjust=raw/source=sina/data.parquet,57538c94b984eb1224c897f74688d9af54c5e215201152086f9328a89f1588bf
02180.HK,sina,stock_hk_daily,raw,ohlc_logic_error,upstream_raw_ohlc_inconsistency,2021-08-02,OHLC violates the inclusive daily price envelope,high_lt_close,0.0,0.0,0.0,9.27,0.0,78cddc46-4b2a-4ebe-9065-1e54e3dff522,data/raw/stage17/equity_daily/run_id=78cddc46-4b2a-4ebe-9065-1e54e3dff522/market=HK/symbol=02180.HK/adjust=raw/source=sina/data.parquet,57538c94b984eb1224c897f74688d9af54c5e215201152086f9328a89f1588bf
02180.HK,sina,stock_hk_daily,raw,ohlc_logic_error,upstream_raw_ohlc_inconsistency,2021-08-05,OHLC violates the inclusive daily price envelope,high_lt_close,0.0,0.0,0.0,9.27,0.0,78cddc46-4b2a-4ebe-9065-1e54e3dff522,data/raw/stage17/equity_daily/run_id=78cddc46-4b2a-4ebe-9065-1e54e3dff522/market=HK/symbol=02180.HK/adjust=raw/source=sina/data.parquet,57538c94b984eb1224c897f74688d9af54c5e215201152086f9328a89f1588bf
02180.HK,sina,stock_hk_daily,raw,ohlc_logic_error,upstream_raw_ohlc_inconsistency,2021-08-10,OHLC violates the inclusive daily price envelope,high_lt_close,0.0,0.0,0.0,8.83,0.0,78cddc46-4b2a-4ebe-9065-1e54e3dff522,data/raw/stage17/equity_daily/run_id=78cddc46-4b2a-4ebe-9065-1e54e3dff522/market=HK/symbol=02180.HK/adjust=raw/source=sina/data.parquet,57538c94b984eb1224c897f74688d9af54c5e215201152086f9328a89f1588bf
02180.HK,sina,stock_hk_daily,raw,ohlc_logic_error,upstream_raw_ohlc_inconsistency,2021-08-11,OHLC violates the inclusive daily price envelope,high_lt_close,8.79,8.8,8.79,9.05,1250.0,78cddc46-4b2a-4ebe-9065-1e54e3dff522,data/raw/stage17/equity_daily/run_id=78cddc46-4b2a-4ebe-9065-1e54e3dff522/market=HK/symbol=02180.HK/adjust=raw/source=sina/data.parquet,57538c94b984eb1224c897f74688d9af54c5e215201152086f9328a89f1588bf
02180.HK,sina,stock_hk_daily,raw,ohlc_logic_error,upstream_raw_ohlc_inconsistency,2021-08-12,OHLC violates the inclusive daily price envelope,low_gt_close,9.05,9.05,9.05,8.95,750.0,78cddc46-4b2a-4ebe-9065-1e54e3dff522,data/raw/stage17/equity_daily/run_id=78cddc46-4b2a-4ebe-9065-1e54e3dff522/market=HK/symbol=02180.HK/adjust=raw/source=sina/data.parquet,57538c94b984eb1224c897f74688d9af54c5e215201152086f9328a89f1588bf
02180.HK,sina,stock_hk_daily,raw,ohlc_logic_error,upstream_raw_ohlc_inconsistency,2021-08-16,OHLC violates the inclusive daily price envelope,high_lt_close,0.0,0.0,0.0,9.15,0.0,78cddc46-4b2a-4ebe-9065-1e54e3dff522,data/raw/stage17/equity_daily/run_id=78cddc46-4b2a-4ebe-9065-1e54e3dff522/market=HK/symbol=02180.HK/adjust=raw/source=sina/data.parquet,57538c94b984eb1224c897f74688d9af54c5e215201152086f9328a89f1588bf
02180.HK,sina,stock_hk_daily,raw,ohlc_logic_error,upstream_raw_ohlc_inconsistency,2021-08-17,OHLC violates the inclusive daily price envelope,high_lt_close,0.0,0.0,0.0,9.14,0.0,78cddc46-4b2a-4ebe-9065-1e54e3dff522,data/raw/stage17/equity_daily/run_id=78cddc46-4b2a-4ebe-9065-1e54e3dff522/market=HK/symbol=02180.HK/adjust=raw/source=sina/data.parquet,57538c94b984eb1224c897f74688d9af54c5e215201152086f9328a89f1588bf
02180.HK,sina,stock_hk_daily,raw,ohlc_logic_error,upstream_raw_ohlc_inconsistency,2021-08-19,OHLC violates the inclusive daily price envelope,low_gt_close,9.05,9.05,9.05,9.04,500.0,78cddc46-4b2a-4ebe-9065-1e54e3dff522,data/raw/stage17/equity_daily/run_id=78cddc46-4b2a-4ebe-9065-1e54e3dff522/market=HK/symbol=02180.HK/adjust=raw/source=sina/data.parquet,57538c94b984eb1224c897f74688d9af54c5e215201152086f9328a89f1588bf
02180.HK,sina,stock_hk_daily,raw,ohlc_logic_error,upstream_raw_ohlc_inconsistency,2021-08-23,OHLC violates the inclusive daily price envelope,low_gt_close,9.14,9.14,9.14,9.04,500.0,78cddc46-4b2a-4ebe-9065-1e54e3dff522,data/raw/stage17/equity_daily/run_id=78cddc46-4b2a-4ebe-9065-1e54e3dff522/market=HK/symbol=02180.HK/adjust=raw/source=sina/data.parquet,57538c94b984eb1224c897f74688d9af54c5e215201152086f9328a89f1588bf
02180.HK,sina,stock_hk_daily,raw,ohlc_logic_error,upstream_raw_ohlc_inconsistency,2021-08-24,OHLC violates the inclusive daily price envelope,high_lt_close,0.0,0.0,0.0,9.01,0.0,78cddc46-4b2a-4ebe-9065-1e54e3dff522,data/raw/stage17/equity_daily/run_id=78cddc46-4b2a-4ebe-9065-1e54e3dff522/market=HK/symbol=02180.HK/adjust=raw/source=sina/data.parquet,57538c94b984eb1224c897f74688d9af54c5e215201152086f9328a89f1588bf
02180.HK,sina,stock_hk_daily,raw,ohlc_logic_error,upstream_raw_ohlc_inconsistency,2021-08-25,OHLC violates the inclusive daily price envelope,low_gt_close,9.15,9.15,9.15,9.01,750.0,78cddc46-4b2a-4ebe-9065-1e54e3dff522,data/raw/stage17/equity_daily/run_id=78cddc46-4b2a-4ebe-9065-1e54e3dff522/market=HK/symbol=02180.HK/adjust=raw/source=sina/data.parquet,57538c94b984eb1224c897f74688d9af54c5e215201152086f9328a89f1588bf
02180.HK,sina,stock_hk_daily,raw,ohlc_logic_error,upstream_raw_ohlc_inconsistency,2021-08-26,OHLC violates the inclusive daily price envelope,low_gt_close,9.2,9.2,9.2,8.98,500.0,78cddc46-4b2a-4ebe-9065-1e54e3dff522,data/raw/stage17/equity_daily/run_id=78cddc46-4b2a-4ebe-9065-1e54e3dff522/market=HK/symbol=02180.HK/adjust=raw/source=sina/data.parquet,57538c94b984eb1224c897f74688d9af54c5e215201152086f9328a89f1588bf
02180.HK,sina,stock_hk_daily,raw,ohlc_logic_error,upstream_raw_ohlc_inconsistency,2021-08-27,OHLC violates the inclusive daily price envelope,low_gt_close,8.98,9.0,8.97,8.89,4250.0,78cddc46-4b2a-4ebe-9065-1e54e3dff522,data/raw/stage17/equity_daily/run_id=78cddc46-4b2a-4ebe-9065-1e54e3dff522/market=HK/symbol=02180.HK/adjust=raw/source=sina/data.parquet,57538c94b984eb1224c897f74688d9af54c5e215201152086f9328a89f1588bf
02180.HK,sina,stock_hk_daily,raw,ohlc_logic_error,upstream_raw_ohlc_inconsistency,2021-08-31,OHLC violates the inclusive daily price envelope,low_gt_close,9.2,9.2,9.1,9.08,137500.0,78cddc46-4b2a-4ebe-9065-1e54e3dff522,data/raw/stage17/equity_daily/run_id=78cddc46-4b2a-4ebe-9065-1e54e3dff522/market=HK/symbol=02180.HK/adjust=raw/source=sina/data.parquet,57538c94b984eb1224c897f74688d9af54c5e215201152086f9328a89f1588bf
02180.HK,sina,stock_hk_daily,raw,ohlc_logic_error,upstream_raw_ohlc_inconsistency,2021-09-02,OHLC violates the inclusive daily price envelope,low_gt_close,9.59,9.59,9.59,9.4,250.0,78cddc46-4b2a-4ebe-9065-1e54e3dff522,data/raw/stage17/equity_daily/run_id=78cddc46-4b2a-4ebe-9065-1e54e3dff522/market=HK/symbol=02180.HK/adjust=raw/source=sina/data.parquet,57538c94b984eb1224c897f74688d9af54c5e215201152086f9328a89f1588bf
02180.HK,sina,stock_hk_daily,raw,ohlc_logic_error,upstream_raw_ohlc_inconsistency,2021-09-03,OHLC violates the inclusive daily price envelope,low_gt_close,9.39,9.39,9.39,9.24,500.0,78cddc46-4b2a-4ebe-9065-1e54e3dff522,data/raw/stage17/equity_daily/run_id=78cddc46-4b2a-4ebe-9065-1e54e3dff522/market=HK/symbol=02180.HK/adjust=raw/source=sina/data.parquet,57538c94b984eb1224c897f74688d9af54c5e215201152086f9328a89f1588bf
02180.HK,sina,stock_hk_daily,raw,ohlc_logic_error,upstream_raw_ohlc_inconsistency,2021-09-06,OHLC violates the inclusive daily price envelope,low_gt_close,9.45,9.45,9.45,9.33,32500.0,78cddc46-4b2a-4ebe-9065-1e54e3dff522,data/raw/stage17/equity_daily/run_id=78cddc46-4b2a-4ebe-9065-1e54e3dff522/market=HK/symbol=02180.HK/adjust=raw/source=sina/data.parquet,57538c94b984eb1224c897f74688d9af54c5e215201152086f9328a89f1588bf
02180.HK,sina,stock_hk_daily,raw,ohlc_logic_error,upstream_raw_ohlc_inconsistency,2021-09-08,OHLC violates the inclusive daily price envelope,high_lt_close,0.0,0.0,0.0,9.21,0.0,78cddc46-4b2a-4ebe-9065-1e54e3dff522,data/raw/stage17/equity_daily/run_id=78cddc46-4b2a-4ebe-9065-1e54e3dff522/market=HK/symbol=02180.HK/adjust=raw/source=sina/data.parquet,57538c94b984eb1224c897f74688d9af54c5e215201152086f9328a89f1588bf
02180.HK,sina,stock_hk_daily,raw,ohlc_logic_error,upstream_raw_ohlc_inconsistency,2021-09-09,OHLC violates the inclusive daily price envelope,high_lt_close,9.01,9.01,9.0,9.06,10000.0,78cddc46-4b2a-4ebe-9065-1e54e3dff522,data/raw/stage17/equity_daily/run_id=78cddc46-4b2a-4ebe-9065-1e54e3dff522/market=HK/symbol=02180.HK/adjust=raw/source=sina/data.parquet,57538c94b984eb1224c897f74688d9af54c5e215201152086f9328a89f1588bf
02180.HK,sina,stock_hk_daily,raw,ohlc_logic_error,upstream_raw_ohlc_inconsistency,2021-09-10,OHLC violates the inclusive daily price envelope,low_gt_close,9.6,9.6,9.54,9.28,1500.0,78cddc46-4b2a-4ebe-9065-1e54e3dff522,data/raw/stage17/equity_daily/run_id=78cddc46-4b2a-4ebe-9065-1e54e3dff522/market=HK/symbol=02180.HK/adjust=raw/source=sina/data.parquet,57538c94b984eb1224c897f74688d9af54c5e215201152086f9328a89f1588bf
02180.HK,sina,stock_hk_daily,raw,ohlc_logic_error,upstream_raw_ohlc_inconsistency,2021-09-13,OHLC violates the inclusive daily price envelope,low_gt_close,9.28,9.28,9.28,9.13,250.0,78cddc46-4b2a-4ebe-9065-1e54e3dff522,data/raw/stage17/equity_daily/run_id=78cddc46-4b2a-4ebe-9065-1e54e3dff522/market=HK/symbol=02180.HK/adjust=raw/source=sina/data.parquet,57538c94b984eb1224c897f74688d9af54c5e215201152086f9328a89f1588bf
02180.HK,sina,stock_hk_daily,raw,ohlc_logic_error,upstream_raw_ohlc_inconsistency,2021-09-15,OHLC violates the inclusive daily price envelope,high_lt_close,0.0,0.0,0.0,8.98,0.0,78cddc46-4b2a-4ebe-9065-1e54e3dff522,data/raw/stage17/equity_daily/run_id=78cddc46-4b2a-4ebe-9065-1e54e3dff522/market=HK/symbol=02180.HK/adjust=raw/source=sina/data.parquet,57538c94b984eb1224c897f74688d9af54c5e215201152086f9328a89f1588bf
02180.HK,sina,stock_hk_daily,raw,ohlc_logic_error,upstream_raw_ohlc_inconsistency,2021-09-16,OHLC violates the inclusive daily price envelope,low_gt_close,9.1,9.1,9.1,9.09,9500.0,78cddc46-4b2a-4ebe-9065-1e54e3dff522,data/raw/stage17/equity_daily/run_id=78cddc46-4b2a-4ebe-9065-1e54e3dff522/market=HK/symbol=02180.HK/adjust=raw/source=sina/data.parquet,57538c94b984eb1224c897f74688d9af54c5e215201152086f9328a89f1588bf
02180.HK,sina,stock_hk_daily,raw,ohlc_logic_error,upstream_raw_ohlc_inconsistency,2021-09-17,OHLC violates the inclusive daily price envelope,low_gt_close,9.29,9.29,9.29,9.05,250.0,78cddc46-4b2a-4ebe-9065-1e54e3dff522,data/raw/stage17/equity_daily/run_id=78cddc46-4b2a-4ebe-9065-1e54e3dff522/market=HK/symbol=02180.HK/adjust=raw/source=sina/data.parquet,57538c94b984eb1224c897f74688d9af54c5e215201152086f9328a89f1588bf
02180.HK,sina,stock_hk_daily,raw,ohlc_logic_error,upstream_raw_ohlc_inconsistency,2021-09-21,OHLC violates the inclusive daily price envelope,high_lt_close,0.0,0.0,0.0,9.05,0.0,78cddc46-4b2a-4ebe-9065-1e54e3dff522,data/raw/stage17/equity_daily/run_id=78cddc46-4b2a-4ebe-9065-1e54e3dff522/market=HK/symbol=02180.HK/adjust=raw/source=sina/data.parquet,57538c94b984eb1224c897f74688d9af54c5e215201152086f9328a89f1588bf
02180.HK,sina,stock_hk_daily,raw,ohlc_logic_error,upstream_raw_ohlc_inconsistency,2021-10-05,OHLC violates the inclusive daily price envelope,high_lt_close,0.0,0.0,0.0,9.15,0.0,78cddc46-4b2a-4ebe-9065-1e54e3dff522,data/raw/stage17/equity_daily/run_id=78cddc46-4b2a-4ebe-9065-1e54e3dff522/market=HK/symbol=02180.HK/adjust=raw/source=sina/data.parquet,57538c94b984eb1224c897f74688d9af54c5e215201152086f9328a89f1588bf
02180.HK,sina,stock_hk_daily,raw,ohlc_logic_error,upstream_raw_ohlc_inconsistency,2021-10-06,OHLC violates the inclusive daily price envelope,high_lt_close,0.0,0.0,0.0,9.15,0.0,78cddc46-4b2a-4ebe-9065-1e54e3dff522,data/raw/stage17/equity_daily/run_id=78cddc46-4b2a-4ebe-9065-1e54e3dff522/market=HK/symbol=02180.HK/adjust=raw/source=sina/data.parquet,57538c94b984eb1224c897f74688d9af54c5e215201152086f9328a89f1588bf
02180.HK,sina,stock_hk_daily,raw,ohlc_logic_error,upstream_raw_ohlc_inconsistency,2021-10-08,OHLC violates the inclusive daily price envelope,low_gt_close,9.22,9.22,9.2,9.05,75750.0,78cddc46-4b2a-4ebe-9065-1e54e3dff522,data/raw/stage17/equity_daily/run_id=78cddc46-4b2a-4ebe-9065-1e54e3dff522/market=HK/symbol=02180.HK/adjust=raw/source=sina/data.parquet,57538c94b984eb1224c897f74688d9af54c5e215201152086f9328a89f1588bf
02180.HK,sina,stock_hk_daily,raw,ohlc_logic_error,upstream_raw_ohlc_inconsistency,2021-10-12,OHLC violates the inclusive daily price envelope,high_lt_close,0.0,0.0,0.0,9.18,0.0,78cddc46-4b2a-4ebe-9065-1e54e3dff522,data/raw/stage17/equity_daily/run_id=78cddc46-4b2a-4ebe-9065-1e54e3dff522/market=HK/symbol=02180.HK/adjust=raw/source=sina/data.parquet,57538c94b984eb1224c897f74688d9af54c5e215201152086f9328a89f1588bf
02180.HK,sina,stock_hk_daily,raw,ohlc_logic_error,upstream_raw_ohlc_inconsistency,2021-10-18,OHLC violates the inclusive daily price envelope,high_lt_close,0.0,0.0,0.0,9.19,0.0,78cddc46-4b2a-4ebe-9065-1e54e3dff522,data/raw/stage17/equity_daily/run_id=78cddc46-4b2a-4ebe-9065-1e54e3dff522/market=HK/symbol=02180.HK/adjust=raw/source=sina/data.parquet,57538c94b984eb1224c897f74688d9af54c5e215201152086f9328a89f1588bf
02180.HK,sina,stock_hk_daily,raw,ohlc_logic_error,upstream_raw_ohlc_inconsistency,2021-10-21,OHLC violates the inclusive daily price envelope,high_lt_close,0.0,0.0,0.0,9.42,0.0,78cddc46-4b2a-4ebe-9065-1e54e3dff522,data/raw/stage17/equity_daily/run_id=78cddc46-4b2a-4ebe-9065-1e54e3dff522/market=HK/symbol=02180.HK/adjust=raw/source=sina/data.parquet,57538c94b984eb1224c897f74688d9af54c5e215201152086f9328a89f1588bf
02180.HK,sina,stock_hk_daily,raw,ohlc_logic_error,upstream_raw_ohlc_inconsistency,2021-10-25,OHLC violates the inclusive daily price envelope,high_lt_close,0.0,0.0,0.0,9.49,0.0,78cddc46-4b2a-4ebe-9065-1e54e3dff522,data/raw/stage17/equity_daily/run_id=78cddc46-4b2a-4ebe-9065-1e54e3dff522/market=HK/symbol=02180.HK/adjust=raw/source=sina/data.parquet,57538c94b984eb1224c897f74688d9af54c5e215201152086f9328a89f1588bf
02180.HK,sina,stock_hk_daily,raw,ohlc_logic_error,upstream_raw_ohlc_inconsistency,2021-10-26,OHLC violates the inclusive daily price envelope,low_gt_close,9.5,9.5,9.49,9.35,1250.0,78cddc46-4b2a-4ebe-9065-1e54e3dff522,data/raw/stage17/equity_daily/run_id=78cddc46-4b2a-4ebe-9065-1e54e3dff522/market=HK/symbol=02180.HK/adjust=raw/source=sina/data.parquet,57538c94b984eb1224c897f74688d9af54c5e215201152086f9328a89f1588bf
02180.HK,sina,stock_hk_daily,raw,ohlc_logic_error,upstream_raw_ohlc_inconsistency,2021-10-28,OHLC violates the inclusive daily price envelope,high_lt_close,9.15,9.16,8.93,9.2,10500.0,78cddc46-4b2a-4ebe-9065-1e54e3dff522,data/raw/stage17/equity_daily/run_id=78cddc46-4b2a-4ebe-9065-1e54e3dff522/market=HK/symbol=02180.HK/adjust=raw/source=sina/data.parquet,57538c94b984eb1224c897f74688d9af54c5e215201152086f9328a89f1588bf
02180.HK,sina,stock_hk_daily,raw,ohlc_logic_error,upstream_raw_ohlc_inconsistency,2021-11-02,OHLC violates the inclusive daily price envelope,high_lt_close,0.0,0.0,0.0,9.2,0.0,78cddc46-4b2a-4ebe-9065-1e54e3dff522,data/raw/stage17/equity_daily/run_id=78cddc46-4b2a-4ebe-9065-1e54e3dff522/market=HK/symbol=02180.HK/adjust=raw/source=sina/data.parquet,57538c94b984eb1224c897f74688d9af54c5e215201152086f9328a89f1588bf
02180.HK,sina,stock_hk_daily,raw,ohlc_logic_error,upstream_raw_ohlc_inconsistency,2021-11-03,OHLC violates the inclusive daily price envelope,high_lt_close,0.0,0.0,0.0,9.08,0.0,78cddc46-4b2a-4ebe-9065-1e54e3dff522,data/raw/stage17/equity_daily/run_id=78cddc46-4b2a-4ebe-9065-1e54e3dff522/market=HK/symbol=02180.HK/adjust=raw/source=sina/data.parquet,57538c94b984eb1224c897f74688d9af54c5e215201152086f9328a89f1588bf
02180.HK,sina,stock_hk_daily,raw,ohlc_logic_error,upstream_raw_ohlc_inconsistency,2021-11-05,OHLC violates the inclusive daily price envelope,high_lt_close,0.0,0.0,0.0,9.0,0.0,78cddc46-4b2a-4ebe-9065-1e54e3dff522,data/raw/stage17/equity_daily/run_id=78cddc46-4b2a-4ebe-9065-1e54e3dff522/market=HK/symbol=02180.HK/adjust=raw/source=sina/data.parquet,57538c94b984eb1224c897f74688d9af54c5e215201152086f9328a89f1588bf
02180.HK,sina,stock_hk_daily,raw,ohlc_logic_error,upstream_raw_ohlc_inconsistency,2021-11-09,OHLC violates the inclusive daily price envelope,low_gt_close,9.48,9.48,9.48,9.4,5000.0,78cddc46-4b2a-4ebe-9065-1e54e3dff522,data/raw/stage17/equity_daily/run_id=78cddc46-4b2a-4ebe-9065-1e54e3dff522/market=HK/symbol=02180.HK/adjust=raw/source=sina/data.parquet,57538c94b984eb1224c897f74688d9af54c5e215201152086f9328a89f1588bf
02180.HK,sina,stock_hk_daily,raw,ohlc_logic_error,upstream_raw_ohlc_inconsistency,2021-11-10,OHLC violates the inclusive daily price envelope,high_lt_close,0.0,0.0,0.0,9.4,1000.0,78cddc46-4b2a-4ebe-9065-1e54e3dff522,data/raw/stage17/equity_daily/run_id=78cddc46-4b2a-4ebe-9065-1e54e3dff522/market=HK/symbol=02180.HK/adjust=raw/source=sina/data.parquet,57538c94b984eb1224c897f74688d9af54c5e215201152086f9328a89f1588bf
02180.HK,sina,stock_hk_daily,raw,ohlc_logic_error,upstream_raw_ohlc_inconsistency,2021-12-09,OHLC violates the inclusive daily price envelope,high_lt_close,8.66,8.83,8.66,9.0,500.0,78cddc46-4b2a-4ebe-9065-1e54e3dff522,data/raw/stage17/equity_daily/run_id=78cddc46-4b2a-4ebe-9065-1e54e3dff522/market=HK/symbol=02180.HK/adjust=raw/source=sina/data.parquet,57538c94b984eb1224c897f74688d9af54c5e215201152086f9328a89f1588bf
02180.HK,sina,stock_hk_daily,raw,ohlc_logic_error,upstream_raw_ohlc_inconsistency,2021-12-24,OHLC violates the inclusive daily price envelope,high_lt_close,8.67,8.67,8.67,8.68,500.0,78cddc46-4b2a-4ebe-9065-1e54e3dff522,data/raw/stage17/equity_daily/run_id=78cddc46-4b2a-4ebe-9065-1e54e3dff522/market=HK/symbol=02180.HK/adjust=raw/source=sina/data.parquet,57538c94b984eb1224c897f74688d9af54c5e215201152086f9328a89f1588bf
02180.HK,sina,stock_hk_daily,raw,ohlc_logic_error,upstream_raw_ohlc_inconsistency,2022-01-14,OHLC violates the inclusive daily price envelope,low_gt_close,9.3,9.3,9.13,9.09,18500.0,78cddc46-4b2a-4ebe-9065-1e54e3dff522,data/raw/stage17/equity_daily/run_id=78cddc46-4b2a-4ebe-9065-1e54e3dff522/market=HK/symbol=02180.HK/adjust=raw/source=sina/data.parquet,57538c94b984eb1224c897f74688d9af54c5e215201152086f9328a89f1588bf
02180.HK,sina,stock_hk_daily,raw,ohlc_logic_error,upstream_raw_ohlc_inconsistency,2022-03-14,OHLC violates the inclusive daily price envelope,low_gt_close,9.0,9.0,9.0,8.98,2250.0,78cddc46-4b2a-4ebe-9065-1e54e3dff522,data/raw/stage17/equity_daily/run_id=78cddc46-4b2a-4ebe-9065-1e54e3dff522/market=HK/symbol=02180.HK/adjust=raw/source=sina/data.parquet,57538c94b984eb1224c897f74688d9af54c5e215201152086f9328a89f1588bf
02180.HK,sina,stock_hk_daily,raw,ohlc_logic_error,upstream_raw_ohlc_inconsistency,2022-03-15,OHLC violates the inclusive daily price envelope,low_gt_close,8.6,8.6,8.59,8.52,500.0,78cddc46-4b2a-4ebe-9065-1e54e3dff522,data/raw/stage17/equity_daily/run_id=78cddc46-4b2a-4ebe-9065-1e54e3dff522/market=HK/symbol=02180.HK/adjust=raw/source=sina/data.parquet,57538c94b984eb1224c897f74688d9af54c5e215201152086f9328a89f1588bf
02180.HK,sina,stock_hk_daily,raw,ohlc_logic_error,upstream_raw_ohlc_inconsistency,2022-03-23,OHLC violates the inclusive daily price envelope,high_lt_close,8.31,8.31,8.31,8.43,1000.0,78cddc46-4b2a-4ebe-9065-1e54e3dff522,data/raw/stage17/equity_daily/run_id=78cddc46-4b2a-4ebe-9065-1e54e3dff522/market=HK/symbol=02180.HK/adjust=raw/source=sina/data.parquet,57538c94b984eb1224c897f74688d9af54c5e215201152086f9328a89f1588bf
02180.HK,sina,stock_hk_daily,raw,ohlc_logic_error,upstream_raw_ohlc_inconsistency,2022-03-28,OHLC violates the inclusive daily price envelope,high_lt_close,8.36,8.4,8.35,8.45,110250.0,78cddc46-4b2a-4ebe-9065-1e54e3dff522,data/raw/stage17/equity_daily/run_id=78cddc46-4b2a-4ebe-9065-1e54e3dff522/market=HK/symbol=02180.HK/adjust=raw/source=sina/data.parquet,57538c94b984eb1224c897f74688d9af54c5e215201152086f9328a89f1588bf
02180.HK,sina,stock_hk_daily,raw,ohlc_logic_error,upstream_raw_ohlc_inconsistency,2022-05-16,OHLC violates the inclusive daily price envelope,high_lt_close,9.0,9.0,9.0,9.01,5000.0,78cddc46-4b2a-4ebe-9065-1e54e3dff522,data/raw/stage17/equity_daily/run_id=78cddc46-4b2a-4ebe-9065-1e54e3dff522/market=HK/symbol=02180.HK/adjust=raw/source=sina/data.parquet,57538c94b984eb1224c897f74688d9af54c5e215201152086f9328a89f1588bf
02180.HK,sina,stock_hk_daily,raw,ohlc_logic_error,upstream_raw_ohlc_inconsistency,2022-06-22,OHLC violates the inclusive daily price envelope,low_gt_close,9.9,9.9,9.9,9.78,2500.0,78cddc46-4b2a-4ebe-9065-1e54e3dff522,data/raw/stage17/equity_daily/run_id=78cddc46-4b2a-4ebe-9065-1e54e3dff522/market=HK/symbol=02180.HK/adjust=raw/source=sina/data.parquet,57538c94b984eb1224c897f74688d9af54c5e215201152086f9328a89f1588bf
02180.HK,sina,stock_hk_daily,raw,ohlc_logic_error,upstream_raw_ohlc_inconsistency,2022-07-08,OHLC violates the inclusive daily price envelope,high_lt_close,9.5,9.5,9.5,9.55,270900.0,78cddc46-4b2a-4ebe-9065-1e54e3dff522,data/raw/stage17/equity_daily/run_id=78cddc46-4b2a-4ebe-9065-1e54e3dff522/market=HK/symbol=02180.HK/adjust=raw/source=sina/data.parquet,57538c94b984eb1224c897f74688d9af54c5e215201152086f9328a89f1588bf
02180.HK,sina,stock_hk_daily,raw,ohlc_logic_error,upstream_raw_ohlc_inconsistency,2022-08-31,OHLC violates the inclusive daily price envelope,low_gt_close,9.8,9.8,9.8,9.61,245750.0,78cddc46-4b2a-4ebe-9065-1e54e3dff522,data/raw/stage17/equity_daily/run_id=78cddc46-4b2a-4ebe-9065-1e54e3dff522/market=HK/symbol=02180.HK/adjust=raw/source=sina/data.parquet,57538c94b984eb1224c897f74688d9af54c5e215201152086f9328a89f1588bf
02180.HK,sina,stock_hk_daily,raw,ohlc_logic_error,upstream_raw_ohlc_inconsistency,2022-10-03,OHLC violates the inclusive daily price envelope,low_gt_close,7.82,7.82,7.82,7.81,5000.0,78cddc46-4b2a-4ebe-9065-1e54e3dff522,data/raw/stage17/equity_daily/run_id=78cddc46-4b2a-4ebe-9065-1e54e3dff522/market=HK/symbol=02180.HK/adjust=raw/source=sina/data.parquet,57538c94b984eb1224c897f74688d9af54c5e215201152086f9328a89f1588bf
02180.HK,sina,stock_hk_daily,raw,ohlc_logic_error,upstream_raw_ohlc_inconsistency,2022-10-26,OHLC violates the inclusive daily price envelope,low_gt_close,7.81,7.81,7.8,7.4,1000.0,78cddc46-4b2a-4ebe-9065-1e54e3dff522,data/raw/stage17/equity_daily/run_id=78cddc46-4b2a-4ebe-9065-1e54e3dff522/market=HK/symbol=02180.HK/adjust=raw/source=sina/data.parquet,57538c94b984eb1224c897f74688d9af54c5e215201152086f9328a89f1588bf
02180.HK,sina,stock_hk_daily,raw,ohlc_logic_error,upstream_raw_ohlc_inconsistency,2022-11-11,OHLC violates the inclusive daily price envelope,low_gt_close,7.78,7.78,7.78,7.76,13000.0,78cddc46-4b2a-4ebe-9065-1e54e3dff522,data/raw/stage17/equity_daily/run_id=78cddc46-4b2a-4ebe-9065-1e54e3dff522/market=HK/symbol=02180.HK/adjust=raw/source=sina/data.parquet,57538c94b984eb1224c897f74688d9af54c5e215201152086f9328a89f1588bf
02180.HK,sina,stock_hk_daily,raw,ohlc_logic_error,upstream_raw_ohlc_inconsistency,2022-11-21,OHLC violates the inclusive daily price envelope,high_lt_open,7.78,7.77,7.0,7.77,7250.0,78cddc46-4b2a-4ebe-9065-1e54e3dff522,data/raw/stage17/equity_daily/run_id=78cddc46-4b2a-4ebe-9065-1e54e3dff522/market=HK/symbol=02180.HK/adjust=raw/source=sina/data.parquet,57538c94b984eb1224c897f74688d9af54c5e215201152086f9328a89f1588bf
02180.HK,sina,stock_hk_daily,raw,ohlc_logic_error,upstream_raw_ohlc_inconsistency,2023-01-31,OHLC violates the inclusive daily price envelope,high_lt_close,6.91,6.91,6.91,6.95,2000.0,78cddc46-4b2a-4ebe-9065-1e54e3dff522,data/raw/stage17/equity_daily/run_id=78cddc46-4b2a-4ebe-9065-1e54e3dff522/market=HK/symbol=02180.HK/adjust=raw/source=sina/data.parquet,57538c94b984eb1224c897f74688d9af54c5e215201152086f9328a89f1588bf
02180.HK,sina,stock_hk_daily,raw,ohlc_logic_error,upstream_raw_ohlc_inconsistency,2023-02-20,OHLC violates the inclusive daily price envelope,high_lt_close,6.61,6.61,6.6,6.8,15250.0,78cddc46-4b2a-4ebe-9065-1e54e3dff522,data/raw/stage17/equity_daily/run_id=78cddc46-4b2a-4ebe-9065-1e54e3dff522/market=HK/symbol=02180.HK/adjust=raw/source=sina/data.parquet,57538c94b984eb1224c897f74688d9af54c5e215201152086f9328a89f1588bf
02180.HK,sina,stock_hk_daily,raw,ohlc_logic_error,upstream_raw_ohlc_inconsistency,2023-04-18,OHLC violates the inclusive daily price envelope,high_lt_close,7.0,7.0,7.0,7.02,1003250.0,78cddc46-4b2a-4ebe-9065-1e54e3dff522,data/raw/stage17/equity_daily/run_id=78cddc46-4b2a-4ebe-9065-1e54e3dff522/market=HK/symbol=02180.HK/adjust=raw/source=sina/data.parquet,57538c94b984eb1224c897f74688d9af54c5e215201152086f9328a89f1588bf
02180.HK,sina,stock_hk_daily,raw,ohlc_logic_error,upstream_raw_ohlc_inconsistency,2023-06-05,OHLC violates the inclusive daily price envelope,low_gt_close,6.9,6.9,6.9,6.43,3750.0,78cddc46-4b2a-4ebe-9065-1e54e3dff522,data/raw/stage17/equity_daily/run_id=78cddc46-4b2a-4ebe-9065-1e54e3dff522/market=HK/symbol=02180.HK/adjust=raw/source=sina/data.parquet,57538c94b984eb1224c897f74688d9af54c5e215201152086f9328a89f1588bf
02180.HK,sina,stock_hk_daily,raw,ohlc_logic_error,upstream_raw_ohlc_inconsistency,2023-06-12,OHLC violates the inclusive daily price envelope,high_lt_close,6.62,6.62,6.62,6.65,4750.0,78cddc46-4b2a-4ebe-9065-1e54e3dff522,data/raw/stage17/equity_daily/run_id=78cddc46-4b2a-4ebe-9065-1e54e3dff522/market=HK/symbol=02180.HK/adjust=raw/source=sina/data.parquet,57538c94b984eb1224c897f74688d9af54c5e215201152086f9328a89f1588bf
02180.HK,sina,stock_hk_daily,raw,ohlc_logic_error,upstream_raw_ohlc_inconsistency,2023-07-20,OHLC violates the inclusive daily price envelope,high_lt_close,6.4,6.4,6.4,6.6,1250.0,78cddc46-4b2a-4ebe-9065-1e54e3dff522,data/raw/stage17/equity_daily/run_id=78cddc46-4b2a-4ebe-9065-1e54e3dff522/market=HK/symbol=02180.HK/adjust=raw/source=sina/data.parquet,57538c94b984eb1224c897f74688d9af54c5e215201152086f9328a89f1588bf
02180.HK,sina,stock_hk_daily,raw,ohlc_logic_error,upstream_raw_ohlc_inconsistency,2023-08-23,OHLC violates the inclusive daily price envelope,low_gt_close,7.0,7.0,7.0,6.4,2000.0,78cddc46-4b2a-4ebe-9065-1e54e3dff522,data/raw/stage17/equity_daily/run_id=78cddc46-4b2a-4ebe-9065-1e54e3dff522/market=HK/symbol=02180.HK/adjust=raw/source=sina/data.parquet,57538c94b984eb1224c897f74688d9af54c5e215201152086f9328a89f1588bf
02180.HK,sina,stock_hk_daily,raw,ohlc_logic_error,upstream_raw_ohlc_inconsistency,2023-09-12,OHLC violates the inclusive daily price envelope,low_gt_close,5.15,5.15,5.07,5.05,1000.0,78cddc46-4b2a-4ebe-9065-1e54e3dff522,data/raw/stage17/equity_daily/run_id=78cddc46-4b2a-4ebe-9065-1e54e3dff522/market=HK/symbol=02180.HK/adjust=raw/source=sina/data.parquet,57538c94b984eb1224c897f74688d9af54c5e215201152086f9328a89f1588bf
02180.HK,sina,stock_hk_daily,raw,ohlc_logic_error,upstream_raw_ohlc_inconsistency,2023-09-13,OHLC violates the inclusive daily price envelope,low_gt_close,5.05,5.05,5.05,5.04,36500.0,78cddc46-4b2a-4ebe-9065-1e54e3dff522,data/raw/stage17/equity_daily/run_id=78cddc46-4b2a-4ebe-9065-1e54e3dff522/market=HK/symbol=02180.HK/adjust=raw/source=sina/data.parquet,57538c94b984eb1224c897f74688d9af54c5e215201152086f9328a89f1588bf
02180.HK,sina,stock_hk_daily,raw,ohlc_logic_error,upstream_raw_ohlc_inconsistency,2024-03-05,OHLC violates the inclusive daily price envelope,low_gt_close,5.71,5.71,5.71,5.7,250.0,78cddc46-4b2a-4ebe-9065-1e54e3dff522,data/raw/stage17/equity_daily/run_id=78cddc46-4b2a-4ebe-9065-1e54e3dff522/market=HK/symbol=02180.HK/adjust=raw/source=sina/data.parquet,57538c94b984eb1224c897f74688d9af54c5e215201152086f9328a89f1588bf
02180.HK,sina,stock_hk_daily,raw,ohlc_logic_error,upstream_raw_ohlc_inconsistency,2024-04-08,OHLC violates the inclusive daily price envelope,high_lt_close,4.85,4.85,4.84,4.86,3000.0,78cddc46-4b2a-4ebe-9065-1e54e3dff522,data/raw/stage17/equity_daily/run_id=78cddc46-4b2a-4ebe-9065-1e54e3dff522/market=HK/symbol=02180.HK/adjust=raw/source=sina/data.parquet,57538c94b984eb1224c897f74688d9af54c5e215201152086f9328a89f1588bf
02180.HK,sina,stock_hk_daily,raw,ohlc_logic_error,upstream_raw_ohlc_inconsistency,2024-06-12,OHLC violates the inclusive daily price envelope,low_gt_close,5.36,5.36,5.36,5.35,10000.0,78cddc46-4b2a-4ebe-9065-1e54e3dff522,data/raw/stage17/equity_daily/run_id=78cddc46-4b2a-4ebe-9065-1e54e3dff522/market=HK/symbol=02180.HK/adjust=raw/source=sina/data.parquet,57538c94b984eb1224c897f74688d9af54c5e215201152086f9328a89f1588bf
02180.HK,sina,stock_hk_daily,raw,ohlc_logic_error,upstream_raw_ohlc_inconsistency,2024-06-14,OHLC violates the inclusive daily price envelope,low_gt_close,5.25,5.25,5.25,5.24,7000.0,78cddc46-4b2a-4ebe-9065-1e54e3dff522,data/raw/stage17/equity_daily/run_id=78cddc46-4b2a-4ebe-9065-1e54e3dff522/market=HK/symbol=02180.HK/adjust=raw/source=sina/data.parquet,57538c94b984eb1224c897f74688d9af54c5e215201152086f9328a89f1588bf
02180.HK,sina,stock_hk_daily,raw,ohlc_logic_error,upstream_raw_ohlc_inconsistency,2024-06-24,OHLC violates the inclusive daily price envelope,low_gt_close,5.2,5.2,5.2,5.19,4000.0,78cddc46-4b2a-4ebe-9065-1e54e3dff522,data/raw/stage17/equity_daily/run_id=78cddc46-4b2a-4ebe-9065-1e54e3dff522/market=HK/symbol=02180.HK/adjust=raw/source=sina/data.parquet,57538c94b984eb1224c897f74688d9af54c5e215201152086f9328a89f1588bf
02180.HK,sina,stock_hk_daily,raw,ohlc_logic_error,upstream_raw_ohlc_inconsistency,2024-10-02,OHLC violates the inclusive daily price envelope,low_gt_close,4.9,4.9,4.9,4.89,14000.0,78cddc46-4b2a-4ebe-9065-1e54e3dff522,data/raw/stage17/equity_daily/run_id=78cddc46-4b2a-4ebe-9065-1e54e3dff522/market=HK/symbol=02180.HK/adjust=raw/source=sina/data.parquet,57538c94b984eb1224c897f74688d9af54c5e215201152086f9328a89f1588bf
02180.HK,sina,stock_hk_daily,raw,ohlc_logic_error,upstream_raw_ohlc_inconsistency,2024-10-08,OHLC violates the inclusive daily price envelope,low_gt_close,4.7,4.7,4.67,4.65,1750.0,78cddc46-4b2a-4ebe-9065-1e54e3dff522,data/raw/stage17/equity_daily/run_id=78cddc46-4b2a-4ebe-9065-1e54e3dff522/market=HK/symbol=02180.HK/adjust=raw/source=sina/data.parquet,57538c94b984eb1224c897f74688d9af54c5e215201152086f9328a89f1588bf
02180.HK,sina,stock_hk_daily,raw,ohlc_logic_error,upstream_raw_ohlc_inconsistency,2024-10-24,OHLC violates the inclusive daily price envelope,high_lt_close,4.47,4.47,4.47,4.6,750.0,78cddc46-4b2a-4ebe-9065-1e54e3dff522,data/raw/stage17/equity_daily/run_id=78cddc46-4b2a-4ebe-9065-1e54e3dff522/market=HK/symbol=02180.HK/adjust=raw/source=sina/data.parquet,57538c94b984eb1224c897f74688d9af54c5e215201152086f9328a89f1588bf
02180.HK,sina,stock_hk_daily,raw,ohlc_logic_error,upstream_raw_ohlc_inconsistency,2024-10-28,OHLC violates the inclusive daily price envelope,low_gt_close,4.84,4.84,4.84,4.8,3000.0,78cddc46-4b2a-4ebe-9065-1e54e3dff522,data/raw/stage17/equity_daily/run_id=78cddc46-4b2a-4ebe-9065-1e54e3dff522/market=HK/symbol=02180.HK/adjust=raw/source=sina/data.parquet,57538c94b984eb1224c897f74688d9af54c5e215201152086f9328a89f1588bf
02180.HK,sina,stock_hk_daily,raw,ohlc_logic_error,upstream_raw_ohlc_inconsistency,2024-12-03,OHLC violates the inclusive daily price envelope,high_lt_close,4.3,4.3,4.3,4.31,250.0,78cddc46-4b2a-4ebe-9065-1e54e3dff522,data/raw/stage17/equity_daily/run_id=78cddc46-4b2a-4ebe-9065-1e54e3dff522/market=HK/symbol=02180.HK/adjust=raw/source=sina/data.parquet,57538c94b984eb1224c897f74688d9af54c5e215201152086f9328a89f1588bf
02180.HK,sina,stock_hk_daily,raw,ohlc_logic_error,upstream_raw_ohlc_inconsistency,2025-01-17,OHLC violates the inclusive daily price envelope,high_lt_close,4.07,4.07,4.07,4.25,1750.0,78cddc46-4b2a-4ebe-9065-1e54e3dff522,data/raw/stage17/equity_daily/run_id=78cddc46-4b2a-4ebe-9065-1e54e3dff522/market=HK/symbol=02180.HK/adjust=raw/source=sina/data.parquet,57538c94b984eb1224c897f74688d9af54c5e215201152086f9328a89f1588bf
02180.HK,sina,stock_hk_daily,raw,ohlc_logic_error,upstream_raw_ohlc_inconsistency,2025-03-18,OHLC violates the inclusive daily price envelope,high_lt_close,4.21,4.21,4.21,4.25,10500.0,78cddc46-4b2a-4ebe-9065-1e54e3dff522,data/raw/stage17/equity_daily/run_id=78cddc46-4b2a-4ebe-9065-1e54e3dff522/market=HK/symbol=02180.HK/adjust=raw/source=sina/data.parquet,57538c94b984eb1224c897f74688d9af54c5e215201152086f9328a89f1588bf
02180.HK,sina,stock_hk_daily,raw,ohlc_logic_error,upstream_raw_ohlc_inconsistency,2025-04-08,OHLC violates the inclusive daily price envelope,low_gt_close,4.5,4.5,4.5,4.25,50000.0,78cddc46-4b2a-4ebe-9065-1e54e3dff522,data/raw/stage17/equity_daily/run_id=78cddc46-4b2a-4ebe-9065-1e54e3dff522/market=HK/symbol=02180.HK/adjust=raw/source=sina/data.parquet,57538c94b984eb1224c897f74688d9af54c5e215201152086f9328a89f1588bf
02180.HK,sina,stock_hk_daily,raw,ohlc_logic_error,upstream_raw_ohlc_inconsistency,2025-04-09,OHLC violates the inclusive daily price envelope,high_lt_close,4.25,4.26,4.25,4.3,3000.0,78cddc46-4b2a-4ebe-9065-1e54e3dff522,data/raw/stage17/equity_daily/run_id=78cddc46-4b2a-4ebe-9065-1e54e3dff522/market=HK/symbol=02180.HK/adjust=raw/source=sina/data.parquet,57538c94b984eb1224c897f74688d9af54c5e215201152086f9328a89f1588bf
02180.HK,sina,stock_hk_daily,raw,ohlc_logic_error,upstream_raw_ohlc_inconsistency,2025-07-15,OHLC violates the inclusive daily price envelope,high_lt_close,4.85,4.85,4.85,4.86,2250.0,78cddc46-4b2a-4ebe-9065-1e54e3dff522,data/raw/stage17/equity_daily/run_id=78cddc46-4b2a-4ebe-9065-1e54e3dff522/market=HK/symbol=02180.HK/adjust=raw/source=sina/data.parquet,57538c94b984eb1224c897f74688d9af54c5e215201152086f9328a89f1588bf
02180.HK,sina,stock_hk_daily,raw,ohlc_logic_error,upstream_raw_ohlc_inconsistency,2025-08-14,OHLC violates the inclusive daily price envelope,low_gt_close,5.75,5.75,5.75,5.74,3000.0,78cddc46-4b2a-4ebe-9065-1e54e3dff522,data/raw/stage17/equity_daily/run_id=78cddc46-4b2a-4ebe-9065-1e54e3dff522/market=HK/symbol=02180.HK/adjust=raw/source=sina/data.parquet,57538c94b984eb1224c897f74688d9af54c5e215201152086f9328a89f1588bf
02180.HK,sina,stock_hk_daily,raw,ohlc_logic_error,upstream_raw_ohlc_inconsistency,2025-10-03,OHLC violates the inclusive daily price envelope,high_lt_close,5.18,5.21,5.18,5.25,3000.0,78cddc46-4b2a-4ebe-9065-1e54e3dff522,data/raw/stage17/equity_daily/run_id=78cddc46-4b2a-4ebe-9065-1e54e3dff522/market=HK/symbol=02180.HK/adjust=raw/source=sina/data.parquet,57538c94b984eb1224c897f74688d9af54c5e215201152086f9328a89f1588bf
02180.HK,sina,stock_hk_daily,raw,ohlc_logic_error,upstream_raw_ohlc_inconsistency,2025-10-16,OHLC violates the inclusive daily price envelope,high_lt_close,5.13,5.13,5.13,5.19,2500.0,78cddc46-4b2a-4ebe-9065-1e54e3dff522,data/raw/stage17/equity_daily/run_id=78cddc46-4b2a-4ebe-9065-1e54e3dff522/market=HK/symbol=02180.HK/adjust=raw/source=sina/data.parquet,57538c94b984eb1224c897f74688d9af54c5e215201152086f9328a89f1588bf
02180.HK,sina,stock_hk_daily,raw,ohlc_logic_error,upstream_raw_ohlc_inconsistency,2025-11-13,OHLC violates the inclusive daily price envelope,high_lt_close,5.4,5.5,5.4,5.52,83500.0,78cddc46-4b2a-4ebe-9065-1e54e3dff522,data/raw/stage17/equity_daily/run_id=78cddc46-4b2a-4ebe-9065-1e54e3dff522/market=HK/symbol=02180.HK/adjust=raw/source=sina/data.parquet,57538c94b984eb1224c897f74688d9af54c5e215201152086f9328a89f1588bf
02180.HK,sina,stock_hk_daily,raw,ohlc_logic_error,upstream_raw_ohlc_inconsistency,2025-11-25,OHLC violates the inclusive daily price envelope,high_lt_close,5.0,5.0,5.0,5.01,2000.0,78cddc46-4b2a-4ebe-9065-1e54e3dff522,data/raw/stage17/equity_daily/run_id=78cddc46-4b2a-4ebe-9065-1e54e3dff522/market=HK/symbol=02180.HK/adjust=raw/source=sina/data.parquet,57538c94b984eb1224c897f74688d9af54c5e215201152086f9328a89f1588bf
02180.HK,sina,stock_hk_daily,raw,ohlc_logic_error,upstream_raw_ohlc_inconsistency,2025-11-27,OHLC violates the inclusive daily price envelope,high_lt_close,4.96,4.96,4.96,4.97,3500.0,78cddc46-4b2a-4ebe-9065-1e54e3dff522,data/raw/stage17/equity_daily/run_id=78cddc46-4b2a-4ebe-9065-1e54e3dff522/market=HK/symbol=02180.HK/adjust=raw/source=sina/data.parquet,57538c94b984eb1224c897f74688d9af54c5e215201152086f9328a89f1588bf
02180.HK,sina,stock_hk_daily,raw,ohlc_logic_error,upstream_raw_ohlc_inconsistency,2025-12-01,OHLC violates the inclusive daily price envelope,low_gt_close,5.05,5.05,5.05,5.03,5000.0,78cddc46-4b2a-4ebe-9065-1e54e3dff522,data/raw/stage17/equity_daily/run_id=78cddc46-4b2a-4ebe-9065-1e54e3dff522/market=HK/symbol=02180.HK/adjust=raw/source=sina/data.parquet,57538c94b984eb1224c897f74688d9af54c5e215201152086f9328a89f1588bf
02180.HK,sina,stock_hk_daily,raw,ohlc_logic_error,upstream_raw_ohlc_inconsistency,2025-12-02,OHLC violates the inclusive daily price envelope,low_gt_close,5.01,5.01,5.01,5.0,3000.0,78cddc46-4b2a-4ebe-9065-1e54e3dff522,data/raw/stage17/equity_daily/run_id=78cddc46-4b2a-4ebe-9065-1e54e3dff522/market=HK/symbol=02180.HK/adjust=raw/source=sina/data.parquet,57538c94b984eb1224c897f74688d9af54c5e215201152086f9328a89f1588bf
02180.HK,sina,stock_hk_daily,raw,ohlc_logic_error,upstream_raw_ohlc_inconsistency,2025-12-12,OHLC violates the inclusive daily price envelope,high_lt_close,5.06,5.07,5.06,5.11,287247.0,78cddc46-4b2a-4ebe-9065-1e54e3dff522,data/raw/stage17/equity_daily/run_id=78cddc46-4b2a-4ebe-9065-1e54e3dff522/market=HK/symbol=02180.HK/adjust=raw/source=sina/data.parquet,57538c94b984eb1224c897f74688d9af54c5e215201152086f9328a89f1588bf
02180.HK,sina,stock_hk_daily,raw,ohlc_logic_error,upstream_raw_ohlc_inconsistency,2025-12-16,OHLC violates the inclusive daily price envelope,high_lt_close,5.11,5.11,5.11,5.17,1250.0,78cddc46-4b2a-4ebe-9065-1e54e3dff522,data/raw/stage17/equity_daily/run_id=78cddc46-4b2a-4ebe-9065-1e54e3dff522/market=HK/symbol=02180.HK/adjust=raw/source=sina/data.parquet,57538c94b984eb1224c897f74688d9af54c5e215201152086f9328a89f1588bf
02180.HK,sina,stock_hk_daily,raw,ohlc_logic_error,upstream_raw_ohlc_inconsistency,2026-04-24,OHLC violates the inclusive daily price envelope,high_lt_close,5.4,5.4,5.4,5.43,750.0,78cddc46-4b2a-4ebe-9065-1e54e3dff522,data/raw/stage17/equity_daily/run_id=78cddc46-4b2a-4ebe-9065-1e54e3dff522/market=HK/symbol=02180.HK/adjust=raw/source=sina/data.parquet,57538c94b984eb1224c897f74688d9af54c5e215201152086f9328a89f1588bf
02180.HK,sina,stock_hk_daily,raw,ohlc_logic_error,upstream_raw_ohlc_inconsistency,2026-07-02,OHLC violates the inclusive daily price envelope,low_gt_open|low_gt_close,5.15,5.45,5.45,5.4,11500.0,78cddc46-4b2a-4ebe-9065-1e54e3dff522,data/raw/stage17/equity_daily/run_id=78cddc46-4b2a-4ebe-9065-1e54e3dff522/market=HK/symbol=02180.HK/adjust=raw/source=sina/data.parquet,57538c94b984eb1224c897f74688d9af54c5e215201152086f9328a89f1588bf
02180.HK,sina,stock_hk_daily,raw,ohlc_logic_error,upstream_raw_ohlc_inconsistency,2026-08-17,OHLC violates the inclusive daily price envelope,high_lt_close,4.58,4.58,4.58,4.61,13000.0,78cddc46-4b2a-4ebe-9065-1e54e3dff522,data/raw/stage17/equity_daily/run_id=78cddc46-4b2a-4ebe-9065-1e54e3dff522/market=HK/symbol=02180.HK/adjust=raw/source=sina/data.parquet,57538c94b984eb1224c897f74688d9af54c5e215201152086f9328a89f1588bf
02180.HK,sina,stock_hk_daily,raw,ohlc_logic_error,upstream_raw_ohlc_inconsistency,2026-08-18,OHLC violates the inclusive daily price envelope,high_lt_close,4.6,4.6,4.6,4.63,9000.0,78cddc46-4b2a-4ebe-9065-1e54e3dff522,data/raw/stage17/equity_daily/run_id=78cddc46-4b2a-4ebe-9065-1e54e3dff522/market=HK/symbol=02180.HK/adjust=raw/source=sina/data.parquet,57538c94b984eb1224c897f74688d9af54c5e215201152086f9328a89f1588bf
02180.HK,sina,stock_hk_daily,qfq,ohlc_logic_error,upstream_raw_inconsistency_propagated_by_adjustment,2019-08-22,OHLC violates the inclusive daily price envelope,high_lt_open,5.6153,5.4818,5.3007,5.3674,155500.0,78cddc46-4b2a-4ebe-9065-1e54e3dff522,data/raw/stage17/equity_daily/run_id=78cddc46-4b2a-4ebe-9065-1e54e3dff522/market=HK/symbol=02180.HK/adjust=qfq/source=sina/data.parquet,c9f7235dbeceb83d5521c64c9d76fe859277d1e9c4c54c404d5c874d39c3d6ef
02180.HK,sina,stock_hk_daily,qfq,ohlc_logic_error,upstream_raw_inconsistency_propagated_by_adjustment,2020-08-10,OHLC violates the inclusive daily price envelope,low_gt_close,5.9025,5.9025,5.9025,5.8731,250.0,78cddc46-4b2a-4ebe-9065-1e54e3dff522,data/raw/stage17/equity_daily/run_id=78cddc46-4b2a-4ebe-9065-1e54e3dff522/market=HK/symbol=02180.HK/adjust=qfq/source=sina/data.parquet,c9f7235dbeceb83d5521c64c9d76fe859277d1e9c4c54c404d5c874d39c3d6ef
02180.HK,sina,stock_hk_daily,qfq,ohlc_logic_error,upstream_raw_inconsistency_propagated_by_adjustment,2020-09-14,OHLC violates the inclusive daily price envelope,low_gt_close,7.0595,7.0595,6.8144,6.6183,3000.0,78cddc46-4b2a-4ebe-9065-1e54e3dff522,data/raw/stage17/equity_daily/run_id=78cddc46-4b2a-4ebe-9065-1e54e3dff522/market=HK/symbol=02180.HK/adjust=qfq/source=sina/data.parquet,c9f7235dbeceb83d5521c64c9d76fe859277d1e9c4c54c404d5c874d39c3d6ef
02180.HK,sina,stock_hk_daily,qfq,ohlc_logic_error,upstream_raw_inconsistency_propagated_by_adjustment,2020-10-06,OHLC violates the inclusive daily price envelope,low_gt_close,7.0007,7.0007,7.0007,6.6967,500.0,78cddc46-4b2a-4ebe-9065-1e54e3dff522,data/raw/stage17/equity_daily/run_id=78cddc46-4b2a-4ebe-9065-1e54e3dff522/market=HK/symbol=02180.HK/adjust=qfq/source=sina/data.parquet,c9f7235dbeceb83d5521c64c9d76fe859277d1e9c4c54c404d5c874d39c3d6ef
02180.HK,sina,stock_hk_daily,qfq,ohlc_logic_error,upstream_raw_inconsistency_propagated_by_adjustment,2020-12-04,OHLC violates the inclusive daily price envelope,low_gt_close,6.1281,6.1281,6.0594,6.0496,2000.0,78cddc46-4b2a-4ebe-9065-1e54e3dff522,data/raw/stage17/equity_daily/run_id=78cddc46-4b2a-4ebe-9065-1e54e3dff522/market=HK/symbol=02180.HK/adjust=qfq/source=sina/data.parquet,c9f7235dbeceb83d5521c64c9d76fe859277d1e9c4c54c404d5c874d39c3d6ef
02180.HK,sina,stock_hk_daily,qfq,ohlc_logic_error,upstream_raw_inconsistency_propagated_by_adjustment,2021-01-18,OHLC violates the inclusive daily price envelope,low_gt_close,5.4809,5.4809,5.3927,5.3731,6500.0,78cddc46-4b2a-4ebe-9065-1e54e3dff522,data/raw/stage17/equity_daily/run_id=78cddc46-4b2a-4ebe-9065-1e54e3dff522/market=HK/symbol=02180.HK/adjust=qfq/source=sina/data.parquet,c9f7235dbeceb83d5521c64c9d76fe859277d1e9c4c54c404d5c874d39c3d6ef
02180.HK,sina,stock_hk_daily,qfq,ohlc_logic_error,upstream_raw_inconsistency_propagated_by_adjustment,2021-01-21,OHLC violates the inclusive daily price envelope,low_gt_close,5.2946,5.2946,5.2946,5.226,250.0,78cddc46-4b2a-4ebe-9065-1e54e3dff522,data/raw/stage17/equity_daily/run_id=78cddc46-4b2a-4ebe-9065-1e54e3dff522/market=HK/symbol=02180.HK/adjust=qfq/source=sina/data.parquet,c9f7235dbeceb83d5521c64c9d76fe859277d1e9c4c54c404d5c874d39c3d6ef
02180.HK,sina,stock_hk_daily,qfq,ohlc_logic_error,upstream_raw_inconsistency_propagated_by_adjustment,2021-02-01,OHLC violates the inclusive daily price envelope,low_gt_close,5.5594,5.5594,5.5594,5.5398,1000.0,78cddc46-4b2a-4ebe-9065-1e54e3dff522,data/raw/stage17/equity_daily/run_id=78cddc46-4b2a-4ebe-9065-1e54e3dff522/market=HK/symbol=02180.HK/adjust=qfq/source=sina/data.parquet,c9f7235dbeceb83d5521c64c9d76fe859277d1e9c4c54c404d5c874d39c3d6ef
02180.HK,sina,stock_hk_daily,qfq,ohlc_logic_error,upstream_raw_inconsistency_propagated_by_adjustment,2021-02-08,OHLC violates the inclusive daily price envelope,low_gt_close,5.7849,5.7849,5.6868,5.677,1750.0,78cddc46-4b2a-4ebe-9065-1e54e3dff522,data/raw/stage17/equity_daily/run_id=78cddc46-4b2a-4ebe-9065-1e54e3dff522/market=HK/symbol=02180.HK/adjust=qfq/source=sina/data.parquet,c9f7235dbeceb83d5521c64c9d76fe859277d1e9c4c54c404d5c874d39c3d6ef
02180.HK,sina,stock_hk_daily,qfq,ohlc_logic_error,upstream_raw_inconsistency_propagated_by_adjustment,2021-02-09,OHLC violates the inclusive daily price envelope,low_gt_close,5.8437,5.8437,5.8437,5.8143,5000.0,78cddc46-4b2a-4ebe-9065-1e54e3dff522,data/raw/stage17/equity_daily/run_id=78cddc46-4b2a-4ebe-9065-1e54e3dff522/market=HK/symbol=02180.HK/adjust=qfq/source=sina/data.parquet,c9f7235dbeceb83d5521c64c9d76fe859277d1e9c4c54c404d5c874d39c3d6ef
02180.HK,sina,stock_hk_daily,qfq,ohlc_logic_error,upstream_raw_inconsistency_propagated_by_adjustment,2021-02-10,OHLC violates the inclusive daily price envelope,low_gt_close,5.8829,5.8829,5.8829,5.8633,250.0,78cddc46-4b2a-4ebe-9065-1e54e3dff522,data/raw/stage17/equity_daily/run_id=78cddc46-4b2a-4ebe-9065-1e54e3dff522/market=HK/symbol=02180.HK/adjust=qfq/source=sina/data.parquet,c9f7235dbeceb83d5521c64c9d76fe859277d1e9c4c54c404d5c874d39c3d6ef
02180.HK,sina,stock_hk_daily,qfq,ohlc_logic_error,upstream_raw_inconsistency_propagated_by_adjustment,2021-02-22,OHLC violates the inclusive daily price envelope,low_gt_close,5.8829,5.8829,5.8829,5.6868,250.0,78cddc46-4b2a-4ebe-9065-1e54e3dff522,data/raw/stage17/equity_daily/run_id=78cddc46-4b2a-4ebe-9065-1e54e3dff522/market=HK/symbol=02180.HK/adjust=qfq/source=sina/data.parquet,c9f7235dbeceb83d5521c64c9d76fe859277d1e9c4c54c404d5c874d39c3d6ef
02180.HK,sina,stock_hk_daily,qfq,ohlc_logic_error,upstream_raw_inconsistency_propagated_by_adjustment,2021-02-24,OHLC violates the inclusive daily price envelope,high_lt_open,5.8731,5.7947,5.3044,5.3044,4000.0,78cddc46-4b2a-4ebe-9065-1e54e3dff522,data/raw/stage17/equity_daily/run_id=78cddc46-4b2a-4ebe-9065-1e54e3dff522/market=HK/symbol=02180.HK/adjust=qfq/source=sina/data.parquet,c9f7235dbeceb83d5521c64c9d76fe859277d1e9c4c54c404d5c874d39c3d6ef
02180.HK,sina,stock_hk_daily,qfq,ohlc_logic_error,upstream_raw_inconsistency_propagated_by_adjustment,2021-02-25,OHLC violates the inclusive daily price envelope,low_gt_close,5.8339,5.8339,5.8339,5.5888,250.0,78cddc46-4b2a-4ebe-9065-1e54e3dff522,data/raw/stage17/equity_daily/run_id=78cddc46-4b2a-4ebe-9065-1e54e3dff522/market=HK/symbol=02180.HK/adjust=qfq/source=sina/data.parquet,c9f7235dbeceb83d5521c64c9d76fe859277d1e9c4c54c404d5c874d39c3d6ef
02180.HK,sina,stock_hk_daily,qfq,ohlc_logic_error,upstream_raw_inconsistency_propagated_by_adjustment,2021-03-01,OHLC violates the inclusive daily price envelope,high_lt_open|high_lt_close,5.5888,5.0985,5.0985,5.3927,1000.0,78cddc46-4b2a-4ebe-9065-1e54e3dff522,data/raw/stage17/equity_daily/run_id=78cddc46-4b2a-4ebe-9065-1e54e3dff522/market=HK/symbol=02180.HK/adjust=qfq/source=sina/data.parquet,c9f7235dbeceb83d5521c64c9d76fe859277d1e9c4c54c404d5c874d39c3d6ef
02180.HK,sina,stock_hk_daily,qfq,ohlc_logic_error,upstream_raw_inconsistency_propagated_by_adjustment,2021-03-03,OHLC violates the inclusive daily price envelope,high_lt_open,5.5888,5.3927,5.2946,5.3829,31750.0,78cddc46-4b2a-4ebe-9065-1e54e3dff522,data/raw/stage17/equity_daily/run_id=78cddc46-4b2a-4ebe-9065-1e54e3dff522/market=HK/symbol=02180.HK/adjust=qfq/source=sina/data.parquet,c9f7235dbeceb83d5521c64c9d76fe859277d1e9c4c54c404d5c874d39c3d6ef
02180.HK,sina,stock_hk_daily,qfq,ohlc_logic_error,upstream_raw_inconsistency_propagated_by_adjustment,2021-03-04,OHLC violates the inclusive daily price envelope,low_gt_close,5.5888,5.5888,5.5888,5.4907,250.0,78cddc46-4b2a-4ebe-9065-1e54e3dff522,data/raw/stage17/equity_daily/run_id=78cddc46-4b2a-4ebe-9065-1e54e3dff522/market=HK/symbol=02180.HK/adjust=qfq/source=sina/data.parquet,c9f7235dbeceb83d5521c64c9d76fe859277d1e9c4c54c404d5c874d39c3d6ef
02180.HK,sina,stock_hk_daily,qfq,ohlc_logic_error,upstream_raw_inconsistency_propagated_by_adjustment,2021-03-30,OHLC violates the inclusive daily price envelope,high_lt_close,0.0,0.0,0.0,5.0005,0.0,78cddc46-4b2a-4ebe-9065-1e54e3dff522,data/raw/stage17/equity_daily/run_id=78cddc46-4b2a-4ebe-9065-1e54e3dff522/market=HK/symbol=02180.HK/adjust=qfq/source=sina/data.parquet,c9f7235dbeceb83d5521c64c9d76fe859277d1e9c4c54c404d5c874d39c3d6ef
02180.HK,sina,stock_hk_daily,qfq,ohlc_logic_error,upstream_raw_inconsistency_propagated_by_adjustment,2021-04-08,OHLC violates the inclusive daily price envelope,high_lt_close,0.0,0.0,0.0,4.9319,0.0,78cddc46-4b2a-4ebe-9065-1e54e3dff522,data/raw/stage17/equity_daily/run_id=78cddc46-4b2a-4ebe-9065-1e54e3dff522/market=HK/symbol=02180.HK/adjust=qfq/source=sina/data.parquet,c9f7235dbeceb83d5521c64c9d76fe859277d1e9c4c54c404d5c874d39c3d6ef
02180.HK,sina,stock_hk_daily,qfq,ohlc_logic_error,upstream_raw_inconsistency_propagated_by_adjustment,2021-04-15,OHLC violates the inclusive daily price envelope,high_lt_close,0.0,0.0,0.0,4.7799,0.0,78cddc46-4b2a-4ebe-9065-1e54e3dff522,data/raw/stage17/equity_daily/run_id=78cddc46-4b2a-4ebe-9065-1e54e3dff522/market=HK/symbol=02180.HK/adjust=qfq/source=sina/data.parquet,c9f7235dbeceb83d5521c64c9d76fe859277d1e9c4c54c404d5c874d39c3d6ef
02180.HK,sina,stock_hk_daily,qfq,ohlc_logic_error,upstream_raw_inconsistency_propagated_by_adjustment,2021-04-26,OHLC violates the inclusive daily price envelope,high_lt_close,4.7063,4.7063,4.7063,4.7112,2750.0,78cddc46-4b2a-4ebe-9065-1e54e3dff522,data/raw/stage17/equity_daily/run_id=78cddc46-4b2a-4ebe-9065-1e54e3dff522/market=HK/symbol=02180.HK/adjust=qfq/source=sina/data.parquet,c9f7235dbeceb83d5521c64c9d76fe859277d1e9c4c54c404d5c874d39c3d6ef
02180.HK,sina,stock_hk_daily,qfq,ohlc_logic_error,upstream_raw_inconsistency_propagated_by_adjustment,2021-05-05,OHLC violates the inclusive daily price envelope,high_lt_close,0.0,0.0,0.0,4.6867,0.0,78cddc46-4b2a-4ebe-9065-1e54e3dff522,data/raw/stage17/equity_daily/run_id=78cddc46-4b2a-4ebe-9065-1e54e3dff522/market=HK/symbol=02180.HK/adjust=qfq/source=sina/data.parquet,c9f7235dbeceb83d5521c64c9d76fe859277d1e9c4c54c404d5c874d39c3d6ef
02180.HK,sina,stock_hk_daily,qfq,ohlc_logic_error,upstream_raw_inconsistency_propagated_by_adjustment,2021-05-11,OHLC violates the inclusive daily price envelope,high_lt_close,0.0,0.0,0.0,4.6328,0.0,78cddc46-4b2a-4ebe-9065-1e54e3dff522,data/raw/stage17/equity_daily/run_id=78cddc46-4b2a-4ebe-9065-1e54e3dff522/market=HK/symbol=02180.HK/adjust=qfq/source=sina/data.parquet,c9f7235dbeceb83d5521c64c9d76fe859277d1e9c4c54c404d5c874d39c3d6ef
02180.HK,sina,stock_hk_daily,qfq,ohlc_logic_error,upstream_raw_inconsistency_propagated_by_adjustment,2021-05-17,OHLC violates the inclusive daily price envelope,high_lt_close,0.0,0.0,0.0,4.5102,0.0,78cddc46-4b2a-4ebe-9065-1e54e3dff522,data/raw/stage17/equity_daily/run_id=78cddc46-4b2a-4ebe-9065-1e54e3dff522/market=HK/symbol=02180.HK/adjust=qfq/source=sina/data.parquet,c9f7235dbeceb83d5521c64c9d76fe859277d1e9c4c54c404d5c874d39c3d6ef
02180.HK,sina,stock_hk_daily,qfq,ohlc_logic_error,upstream_raw_inconsistency_propagated_by_adjustment,2021-06-07,OHLC violates the inclusive daily price envelope,low_gt_close,4.6132,4.6132,4.6083,4.5985,22738.0,78cddc46-4b2a-4ebe-9065-1e54e3dff522,data/raw/stage17/equity_daily/run_id=78cddc46-4b2a-4ebe-9065-1e54e3dff522/market=HK/symbol=02180.HK/adjust=qfq/source=sina/data.parquet,c9f7235dbeceb83d5521c64c9d76fe859277d1e9c4c54c404d5c874d39c3d6ef
02180.HK,sina,stock_hk_daily,qfq,ohlc_logic_error,upstream_raw_inconsistency_propagated_by_adjustment,2021-06-09,OHLC violates the inclusive daily price envelope,high_lt_close,0.0,0.0,0.0,4.5348,65000.0,78cddc46-4b2a-4ebe-9065-1e54e3dff522,data/raw/stage17/equity_daily/run_id=78cddc46-4b2a-4ebe-9065-1e54e3dff522/market=HK/symbol=02180.HK/adjust=qfq/source=sina/data.parquet,c9f7235dbeceb83d5521c64c9d76fe859277d1e9c4c54c404d5c874d39c3d6ef
02180.HK,sina,stock_hk_daily,qfq,ohlc_logic_error,upstream_raw_inconsistency_propagated_by_adjustment,2021-06-10,OHLC violates the inclusive daily price envelope,high_lt_close,0.0,0.0,0.0,4.5348,0.0,78cddc46-4b2a-4ebe-9065-1e54e3dff522,data/raw/stage17/equity_daily/run_id=78cddc46-4b2a-4ebe-9065-1e54e3dff522/market=HK/symbol=02180.HK/adjust=qfq/source=sina/data.parquet,c9f7235dbeceb83d5521c64c9d76fe859277d1e9c4c54c404d5c874d39c3d6ef
02180.HK,sina,stock_hk_daily,qfq,ohlc_logic_error,upstream_raw_inconsistency_propagated_by_adjustment,2021-06-17,OHLC violates the inclusive daily price envelope,high_lt_close,0.0,0.0,0.0,4.6083,0.0,78cddc46-4b2a-4ebe-9065-1e54e3dff522,data/raw/stage17/equity_daily/run_id=78cddc46-4b2a-4ebe-9065-1e54e3dff522/market=HK/symbol=02180.HK/adjust=qfq/source=sina/data.parquet,c9f7235dbeceb83d5521c64c9d76fe859277d1e9c4c54c404d5c874d39c3d6ef
02180.HK,sina,stock_hk_daily,qfq,ohlc_logic_error,upstream_raw_inconsistency_propagated_by_adjustment,2021-06-30,OHLC violates the inclusive daily price envelope,low_gt_close,4.6328,4.6328,4.6328,4.6083,2250.0,78cddc46-4b2a-4ebe-9065-1e54e3dff522,data/raw/stage17/equity_daily/run_id=78cddc46-4b2a-4ebe-9065-1e54e3dff522/market=HK/symbol=02180.HK/adjust=qfq/source=sina/data.parquet,c9f7235dbeceb83d5521c64c9d76fe859277d1e9c4c54c404d5c874d39c3d6ef
02180.HK,sina,stock_hk_daily,qfq,ohlc_logic_error,upstream_raw_inconsistency_propagated_by_adjustment,2021-07-15,OHLC violates the inclusive daily price envelope,high_lt_close,0.0,0.0,0.0,4.5626,0.0,78cddc46-4b2a-4ebe-9065-1e54e3dff522,data/raw/stage17/equity_daily/run_id=78cddc46-4b2a-4ebe-9065-1e54e3dff522/market=HK/symbol=02180.HK/adjust=qfq/source=sina/data.parquet,c9f7235dbeceb83d5521c64c9d76fe859277d1e9c4c54c404d5c874d39c3d6ef
02180.HK,sina,stock_hk_daily,qfq,ohlc_logic_error,upstream_raw_inconsistency_propagated_by_adjustment,2021-07-20,OHLC violates the inclusive daily price envelope,high_lt_close,4.456,4.456,4.456,4.4763,10000.0,78cddc46-4b2a-4ebe-9065-1e54e3dff522,data/raw/stage17/equity_daily/run_id=78cddc46-4b2a-4ebe-9065-1e54e3dff522/market=HK/symbol=02180.HK/adjust=qfq/source=sina/data.parquet,c9f7235dbeceb83d5521c64c9d76fe859277d1e9c4c54c404d5c874d39c3d6ef
02180.HK,sina,stock_hk_daily,qfq,ohlc_logic_error,upstream_raw_inconsistency_propagated_by_adjustment,2021-07-30,OHLC violates the inclusive daily price envelope,low_gt_close,4.7504,4.8418,4.725,4.72,23750.0,78cddc46-4b2a-4ebe-9065-1e54e3dff522,data/raw/stage17/equity_daily/run_id=78cddc46-4b2a-4ebe-9065-1e54e3dff522/market=HK/symbol=02180.HK/adjust=qfq/source=sina/data.parquet,c9f7235dbeceb83d5521c64c9d76fe859277d1e9c4c54c404d5c874d39c3d6ef
02180.HK,sina,stock_hk_daily,qfq,ohlc_logic_error,upstream_raw_inconsistency_propagated_by_adjustment,2021-08-02,OHLC violates the inclusive daily price envelope,high_lt_close,0.0,0.0,0.0,4.7047,0.0,78cddc46-4b2a-4ebe-9065-1e54e3dff522,data/raw/stage17/equity_daily/run_id=78cddc46-4b2a-4ebe-9065-1e54e3dff522/market=HK/symbol=02180.HK/adjust=qfq/source=sina/data.parquet,c9f7235dbeceb83d5521c64c9d76fe859277d1e9c4c54c404d5c874d39c3d6ef
02180.HK,sina,stock_hk_daily,qfq,ohlc_logic_error,upstream_raw_inconsistency_propagated_by_adjustment,2021-08-10,OHLC violates the inclusive daily price envelope,high_lt_close,0.0,0.0,0.0,4.4814,0.0,78cddc46-4b2a-4ebe-9065-1e54e3dff522,data/raw/stage17/equity_daily/run_id=78cddc46-4b2a-4ebe-9065-1e54e3dff522/market=HK/symbol=02180.HK/adjust=qfq/source=sina/data.parquet,c9f7235dbeceb83d5521c64c9d76fe859277d1e9c4c54c404d5c874d39c3d6ef
02180.HK,sina,stock_hk_daily,qfq,ohlc_logic_error,upstream_raw_inconsistency_propagated_by_adjustment,2021-08-11,OHLC violates the inclusive daily price envelope,high_lt_close,4.4611,4.4662,4.4611,4.5931,1250.0,78cddc46-4b2a-4ebe-9065-1e54e3dff522,data/raw/stage17/equity_daily/run_id=78cddc46-4b2a-4ebe-9065-1e54e3dff522/market=HK/symbol=02180.HK/adjust=qfq/source=sina/data.parquet,c9f7235dbeceb83d5521c64c9d76fe859277d1e9c4c54c404d5c874d39c3d6ef
02180.HK,sina,stock_hk_daily,qfq,ohlc_logic_error,upstream_raw_inconsistency_propagated_by_adjustment,2021-08-12,OHLC violates the inclusive daily price envelope,low_gt_close,4.5931,4.5931,4.5931,4.5423,750.0,78cddc46-4b2a-4ebe-9065-1e54e3dff522,data/raw/stage17/equity_daily/run_id=78cddc46-4b2a-4ebe-9065-1e54e3dff522/market=HK/symbol=02180.HK/adjust=qfq/source=sina/data.parquet,c9f7235dbeceb83d5521c64c9d76fe859277d1e9c4c54c404d5c874d39c3d6ef
02180.HK,sina,stock_hk_daily,qfq,ohlc_logic_error,upstream_raw_inconsistency_propagated_by_adjustment,2021-08-16,OHLC violates the inclusive daily price envelope,high_lt_close,0.0,0.0,0.0,4.6438,0.0,78cddc46-4b2a-4ebe-9065-1e54e3dff522,data/raw/stage17/equity_daily/run_id=78cddc46-4b2a-4ebe-9065-1e54e3dff522/market=HK/symbol=02180.HK/adjust=qfq/source=sina/data.parquet,c9f7235dbeceb83d5521c64c9d76fe859277d1e9c4c54c404d5c874d39c3d6ef
02180.HK,sina,stock_hk_daily,qfq,ohlc_logic_error,upstream_raw_inconsistency_propagated_by_adjustment,2021-08-17,OHLC violates the inclusive daily price envelope,high_lt_close,0.0,0.0,0.0,4.6387,0.0,78cddc46-4b2a-4ebe-9065-1e54e3dff522,data/raw/stage17/equity_daily/run_id=78cddc46-4b2a-4ebe-9065-1e54e3dff522/market=HK/symbol=02180.HK/adjust=qfq/source=sina/data.parquet,c9f7235dbeceb83d5521c64c9d76fe859277d1e9c4c54c404d5c874d39c3d6ef
02180.HK,sina,stock_hk_daily,qfq,ohlc_logic_error,upstream_raw_inconsistency_propagated_by_adjustment,2021-08-19,OHLC violates the inclusive daily price envelope,low_gt_close,4.5931,4.5931,4.5931,4.588,500.0,78cddc46-4b2a-4ebe-9065-1e54e3dff522,data/raw/stage17/equity_daily/run_id=78cddc46-4b2a-4ebe-9065-1e54e3dff522/market=HK/symbol=02180.HK/adjust=qfq/source=sina/data.parquet,c9f7235dbeceb83d5521c64c9d76fe859277d1e9c4c54c404d5c874d39c3d6ef
02180.HK,sina,stock_hk_daily,qfq,ohlc_logic_error,upstream_raw_inconsistency_propagated_by_adjustment,2021-08-23,OHLC violates the inclusive daily price envelope,low_gt_close,4.6387,4.6387,4.6387,4.588,500.0,78cddc46-4b2a-4ebe-9065-1e54e3dff522,data/raw/stage17/equity_daily/run_id=78cddc46-4b2a-4ebe-9065-1e54e3dff522/market=HK/symbol=02180.HK/adjust=qfq/source=sina/data.parquet,c9f7235dbeceb83d5521c64c9d76fe859277d1e9c4c54c404d5c874d39c3d6ef
02180.HK,sina,stock_hk_daily,qfq,ohlc_logic_error,upstream_raw_inconsistency_propagated_by_adjustment,2021-08-24,OHLC violates the inclusive daily price envelope,high_lt_close,0.0,0.0,0.0,4.5728,0.0,78cddc46-4b2a-4ebe-9065-1e54e3dff522,data/raw/stage17/equity_daily/run_id=78cddc46-4b2a-4ebe-9065-1e54e3dff522/market=HK/symbol=02180.HK/adjust=qfq/source=sina/data.parquet,c9f7235dbeceb83d5521c64c9d76fe859277d1e9c4c54c404d5c874d39c3d6ef
02180.HK,sina,stock_hk_daily,qfq,ohlc_logic_error,upstream_raw_inconsistency_propagated_by_adjustment,2021-08-25,OHLC violates the inclusive daily price envelope,low_gt_close,4.6438,4.6438,4.6438,4.5728,750.0,78cddc46-4b2a-4ebe-9065-1e54e3dff522,data/raw/stage17/equity_daily/run_id=78cddc46-4b2a-4ebe-9065-1e54e3dff522/market=HK/symbol=02180.HK/adjust=qfq/source=sina/data.parquet,c9f7235dbeceb83d5521c64c9d76fe859277d1e9c4c54c404d5c874d39c3d6ef
02180.HK,sina,stock_hk_daily,qfq,ohlc_logic_error,upstream_raw_inconsistency_propagated_by_adjustment,2021-08-26,OHLC violates the inclusive daily price envelope,low_gt_close,4.6692,4.6692,4.6692,4.5575,500.0,78cddc46-4b2a-4ebe-9065-1e54e3dff522,data/raw/stage17/equity_daily/run_id=78cddc46-4b2a-4ebe-9065-1e54e3dff522/market=HK/symbol=02180.HK/adjust=qfq/source=sina/data.parquet,c9f7235dbeceb83d5521c64c9d76fe859277d1e9c4c54c404d5c874d39c3d6ef
02180.HK,sina,stock_hk_daily,qfq,ohlc_logic_error,upstream_raw_inconsistency_propagated_by_adjustment,2021-08-27,OHLC violates the inclusive daily price envelope,low_gt_close,4.5575,4.5677,4.5525,4.5119,4250.0,78cddc46-4b2a-4ebe-9065-1e54e3dff522,data/raw/stage17/equity_daily/run_id=78cddc46-4b2a-4ebe-9065-1e54e3dff522/market=HK/symbol=02180.HK/adjust=qfq/source=sina/data.parquet,c9f7235dbeceb83d5521c64c9d76fe859277d1e9c4c54c404d5c874d39c3d6ef
02180.HK,sina,stock_hk_daily,qfq,ohlc_logic_error,upstream_raw_inconsistency_propagated_by_adjustment,2021-08-31,OHLC violates the inclusive daily price envelope,low_gt_close,4.6692,4.6692,4.6184,4.6083,137500.0,78cddc46-4b2a-4ebe-9065-1e54e3dff522,data/raw/stage17/equity_daily/run_id=78cddc46-4b2a-4ebe-9065-1e54e3dff522/market=HK/symbol=02180.HK/adjust=qfq/source=sina/data.parquet,c9f7235dbeceb83d5521c64c9d76fe859277d1e9c4c54c404d5c874d39c3d6ef
02180.HK,sina,stock_hk_daily,qfq,ohlc_logic_error,upstream_raw_inconsistency_propagated_by_adjustment,2021-09-02,OHLC violates the inclusive daily price envelope,low_gt_close,4.8671,4.8671,4.8671,4.7707,250.0,78cddc46-4b2a-4ebe-9065-1e54e3dff522,data/raw/stage17/equity_daily/run_id=78cddc46-4b2a-4ebe-9065-1e54e3dff522/market=HK/symbol=02180.HK/adjust=qfq/source=sina/data.parquet,c9f7235dbeceb83d5521c64c9d76fe859277d1e9c4c54c404d5c874d39c3d6ef
02180.HK,sina,stock_hk_daily,qfq,ohlc_logic_error,upstream_raw_inconsistency_propagated_by_adjustment,2021-09-03,OHLC violates the inclusive daily price envelope,low_gt_close,4.7656,4.7656,4.7656,4.6895,500.0,78cddc46-4b2a-4ebe-9065-1e54e3dff522,data/raw/stage17/equity_daily/run_id=78cddc46-4b2a-4ebe-9065-1e54e3dff522/market=HK/symbol=02180.HK/adjust=qfq/source=sina/data.parquet,c9f7235dbeceb83d5521c64c9d76fe859277d1e9c4c54c404d5c874d39c3d6ef
02180.HK,sina,stock_hk_daily,qfq,ohlc_logic_error,upstream_raw_inconsistency_propagated_by_adjustment,2021-09-06,OHLC violates the inclusive daily price envelope,low_gt_close,4.7961,4.7961,4.7961,4.7352,32500.0,78cddc46-4b2a-4ebe-9065-1e54e3dff522,data/raw/stage17/equity_daily/run_id=78cddc46-4b2a-4ebe-9065-1e54e3dff522/market=HK/symbol=02180.HK/adjust=qfq/source=sina/data.parquet,c9f7235dbeceb83d5521c64c9d76fe859277d1e9c4c54c404d5c874d39c3d6ef
02180.HK,sina,stock_hk_daily,qfq,ohlc_logic_error,upstream_raw_inconsistency_propagated_by_adjustment,2021-09-08,OHLC violates the inclusive daily price envelope,high_lt_close,0.0,0.0,0.0,4.6743,0.0,78cddc46-4b2a-4ebe-9065-1e54e3dff522,data/raw/stage17/equity_daily/run_id=78cddc46-4b2a-4ebe-9065-1e54e3dff522/market=HK/symbol=02180.HK/adjust=qfq/source=sina/data.parquet,c9f7235dbeceb83d5521c64c9d76fe859277d1e9c4c54c404d5c874d39c3d6ef
02180.HK,sina,stock_hk_daily,qfq,ohlc_logic_error,upstream_raw_inconsistency_propagated_by_adjustment,2021-09-09,OHLC violates the inclusive daily price envelope,high_lt_close,4.5728,4.5728,4.5677,4.5981,10000.0,78cddc46-4b2a-4ebe-9065-1e54e3dff522,data/raw/stage17/equity_daily/run_id=78cddc46-4b2a-4ebe-9065-1e54e3dff522/market=HK/symbol=02180.HK/adjust=qfq/source=sina/data.parquet,c9f7235dbeceb83d5521c64c9d76fe859277d1e9c4c54c404d5c874d39c3d6ef
02180.HK,sina,stock_hk_daily,qfq,ohlc_logic_error,upstream_raw_inconsistency_propagated_by_adjustment,2021-09-10,OHLC violates the inclusive daily price envelope,low_gt_close,4.8722,4.8722,4.8418,4.7098,1500.0,78cddc46-4b2a-4ebe-9065-1e54e3dff522,data/raw/stage17/equity_daily/run_id=78cddc46-4b2a-4ebe-9065-1e54e3dff522/market=HK/symbol=02180.HK/adjust=qfq/source=sina/data.parquet,c9f7235dbeceb83d5521c64c9d76fe859277d1e9c4c54c404d5c874d39c3d6ef
02180.HK,sina,stock_hk_daily,qfq,ohlc_logic_error,upstream_raw_inconsistency_propagated_by_adjustment,2021-09-13,OHLC violates the inclusive daily price envelope,low_gt_close,4.7098,4.7098,4.7098,4.6337,250.0,78cddc46-4b2a-4ebe-9065-1e54e3dff522,data/raw/stage17/equity_daily/run_id=78cddc46-4b2a-4ebe-9065-1e54e3dff522/market=HK/symbol=02180.HK/adjust=qfq/source=sina/data.parquet,c9f7235dbeceb83d5521c64c9d76fe859277d1e9c4c54c404d5c874d39c3d6ef
02180.HK,sina,stock_hk_daily,qfq,ohlc_logic_error,upstream_raw_inconsistency_propagated_by_adjustment,2021-09-15,OHLC violates the inclusive daily price envelope,high_lt_close,0.0,0.0,0.0,4.5575,0.0,78cddc46-4b2a-4ebe-9065-1e54e3dff522,data/raw/stage17/equity_daily/run_id=78cddc46-4b2a-4ebe-9065-1e54e3dff522/market=HK/symbol=02180.HK/adjust=qfq/source=sina/data.parquet,c9f7235dbeceb83d5521c64c9d76fe859277d1e9c4c54c404d5c874d39c3d6ef
02180.HK,sina,stock_hk_daily,qfq,ohlc_logic_error,upstream_raw_inconsistency_propagated_by_adjustment,2021-09-16,OHLC violates the inclusive daily price envelope,low_gt_close,4.6184,4.6184,4.6184,4.6134,9500.0,78cddc46-4b2a-4ebe-9065-1e54e3dff522,data/raw/stage17/equity_daily/run_id=78cddc46-4b2a-4ebe-9065-1e54e3dff522/market=HK/symbol=02180.HK/adjust=qfq/source=sina/data.parquet,c9f7235dbeceb83d5521c64c9d76fe859277d1e9c4c54c404d5c874d39c3d6ef
02180.HK,sina,stock_hk_daily,qfq,ohlc_logic_error,upstream_raw_inconsistency_propagated_by_adjustment,2021-09-17,OHLC violates the inclusive daily price envelope,low_gt_close,4.7149,4.7149,4.7149,4.5931,250.0,78cddc46-4b2a-4ebe-9065-1e54e3dff522,data/raw/stage17/equity_daily/run_id=78cddc46-4b2a-4ebe-9065-1e54e3dff522/market=HK/symbol=02180.HK/adjust=qfq/source=sina/data.parquet,c9f7235dbeceb83d5521c64c9d76fe859277d1e9c4c54c404d5c874d39c3d6ef
02180.HK,sina,stock_hk_daily,qfq,ohlc_logic_error,upstream_raw_inconsistency_propagated_by_adjustment,2021-09-21,OHLC violates the inclusive daily price envelope,high_lt_close,0.0,0.0,0.0,4.5931,0.0,78cddc46-4b2a-4ebe-9065-1e54e3dff522,data/raw/stage17/equity_daily/run_id=78cddc46-4b2a-4ebe-9065-1e54e3dff522/market=HK/symbol=02180.HK/adjust=qfq/source=sina/data.parquet,c9f7235dbeceb83d5521c64c9d76fe859277d1e9c4c54c404d5c874d39c3d6ef
02180.HK,sina,stock_hk_daily,qfq,ohlc_logic_error,upstream_raw_inconsistency_propagated_by_adjustment,2021-10-08,OHLC violates the inclusive daily price envelope,low_gt_close,4.6794,4.6794,4.6692,4.5931,75750.0,78cddc46-4b2a-4ebe-9065-1e54e3dff522,data/raw/stage17/equity_daily/run_id=78cddc46-4b2a-4ebe-9065-1e54e3dff522/market=HK/symbol=02180.HK/adjust=qfq/source=sina/data.parquet,c9f7235dbeceb83d5521c64c9d76fe859277d1e9c4c54c404d5c874d39c3d6ef
02180.HK,sina,stock_hk_daily,qfq,ohlc_logic_error,upstream_raw_inconsistency_propagated_by_adjustment,2021-10-12,OHLC violates the inclusive daily price envelope,high_lt_close,0.0,0.0,0.0,4.659,0.0,78cddc46-4b2a-4ebe-9065-1e54e3dff522,data/raw/stage17/equity_daily/run_id=78cddc46-4b2a-4ebe-9065-1e54e3dff522/market=HK/symbol=02180.HK/adjust=qfq/source=sina/data.parquet,c9f7235dbeceb83d5521c64c9d76fe859277d1e9c4c54c404d5c874d39c3d6ef
02180.HK,sina,stock_hk_daily,qfq,ohlc_logic_error,upstream_raw_inconsistency_propagated_by_adjustment,2021-10-18,OHLC violates the inclusive daily price envelope,high_lt_close,0.0,0.0,0.0,4.6641,0.0,78cddc46-4b2a-4ebe-9065-1e54e3dff522,data/raw/stage17/equity_daily/run_id=78cddc46-4b2a-4ebe-9065-1e54e3dff522/market=HK/symbol=02180.HK/adjust=qfq/source=sina/data.parquet,c9f7235dbeceb83d5521c64c9d76fe859277d1e9c4c54c404d5c874d39c3d6ef
02180.HK,sina,stock_hk_daily,qfq,ohlc_logic_error,upstream_raw_inconsistency_propagated_by_adjustment,2021-10-21,OHLC violates the inclusive daily price envelope,high_lt_close,0.0,0.0,0.0,4.7809,0.0,78cddc46-4b2a-4ebe-9065-1e54e3dff522,data/raw/stage17/equity_daily/run_id=78cddc46-4b2a-4ebe-9065-1e54e3dff522/market=HK/symbol=02180.HK/adjust=qfq/source=sina/data.parquet,c9f7235dbeceb83d5521c64c9d76fe859277d1e9c4c54c404d5c874d39c3d6ef
02180.HK,sina,stock_hk_daily,qfq,ohlc_logic_error,upstream_raw_inconsistency_propagated_by_adjustment,2021-10-25,OHLC violates the inclusive daily price envelope,high_lt_close,0.0,0.0,0.0,4.8164,0.0,78cddc46-4b2a-4ebe-9065-1e54e3dff522,data/raw/stage17/equity_daily/run_id=78cddc46-4b2a-4ebe-9065-1e54e3dff522/market=HK/symbol=02180.HK/adjust=qfq/source=sina/data.parquet,c9f7235dbeceb83d5521c64c9d76fe859277d1e9c4c54c404d5c874d39c3d6ef
02180.HK,sina,stock_hk_daily,qfq,ohlc_logic_error,upstream_raw_inconsistency_propagated_by_adjustment,2021-10-26,OHLC violates the inclusive daily price envelope,low_gt_close,4.8215,4.8215,4.8164,4.7453,1250.0,78cddc46-4b2a-4ebe-9065-1e54e3dff522,data/raw/stage17/equity_daily/run_id=78cddc46-4b2a-4ebe-9065-1e54e3dff522/market=HK/symbol=02180.HK/adjust=qfq/source=sina/data.parquet,c9f7235dbeceb83d5521c64c9d76fe859277d1e9c4c54c404d5c874d39c3d6ef
02180.HK,sina,stock_hk_daily,qfq,ohlc_logic_error,upstream_raw_inconsistency_propagated_by_adjustment,2021-10-28,OHLC violates the inclusive daily price envelope,high_lt_close,4.6438,4.6489,4.5322,4.6692,10500.0,78cddc46-4b2a-4ebe-9065-1e54e3dff522,data/raw/stage17/equity_daily/run_id=78cddc46-4b2a-4ebe-9065-1e54e3dff522/market=HK/symbol=02180.HK/adjust=qfq/source=sina/data.parquet,c9f7235dbeceb83d5521c64c9d76fe859277d1e9c4c54c404d5c874d39c3d6ef
02180.HK,sina,stock_hk_daily,qfq,ohlc_logic_error,upstream_raw_inconsistency_propagated_by_adjustment,2021-11-03,OHLC violates the inclusive daily price envelope,high_lt_close,0.0,0.0,0.0,4.6083,0.0,78cddc46-4b2a-4ebe-9065-1e54e3dff522,data/raw/stage17/equity_daily/run_id=78cddc46-4b2a-4ebe-9065-1e54e3dff522/market=HK/symbol=02180.HK/adjust=qfq/source=sina/data.parquet,c9f7235dbeceb83d5521c64c9d76fe859277d1e9c4c54c404d5c874d39c3d6ef
02180.HK,sina,stock_hk_daily,qfq,ohlc_logic_error,upstream_raw_inconsistency_propagated_by_adjustment,2021-11-05,OHLC violates the inclusive daily price envelope,high_lt_close,0.0,0.0,0.0,4.5677,0.0,78cddc46-4b2a-4ebe-9065-1e54e3dff522,data/raw/stage17/equity_daily/run_id=78cddc46-4b2a-4ebe-9065-1e54e3dff522/market=HK/symbol=02180.HK/adjust=qfq/source=sina/data.parquet,c9f7235dbeceb83d5521c64c9d76fe859277d1e9c4c54c404d5c874d39c3d6ef
02180.HK,sina,stock_hk_daily,qfq,ohlc_logic_error,upstream_raw_inconsistency_propagated_by_adjustment,2021-11-09,OHLC violates the inclusive daily price envelope,low_gt_close,4.8113,4.8113,4.8113,4.7707,5000.0,78cddc46-4b2a-4ebe-9065-1e54e3dff522,data/raw/stage17/equity_daily/run_id=78cddc46-4b2a-4ebe-9065-1e54e3dff522/market=HK/symbol=02180.HK/adjust=qfq/source=sina/data.parquet,c9f7235dbeceb83d5521c64c9d76fe859277d1e9c4c54c404d5c874d39c3d6ef
02180.HK,sina,stock_hk_daily,qfq,ohlc_logic_error,upstream_raw_inconsistency_propagated_by_adjustment,2021-11-10,OHLC violates the inclusive daily price envelope,high_lt_close,0.0,0.0,0.0,4.7707,1000.0,78cddc46-4b2a-4ebe-9065-1e54e3dff522,data/raw/stage17/equity_daily/run_id=78cddc46-4b2a-4ebe-9065-1e54e3dff522/market=HK/symbol=02180.HK/adjust=qfq/source=sina/data.parquet,c9f7235dbeceb83d5521c64c9d76fe859277d1e9c4c54c404d5c874d39c3d6ef
02180.HK,sina,stock_hk_daily,qfq,ohlc_logic_error,upstream_raw_inconsistency_propagated_by_adjustment,2021-12-09,OHLC violates the inclusive daily price envelope,high_lt_close,4.3951,4.4814,4.3951,4.5677,500.0,78cddc46-4b2a-4ebe-9065-1e54e3dff522,data/raw/stage17/equity_daily/run_id=78cddc46-4b2a-4ebe-9065-1e54e3dff522/market=HK/symbol=02180.HK/adjust=qfq/source=sina/data.parquet,c9f7235dbeceb83d5521c64c9d76fe859277d1e9c4c54c404d5c874d39c3d6ef
02180.HK,sina,stock_hk_daily,qfq,ohlc_logic_error,upstream_raw_inconsistency_propagated_by_adjustment,2021-12-24,OHLC violates the inclusive daily price envelope,high_lt_close,4.4002,4.4002,4.4002,4.4053,500.0,78cddc46-4b2a-4ebe-9065-1e54e3dff522,data/raw/stage17/equity_daily/run_id=78cddc46-4b2a-4ebe-9065-1e54e3dff522/market=HK/symbol=02180.HK/adjust=qfq/source=sina/data.parquet,c9f7235dbeceb83d5521c64c9d76fe859277d1e9c4c54c404d5c874d39c3d6ef
02180.HK,sina,stock_hk_daily,qfq,ohlc_logic_error,upstream_raw_inconsistency_propagated_by_adjustment,2022-01-14,OHLC violates the inclusive daily price envelope,low_gt_close,4.72,4.72,4.6337,4.6134,18500.0,78cddc46-4b2a-4ebe-9065-1e54e3dff522,data/raw/stage17/equity_daily/run_id=78cddc46-4b2a-4ebe-9065-1e54e3dff522/market=HK/symbol=02180.HK/adjust=qfq/source=sina/data.parquet,c9f7235dbeceb83d5521c64c9d76fe859277d1e9c4c54c404d5c874d39c3d6ef
02180.HK,sina,stock_hk_daily,qfq,ohlc_logic_error,upstream_raw_inconsistency_propagated_by_adjustment,2022-03-14,OHLC violates the inclusive daily price envelope,low_gt_close,4.5677,4.5677,4.5677,4.5575,2250.0,78cddc46-4b2a-4ebe-9065-1e54e3dff522,data/raw/stage17/equity_daily/run_id=78cddc46-4b2a-4ebe-9065-1e54e3dff522/market=HK/symbol=02180.HK/adjust=qfq/source=sina/data.parquet,c9f7235dbeceb83d5521c64c9d76fe859277d1e9c4c54c404d5c874d39c3d6ef
02180.HK,sina,stock_hk_daily,qfq,ohlc_logic_error,upstream_raw_inconsistency_propagated_by_adjustment,2022-03-15,OHLC violates the inclusive daily price envelope,low_gt_close,4.3647,4.3647,4.3596,4.3241,500.0,78cddc46-4b2a-4ebe-9065-1e54e3dff522,data/raw/stage17/equity_daily/run_id=78cddc46-4b2a-4ebe-9065-1e54e3dff522/market=HK/symbol=02180.HK/adjust=qfq/source=sina/data.parquet,c9f7235dbeceb83d5521c64c9d76fe859277d1e9c4c54c404d5c874d39c3d6ef
02180.HK,sina,stock_hk_daily,qfq,ohlc_logic_error,upstream_raw_inconsistency_propagated_by_adjustment,2022-03-23,OHLC violates the inclusive daily price envelope,high_lt_close,4.2175,4.2175,4.2175,4.2784,1000.0,78cddc46-4b2a-4ebe-9065-1e54e3dff522,data/raw/stage17/equity_daily/run_id=78cddc46-4b2a-4ebe-9065-1e54e3dff522/market=HK/symbol=02180.HK/adjust=qfq/source=sina/data.parquet,c9f7235dbeceb83d5521c64c9d76fe859277d1e9c4c54c404d5c874d39c3d6ef
02180.HK,sina,stock_hk_daily,qfq,ohlc_logic_error,upstream_raw_inconsistency_propagated_by_adjustment,2022-03-28,OHLC violates the inclusive daily price envelope,high_lt_close,4.2429,4.2632,4.2378,4.2886,110250.0,78cddc46-4b2a-4ebe-9065-1e54e3dff522,data/raw/stage17/equity_daily/run_id=78cddc46-4b2a-4ebe-9065-1e54e3dff522/market=HK/symbol=02180.HK/adjust=qfq/source=sina/data.parquet,c9f7235dbeceb83d5521c64c9d76fe859277d1e9c4c54c404d5c874d39c3d6ef
02180.HK,sina,stock_hk_daily,qfq,ohlc_logic_error,upstream_raw_inconsistency_propagated_by_adjustment,2022-05-16,OHLC violates the inclusive daily price envelope,high_lt_close,4.5677,4.5677,4.5677,4.5728,5000.0,78cddc46-4b2a-4ebe-9065-1e54e3dff522,data/raw/stage17/equity_daily/run_id=78cddc46-4b2a-4ebe-9065-1e54e3dff522/market=HK/symbol=02180.HK/adjust=qfq/source=sina/data.parquet,c9f7235dbeceb83d5521c64c9d76fe859277d1e9c4c54c404d5c874d39c3d6ef
02180.HK,sina,stock_hk_daily,qfq,ohlc_logic_error,upstream_raw_inconsistency_propagated_by_adjustment,2022-06-22,OHLC violates the inclusive daily price envelope,low_gt_close,5.0245,5.0245,5.0245,4.9636,2500.0,78cddc46-4b2a-4ebe-9065-1e54e3dff522,data/raw/stage17/equity_daily/run_id=78cddc46-4b2a-4ebe-9065-1e54e3dff522/market=HK/symbol=02180.HK/adjust=qfq/source=sina/data.parquet,c9f7235dbeceb83d5521c64c9d76fe859277d1e9c4c54c404d5c874d39c3d6ef
02180.HK,sina,stock_hk_daily,qfq,ohlc_logic_error,upstream_raw_inconsistency_propagated_by_adjustment,2022-07-08,OHLC violates the inclusive daily price envelope,high_lt_close,5.0131,5.0131,5.0131,5.0395,270900.0,78cddc46-4b2a-4ebe-9065-1e54e3dff522,data/raw/stage17/equity_daily/run_id=78cddc46-4b2a-4ebe-9065-1e54e3dff522/market=HK/symbol=02180.HK/adjust=qfq/source=sina/data.parquet,c9f7235dbeceb83d5521c64c9d76fe859277d1e9c4c54c404d5c874d39c3d6ef
02180.HK,sina,stock_hk_daily,qfq,ohlc_logic_error,upstream_raw_inconsistency_propagated_by_adjustment,2022-08-31,OHLC violates the inclusive daily price envelope,low_gt_close,5.1714,5.1714,5.1714,5.0711,245750.0,78cddc46-4b2a-4ebe-9065-1e54e3dff522,data/raw/stage17/equity_daily/run_id=78cddc46-4b2a-4ebe-9065-1e54e3dff522/market=HK/symbol=02180.HK/adjust=qfq/source=sina/data.parquet,c9f7235dbeceb83d5521c64c9d76fe859277d1e9c4c54c404d5c874d39c3d6ef
02180.HK,sina,stock_hk_daily,qfq,ohlc_logic_error,upstream_raw_inconsistency_propagated_by_adjustment,2022-10-03,OHLC violates the inclusive daily price envelope,low_gt_close,5.0698,5.0698,5.0698,5.0633,5000.0,78cddc46-4b2a-4ebe-9065-1e54e3dff522,data/raw/stage17/equity_daily/run_id=78cddc46-4b2a-4ebe-9065-1e54e3dff522/market=HK/symbol=02180.HK/adjust=qfq/source=sina/data.parquet,c9f7235dbeceb83d5521c64c9d76fe859277d1e9c4c54c404d5c874d39c3d6ef
02180.HK,sina,stock_hk_daily,qfq,ohlc_logic_error,upstream_raw_inconsistency_propagated_by_adjustment,2022-10-26,OHLC violates the inclusive daily price envelope,low_gt_close,5.0633,5.0633,5.0568,4.7975,1000.0,78cddc46-4b2a-4ebe-9065-1e54e3dff522,data/raw/stage17/equity_daily/run_id=78cddc46-4b2a-4ebe-9065-1e54e3dff522/market=HK/symbol=02180.HK/adjust=qfq/source=sina/data.parquet,c9f7235dbeceb83d5521c64c9d76fe859277d1e9c4c54c404d5c874d39c3d6ef
02180.HK,sina,stock_hk_daily,qfq,ohlc_logic_error,upstream_raw_inconsistency_propagated_by_adjustment,2022-11-11,OHLC violates the inclusive daily price envelope,low_gt_close,5.0438,5.0438,5.0438,5.0309,13000.0,78cddc46-4b2a-4ebe-9065-1e54e3dff522,data/raw/stage17/equity_daily/run_id=78cddc46-4b2a-4ebe-9065-1e54e3dff522/market=HK/symbol=02180.HK/adjust=qfq/source=sina/data.parquet,c9f7235dbeceb83d5521c64c9d76fe859277d1e9c4c54c404d5c874d39c3d6ef
02180.HK,sina,stock_hk_daily,qfq,ohlc_logic_error,upstream_raw_inconsistency_propagated_by_adjustment,2022-11-21,OHLC violates the inclusive daily price envelope,high_lt_open,5.0438,5.0373,4.5381,5.0373,7250.0,78cddc46-4b2a-4ebe-9065-1e54e3dff522,data/raw/stage17/equity_daily/run_id=78cddc46-4b2a-4ebe-9065-1e54e3dff522/market=HK/symbol=02180.HK/adjust=qfq/source=sina/data.parquet,c9f7235dbeceb83d5521c64c9d76fe859277d1e9c4c54c404d5c874d39c3d6ef
02180.HK,sina,stock_hk_daily,qfq,ohlc_logic_error,upstream_raw_inconsistency_propagated_by_adjustment,2023-01-31,OHLC violates the inclusive daily price envelope,high_lt_close,4.4798,4.4798,4.4798,4.5057,2000.0,78cddc46-4b2a-4ebe-9065-1e54e3dff522,data/raw/stage17/equity_daily/run_id=78cddc46-4b2a-4ebe-9065-1e54e3dff522/market=HK/symbol=02180.HK/adjust=qfq/source=sina/data.parquet,c9f7235dbeceb83d5521c64c9d76fe859277d1e9c4c54c404d5c874d39c3d6ef
02180.HK,sina,stock_hk_daily,qfq,ohlc_logic_error,upstream_raw_inconsistency_propagated_by_adjustment,2023-02-20,OHLC violates the inclusive daily price envelope,high_lt_close,4.2853,4.2853,4.2788,4.4085,15250.0,78cddc46-4b2a-4ebe-9065-1e54e3dff522,data/raw/stage17/equity_daily/run_id=78cddc46-4b2a-4ebe-9065-1e54e3dff522/market=HK/symbol=02180.HK/adjust=qfq/source=sina/data.parquet,c9f7235dbeceb83d5521c64c9d76fe859277d1e9c4c54c404d5c874d39c3d6ef
02180.HK,sina,stock_hk_daily,qfq,ohlc_logic_error,upstream_raw_inconsistency_propagated_by_adjustment,2023-04-18,OHLC violates the inclusive daily price envelope,high_lt_close,4.5381,4.5381,4.5381,4.5511,1003250.0,78cddc46-4b2a-4ebe-9065-1e54e3dff522,data/raw/stage17/equity_daily/run_id=78cddc46-4b2a-4ebe-9065-1e54e3dff522/market=HK/symbol=02180.HK/adjust=qfq/source=sina/data.parquet,c9f7235dbeceb83d5521c64c9d76fe859277d1e9c4c54c404d5c874d39c3d6ef
02180.HK,sina,stock_hk_daily,qfq,ohlc_logic_error,upstream_raw_inconsistency_propagated_by_adjustment,2023-06-05,OHLC violates the inclusive daily price envelope,low_gt_close,4.4733,4.4733,4.4733,4.1686,3750.0,78cddc46-4b2a-4ebe-9065-1e54e3dff522,data/raw/stage17/equity_daily/run_id=78cddc46-4b2a-4ebe-9065-1e54e3dff522/market=HK/symbol=02180.HK/adjust=qfq/source=sina/data.parquet,c9f7235dbeceb83d5521c64c9d76fe859277d1e9c4c54c404d5c874d39c3d6ef
02180.HK,sina,stock_hk_daily,qfq,ohlc_logic_error,upstream_raw_inconsistency_propagated_by_adjustment,2023-06-12,OHLC violates the inclusive daily price envelope,high_lt_close,4.2918,4.2918,4.2918,4.3112,4750.0,78cddc46-4b2a-4ebe-9065-1e54e3dff522,data/raw/stage17/equity_daily/run_id=78cddc46-4b2a-4ebe-9065-1e54e3dff522/market=HK/symbol=02180.HK/adjust=qfq/source=sina/data.parquet,c9f7235dbeceb83d5521c64c9d76fe859277d1e9c4c54c404d5c874d39c3d6ef
02180.HK,sina,stock_hk_daily,qfq,ohlc_logic_error,upstream_raw_inconsistency_propagated_by_adjustment,2023-07-20,OHLC violates the inclusive daily price envelope,high_lt_close,4.2304,4.2304,4.2304,4.3626,1250.0,78cddc46-4b2a-4ebe-9065-1e54e3dff522,data/raw/stage17/equity_daily/run_id=78cddc46-4b2a-4ebe-9065-1e54e3dff522/market=HK/symbol=02180.HK/adjust=qfq/source=sina/data.parquet,c9f7235dbeceb83d5521c64c9d76fe859277d1e9c4c54c404d5c874d39c3d6ef
02180.HK,sina,stock_hk_daily,qfq,ohlc_logic_error,upstream_raw_inconsistency_propagated_by_adjustment,2023-08-23,OHLC violates the inclusive daily price envelope,low_gt_close,4.627,4.627,4.627,4.2304,2000.0,78cddc46-4b2a-4ebe-9065-1e54e3dff522,data/raw/stage17/equity_daily/run_id=78cddc46-4b2a-4ebe-9065-1e54e3dff522/market=HK/symbol=02180.HK/adjust=qfq/source=sina/data.parquet,c9f7235dbeceb83d5521c64c9d76fe859277d1e9c4c54c404d5c874d39c3d6ef
02180.HK,sina,stock_hk_daily,qfq,ohlc_logic_error,upstream_raw_inconsistency_propagated_by_adjustment,2023-09-12,OHLC violates the inclusive daily price envelope,low_gt_close,3.4041,3.4041,3.3513,3.338,1000.0,78cddc46-4b2a-4ebe-9065-1e54e3dff522,data/raw/stage17/equity_daily/run_id=78cddc46-4b2a-4ebe-9065-1e54e3dff522/market=HK/symbol=02180.HK/adjust=qfq/source=sina/data.parquet,c9f7235dbeceb83d5521c64c9d76fe859277d1e9c4c54c404d5c874d39c3d6ef
02180.HK,sina,stock_hk_daily,qfq,ohlc_logic_error,upstream_raw_inconsistency_propagated_by_adjustment,2023-09-13,OHLC violates the inclusive daily price envelope,low_gt_close,3.338,3.338,3.338,3.3314,36500.0,78cddc46-4b2a-4ebe-9065-1e54e3dff522,data/raw/stage17/equity_daily/run_id=78cddc46-4b2a-4ebe-9065-1e54e3dff522/market=HK/symbol=02180.HK/adjust=qfq/source=sina/data.parquet,c9f7235dbeceb83d5521c64c9d76fe859277d1e9c4c54c404d5c874d39c3d6ef
02180.HK,sina,stock_hk_daily,qfq,ohlc_logic_error,upstream_raw_inconsistency_propagated_by_adjustment,2024-03-05,OHLC violates the inclusive daily price envelope,low_gt_close,3.7743,3.7743,3.7743,3.7677,250.0,78cddc46-4b2a-4ebe-9065-1e54e3dff522,data/raw/stage17/equity_daily/run_id=78cddc46-4b2a-4ebe-9065-1e54e3dff522/market=HK/symbol=02180.HK/adjust=qfq/source=sina/data.parquet,c9f7235dbeceb83d5521c64c9d76fe859277d1e9c4c54c404d5c874d39c3d6ef
02180.HK,sina,stock_hk_daily,qfq,ohlc_logic_error,upstream_raw_inconsistency_propagated_by_adjustment,2024-04-08,OHLC violates the inclusive daily price envelope,high_lt_close,3.2058,3.2058,3.1992,3.2125,3000.0,78cddc46-4b2a-4ebe-9065-1e54e3dff522,data/raw/stage17/equity_daily/run_id=78cddc46-4b2a-4ebe-9065-1e54e3dff522/market=HK/symbol=02180.HK/adjust=qfq/source=sina/data.parquet,c9f7235dbeceb83d5521c64c9d76fe859277d1e9c4c54c404d5c874d39c3d6ef
02180.HK,sina,stock_hk_daily,qfq,ohlc_logic_error,upstream_raw_inconsistency_propagated_by_adjustment,2024-06-12,OHLC violates the inclusive daily price envelope,low_gt_close,3.543,3.543,3.543,3.5363,10000.0,78cddc46-4b2a-4ebe-9065-1e54e3dff522,data/raw/stage17/equity_daily/run_id=78cddc46-4b2a-4ebe-9065-1e54e3dff522/market=HK/symbol=02180.HK/adjust=qfq/source=sina/data.parquet,c9f7235dbeceb83d5521c64c9d76fe859277d1e9c4c54c404d5c874d39c3d6ef
02180.HK,sina,stock_hk_daily,qfq,ohlc_logic_error,upstream_raw_inconsistency_propagated_by_adjustment,2024-06-14,OHLC violates the inclusive daily price envelope,low_gt_close,3.4702,3.4702,3.4702,3.4636,7000.0,78cddc46-4b2a-4ebe-9065-1e54e3dff522,data/raw/stage17/equity_daily/run_id=78cddc46-4b2a-4ebe-9065-1e54e3dff522/market=HK/symbol=02180.HK/adjust=qfq/source=sina/data.parquet,c9f7235dbeceb83d5521c64c9d76fe859277d1e9c4c54c404d5c874d39c3d6ef
02180.HK,sina,stock_hk_daily,qfq,ohlc_logic_error,upstream_raw_inconsistency_propagated_by_adjustment,2024-06-24,OHLC violates the inclusive daily price envelope,low_gt_close,3.4372,3.4372,3.4372,3.4306,4000.0,78cddc46-4b2a-4ebe-9065-1e54e3dff522,data/raw/stage17/equity_daily/run_id=78cddc46-4b2a-4ebe-9065-1e54e3dff522/market=HK/symbol=02180.HK/adjust=qfq/source=sina/data.parquet,c9f7235dbeceb83d5521c64c9d76fe859277d1e9c4c54c404d5c874d39c3d6ef
02180.HK,sina,stock_hk_daily,qfq,ohlc_logic_error,upstream_raw_inconsistency_propagated_by_adjustment,2024-10-02,OHLC violates the inclusive daily price envelope,low_gt_close,3.4463,3.4463,3.4463,3.4393,14000.0,78cddc46-4b2a-4ebe-9065-1e54e3dff522,data/raw/stage17/equity_daily/run_id=78cddc46-4b2a-4ebe-9065-1e54e3dff522/market=HK/symbol=02180.HK/adjust=qfq/source=sina/data.parquet,c9f7235dbeceb83d5521c64c9d76fe859277d1e9c4c54c404d5c874d39c3d6ef
02180.HK,sina,stock_hk_daily,qfq,ohlc_logic_error,upstream_raw_inconsistency_propagated_by_adjustment,2024-10-08,OHLC violates the inclusive daily price envelope,low_gt_close,3.3057,3.3057,3.2846,3.2705,1750.0,78cddc46-4b2a-4ebe-9065-1e54e3dff522,data/raw/stage17/equity_daily/run_id=78cddc46-4b2a-4ebe-9065-1e54e3dff522/market=HK/symbol=02180.HK/adjust=qfq/source=sina/data.parquet,c9f7235dbeceb83d5521c64c9d76fe859277d1e9c4c54c404d5c874d39c3d6ef
02180.HK,sina,stock_hk_daily,qfq,ohlc_logic_error,upstream_raw_inconsistency_propagated_by_adjustment,2024-10-24,OHLC violates the inclusive daily price envelope,high_lt_close,3.1439,3.1439,3.1439,3.2353,750.0,78cddc46-4b2a-4ebe-9065-1e54e3dff522,data/raw/stage17/equity_daily/run_id=78cddc46-4b2a-4ebe-9065-1e54e3dff522/market=HK/symbol=02180.HK/adjust=qfq/source=sina/data.parquet,c9f7235dbeceb83d5521c64c9d76fe859277d1e9c4c54c404d5c874d39c3d6ef
02180.HK,sina,stock_hk_daily,qfq,ohlc_logic_error,upstream_raw_inconsistency_propagated_by_adjustment,2024-10-28,OHLC violates the inclusive daily price envelope,low_gt_close,3.4041,3.4041,3.4041,3.376,3000.0,78cddc46-4b2a-4ebe-9065-1e54e3dff522,data/raw/stage17/equity_daily/run_id=78cddc46-4b2a-4ebe-9065-1e54e3dff522/market=HK/symbol=02180.HK/adjust=qfq/source=sina/data.parquet,c9f7235dbeceb83d5521c64c9d76fe859277d1e9c4c54c404d5c874d39c3d6ef
02180.HK,sina,stock_hk_daily,qfq,ohlc_logic_error,upstream_raw_inconsistency_propagated_by_adjustment,2024-12-03,OHLC violates the inclusive daily price envelope,high_lt_close,3.0243,3.0243,3.0243,3.0314,250.0,78cddc46-4b2a-4ebe-9065-1e54e3dff522,data/raw/stage17/equity_daily/run_id=78cddc46-4b2a-4ebe-9065-1e54e3dff522/market=HK/symbol=02180.HK/adjust=qfq/source=sina/data.parquet,c9f7235dbeceb83d5521c64c9d76fe859277d1e9c4c54c404d5c874d39c3d6ef
02180.HK,sina,stock_hk_daily,qfq,ohlc_logic_error,upstream_raw_inconsistency_propagated_by_adjustment,2025-01-17,OHLC violates the inclusive daily price envelope,high_lt_close,2.8626,2.8626,2.8626,2.9892,1750.0,78cddc46-4b2a-4ebe-9065-1e54e3dff522,data/raw/stage17/equity_daily/run_id=78cddc46-4b2a-4ebe-9065-1e54e3dff522/market=HK/symbol=02180.HK/adjust=qfq/source=sina/data.parquet,c9f7235dbeceb83d5521c64c9d76fe859277d1e9c4c54c404d5c874d39c3d6ef
02180.HK,sina,stock_hk_daily,qfq,ohlc_logic_error,upstream_raw_inconsistency_propagated_by_adjustment,2025-03-18,OHLC violates the inclusive daily price envelope,high_lt_close,2.961,2.961,2.961,2.9892,10500.0,78cddc46-4b2a-4ebe-9065-1e54e3dff522,data/raw/stage17/equity_daily/run_id=78cddc46-4b2a-4ebe-9065-1e54e3dff522/market=HK/symbol=02180.HK/adjust=qfq/source=sina/data.parquet,c9f7235dbeceb83d5521c64c9d76fe859277d1e9c4c54c404d5c874d39c3d6ef
02180.HK,sina,stock_hk_daily,qfq,ohlc_logic_error,upstream_raw_inconsistency_propagated_by_adjustment,2025-04-08,OHLC violates the inclusive daily price envelope,low_gt_close,3.165,3.165,3.165,2.9892,50000.0,78cddc46-4b2a-4ebe-9065-1e54e3dff522,data/raw/stage17/equity_daily/run_id=78cddc46-4b2a-4ebe-9065-1e54e3dff522/market=HK/symbol=02180.HK/adjust=qfq/source=sina/data.parquet,c9f7235dbeceb83d5521c64c9d76fe859277d1e9c4c54c404d5c874d39c3d6ef
02180.HK,sina,stock_hk_daily,qfq,ohlc_logic_error,upstream_raw_inconsistency_propagated_by_adjustment,2025-04-09,OHLC violates the inclusive daily price envelope,high_lt_close,2.9892,2.9962,2.9892,3.0243,3000.0,78cddc46-4b2a-4ebe-9065-1e54e3dff522,data/raw/stage17/equity_daily/run_id=78cddc46-4b2a-4ebe-9065-1e54e3dff522/market=HK/symbol=02180.HK/adjust=qfq/source=sina/data.parquet,c9f7235dbeceb83d5521c64c9d76fe859277d1e9c4c54c404d5c874d39c3d6ef
02180.HK,sina,stock_hk_daily,qfq,ohlc_logic_error,upstream_raw_inconsistency_propagated_by_adjustment,2025-07-15,OHLC violates the inclusive daily price envelope,high_lt_close,3.6618,3.6618,3.6618,3.6693,2250.0,78cddc46-4b2a-4ebe-9065-1e54e3dff522,data/raw/stage17/equity_daily/run_id=78cddc46-4b2a-4ebe-9065-1e54e3dff522/market=HK/symbol=02180.HK/adjust=qfq/source=sina/data.parquet,c9f7235dbeceb83d5521c64c9d76fe859277d1e9c4c54c404d5c874d39c3d6ef
02180.HK,sina,stock_hk_daily,qfq,ohlc_logic_error,upstream_raw_inconsistency_propagated_by_adjustment,2025-08-14,OHLC violates the inclusive daily price envelope,low_gt_close,4.3413,4.3413,4.3413,4.3337,3000.0,78cddc46-4b2a-4ebe-9065-1e54e3dff522,data/raw/stage17/equity_daily/run_id=78cddc46-4b2a-4ebe-9065-1e54e3dff522/market=HK/symbol=02180.HK/adjust=qfq/source=sina/data.parquet,c9f7235dbeceb83d5521c64c9d76fe859277d1e9c4c54c404d5c874d39c3d6ef
02180.HK,sina,stock_hk_daily,qfq,ohlc_logic_error,upstream_raw_inconsistency_propagated_by_adjustment,2025-10-03,OHLC violates the inclusive daily price envelope,high_lt_close,5.0184,5.0475,5.0184,5.0862,3000.0,78cddc46-4b2a-4ebe-9065-1e54e3dff522,data/raw/stage17/equity_daily/run_id=78cddc46-4b2a-4ebe-9065-1e54e3dff522/market=HK/symbol=02180.HK/adjust=qfq/source=sina/data.parquet,c9f7235dbeceb83d5521c64c9d76fe859277d1e9c4c54c404d5c874d39c3d6ef
02180.HK,sina,stock_hk_daily,qfq,ohlc_logic_error,upstream_raw_inconsistency_propagated_by_adjustment,2025-10-16,OHLC violates the inclusive daily price envelope,high_lt_close,4.97,4.97,4.97,5.0281,2500.0,78cddc46-4b2a-4ebe-9065-1e54e3dff522,data/raw/stage17/equity_daily/run_id=78cddc46-4b2a-4ebe-9065-1e54e3dff522/market=HK/symbol=02180.HK/adjust=qfq/source=sina/data.parquet,c9f7235dbeceb83d5521c64c9d76fe859277d1e9c4c54c404d5c874d39c3d6ef
02180.HK,sina,stock_hk_daily,qfq,ohlc_logic_error,upstream_raw_inconsistency_propagated_by_adjustment,2025-11-13,OHLC violates the inclusive daily price envelope,high_lt_close,5.2316,5.3284,5.2316,5.3478,83500.0,78cddc46-4b2a-4ebe-9065-1e54e3dff522,data/raw/stage17/equity_daily/run_id=78cddc46-4b2a-4ebe-9065-1e54e3dff522/market=HK/symbol=02180.HK/adjust=qfq/source=sina/data.parquet,c9f7235dbeceb83d5521c64c9d76fe859277d1e9c4c54c404d5c874d39c3d6ef
02180.HK,sina,stock_hk_daily,qfq,ohlc_logic_error,upstream_raw_inconsistency_propagated_by_adjustment,2025-11-25,OHLC violates the inclusive daily price envelope,high_lt_close,4.844,4.844,4.844,4.8537,2000.0,78cddc46-4b2a-4ebe-9065-1e54e3dff522,data/raw/stage17/equity_daily/run_id=78cddc46-4b2a-4ebe-9065-1e54e3dff522/market=HK/symbol=02180.HK/adjust=qfq/source=sina/data.parquet,c9f7235dbeceb83d5521c64c9d76fe859277d1e9c4c54c404d5c874d39c3d6ef
02180.HK,sina,stock_hk_daily,qfq,ohlc_logic_error,upstream_raw_inconsistency_propagated_by_adjustment,2025-11-27,OHLC violates the inclusive daily price envelope,high_lt_close,4.8053,4.8053,4.8053,4.815,3500.0,78cddc46-4b2a-4ebe-9065-1e54e3dff522,data/raw/stage17/equity_daily/run_id=78cddc46-4b2a-4ebe-9065-1e54e3dff522/market=HK/symbol=02180.HK/adjust=qfq/source=sina/data.parquet,c9f7235dbeceb83d5521c64c9d76fe859277d1e9c4c54c404d5c874d39c3d6ef
02180.HK,sina,stock_hk_daily,qfq,ohlc_logic_error,upstream_raw_inconsistency_propagated_by_adjustment,2025-12-01,OHLC violates the inclusive daily price envelope,low_gt_close,4.8925,4.8925,4.8925,4.8731,5000.0,78cddc46-4b2a-4ebe-9065-1e54e3dff522,data/raw/stage17/equity_daily/run_id=78cddc46-4b2a-4ebe-9065-1e54e3dff522/market=HK/symbol=02180.HK/adjust=qfq/source=sina/data.parquet,c9f7235dbeceb83d5521c64c9d76fe859277d1e9c4c54c404d5c874d39c3d6ef
02180.HK,sina,stock_hk_daily,qfq,ohlc_logic_error,upstream_raw_inconsistency_propagated_by_adjustment,2025-12-02,OHLC violates the inclusive daily price envelope,low_gt_close,4.8537,4.8537,4.8537,4.844,3000.0,78cddc46-4b2a-4ebe-9065-1e54e3dff522,data/raw/stage17/equity_daily/run_id=78cddc46-4b2a-4ebe-9065-1e54e3dff522/market=HK/symbol=02180.HK/adjust=qfq/source=sina/data.parquet,c9f7235dbeceb83d5521c64c9d76fe859277d1e9c4c54c404d5c874d39c3d6ef
02180.HK,sina,stock_hk_daily,qfq,ohlc_logic_error,upstream_raw_inconsistency_propagated_by_adjustment,2025-12-12,OHLC violates the inclusive daily price envelope,high_lt_close,4.9022,4.9119,4.9022,4.9506,287247.0,78cddc46-4b2a-4ebe-9065-1e54e3dff522,data/raw/stage17/equity_daily/run_id=78cddc46-4b2a-4ebe-9065-1e54e3dff522/market=HK/symbol=02180.HK/adjust=qfq/source=sina/data.parquet,c9f7235dbeceb83d5521c64c9d76fe859277d1e9c4c54c404d5c874d39c3d6ef
02180.HK,sina,stock_hk_daily,qfq,ohlc_logic_error,upstream_raw_inconsistency_propagated_by_adjustment,2025-12-16,OHLC violates the inclusive daily price envelope,high_lt_close,4.9506,4.9506,4.9506,5.0087,1250.0,78cddc46-4b2a-4ebe-9065-1e54e3dff522,data/raw/stage17/equity_daily/run_id=78cddc46-4b2a-4ebe-9065-1e54e3dff522/market=HK/symbol=02180.HK/adjust=qfq/source=sina/data.parquet,c9f7235dbeceb83d5521c64c9d76fe859277d1e9c4c54c404d5c874d39c3d6ef
02180.HK,sina,stock_hk_daily,qfq,ohlc_logic_error,upstream_raw_inconsistency_propagated_by_adjustment,2026-04-24,OHLC violates the inclusive daily price envelope,high_lt_close,5.2316,5.2316,5.2316,5.2606,750.0,78cddc46-4b2a-4ebe-9065-1e54e3dff522,data/raw/stage17/equity_daily/run_id=78cddc46-4b2a-4ebe-9065-1e54e3dff522/market=HK/symbol=02180.HK/adjust=qfq/source=sina/data.parquet,c9f7235dbeceb83d5521c64c9d76fe859277d1e9c4c54c404d5c874d39c3d6ef
02180.HK,sina,stock_hk_daily,qfq,ohlc_logic_error,upstream_raw_inconsistency_propagated_by_adjustment,2026-07-02,OHLC violates the inclusive daily price envelope,low_gt_open|low_gt_close,5.15,5.45,5.45,5.4,11500.0,78cddc46-4b2a-4ebe-9065-1e54e3dff522,data/raw/stage17/equity_daily/run_id=78cddc46-4b2a-4ebe-9065-1e54e3dff522/market=HK/symbol=02180.HK/adjust=qfq/source=sina/data.parquet,c9f7235dbeceb83d5521c64c9d76fe859277d1e9c4c54c404d5c874d39c3d6ef
02180.HK,sina,stock_hk_daily,qfq,ohlc_logic_error,upstream_raw_inconsistency_propagated_by_adjustment,2026-08-17,OHLC violates the inclusive daily price envelope,high_lt_close,4.58,4.58,4.58,4.61,13000.0,78cddc46-4b2a-4ebe-9065-1e54e3dff522,data/raw/stage17/equity_daily/run_id=78cddc46-4b2a-4ebe-9065-1e54e3dff522/market=HK/symbol=02180.HK/adjust=qfq/source=sina/data.parquet,c9f7235dbeceb83d5521c64c9d76fe859277d1e9c4c54c404d5c874d39c3d6ef
02180.HK,sina,stock_hk_daily,qfq,ohlc_logic_error,upstream_raw_inconsistency_propagated_by_adjustment,2026-08-18,OHLC violates the inclusive daily price envelope,high_lt_close,4.6,4.6,4.6,4.63,9000.0,78cddc46-4b2a-4ebe-9065-1e54e3dff522,data/raw/stage17/equity_daily/run_id=78cddc46-4b2a-4ebe-9065-1e54e3dff522/market=HK/symbol=02180.HK/adjust=qfq/source=sina/data.parquet,c9f7235dbeceb83d5521c64c9d76fe859277d1e9c4c54c404d5c874d39c3d6ef
02180.HK,sina,stock_hk_daily,hfq,ohlc_logic_error,upstream_raw_inconsistency_propagated_by_adjustment,2019-08-22,OHLC violates the inclusive daily price envelope,high_lt_open,11.78,11.5,11.12,11.26,155500.0,78cddc46-4b2a-4ebe-9065-1e54e3dff522,data/raw/stage17/equity_daily/run_id=78cddc46-4b2a-4ebe-9065-1e54e3dff522/market=HK/symbol=02180.HK/adjust=hfq/source=sina/data.parquet,a3ed05cc326aa7cddab31bda6a821788929537487f09271dab32fa50097108e3
02180.HK,sina,stock_hk_daily,hfq,ohlc_logic_error,upstream_raw_inconsistency_propagated_by_adjustment,2020-08-10,OHLC violates the inclusive daily price envelope,low_gt_close,12.31,12.31,12.31,12.25,250.0,78cddc46-4b2a-4ebe-9065-1e54e3dff522,data/raw/stage17/equity_daily/run_id=78cddc46-4b2a-4ebe-9065-1e54e3dff522/market=HK/symbol=02180.HK/adjust=hfq/source=sina/data.parquet,a3ed05cc326aa7cddab31bda6a821788929537487f09271dab32fa50097108e3
02180.HK,sina,stock_hk_daily,hfq,ohlc_logic_error,upstream_raw_inconsistency_propagated_by_adjustment,2020-09-14,OHLC violates the inclusive daily price envelope,low_gt_close,14.67,14.67,14.17,13.77,3000.0,78cddc46-4b2a-4ebe-9065-1e54e3dff522,data/raw/stage17/equity_daily/run_id=78cddc46-4b2a-4ebe-9065-1e54e3dff522/market=HK/symbol=02180.HK/adjust=hfq/source=sina/data.parquet,a3ed05cc326aa7cddab31bda6a821788929537487f09271dab32fa50097108e3
02180.HK,sina,stock_hk_daily,hfq,ohlc_logic_error,upstream_raw_inconsistency_propagated_by_adjustment,2020-10-06,OHLC violates the inclusive daily price envelope,low_gt_close,14.55,14.55,14.55,13.93,500.0,78cddc46-4b2a-4ebe-9065-1e54e3dff522,data/raw/stage17/equity_daily/run_id=78cddc46-4b2a-4ebe-9065-1e54e3dff522/market=HK/symbol=02180.HK/adjust=hfq/source=sina/data.parquet,a3ed05cc326aa7cddab31bda6a821788929537487f09271dab32fa50097108e3
02180.HK,sina,stock_hk_daily,hfq,ohlc_logic_error,upstream_raw_inconsistency_propagated_by_adjustment,2020-12-04,OHLC violates the inclusive daily price envelope,low_gt_close,12.77,12.77,12.63,12.61,2000.0,78cddc46-4b2a-4ebe-9065-1e54e3dff522,data/raw/stage17/equity_daily/run_id=78cddc46-4b2a-4ebe-9065-1e54e3dff522/market=HK/symbol=02180.HK/adjust=hfq/source=sina/data.parquet,a3ed05cc326aa7cddab31bda6a821788929537487f09271dab32fa50097108e3
02180.HK,sina,stock_hk_daily,hfq,ohlc_logic_error,upstream_raw_inconsistency_propagated_by_adjustment,2021-01-18,OHLC violates the inclusive daily price envelope,low_gt_close,11.45,11.45,11.27,11.23,6500.0,78cddc46-4b2a-4ebe-9065-1e54e3dff522,data/raw/stage17/equity_daily/run_id=78cddc46-4b2a-4ebe-9065-1e54e3dff522/market=HK/symbol=02180.HK/adjust=hfq/source=sina/data.parquet,a3ed05cc326aa7cddab31bda6a821788929537487f09271dab32fa50097108e3
02180.HK,sina,stock_hk_daily,hfq,ohlc_logic_error,upstream_raw_inconsistency_propagated_by_adjustment,2021-01-21,OHLC violates the inclusive daily price envelope,low_gt_close,11.07,11.07,11.07,10.93,250.0,78cddc46-4b2a-4ebe-9065-1e54e3dff522,data/raw/stage17/equity_daily/run_id=78cddc46-4b2a-4ebe-9065-1e54e3dff522/market=HK/symbol=02180.HK/adjust=hfq/source=sina/data.parquet,a3ed05cc326aa7cddab31bda6a821788929537487f09271dab32fa50097108e3
02180.HK,sina,stock_hk_daily,hfq,ohlc_logic_error,upstream_raw_inconsistency_propagated_by_adjustment,2021-02-01,OHLC violates the inclusive daily price envelope,low_gt_close,11.61,11.61,11.61,11.57,1000.0,78cddc46-4b2a-4ebe-9065-1e54e3dff522,data/raw/stage17/equity_daily/run_id=78cddc46-4b2a-4ebe-9065-1e54e3dff522/market=HK/symbol=02180.HK/adjust=hfq/source=sina/data.parquet,a3ed05cc326aa7cddab31bda6a821788929537487f09271dab32fa50097108e3
02180.HK,sina,stock_hk_daily,hfq,ohlc_logic_error,upstream_raw_inconsistency_propagated_by_adjustment,2021-02-08,OHLC violates the inclusive daily price envelope,low_gt_close,12.07,12.07,11.87,11.85,1750.0,78cddc46-4b2a-4ebe-9065-1e54e3dff522,data/raw/stage17/equity_daily/run_id=78cddc46-4b2a-4ebe-9065-1e54e3dff522/market=HK/symbol=02180.HK/adjust=hfq/source=sina/data.parquet,a3ed05cc326aa7cddab31bda6a821788929537487f09271dab32fa50097108e3
02180.HK,sina,stock_hk_daily,hfq,ohlc_logic_error,upstream_raw_inconsistency_propagated_by_adjustment,2021-02-09,OHLC violates the inclusive daily price envelope,low_gt_close,12.19,12.19,12.19,12.13,5000.0,78cddc46-4b2a-4ebe-9065-1e54e3dff522,data/raw/stage17/equity_daily/run_id=78cddc46-4b2a-4ebe-9065-1e54e3dff522/market=HK/symbol=02180.HK/adjust=hfq/source=sina/data.parquet,a3ed05cc326aa7cddab31bda6a821788929537487f09271dab32fa50097108e3
02180.HK,sina,stock_hk_daily,hfq,ohlc_logic_error,upstream_raw_inconsistency_propagated_by_adjustment,2021-02-10,OHLC violates the inclusive daily price envelope,low_gt_close,12.27,12.27,12.27,12.23,250.0,78cddc46-4b2a-4ebe-9065-1e54e3dff522,data/raw/stage17/equity_daily/run_id=78cddc46-4b2a-4ebe-9065-1e54e3dff522/market=HK/symbol=02180.HK/adjust=hfq/source=sina/data.parquet,a3ed05cc326aa7cddab31bda6a821788929537487f09271dab32fa50097108e3
02180.HK,sina,stock_hk_daily,hfq,ohlc_logic_error,upstream_raw_inconsistency_propagated_by_adjustment,2021-02-22,OHLC violates the inclusive daily price envelope,low_gt_close,12.27,12.27,12.27,11.87,250.0,78cddc46-4b2a-4ebe-9065-1e54e3dff522,data/raw/stage17/equity_daily/run_id=78cddc46-4b2a-4ebe-9065-1e54e3dff522/market=HK/symbol=02180.HK/adjust=hfq/source=sina/data.parquet,a3ed05cc326aa7cddab31bda6a821788929537487f09271dab32fa50097108e3
02180.HK,sina,stock_hk_daily,hfq,ohlc_logic_error,upstream_raw_inconsistency_propagated_by_adjustment,2021-02-24,OHLC violates the inclusive daily price envelope,high_lt_open,12.25,12.09,11.09,11.09,4000.0,78cddc46-4b2a-4ebe-9065-1e54e3dff522,data/raw/stage17/equity_daily/run_id=78cddc46-4b2a-4ebe-9065-1e54e3dff522/market=HK/symbol=02180.HK/adjust=hfq/source=sina/data.parquet,a3ed05cc326aa7cddab31bda6a821788929537487f09271dab32fa50097108e3
02180.HK,sina,stock_hk_daily,hfq,ohlc_logic_error,upstream_raw_inconsistency_propagated_by_adjustment,2021-02-25,OHLC violates the inclusive daily price envelope,low_gt_close,12.17,12.17,12.17,11.67,250.0,78cddc46-4b2a-4ebe-9065-1e54e3dff522,data/raw/stage17/equity_daily/run_id=78cddc46-4b2a-4ebe-9065-1e54e3dff522/market=HK/symbol=02180.HK/adjust=hfq/source=sina/data.parquet,a3ed05cc326aa7cddab31bda6a821788929537487f09271dab32fa50097108e3
02180.HK,sina,stock_hk_daily,hfq,ohlc_logic_error,upstream_raw_inconsistency_propagated_by_adjustment,2021-03-01,OHLC violates the inclusive daily price envelope,high_lt_open|high_lt_close,11.67,10.67,10.67,11.27,1000.0,78cddc46-4b2a-4ebe-9065-1e54e3dff522,data/raw/stage17/equity_daily/run_id=78cddc46-4b2a-4ebe-9065-1e54e3dff522/market=HK/symbol=02180.HK/adjust=hfq/source=sina/data.parquet,a3ed05cc326aa7cddab31bda6a821788929537487f09271dab32fa50097108e3
02180.HK,sina,stock_hk_daily,hfq,ohlc_logic_error,upstream_raw_inconsistency_propagated_by_adjustment,2021-03-03,OHLC violates the inclusive daily price envelope,high_lt_open,11.67,11.27,11.07,11.25,31750.0,78cddc46-4b2a-4ebe-9065-1e54e3dff522,data/raw/stage17/equity_daily/run_id=78cddc46-4b2a-4ebe-9065-1e54e3dff522/market=HK/symbol=02180.HK/adjust=hfq/source=sina/data.parquet,a3ed05cc326aa7cddab31bda6a821788929537487f09271dab32fa50097108e3
02180.HK,sina,stock_hk_daily,hfq,ohlc_logic_error,upstream_raw_inconsistency_propagated_by_adjustment,2021-03-04,OHLC violates the inclusive daily price envelope,low_gt_close,11.67,11.67,11.67,11.47,250.0,78cddc46-4b2a-4ebe-9065-1e54e3dff522,data/raw/stage17/equity_daily/run_id=78cddc46-4b2a-4ebe-9065-1e54e3dff522/market=HK/symbol=02180.HK/adjust=hfq/source=sina/data.parquet,a3ed05cc326aa7cddab31bda6a821788929537487f09271dab32fa50097108e3
02180.HK,sina,stock_hk_daily,hfq,ohlc_logic_error,upstream_raw_inconsistency_propagated_by_adjustment,2021-03-30,OHLC violates the inclusive daily price envelope,high_lt_close,0.27,0.27,0.27,10.47,0.0,78cddc46-4b2a-4ebe-9065-1e54e3dff522,data/raw/stage17/equity_daily/run_id=78cddc46-4b2a-4ebe-9065-1e54e3dff522/market=HK/symbol=02180.HK/adjust=hfq/source=sina/data.parquet,a3ed05cc326aa7cddab31bda6a821788929537487f09271dab32fa50097108e3
02180.HK,sina,stock_hk_daily,hfq,ohlc_logic_error,upstream_raw_inconsistency_propagated_by_adjustment,2021-04-08,OHLC violates the inclusive daily price envelope,high_lt_close,0.27,0.27,0.27,10.33,0.0,78cddc46-4b2a-4ebe-9065-1e54e3dff522,data/raw/stage17/equity_daily/run_id=78cddc46-4b2a-4ebe-9065-1e54e3dff522/market=HK/symbol=02180.HK/adjust=hfq/source=sina/data.parquet,a3ed05cc326aa7cddab31bda6a821788929537487f09271dab32fa50097108e3
02180.HK,sina,stock_hk_daily,hfq,ohlc_logic_error,upstream_raw_inconsistency_propagated_by_adjustment,2021-04-15,OHLC violates the inclusive daily price envelope,high_lt_close,0.27,0.27,0.27,10.02,0.0,78cddc46-4b2a-4ebe-9065-1e54e3dff522,data/raw/stage17/equity_daily/run_id=78cddc46-4b2a-4ebe-9065-1e54e3dff522/market=HK/symbol=02180.HK/adjust=hfq/source=sina/data.parquet,a3ed05cc326aa7cddab31bda6a821788929537487f09271dab32fa50097108e3
02180.HK,sina,stock_hk_daily,hfq,ohlc_logic_error,upstream_raw_inconsistency_propagated_by_adjustment,2021-04-26,OHLC violates the inclusive daily price envelope,high_lt_close,9.87,9.87,9.87,9.88,2750.0,78cddc46-4b2a-4ebe-9065-1e54e3dff522,data/raw/stage17/equity_daily/run_id=78cddc46-4b2a-4ebe-9065-1e54e3dff522/market=HK/symbol=02180.HK/adjust=hfq/source=sina/data.parquet,a3ed05cc326aa7cddab31bda6a821788929537487f09271dab32fa50097108e3
02180.HK,sina,stock_hk_daily,hfq,ohlc_logic_error,upstream_raw_inconsistency_propagated_by_adjustment,2021-05-05,OHLC violates the inclusive daily price envelope,high_lt_close,0.27,0.27,0.27,9.83,0.0,78cddc46-4b2a-4ebe-9065-1e54e3dff522,data/raw/stage17/equity_daily/run_id=78cddc46-4b2a-4ebe-9065-1e54e3dff522/market=HK/symbol=02180.HK/adjust=hfq/source=sina/data.parquet,a3ed05cc326aa7cddab31bda6a821788929537487f09271dab32fa50097108e3
02180.HK,sina,stock_hk_daily,hfq,ohlc_logic_error,upstream_raw_inconsistency_propagated_by_adjustment,2021-05-11,OHLC violates the inclusive daily price envelope,high_lt_close,0.27,0.27,0.27,9.72,0.0,78cddc46-4b2a-4ebe-9065-1e54e3dff522,data/raw/stage17/equity_daily/run_id=78cddc46-4b2a-4ebe-9065-1e54e3dff522/market=HK/symbol=02180.HK/adjust=hfq/source=sina/data.parquet,a3ed05cc326aa7cddab31bda6a821788929537487f09271dab32fa50097108e3
02180.HK,sina,stock_hk_daily,hfq,ohlc_logic_error,upstream_raw_inconsistency_propagated_by_adjustment,2021-05-17,OHLC violates the inclusive daily price envelope,high_lt_close,0.27,0.27,0.27,9.47,0.0,78cddc46-4b2a-4ebe-9065-1e54e3dff522,data/raw/stage17/equity_daily/run_id=78cddc46-4b2a-4ebe-9065-1e54e3dff522/market=HK/symbol=02180.HK/adjust=hfq/source=sina/data.parquet,a3ed05cc326aa7cddab31bda6a821788929537487f09271dab32fa50097108e3
02180.HK,sina,stock_hk_daily,hfq,ohlc_logic_error,upstream_raw_inconsistency_propagated_by_adjustment,2021-06-07,OHLC violates the inclusive daily price envelope,low_gt_close,9.68,9.68,9.67,9.65,22738.0,78cddc46-4b2a-4ebe-9065-1e54e3dff522,data/raw/stage17/equity_daily/run_id=78cddc46-4b2a-4ebe-9065-1e54e3dff522/market=HK/symbol=02180.HK/adjust=hfq/source=sina/data.parquet,a3ed05cc326aa7cddab31bda6a821788929537487f09271dab32fa50097108e3
02180.HK,sina,stock_hk_daily,hfq,ohlc_logic_error,upstream_raw_inconsistency_propagated_by_adjustment,2021-06-09,OHLC violates the inclusive daily price envelope,high_lt_close,0.27,0.27,0.27,9.52,65000.0,78cddc46-4b2a-4ebe-9065-1e54e3dff522,data/raw/stage17/equity_daily/run_id=78cddc46-4b2a-4ebe-9065-1e54e3dff522/market=HK/symbol=02180.HK/adjust=hfq/source=sina/data.parquet,a3ed05cc326aa7cddab31bda6a821788929537487f09271dab32fa50097108e3
02180.HK,sina,stock_hk_daily,hfq,ohlc_logic_error,upstream_raw_inconsistency_propagated_by_adjustment,2021-06-10,OHLC violates the inclusive daily price envelope,high_lt_close,0.27,0.27,0.27,9.52,0.0,78cddc46-4b2a-4ebe-9065-1e54e3dff522,data/raw/stage17/equity_daily/run_id=78cddc46-4b2a-4ebe-9065-1e54e3dff522/market=HK/symbol=02180.HK/adjust=hfq/source=sina/data.parquet,a3ed05cc326aa7cddab31bda6a821788929537487f09271dab32fa50097108e3
02180.HK,sina,stock_hk_daily,hfq,ohlc_logic_error,upstream_raw_inconsistency_propagated_by_adjustment,2021-06-17,OHLC violates the inclusive daily price envelope,high_lt_close,0.27,0.27,0.27,9.67,0.0,78cddc46-4b2a-4ebe-9065-1e54e3dff522,data/raw/stage17/equity_daily/run_id=78cddc46-4b2a-4ebe-9065-1e54e3dff522/market=HK/symbol=02180.HK/adjust=hfq/source=sina/data.parquet,a3ed05cc326aa7cddab31bda6a821788929537487f09271dab32fa50097108e3
02180.HK,sina,stock_hk_daily,hfq,ohlc_logic_error,upstream_raw_inconsistency_propagated_by_adjustment,2021-06-30,OHLC violates the inclusive daily price envelope,low_gt_close,9.72,9.72,9.72,9.67,2250.0,78cddc46-4b2a-4ebe-9065-1e54e3dff522,data/raw/stage17/equity_daily/run_id=78cddc46-4b2a-4ebe-9065-1e54e3dff522/market=HK/symbol=02180.HK/adjust=hfq/source=sina/data.parquet,a3ed05cc326aa7cddab31bda6a821788929537487f09271dab32fa50097108e3
02180.HK,sina,stock_hk_daily,hfq,ohlc_logic_error,upstream_raw_inconsistency_propagated_by_adjustment,2021-07-15,OHLC violates the inclusive daily price envelope,high_lt_close,0.59,0.59,0.59,9.58,0.0,78cddc46-4b2a-4ebe-9065-1e54e3dff522,data/raw/stage17/equity_daily/run_id=78cddc46-4b2a-4ebe-9065-1e54e3dff522/market=HK/symbol=02180.HK/adjust=hfq/source=sina/data.parquet,a3ed05cc326aa7cddab31bda6a821788929537487f09271dab32fa50097108e3
02180.HK,sina,stock_hk_daily,hfq,ohlc_logic_error,upstream_raw_inconsistency_propagated_by_adjustment,2021-07-20,OHLC violates the inclusive daily price envelope,high_lt_close,9.37,9.37,9.37,9.41,10000.0,78cddc46-4b2a-4ebe-9065-1e54e3dff522,data/raw/stage17/equity_daily/run_id=78cddc46-4b2a-4ebe-9065-1e54e3dff522/market=HK/symbol=02180.HK/adjust=hfq/source=sina/data.parquet,a3ed05cc326aa7cddab31bda6a821788929537487f09271dab32fa50097108e3
02180.HK,sina,stock_hk_daily,hfq,ohlc_logic_error,upstream_raw_inconsistency_propagated_by_adjustment,2021-07-30,OHLC violates the inclusive daily price envelope,low_gt_close,9.95,10.13,9.9,9.89,23750.0,78cddc46-4b2a-4ebe-9065-1e54e3dff522,data/raw/stage17/equity_daily/run_id=78cddc46-4b2a-4ebe-9065-1e54e3dff522/market=HK/symbol=02180.HK/adjust=hfq/source=sina/data.parquet,a3ed05cc326aa7cddab31bda6a821788929537487f09271dab32fa50097108e3
02180.HK,sina,stock_hk_daily,hfq,ohlc_logic_error,upstream_raw_inconsistency_propagated_by_adjustment,2021-08-02,OHLC violates the inclusive daily price envelope,high_lt_close,0.59,0.59,0.59,9.86,0.0,78cddc46-4b2a-4ebe-9065-1e54e3dff522,data/raw/stage17/equity_daily/run_id=78cddc46-4b2a-4ebe-9065-1e54e3dff522/market=HK/symbol=02180.HK/adjust=hfq/source=sina/data.parquet,a3ed05cc326aa7cddab31bda6a821788929537487f09271dab32fa50097108e3
02180.HK,sina,stock_hk_daily,hfq,ohlc_logic_error,upstream_raw_inconsistency_propagated_by_adjustment,2021-08-10,OHLC violates the inclusive daily price envelope,high_lt_close,0.59,0.59,0.59,9.42,0.0,78cddc46-4b2a-4ebe-9065-1e54e3dff522,data/raw/stage17/equity_daily/run_id=78cddc46-4b2a-4ebe-9065-1e54e3dff522/market=HK/symbol=02180.HK/adjust=hfq/source=sina/data.parquet,a3ed05cc326aa7cddab31bda6a821788929537487f09271dab32fa50097108e3
02180.HK,sina,stock_hk_daily,hfq,ohlc_logic_error,upstream_raw_inconsistency_propagated_by_adjustment,2021-08-11,OHLC violates the inclusive daily price envelope,high_lt_close,9.38,9.39,9.38,9.64,1250.0,78cddc46-4b2a-4ebe-9065-1e54e3dff522,data/raw/stage17/equity_daily/run_id=78cddc46-4b2a-4ebe-9065-1e54e3dff522/market=HK/symbol=02180.HK/adjust=hfq/source=sina/data.parquet,a3ed05cc326aa7cddab31bda6a821788929537487f09271dab32fa50097108e3
02180.HK,sina,stock_hk_daily,hfq,ohlc_logic_error,upstream_raw_inconsistency_propagated_by_adjustment,2021-08-12,OHLC violates the inclusive daily price envelope,low_gt_close,9.64,9.64,9.64,9.54,750.0,78cddc46-4b2a-4ebe-9065-1e54e3dff522,data/raw/stage17/equity_daily/run_id=78cddc46-4b2a-4ebe-9065-1e54e3dff522/market=HK/symbol=02180.HK/adjust=hfq/source=sina/data.parquet,a3ed05cc326aa7cddab31bda6a821788929537487f09271dab32fa50097108e3
02180.HK,sina,stock_hk_daily,hfq,ohlc_logic_error,upstream_raw_inconsistency_propagated_by_adjustment,2021-08-16,OHLC violates the inclusive daily price envelope,high_lt_close,0.59,0.59,0.59,9.74,0.0,78cddc46-4b2a-4ebe-9065-1e54e3dff522,data/raw/stage17/equity_daily/run_id=78cddc46-4b2a-4ebe-9065-1e54e3dff522/market=HK/symbol=02180.HK/adjust=hfq/source=sina/data.parquet,a3ed05cc326aa7cddab31bda6a821788929537487f09271dab32fa50097108e3
02180.HK,sina,stock_hk_daily,hfq,ohlc_logic_error,upstream_raw_inconsistency_propagated_by_adjustment,2021-08-17,OHLC violates the inclusive daily price envelope,high_lt_close,0.59,0.59,0.59,9.73,0.0,78cddc46-4b2a-4ebe-9065-1e54e3dff522,data/raw/stage17/equity_daily/run_id=78cddc46-4b2a-4ebe-9065-1e54e3dff522/market=HK/symbol=02180.HK/adjust=hfq/source=sina/data.parquet,a3ed05cc326aa7cddab31bda6a821788929537487f09271dab32fa50097108e3
02180.HK,sina,stock_hk_daily,hfq,ohlc_logic_error,upstream_raw_inconsistency_propagated_by_adjustment,2021-08-19,OHLC violates the inclusive daily price envelope,low_gt_close,9.64,9.64,9.64,9.63,500.0,78cddc46-4b2a-4ebe-9065-1e54e3dff522,data/raw/stage17/equity_daily/run_id=78cddc46-4b2a-4ebe-9065-1e54e3dff522/market=HK/symbol=02180.HK/adjust=hfq/source=sina/data.parquet,a3ed05cc326aa7cddab31bda6a821788929537487f09271dab32fa50097108e3
02180.HK,sina,stock_hk_daily,hfq,ohlc_logic_error,upstream_raw_inconsistency_propagated_by_adjustment,2021-08-23,OHLC violates the inclusive daily price envelope,low_gt_close,9.73,9.73,9.73,9.63,500.0,78cddc46-4b2a-4ebe-9065-1e54e3dff522,data/raw/stage17/equity_daily/run_id=78cddc46-4b2a-4ebe-9065-1e54e3dff522/market=HK/symbol=02180.HK/adjust=hfq/source=sina/data.parquet,a3ed05cc326aa7cddab31bda6a821788929537487f09271dab32fa50097108e3
02180.HK,sina,stock_hk_daily,hfq,ohlc_logic_error,upstream_raw_inconsistency_propagated_by_adjustment,2021-08-24,OHLC violates the inclusive daily price envelope,high_lt_close,0.59,0.59,0.59,9.6,0.0,78cddc46-4b2a-4ebe-9065-1e54e3dff522,data/raw/stage17/equity_daily/run_id=78cddc46-4b2a-4ebe-9065-1e54e3dff522/market=HK/symbol=02180.HK/adjust=hfq/source=sina/data.parquet,a3ed05cc326aa7cddab31bda6a821788929537487f09271dab32fa50097108e3
02180.HK,sina,stock_hk_daily,hfq,ohlc_logic_error,upstream_raw_inconsistency_propagated_by_adjustment,2021-08-25,OHLC violates the inclusive daily price envelope,low_gt_close,9.74,9.74,9.74,9.6,750.0,78cddc46-4b2a-4ebe-9065-1e54e3dff522,data/raw/stage17/equity_daily/run_id=78cddc46-4b2a-4ebe-9065-1e54e3dff522/market=HK/symbol=02180.HK/adjust=hfq/source=sina/data.parquet,a3ed05cc326aa7cddab31bda6a821788929537487f09271dab32fa50097108e3
02180.HK,sina,stock_hk_daily,hfq,ohlc_logic_error,upstream_raw_inconsistency_propagated_by_adjustment,2021-08-26,OHLC violates the inclusive daily price envelope,low_gt_close,9.79,9.79,9.79,9.57,500.0,78cddc46-4b2a-4ebe-9065-1e54e3dff522,data/raw/stage17/equity_daily/run_id=78cddc46-4b2a-4ebe-9065-1e54e3dff522/market=HK/symbol=02180.HK/adjust=hfq/source=sina/data.parquet,a3ed05cc326aa7cddab31bda6a821788929537487f09271dab32fa50097108e3
02180.HK,sina,stock_hk_daily,hfq,ohlc_logic_error,upstream_raw_inconsistency_propagated_by_adjustment,2021-08-27,OHLC violates the inclusive daily price envelope,low_gt_close,9.57,9.59,9.56,9.48,4250.0,78cddc46-4b2a-4ebe-9065-1e54e3dff522,data/raw/stage17/equity_daily/run_id=78cddc46-4b2a-4ebe-9065-1e54e3dff522/market=HK/symbol=02180.HK/adjust=hfq/source=sina/data.parquet,a3ed05cc326aa7cddab31bda6a821788929537487f09271dab32fa50097108e3
02180.HK,sina,stock_hk_daily,hfq,ohlc_logic_error,upstream_raw_inconsistency_propagated_by_adjustment,2021-08-31,OHLC violates the inclusive daily price envelope,low_gt_close,9.79,9.79,9.69,9.67,137500.0,78cddc46-4b2a-4ebe-9065-1e54e3dff522,data/raw/stage17/equity_daily/run_id=78cddc46-4b2a-4ebe-9065-1e54e3dff522/market=HK/symbol=02180.HK/adjust=hfq/source=sina/data.parquet,a3ed05cc326aa7cddab31bda6a821788929537487f09271dab32fa50097108e3
02180.HK,sina,stock_hk_daily,hfq,ohlc_logic_error,upstream_raw_inconsistency_propagated_by_adjustment,2021-09-02,OHLC violates the inclusive daily price envelope,low_gt_close,10.18,10.18,10.18,9.99,250.0,78cddc46-4b2a-4ebe-9065-1e54e3dff522,data/raw/stage17/equity_daily/run_id=78cddc46-4b2a-4ebe-9065-1e54e3dff522/market=HK/symbol=02180.HK/adjust=hfq/source=sina/data.parquet,a3ed05cc326aa7cddab31bda6a821788929537487f09271dab32fa50097108e3
02180.HK,sina,stock_hk_daily,hfq,ohlc_logic_error,upstream_raw_inconsistency_propagated_by_adjustment,2021-09-03,OHLC violates the inclusive daily price envelope,low_gt_close,9.98,9.98,9.98,9.83,500.0,78cddc46-4b2a-4ebe-9065-1e54e3dff522,data/raw/stage17/equity_daily/run_id=78cddc46-4b2a-4ebe-9065-1e54e3dff522/market=HK/symbol=02180.HK/adjust=hfq/source=sina/data.parquet,a3ed05cc326aa7cddab31bda6a821788929537487f09271dab32fa50097108e3
02180.HK,sina,stock_hk_daily,hfq,ohlc_logic_error,upstream_raw_inconsistency_propagated_by_adjustment,2021-09-06,OHLC violates the inclusive daily price envelope,low_gt_close,10.04,10.04,10.04,9.92,32500.0,78cddc46-4b2a-4ebe-9065-1e54e3dff522,data/raw/stage17/equity_daily/run_id=78cddc46-4b2a-4ebe-9065-1e54e3dff522/market=HK/symbol=02180.HK/adjust=hfq/source=sina/data.parquet,a3ed05cc326aa7cddab31bda6a821788929537487f09271dab32fa50097108e3
02180.HK,sina,stock_hk_daily,hfq,ohlc_logic_error,upstream_raw_inconsistency_propagated_by_adjustment,2021-09-08,OHLC violates the inclusive daily price envelope,high_lt_close,0.59,0.59,0.59,9.8,0.0,78cddc46-4b2a-4ebe-9065-1e54e3dff522,data/raw/stage17/equity_daily/run_id=78cddc46-4b2a-4ebe-9065-1e54e3dff522/market=HK/symbol=02180.HK/adjust=hfq/source=sina/data.parquet,a3ed05cc326aa7cddab31bda6a821788929537487f09271dab32fa50097108e3
02180.HK,sina,stock_hk_daily,hfq,ohlc_logic_error,upstream_raw_inconsistency_propagated_by_adjustment,2021-09-09,OHLC violates the inclusive daily price envelope,high_lt_close,9.6,9.6,9.59,9.65,10000.0,78cddc46-4b2a-4ebe-9065-1e54e3dff522,data/raw/stage17/equity_daily/run_id=78cddc46-4b2a-4ebe-9065-1e54e3dff522/market=HK/symbol=02180.HK/adjust=hfq/source=sina/data.parquet,a3ed05cc326aa7cddab31bda6a821788929537487f09271dab32fa50097108e3
02180.HK,sina,stock_hk_daily,hfq,ohlc_logic_error,upstream_raw_inconsistency_propagated_by_adjustment,2021-09-10,OHLC violates the inclusive daily price envelope,low_gt_close,10.19,10.19,10.13,9.87,1500.0,78cddc46-4b2a-4ebe-9065-1e54e3dff522,data/raw/stage17/equity_daily/run_id=78cddc46-4b2a-4ebe-9065-1e54e3dff522/market=HK/symbol=02180.HK/adjust=hfq/source=sina/data.parquet,a3ed05cc326aa7cddab31bda6a821788929537487f09271dab32fa50097108e3
02180.HK,sina,stock_hk_daily,hfq,ohlc_logic_error,upstream_raw_inconsistency_propagated_by_adjustment,2021-09-13,OHLC violates the inclusive daily price envelope,low_gt_close,9.87,9.87,9.87,9.72,250.0,78cddc46-4b2a-4ebe-9065-1e54e3dff522,data/raw/stage17/equity_daily/run_id=78cddc46-4b2a-4ebe-9065-1e54e3dff522/market=HK/symbol=02180.HK/adjust=hfq/source=sina/data.parquet,a3ed05cc326aa7cddab31bda6a821788929537487f09271dab32fa50097108e3
02180.HK,sina,stock_hk_daily,hfq,ohlc_logic_error,upstream_raw_inconsistency_propagated_by_adjustment,2021-09-15,OHLC violates the inclusive daily price envelope,high_lt_close,0.59,0.59,0.59,9.57,0.0,78cddc46-4b2a-4ebe-9065-1e54e3dff522,data/raw/stage17/equity_daily/run_id=78cddc46-4b2a-4ebe-9065-1e54e3dff522/market=HK/symbol=02180.HK/adjust=hfq/source=sina/data.parquet,a3ed05cc326aa7cddab31bda6a821788929537487f09271dab32fa50097108e3
02180.HK,sina,stock_hk_daily,hfq,ohlc_logic_error,upstream_raw_inconsistency_propagated_by_adjustment,2021-09-16,OHLC violates the inclusive daily price envelope,low_gt_close,9.69,9.69,9.69,9.68,9500.0,78cddc46-4b2a-4ebe-9065-1e54e3dff522,data/raw/stage17/equity_daily/run_id=78cddc46-4b2a-4ebe-9065-1e54e3dff522/market=HK/symbol=02180.HK/adjust=hfq/source=sina/data.parquet,a3ed05cc326aa7cddab31bda6a821788929537487f09271dab32fa50097108e3
02180.HK,sina,stock_hk_daily,hfq,ohlc_logic_error,upstream_raw_inconsistency_propagated_by_adjustment,2021-09-17,OHLC violates the inclusive daily price envelope,low_gt_close,9.88,9.88,9.88,9.64,250.0,78cddc46-4b2a-4ebe-9065-1e54e3dff522,data/raw/stage17/equity_daily/run_id=78cddc46-4b2a-4ebe-9065-1e54e3dff522/market=HK/symbol=02180.HK/adjust=hfq/source=sina/data.parquet,a3ed05cc326aa7cddab31bda6a821788929537487f09271dab32fa50097108e3
02180.HK,sina,stock_hk_daily,hfq,ohlc_logic_error,upstream_raw_inconsistency_propagated_by_adjustment,2021-09-21,OHLC violates the inclusive daily price envelope,high_lt_close,0.59,0.59,0.59,9.64,0.0,78cddc46-4b2a-4ebe-9065-1e54e3dff522,data/raw/stage17/equity_daily/run_id=78cddc46-4b2a-4ebe-9065-1e54e3dff522/market=HK/symbol=02180.HK/adjust=hfq/source=sina/data.parquet,a3ed05cc326aa7cddab31bda6a821788929537487f09271dab32fa50097108e3
02180.HK,sina,stock_hk_daily,hfq,ohlc_logic_error,upstream_raw_inconsistency_propagated_by_adjustment,2021-10-08,OHLC violates the inclusive daily price envelope,low_gt_close,9.81,9.81,9.79,9.64,75750.0,78cddc46-4b2a-4ebe-9065-1e54e3dff522,data/raw/stage17/equity_daily/run_id=78cddc46-4b2a-4ebe-9065-1e54e3dff522/market=HK/symbol=02180.HK/adjust=hfq/source=sina/data.parquet,a3ed05cc326aa7cddab31bda6a821788929537487f09271dab32fa50097108e3
02180.HK,sina,stock_hk_daily,hfq,ohlc_logic_error,upstream_raw_inconsistency_propagated_by_adjustment,2021-10-12,OHLC violates the inclusive daily price envelope,high_lt_close,0.59,0.59,0.59,9.77,0.0,78cddc46-4b2a-4ebe-9065-1e54e3dff522,data/raw/stage17/equity_daily/run_id=78cddc46-4b2a-4ebe-9065-1e54e3dff522/market=HK/symbol=02180.HK/adjust=hfq/source=sina/data.parquet,a3ed05cc326aa7cddab31bda6a821788929537487f09271dab32fa50097108e3
02180.HK,sina,stock_hk_daily,hfq,ohlc_logic_error,upstream_raw_inconsistency_propagated_by_adjustment,2021-10-18,OHLC violates the inclusive daily price envelope,high_lt_close,0.59,0.59,0.59,9.78,0.0,78cddc46-4b2a-4ebe-9065-1e54e3dff522,data/raw/stage17/equity_daily/run_id=78cddc46-4b2a-4ebe-9065-1e54e3dff522/market=HK/symbol=02180.HK/adjust=hfq/source=sina/data.parquet,a3ed05cc326aa7cddab31bda6a821788929537487f09271dab32fa50097108e3
02180.HK,sina,stock_hk_daily,hfq,ohlc_logic_error,upstream_raw_inconsistency_propagated_by_adjustment,2021-10-21,OHLC violates the inclusive daily price envelope,high_lt_close,0.59,0.59,0.59,10.01,0.0,78cddc46-4b2a-4ebe-9065-1e54e3dff522,data/raw/stage17/equity_daily/run_id=78cddc46-4b2a-4ebe-9065-1e54e3dff522/market=HK/symbol=02180.HK/adjust=hfq/source=sina/data.parquet,a3ed05cc326aa7cddab31bda6a821788929537487f09271dab32fa50097108e3
02180.HK,sina,stock_hk_daily,hfq,ohlc_logic_error,upstream_raw_inconsistency_propagated_by_adjustment,2021-10-25,OHLC violates the inclusive daily price envelope,high_lt_close,0.59,0.59,0.59,10.08,0.0,78cddc46-4b2a-4ebe-9065-1e54e3dff522,data/raw/stage17/equity_daily/run_id=78cddc46-4b2a-4ebe-9065-1e54e3dff522/market=HK/symbol=02180.HK/adjust=hfq/source=sina/data.parquet,a3ed05cc326aa7cddab31bda6a821788929537487f09271dab32fa50097108e3
02180.HK,sina,stock_hk_daily,hfq,ohlc_logic_error,upstream_raw_inconsistency_propagated_by_adjustment,2021-10-26,OHLC violates the inclusive daily price envelope,low_gt_close,10.09,10.09,10.08,9.94,1250.0,78cddc46-4b2a-4ebe-9065-1e54e3dff522,data/raw/stage17/equity_daily/run_id=78cddc46-4b2a-4ebe-9065-1e54e3dff522/market=HK/symbol=02180.HK/adjust=hfq/source=sina/data.parquet,a3ed05cc326aa7cddab31bda6a821788929537487f09271dab32fa50097108e3
02180.HK,sina,stock_hk_daily,hfq,ohlc_logic_error,upstream_raw_inconsistency_propagated_by_adjustment,2021-10-28,OHLC violates the inclusive daily price envelope,high_lt_close,9.74,9.75,9.52,9.79,10500.0,78cddc46-4b2a-4ebe-9065-1e54e3dff522,data/raw/stage17/equity_daily/run_id=78cddc46-4b2a-4ebe-9065-1e54e3dff522/market=HK/symbol=02180.HK/adjust=hfq/source=sina/data.parquet,a3ed05cc326aa7cddab31bda6a821788929537487f09271dab32fa50097108e3
02180.HK,sina,stock_hk_daily,hfq,ohlc_logic_error,upstream_raw_inconsistency_propagated_by_adjustment,2021-11-03,OHLC violates the inclusive daily price envelope,high_lt_close,0.59,0.59,0.59,9.67,0.0,78cddc46-4b2a-4ebe-9065-1e54e3dff522,data/raw/stage17/equity_daily/run_id=78cddc46-4b2a-4ebe-9065-1e54e3dff522/market=HK/symbol=02180.HK/adjust=hfq/source=sina/data.parquet,a3ed05cc326aa7cddab31bda6a821788929537487f09271dab32fa50097108e3
02180.HK,sina,stock_hk_daily,hfq,ohlc_logic_error,upstream_raw_inconsistency_propagated_by_adjustment,2021-11-05,OHLC violates the inclusive daily price envelope,high_lt_close,0.59,0.59,0.59,9.59,0.0,78cddc46-4b2a-4ebe-9065-1e54e3dff522,data/raw/stage17/equity_daily/run_id=78cddc46-4b2a-4ebe-9065-1e54e3dff522/market=HK/symbol=02180.HK/adjust=hfq/source=sina/data.parquet,a3ed05cc326aa7cddab31bda6a821788929537487f09271dab32fa50097108e3
02180.HK,sina,stock_hk_daily,hfq,ohlc_logic_error,upstream_raw_inconsistency_propagated_by_adjustment,2021-11-09,OHLC violates the inclusive daily price envelope,low_gt_close,10.07,10.07,10.07,9.99,5000.0,78cddc46-4b2a-4ebe-9065-1e54e3dff522,data/raw/stage17/equity_daily/run_id=78cddc46-4b2a-4ebe-9065-1e54e3dff522/market=HK/symbol=02180.HK/adjust=hfq/source=sina/data.parquet,a3ed05cc326aa7cddab31bda6a821788929537487f09271dab32fa50097108e3
02180.HK,sina,stock_hk_daily,hfq,ohlc_logic_error,upstream_raw_inconsistency_propagated_by_adjustment,2021-11-10,OHLC violates the inclusive daily price envelope,high_lt_close,0.59,0.59,0.59,9.99,1000.0,78cddc46-4b2a-4ebe-9065-1e54e3dff522,data/raw/stage17/equity_daily/run_id=78cddc46-4b2a-4ebe-9065-1e54e3dff522/market=HK/symbol=02180.HK/adjust=hfq/source=sina/data.parquet,a3ed05cc326aa7cddab31bda6a821788929537487f09271dab32fa50097108e3
02180.HK,sina,stock_hk_daily,hfq,ohlc_logic_error,upstream_raw_inconsistency_propagated_by_adjustment,2021-12-09,OHLC violates the inclusive daily price envelope,high_lt_close,9.25,9.42,9.25,9.59,500.0,78cddc46-4b2a-4ebe-9065-1e54e3dff522,data/raw/stage17/equity_daily/run_id=78cddc46-4b2a-4ebe-9065-1e54e3dff522/market=HK/symbol=02180.HK/adjust=hfq/source=sina/data.parquet,a3ed05cc326aa7cddab31bda6a821788929537487f09271dab32fa50097108e3
02180.HK,sina,stock_hk_daily,hfq,ohlc_logic_error,upstream_raw_inconsistency_propagated_by_adjustment,2021-12-24,OHLC violates the inclusive daily price envelope,high_lt_close,9.26,9.26,9.26,9.27,500.0,78cddc46-4b2a-4ebe-9065-1e54e3dff522,data/raw/stage17/equity_daily/run_id=78cddc46-4b2a-4ebe-9065-1e54e3dff522/market=HK/symbol=02180.HK/adjust=hfq/source=sina/data.parquet,a3ed05cc326aa7cddab31bda6a821788929537487f09271dab32fa50097108e3
02180.HK,sina,stock_hk_daily,hfq,ohlc_logic_error,upstream_raw_inconsistency_propagated_by_adjustment,2022-01-14,OHLC violates the inclusive daily price envelope,low_gt_close,9.89,9.89,9.72,9.68,18500.0,78cddc46-4b2a-4ebe-9065-1e54e3dff522,data/raw/stage17/equity_daily/run_id=78cddc46-4b2a-4ebe-9065-1e54e3dff522/market=HK/symbol=02180.HK/adjust=hfq/source=sina/data.parquet,a3ed05cc326aa7cddab31bda6a821788929537487f09271dab32fa50097108e3
02180.HK,sina,stock_hk_daily,hfq,ohlc_logic_error,upstream_raw_inconsistency_propagated_by_adjustment,2022-03-14,OHLC violates the inclusive daily price envelope,low_gt_close,9.59,9.59,9.59,9.57,2250.0,78cddc46-4b2a-4ebe-9065-1e54e3dff522,data/raw/stage17/equity_daily/run_id=78cddc46-4b2a-4ebe-9065-1e54e3dff522/market=HK/symbol=02180.HK/adjust=hfq/source=sina/data.parquet,a3ed05cc326aa7cddab31bda6a821788929537487f09271dab32fa50097108e3
02180.HK,sina,stock_hk_daily,hfq,ohlc_logic_error,upstream_raw_inconsistency_propagated_by_adjustment,2022-03-15,OHLC violates the inclusive daily price envelope,low_gt_close,9.19,9.19,9.18,9.11,500.0,78cddc46-4b2a-4ebe-9065-1e54e3dff522,data/raw/stage17/equity_daily/run_id=78cddc46-4b2a-4ebe-9065-1e54e3dff522/market=HK/symbol=02180.HK/adjust=hfq/source=sina/data.parquet,a3ed05cc326aa7cddab31bda6a821788929537487f09271dab32fa50097108e3
02180.HK,sina,stock_hk_daily,hfq,ohlc_logic_error,upstream_raw_inconsistency_propagated_by_adjustment,2022-03-23,OHLC violates the inclusive daily price envelope,high_lt_close,8.9,8.9,8.9,9.02,1000.0,78cddc46-4b2a-4ebe-9065-1e54e3dff522,data/raw/stage17/equity_daily/run_id=78cddc46-4b2a-4ebe-9065-1e54e3dff522/market=HK/symbol=02180.HK/adjust=hfq/source=sina/data.parquet,a3ed05cc326aa7cddab31bda6a821788929537487f09271dab32fa50097108e3
02180.HK,sina,stock_hk_daily,hfq,ohlc_logic_error,upstream_raw_inconsistency_propagated_by_adjustment,2022-03-28,OHLC violates the inclusive daily price envelope,high_lt_close,8.95,8.99,8.94,9.04,110250.0,78cddc46-4b2a-4ebe-9065-1e54e3dff522,data/raw/stage17/equity_daily/run_id=78cddc46-4b2a-4ebe-9065-1e54e3dff522/market=HK/symbol=02180.HK/adjust=hfq/source=sina/data.parquet,a3ed05cc326aa7cddab31bda6a821788929537487f09271dab32fa50097108e3
02180.HK,sina,stock_hk_daily,hfq,ohlc_logic_error,upstream_raw_inconsistency_propagated_by_adjustment,2022-05-16,OHLC violates the inclusive daily price envelope,high_lt_close,9.59,9.59,9.59,9.6,5000.0,78cddc46-4b2a-4ebe-9065-1e54e3dff522,data/raw/stage17/equity_daily/run_id=78cddc46-4b2a-4ebe-9065-1e54e3dff522/market=HK/symbol=02180.HK/adjust=hfq/source=sina/data.parquet,a3ed05cc326aa7cddab31bda6a821788929537487f09271dab32fa50097108e3
02180.HK,sina,stock_hk_daily,hfq,ohlc_logic_error,upstream_raw_inconsistency_propagated_by_adjustment,2022-06-22,OHLC violates the inclusive daily price envelope,low_gt_close,10.49,10.49,10.49,10.37,2500.0,78cddc46-4b2a-4ebe-9065-1e54e3dff522,data/raw/stage17/equity_daily/run_id=78cddc46-4b2a-4ebe-9065-1e54e3dff522/market=HK/symbol=02180.HK/adjust=hfq/source=sina/data.parquet,a3ed05cc326aa7cddab31bda6a821788929537487f09271dab32fa50097108e3
02180.HK,sina,stock_hk_daily,hfq,ohlc_logic_error,upstream_raw_inconsistency_propagated_by_adjustment,2022-07-08,OHLC violates the inclusive daily price envelope,high_lt_close,10.46,10.46,10.46,10.51,270900.0,78cddc46-4b2a-4ebe-9065-1e54e3dff522,data/raw/stage17/equity_daily/run_id=78cddc46-4b2a-4ebe-9065-1e54e3dff522/market=HK/symbol=02180.HK/adjust=hfq/source=sina/data.parquet,a3ed05cc326aa7cddab31bda6a821788929537487f09271dab32fa50097108e3
02180.HK,sina,stock_hk_daily,hfq,ohlc_logic_error,upstream_raw_inconsistency_propagated_by_adjustment,2022-08-31,OHLC violates the inclusive daily price envelope,low_gt_close,10.76,10.76,10.76,10.57,245750.0,78cddc46-4b2a-4ebe-9065-1e54e3dff522,data/raw/stage17/equity_daily/run_id=78cddc46-4b2a-4ebe-9065-1e54e3dff522/market=HK/symbol=02180.HK/adjust=hfq/source=sina/data.parquet,a3ed05cc326aa7cddab31bda6a821788929537487f09271dab32fa50097108e3
02180.HK,sina,stock_hk_daily,hfq,ohlc_logic_error,upstream_raw_inconsistency_propagated_by_adjustment,2022-10-03,OHLC violates the inclusive daily price envelope,low_gt_close,10.38,10.38,10.38,10.37,5000.0,78cddc46-4b2a-4ebe-9065-1e54e3dff522,data/raw/stage17/equity_daily/run_id=78cddc46-4b2a-4ebe-9065-1e54e3dff522/market=HK/symbol=02180.HK/adjust=hfq/source=sina/data.parquet,a3ed05cc326aa7cddab31bda6a821788929537487f09271dab32fa50097108e3
02180.HK,sina,stock_hk_daily,hfq,ohlc_logic_error,upstream_raw_inconsistency_propagated_by_adjustment,2022-10-26,OHLC violates the inclusive daily price envelope,low_gt_close,10.37,10.37,10.36,9.96,1000.0,78cddc46-4b2a-4ebe-9065-1e54e3dff522,data/raw/stage17/equity_daily/run_id=78cddc46-4b2a-4ebe-9065-1e54e3dff522/market=HK/symbol=02180.HK/adjust=hfq/source=sina/data.parquet,a3ed05cc326aa7cddab31bda6a821788929537487f09271dab32fa50097108e3
02180.HK,sina,stock_hk_daily,hfq,ohlc_logic_error,upstream_raw_inconsistency_propagated_by_adjustment,2022-11-11,OHLC violates the inclusive daily price envelope,low_gt_close,10.34,10.34,10.34,10.32,13000.0,78cddc46-4b2a-4ebe-9065-1e54e3dff522,data/raw/stage17/equity_daily/run_id=78cddc46-4b2a-4ebe-9065-1e54e3dff522/market=HK/symbol=02180.HK/adjust=hfq/source=sina/data.parquet,a3ed05cc326aa7cddab31bda6a821788929537487f09271dab32fa50097108e3
02180.HK,sina,stock_hk_daily,hfq,ohlc_logic_error,upstream_raw_inconsistency_propagated_by_adjustment,2022-11-21,OHLC violates the inclusive daily price envelope,high_lt_open,10.34,10.33,9.56,10.33,7250.0,78cddc46-4b2a-4ebe-9065-1e54e3dff522,data/raw/stage17/equity_daily/run_id=78cddc46-4b2a-4ebe-9065-1e54e3dff522/market=HK/symbol=02180.HK/adjust=hfq/source=sina/data.parquet,a3ed05cc326aa7cddab31bda6a821788929537487f09271dab32fa50097108e3
02180.HK,sina,stock_hk_daily,hfq,ohlc_logic_error,upstream_raw_inconsistency_propagated_by_adjustment,2023-01-31,OHLC violates the inclusive daily price envelope,high_lt_close,9.47,9.47,9.47,9.51,2000.0,78cddc46-4b2a-4ebe-9065-1e54e3dff522,data/raw/stage17/equity_daily/run_id=78cddc46-4b2a-4ebe-9065-1e54e3dff522/market=HK/symbol=02180.HK/adjust=hfq/source=sina/data.parquet,a3ed05cc326aa7cddab31bda6a821788929537487f09271dab32fa50097108e3
02180.HK,sina,stock_hk_daily,hfq,ohlc_logic_error,upstream_raw_inconsistency_propagated_by_adjustment,2023-02-20,OHLC violates the inclusive daily price envelope,high_lt_close,9.17,9.17,9.16,9.36,15250.0,78cddc46-4b2a-4ebe-9065-1e54e3dff522,data/raw/stage17/equity_daily/run_id=78cddc46-4b2a-4ebe-9065-1e54e3dff522/market=HK/symbol=02180.HK/adjust=hfq/source=sina/data.parquet,a3ed05cc326aa7cddab31bda6a821788929537487f09271dab32fa50097108e3
02180.HK,sina,stock_hk_daily,hfq,ohlc_logic_error,upstream_raw_inconsistency_propagated_by_adjustment,2023-04-18,OHLC violates the inclusive daily price envelope,high_lt_close,9.56,9.56,9.56,9.58,1003250.0,78cddc46-4b2a-4ebe-9065-1e54e3dff522,data/raw/stage17/equity_daily/run_id=78cddc46-4b2a-4ebe-9065-1e54e3dff522/market=HK/symbol=02180.HK/adjust=hfq/source=sina/data.parquet,a3ed05cc326aa7cddab31bda6a821788929537487f09271dab32fa50097108e3
02180.HK,sina,stock_hk_daily,hfq,ohlc_logic_error,upstream_raw_inconsistency_propagated_by_adjustment,2023-06-05,OHLC violates the inclusive daily price envelope,low_gt_close,9.46,9.46,9.46,8.99,3750.0,78cddc46-4b2a-4ebe-9065-1e54e3dff522,data/raw/stage17/equity_daily/run_id=78cddc46-4b2a-4ebe-9065-1e54e3dff522/market=HK/symbol=02180.HK/adjust=hfq/source=sina/data.parquet,a3ed05cc326aa7cddab31bda6a821788929537487f09271dab32fa50097108e3
02180.HK,sina,stock_hk_daily,hfq,ohlc_logic_error,upstream_raw_inconsistency_propagated_by_adjustment,2023-06-12,OHLC violates the inclusive daily price envelope,high_lt_close,9.18,9.18,9.18,9.21,4750.0,78cddc46-4b2a-4ebe-9065-1e54e3dff522,data/raw/stage17/equity_daily/run_id=78cddc46-4b2a-4ebe-9065-1e54e3dff522/market=HK/symbol=02180.HK/adjust=hfq/source=sina/data.parquet,a3ed05cc326aa7cddab31bda6a821788929537487f09271dab32fa50097108e3
02180.HK,sina,stock_hk_daily,hfq,ohlc_logic_error,upstream_raw_inconsistency_propagated_by_adjustment,2023-07-20,OHLC violates the inclusive daily price envelope,high_lt_close,9.08,9.08,9.08,9.28,1250.0,78cddc46-4b2a-4ebe-9065-1e54e3dff522,data/raw/stage17/equity_daily/run_id=78cddc46-4b2a-4ebe-9065-1e54e3dff522/market=HK/symbol=02180.HK/adjust=hfq/source=sina/data.parquet,a3ed05cc326aa7cddab31bda6a821788929537487f09271dab32fa50097108e3
02180.HK,sina,stock_hk_daily,hfq,ohlc_logic_error,upstream_raw_inconsistency_propagated_by_adjustment,2023-08-23,OHLC violates the inclusive daily price envelope,low_gt_close,9.68,9.68,9.68,9.08,2000.0,78cddc46-4b2a-4ebe-9065-1e54e3dff522,data/raw/stage17/equity_daily/run_id=78cddc46-4b2a-4ebe-9065-1e54e3dff522/market=HK/symbol=02180.HK/adjust=hfq/source=sina/data.parquet,a3ed05cc326aa7cddab31bda6a821788929537487f09271dab32fa50097108e3
02180.HK,sina,stock_hk_daily,hfq,ohlc_logic_error,upstream_raw_inconsistency_propagated_by_adjustment,2023-09-12,OHLC violates the inclusive daily price envelope,low_gt_close,7.83,7.83,7.75,7.73,1000.0,78cddc46-4b2a-4ebe-9065-1e54e3dff522,data/raw/stage17/equity_daily/run_id=78cddc46-4b2a-4ebe-9065-1e54e3dff522/market=HK/symbol=02180.HK/adjust=hfq/source=sina/data.parquet,a3ed05cc326aa7cddab31bda6a821788929537487f09271dab32fa50097108e3
02180.HK,sina,stock_hk_daily,hfq,ohlc_logic_error,upstream_raw_inconsistency_propagated_by_adjustment,2023-09-13,OHLC violates the inclusive daily price envelope,low_gt_close,7.73,7.73,7.73,7.72,36500.0,78cddc46-4b2a-4ebe-9065-1e54e3dff522,data/raw/stage17/equity_daily/run_id=78cddc46-4b2a-4ebe-9065-1e54e3dff522/market=HK/symbol=02180.HK/adjust=hfq/source=sina/data.parquet,a3ed05cc326aa7cddab31bda6a821788929537487f09271dab32fa50097108e3
02180.HK,sina,stock_hk_daily,hfq,ohlc_logic_error,upstream_raw_inconsistency_propagated_by_adjustment,2024-03-05,OHLC violates the inclusive daily price envelope,low_gt_close,8.39,8.39,8.39,8.38,250.0,78cddc46-4b2a-4ebe-9065-1e54e3dff522,data/raw/stage17/equity_daily/run_id=78cddc46-4b2a-4ebe-9065-1e54e3dff522/market=HK/symbol=02180.HK/adjust=hfq/source=sina/data.parquet,a3ed05cc326aa7cddab31bda6a821788929537487f09271dab32fa50097108e3
02180.HK,sina,stock_hk_daily,hfq,ohlc_logic_error,upstream_raw_inconsistency_propagated_by_adjustment,2024-04-08,OHLC violates the inclusive daily price envelope,high_lt_close,7.53,7.53,7.52,7.54,3000.0,78cddc46-4b2a-4ebe-9065-1e54e3dff522,data/raw/stage17/equity_daily/run_id=78cddc46-4b2a-4ebe-9065-1e54e3dff522/market=HK/symbol=02180.HK/adjust=hfq/source=sina/data.parquet,a3ed05cc326aa7cddab31bda6a821788929537487f09271dab32fa50097108e3
02180.HK,sina,stock_hk_daily,hfq,ohlc_logic_error,upstream_raw_inconsistency_propagated_by_adjustment,2024-06-12,OHLC violates the inclusive daily price envelope,low_gt_close,8.04,8.04,8.04,8.03,10000.0,78cddc46-4b2a-4ebe-9065-1e54e3dff522,data/raw/stage17/equity_daily/run_id=78cddc46-4b2a-4ebe-9065-1e54e3dff522/market=HK/symbol=02180.HK/adjust=hfq/source=sina/data.parquet,a3ed05cc326aa7cddab31bda6a821788929537487f09271dab32fa50097108e3
02180.HK,sina,stock_hk_daily,hfq,ohlc_logic_error,upstream_raw_inconsistency_propagated_by_adjustment,2024-06-14,OHLC violates the inclusive daily price envelope,low_gt_close,7.93,7.93,7.93,7.92,7000.0,78cddc46-4b2a-4ebe-9065-1e54e3dff522,data/raw/stage17/equity_daily/run_id=78cddc46-4b2a-4ebe-9065-1e54e3dff522/market=HK/symbol=02180.HK/adjust=hfq/source=sina/data.parquet,a3ed05cc326aa7cddab31bda6a821788929537487f09271dab32fa50097108e3
02180.HK,sina,stock_hk_daily,hfq,ohlc_logic_error,upstream_raw_inconsistency_propagated_by_adjustment,2024-06-24,OHLC violates the inclusive daily price envelope,low_gt_close,7.88,7.88,7.88,7.87,4000.0,78cddc46-4b2a-4ebe-9065-1e54e3dff522,data/raw/stage17/equity_daily/run_id=78cddc46-4b2a-4ebe-9065-1e54e3dff522/market=HK/symbol=02180.HK/adjust=hfq/source=sina/data.parquet,a3ed05cc326aa7cddab31bda6a821788929537487f09271dab32fa50097108e3
02180.HK,sina,stock_hk_daily,hfq,ohlc_logic_error,upstream_raw_inconsistency_propagated_by_adjustment,2024-10-02,OHLC violates the inclusive daily price envelope,low_gt_close,7.89,7.89,7.89,7.88,14000.0,78cddc46-4b2a-4ebe-9065-1e54e3dff522,data/raw/stage17/equity_daily/run_id=78cddc46-4b2a-4ebe-9065-1e54e3dff522/market=HK/symbol=02180.HK/adjust=hfq/source=sina/data.parquet,a3ed05cc326aa7cddab31bda6a821788929537487f09271dab32fa50097108e3
02180.HK,sina,stock_hk_daily,hfq,ohlc_logic_error,upstream_raw_inconsistency_propagated_by_adjustment,2024-10-08,OHLC violates the inclusive daily price envelope,low_gt_close,7.69,7.69,7.66,7.64,1750.0,78cddc46-4b2a-4ebe-9065-1e54e3dff522,data/raw/stage17/equity_daily/run_id=78cddc46-4b2a-4ebe-9065-1e54e3dff522/market=HK/symbol=02180.HK/adjust=hfq/source=sina/data.parquet,a3ed05cc326aa7cddab31bda6a821788929537487f09271dab32fa50097108e3
02180.HK,sina,stock_hk_daily,hfq,ohlc_logic_error,upstream_raw_inconsistency_propagated_by_adjustment,2024-10-24,OHLC violates the inclusive daily price envelope,high_lt_close,7.46,7.46,7.46,7.59,750.0,78cddc46-4b2a-4ebe-9065-1e54e3dff522,data/raw/stage17/equity_daily/run_id=78cddc46-4b2a-4ebe-9065-1e54e3dff522/market=HK/symbol=02180.HK/adjust=hfq/source=sina/data.parquet,a3ed05cc326aa7cddab31bda6a821788929537487f09271dab32fa50097108e3
02180.HK,sina,stock_hk_daily,hfq,ohlc_logic_error,upstream_raw_inconsistency_propagated_by_adjustment,2024-10-28,OHLC violates the inclusive daily price envelope,low_gt_close,7.83,7.83,7.83,7.79,3000.0,78cddc46-4b2a-4ebe-9065-1e54e3dff522,data/raw/stage17/equity_daily/run_id=78cddc46-4b2a-4ebe-9065-1e54e3dff522/market=HK/symbol=02180.HK/adjust=hfq/source=sina/data.parquet,a3ed05cc326aa7cddab31bda6a821788929537487f09271dab32fa50097108e3
02180.HK,sina,stock_hk_daily,hfq,ohlc_logic_error,upstream_raw_inconsistency_propagated_by_adjustment,2024-12-03,OHLC violates the inclusive daily price envelope,high_lt_close,7.29,7.29,7.29,7.3,250.0,78cddc46-4b2a-4ebe-9065-1e54e3dff522,data/raw/stage17/equity_daily/run_id=78cddc46-4b2a-4ebe-9065-1e54e3dff522/market=HK/symbol=02180.HK/adjust=hfq/source=sina/data.parquet,a3ed05cc326aa7cddab31bda6a821788929537487f09271dab32fa50097108e3
02180.HK,sina,stock_hk_daily,hfq,ohlc_logic_error,upstream_raw_inconsistency_propagated_by_adjustment,2025-01-17,OHLC violates the inclusive daily price envelope,high_lt_close,7.06,7.06,7.06,7.24,1750.0,78cddc46-4b2a-4ebe-9065-1e54e3dff522,data/raw/stage17/equity_daily/run_id=78cddc46-4b2a-4ebe-9065-1e54e3dff522/market=HK/symbol=02180.HK/adjust=hfq/source=sina/data.parquet,a3ed05cc326aa7cddab31bda6a821788929537487f09271dab32fa50097108e3
02180.HK,sina,stock_hk_daily,hfq,ohlc_logic_error,upstream_raw_inconsistency_propagated_by_adjustment,2025-03-18,OHLC violates the inclusive daily price envelope,high_lt_close,7.2,7.2,7.2,7.24,10500.0,78cddc46-4b2a-4ebe-9065-1e54e3dff522,data/raw/stage17/equity_daily/run_id=78cddc46-4b2a-4ebe-9065-1e54e3dff522/market=HK/symbol=02180.HK/adjust=hfq/source=sina/data.parquet,a3ed05cc326aa7cddab31bda6a821788929537487f09271dab32fa50097108e3
02180.HK,sina,stock_hk_daily,hfq,ohlc_logic_error,upstream_raw_inconsistency_propagated_by_adjustment,2025-04-08,OHLC violates the inclusive daily price envelope,low_gt_close,7.49,7.49,7.49,7.24,50000.0,78cddc46-4b2a-4ebe-9065-1e54e3dff522,data/raw/stage17/equity_daily/run_id=78cddc46-4b2a-4ebe-9065-1e54e3dff522/market=HK/symbol=02180.HK/adjust=hfq/source=sina/data.parquet,a3ed05cc326aa7cddab31bda6a821788929537487f09271dab32fa50097108e3
02180.HK,sina,stock_hk_daily,hfq,ohlc_logic_error,upstream_raw_inconsistency_propagated_by_adjustment,2025-04-09,OHLC violates the inclusive daily price envelope,high_lt_close,7.24,7.25,7.24,7.29,3000.0,78cddc46-4b2a-4ebe-9065-1e54e3dff522,data/raw/stage17/equity_daily/run_id=78cddc46-4b2a-4ebe-9065-1e54e3dff522/market=HK/symbol=02180.HK/adjust=hfq/source=sina/data.parquet,a3ed05cc326aa7cddab31bda6a821788929537487f09271dab32fa50097108e3
02180.HK,sina,stock_hk_daily,hfq,ohlc_logic_error,upstream_raw_inconsistency_propagated_by_adjustment,2025-07-15,OHLC violates the inclusive daily price envelope,high_lt_close,8.15,8.15,8.15,8.16,2250.0,78cddc46-4b2a-4ebe-9065-1e54e3dff522,data/raw/stage17/equity_daily/run_id=78cddc46-4b2a-4ebe-9065-1e54e3dff522/market=HK/symbol=02180.HK/adjust=hfq/source=sina/data.parquet,a3ed05cc326aa7cddab31bda6a821788929537487f09271dab32fa50097108e3
02180.HK,sina,stock_hk_daily,hfq,ohlc_logic_error,upstream_raw_inconsistency_propagated_by_adjustment,2025-08-14,OHLC violates the inclusive daily price envelope,low_gt_close,9.05,9.05,9.05,9.04,3000.0,78cddc46-4b2a-4ebe-9065-1e54e3dff522,data/raw/stage17/equity_daily/run_id=78cddc46-4b2a-4ebe-9065-1e54e3dff522/market=HK/symbol=02180.HK/adjust=hfq/source=sina/data.parquet,a3ed05cc326aa7cddab31bda6a821788929537487f09271dab32fa50097108e3
02180.HK,sina,stock_hk_daily,hfq,ohlc_logic_error,upstream_raw_inconsistency_propagated_by_adjustment,2025-10-03,OHLC violates the inclusive daily price envelope,high_lt_close,10.08,10.11,10.08,10.15,3000.0,78cddc46-4b2a-4ebe-9065-1e54e3dff522,data/raw/stage17/equity_daily/run_id=78cddc46-4b2a-4ebe-9065-1e54e3dff522/market=HK/symbol=02180.HK/adjust=hfq/source=sina/data.parquet,a3ed05cc326aa7cddab31bda6a821788929537487f09271dab32fa50097108e3
02180.HK,sina,stock_hk_daily,hfq,ohlc_logic_error,upstream_raw_inconsistency_propagated_by_adjustment,2025-10-16,OHLC violates the inclusive daily price envelope,high_lt_close,10.03,10.03,10.03,10.09,2500.0,78cddc46-4b2a-4ebe-9065-1e54e3dff522,data/raw/stage17/equity_daily/run_id=78cddc46-4b2a-4ebe-9065-1e54e3dff522/market=HK/symbol=02180.HK/adjust=hfq/source=sina/data.parquet,a3ed05cc326aa7cddab31bda6a821788929537487f09271dab32fa50097108e3
02180.HK,sina,stock_hk_daily,hfq,ohlc_logic_error,upstream_raw_inconsistency_propagated_by_adjustment,2025-11-13,OHLC violates the inclusive daily price envelope,high_lt_close,10.3,10.4,10.3,10.42,83500.0,78cddc46-4b2a-4ebe-9065-1e54e3dff522,data/raw/stage17/equity_daily/run_id=78cddc46-4b2a-4ebe-9065-1e54e3dff522/market=HK/symbol=02180.HK/adjust=hfq/source=sina/data.parquet,a3ed05cc326aa7cddab31bda6a821788929537487f09271dab32fa50097108e3
02180.HK,sina,stock_hk_daily,hfq,ohlc_logic_error,upstream_raw_inconsistency_propagated_by_adjustment,2025-11-25,OHLC violates the inclusive daily price envelope,high_lt_close,9.9,9.9,9.9,9.91,2000.0,78cddc46-4b2a-4ebe-9065-1e54e3dff522,data/raw/stage17/equity_daily/run_id=78cddc46-4b2a-4ebe-9065-1e54e3dff522/market=HK/symbol=02180.HK/adjust=hfq/source=sina/data.parquet,a3ed05cc326aa7cddab31bda6a821788929537487f09271dab32fa50097108e3
02180.HK,sina,stock_hk_daily,hfq,ohlc_logic_error,upstream_raw_inconsistency_propagated_by_adjustment,2025-11-27,OHLC violates the inclusive daily price envelope,high_lt_close,9.86,9.86,9.86,9.87,3500.0,78cddc46-4b2a-4ebe-9065-1e54e3dff522,data/raw/stage17/equity_daily/run_id=78cddc46-4b2a-4ebe-9065-1e54e3dff522/market=HK/symbol=02180.HK/adjust=hfq/source=sina/data.parquet,a3ed05cc326aa7cddab31bda6a821788929537487f09271dab32fa50097108e3
02180.HK,sina,stock_hk_daily,hfq,ohlc_logic_error,upstream_raw_inconsistency_propagated_by_adjustment,2025-12-01,OHLC violates the inclusive daily price envelope,low_gt_close,9.95,9.95,9.95,9.93,5000.0,78cddc46-4b2a-4ebe-9065-1e54e3dff522,data/raw/stage17/equity_daily/run_id=78cddc46-4b2a-4ebe-9065-1e54e3dff522/market=HK/symbol=02180.HK/adjust=hfq/source=sina/data.parquet,a3ed05cc326aa7cddab31bda6a821788929537487f09271dab32fa50097108e3
02180.HK,sina,stock_hk_daily,hfq,ohlc_logic_error,upstream_raw_inconsistency_propagated_by_adjustment,2025-12-02,OHLC violates the inclusive daily price envelope,low_gt_close,9.91,9.91,9.91,9.9,3000.0,78cddc46-4b2a-4ebe-9065-1e54e3dff522,data/raw/stage17/equity_daily/run_id=78cddc46-4b2a-4ebe-9065-1e54e3dff522/market=HK/symbol=02180.HK/adjust=hfq/source=sina/data.parquet,a3ed05cc326aa7cddab31bda6a821788929537487f09271dab32fa50097108e3
02180.HK,sina,stock_hk_daily,hfq,ohlc_logic_error,upstream_raw_inconsistency_propagated_by_adjustment,2025-12-12,OHLC violates the inclusive daily price envelope,high_lt_close,9.96,9.97,9.96,10.01,287247.0,78cddc46-4b2a-4ebe-9065-1e54e3dff522,data/raw/stage17/equity_daily/run_id=78cddc46-4b2a-4ebe-9065-1e54e3dff522/market=HK/symbol=02180.HK/adjust=hfq/source=sina/data.parquet,a3ed05cc326aa7cddab31bda6a821788929537487f09271dab32fa50097108e3
02180.HK,sina,stock_hk_daily,hfq,ohlc_logic_error,upstream_raw_inconsistency_propagated_by_adjustment,2025-12-16,OHLC violates the inclusive daily price envelope,high_lt_close,10.01,10.01,10.01,10.07,1250.0,78cddc46-4b2a-4ebe-9065-1e54e3dff522,data/raw/stage17/equity_daily/run_id=78cddc46-4b2a-4ebe-9065-1e54e3dff522/market=HK/symbol=02180.HK/adjust=hfq/source=sina/data.parquet,a3ed05cc326aa7cddab31bda6a821788929537487f09271dab32fa50097108e3
02180.HK,sina,stock_hk_daily,hfq,ohlc_logic_error,upstream_raw_inconsistency_propagated_by_adjustment,2026-04-24,OHLC violates the inclusive daily price envelope,high_lt_close,10.3,10.3,10.3,10.33,750.0,78cddc46-4b2a-4ebe-9065-1e54e3dff522,data/raw/stage17/equity_daily/run_id=78cddc46-4b2a-4ebe-9065-1e54e3dff522/market=HK/symbol=02180.HK/adjust=hfq/source=sina/data.parquet,a3ed05cc326aa7cddab31bda6a821788929537487f09271dab32fa50097108e3
02180.HK,sina,stock_hk_daily,hfq,ohlc_logic_error,upstream_raw_inconsistency_propagated_by_adjustment,2026-07-02,OHLC violates the inclusive daily price envelope,low_gt_open|low_gt_close,10.22,10.52,10.52,10.47,11500.0,78cddc46-4b2a-4ebe-9065-1e54e3dff522,data/raw/stage17/equity_daily/run_id=78cddc46-4b2a-4ebe-9065-1e54e3dff522/market=HK/symbol=02180.HK/adjust=hfq/source=sina/data.parquet,a3ed05cc326aa7cddab31bda6a821788929537487f09271dab32fa50097108e3
02180.HK,sina,stock_hk_daily,hfq,ohlc_logic_error,upstream_raw_inconsistency_propagated_by_adjustment,2026-08-17,OHLC violates the inclusive daily price envelope,high_lt_close,9.65,9.65,9.65,9.68,13000.0,78cddc46-4b2a-4ebe-9065-1e54e3dff522,data/raw/stage17/equity_daily/run_id=78cddc46-4b2a-4ebe-9065-1e54e3dff522/market=HK/symbol=02180.HK/adjust=hfq/source=sina/data.parquet,a3ed05cc326aa7cddab31bda6a821788929537487f09271dab32fa50097108e3
02180.HK,sina,stock_hk_daily,hfq,ohlc_logic_error,upstream_raw_inconsistency_propagated_by_adjustment,2026-08-18,OHLC violates the inclusive daily price envelope,high_lt_close,9.67,9.67,9.67,9.7,9000.0,78cddc46-4b2a-4ebe-9065-1e54e3dff522,data/raw/stage17/equity_daily/run_id=78cddc46-4b2a-4ebe-9065-1e54e3dff522/market=HK/symbol=02180.HK/adjust=hfq/source=sina/data.parquet,a3ed05cc326aa7cddab31bda6a821788929537487f09271dab32fa50097108e3
06100.HK,sina,stock_hk_daily,raw,ohlc_logic_error,upstream_raw_ohlc_inconsistency,2020-08-11,OHLC violates the inclusive daily price envelope,low_gt_open,18.12,19.26,18.92,19.18,81000.0,78cddc46-4b2a-4ebe-9065-1e54e3dff522,data/raw/stage17/equity_daily/run_id=78cddc46-4b2a-4ebe-9065-1e54e3dff522/market=HK/symbol=06100.HK/adjust=raw/source=sina/data.parquet,8b43f77a3954bffa8ea7b194dd37e1b641c26879e436f990cc4bd7ed0351992c
06100.HK,sina,stock_hk_daily,raw,ohlc_logic_error,upstream_raw_ohlc_inconsistency,2024-05-31,OHLC violates the inclusive daily price envelope,high_lt_open,2.95,2.93,2.62,2.62,17807900.0,78cddc46-4b2a-4ebe-9065-1e54e3dff522,data/raw/stage17/equity_daily/run_id=78cddc46-4b2a-4ebe-9065-1e54e3dff522/market=HK/symbol=06100.HK/adjust=raw/source=sina/data.parquet,8b43f77a3954bffa8ea7b194dd37e1b641c26879e436f990cc4bd7ed0351992c
06100.HK,sina,stock_hk_daily,raw,ohlc_logic_error,upstream_raw_ohlc_inconsistency,2025-08-29,OHLC violates the inclusive daily price envelope,low_gt_open,4.05,4.44,4.1,4.22,1680800.0,78cddc46-4b2a-4ebe-9065-1e54e3dff522,data/raw/stage17/equity_daily/run_id=78cddc46-4b2a-4ebe-9065-1e54e3dff522/market=HK/symbol=06100.HK/adjust=raw/source=sina/data.parquet,8b43f77a3954bffa8ea7b194dd37e1b641c26879e436f990cc4bd7ed0351992c
06100.HK,sina,stock_hk_daily,qfq,ohlc_logic_error,upstream_raw_inconsistency_propagated_by_adjustment,2020-08-11,OHLC violates the inclusive daily price envelope,low_gt_open,14.9675,15.9091,15.6283,15.843,81000.0,78cddc46-4b2a-4ebe-9065-1e54e3dff522,data/raw/stage17/equity_daily/run_id=78cddc46-4b2a-4ebe-9065-1e54e3dff522/market=HK/symbol=06100.HK/adjust=qfq/source=sina/data.parquet,18aa00292bedef3ab95b1265b129037aa628516b402adf6ec1bd42c2a36341e0
06100.HK,sina,stock_hk_daily,qfq,ohlc_logic_error,upstream_raw_inconsistency_propagated_by_adjustment,2024-05-31,OHLC violates the inclusive daily price envelope,high_lt_open,2.4368,2.4202,2.1642,2.1642,17807900.0,78cddc46-4b2a-4ebe-9065-1e54e3dff522,data/raw/stage17/equity_daily/run_id=78cddc46-4b2a-4ebe-9065-1e54e3dff522/market=HK/symbol=06100.HK/adjust=qfq/source=sina/data.parquet,18aa00292bedef3ab95b1265b129037aa628516b402adf6ec1bd42c2a36341e0
06100.HK,sina,stock_hk_daily,qfq,ohlc_logic_error,upstream_raw_inconsistency_propagated_by_adjustment,2025-08-29,OHLC violates the inclusive daily price envelope,low_gt_open,3.7221,4.0805,3.768,3.8783,1680800.0,78cddc46-4b2a-4ebe-9065-1e54e3dff522,data/raw/stage17/equity_daily/run_id=78cddc46-4b2a-4ebe-9065-1e54e3dff522/market=HK/symbol=06100.HK/adjust=qfq/source=sina/data.parquet,18aa00292bedef3ab95b1265b129037aa628516b402adf6ec1bd42c2a36341e0
06100.HK,sina,stock_hk_daily,hfq,ohlc_logic_error,upstream_raw_inconsistency_propagated_by_adjustment,2020-08-11,OHLC violates the inclusive daily price envelope,low_gt_open,18.12,19.26,18.92,19.18,81000.0,78cddc46-4b2a-4ebe-9065-1e54e3dff522,data/raw/stage17/equity_daily/run_id=78cddc46-4b2a-4ebe-9065-1e54e3dff522/market=HK/symbol=06100.HK/adjust=hfq/source=sina/data.parquet,0fc3110cf31483dca6a9a6917e2c48fa1e141ddf0d924d267d3f95944e30218e
06100.HK,sina,stock_hk_daily,hfq,ohlc_logic_error,upstream_raw_inconsistency_propagated_by_adjustment,2024-05-31,OHLC violates the inclusive daily price envelope,high_lt_open,2.95,2.93,2.62,2.62,17807900.0,78cddc46-4b2a-4ebe-9065-1e54e3dff522,data/raw/stage17/equity_daily/run_id=78cddc46-4b2a-4ebe-9065-1e54e3dff522/market=HK/symbol=06100.HK/adjust=hfq/source=sina/data.parquet,0fc3110cf31483dca6a9a6917e2c48fa1e141ddf0d924d267d3f95944e30218e
06100.HK,sina,stock_hk_daily,hfq,ohlc_logic_error,upstream_raw_inconsistency_propagated_by_adjustment,2025-08-29,OHLC violates the inclusive daily price envelope,low_gt_open,4.47,4.86,4.52,4.64,1680800.0,78cddc46-4b2a-4ebe-9065-1e54e3dff522,data/raw/stage17/equity_daily/run_id=78cddc46-4b2a-4ebe-9065-1e54e3dff522/market=HK/symbol=06100.HK/adjust=hfq/source=sina/data.parquet,0fc3110cf31483dca6a9a6917e2c48fa1e141ddf0d924d267d3f95944e30218e
06919.HK,sina,stock_hk_daily,raw,ohlc_logic_error,upstream_raw_ohlc_inconsistency,2022-04-21,OHLC violates the inclusive daily price envelope,low_gt_close,7.34,7.34,7.28,7.12,5200.0,78cddc46-4b2a-4ebe-9065-1e54e3dff522,data/raw/stage17/equity_daily/run_id=78cddc46-4b2a-4ebe-9065-1e54e3dff522/market=HK/symbol=06919.HK/adjust=raw/source=sina/data.parquet,112d4916343af9972c62b39edd2937d087419240f308ab02a677fd487c77a586
06919.HK,sina,stock_hk_daily,raw,ohlc_logic_error,upstream_raw_ohlc_inconsistency,2022-04-22,OHLC violates the inclusive daily price envelope,low_gt_close,7.33,7.33,7.33,7.21,100.0,78cddc46-4b2a-4ebe-9065-1e54e3dff522,data/raw/stage17/equity_daily/run_id=78cddc46-4b2a-4ebe-9065-1e54e3dff522/market=HK/symbol=06919.HK/adjust=raw/source=sina/data.parquet,112d4916343af9972c62b39edd2937d087419240f308ab02a677fd487c77a586
06919.HK,sina,stock_hk_daily,raw,ohlc_logic_error,upstream_raw_ohlc_inconsistency,2022-04-25,OHLC violates the inclusive daily price envelope,low_gt_close,7.42,7.42,7.42,7.32,100.0,78cddc46-4b2a-4ebe-9065-1e54e3dff522,data/raw/stage17/equity_daily/run_id=78cddc46-4b2a-4ebe-9065-1e54e3dff522/market=HK/symbol=06919.HK/adjust=raw/source=sina/data.parquet,112d4916343af9972c62b39edd2937d087419240f308ab02a677fd487c77a586
06919.HK,sina,stock_hk_daily,raw,ohlc_logic_error,upstream_raw_ohlc_inconsistency,2022-05-06,OHLC violates the inclusive daily price envelope,high_lt_close,6.01,6.01,6.01,6.02,1800.0,78cddc46-4b2a-4ebe-9065-1e54e3dff522,data/raw/stage17/equity_daily/run_id=78cddc46-4b2a-4ebe-9065-1e54e3dff522/market=HK/symbol=06919.HK/adjust=raw/source=sina/data.parquet,112d4916343af9972c62b39edd2937d087419240f308ab02a677fd487c77a586
06919.HK,sina,stock_hk_daily,raw,ohlc_logic_error,upstream_raw_ohlc_inconsistency,2022-05-13,OHLC violates the inclusive daily price envelope,low_gt_close,6.49,6.49,6.29,6.21,300.0,78cddc46-4b2a-4ebe-9065-1e54e3dff522,data/raw/stage17/equity_daily/run_id=78cddc46-4b2a-4ebe-9065-1e54e3dff522/market=HK/symbol=06919.HK/adjust=raw/source=sina/data.parquet,112d4916343af9972c62b39edd2937d087419240f308ab02a677fd487c77a586
06919.HK,sina,stock_hk_daily,raw,ohlc_logic_error,upstream_raw_ohlc_inconsistency,2022-08-24,OHLC violates the inclusive daily price envelope,low_gt_close,5.7,5.77,5.68,5.55,40800.0,78cddc46-4b2a-4ebe-9065-1e54e3dff522,data/raw/stage17/equity_daily/run_id=78cddc46-4b2a-4ebe-9065-1e54e3dff522/market=HK/symbol=06919.HK/adjust=raw/source=sina/data.parquet,112d4916343af9972c62b39edd2937d087419240f308ab02a677fd487c77a586
06919.HK,sina,stock_hk_daily,raw,ohlc_logic_error,upstream_raw_ohlc_inconsistency,2022-09-27,OHLC violates the inclusive daily price envelope,low_gt_close,5.41,5.41,5.4,5.39,200.0,78cddc46-4b2a-4ebe-9065-1e54e3dff522,data/raw/stage17/equity_daily/run_id=78cddc46-4b2a-4ebe-9065-1e54e3dff522/market=HK/symbol=06919.HK/adjust=raw/source=sina/data.parquet,112d4916343af9972c62b39edd2937d087419240f308ab02a677fd487c77a586
06919.HK,sina,stock_hk_daily,raw,ohlc_logic_error,upstream_raw_ohlc_inconsistency,2022-09-28,OHLC violates the inclusive daily price envelope,low_gt_close,5.42,5.42,5.42,5.38,100.0,78cddc46-4b2a-4ebe-9065-1e54e3dff522,data/raw/stage17/equity_daily/run_id=78cddc46-4b2a-4ebe-9065-1e54e3dff522/market=HK/symbol=06919.HK/adjust=raw/source=sina/data.parquet,112d4916343af9972c62b39edd2937d087419240f308ab02a677fd487c77a586
06919.HK,sina,stock_hk_daily,raw,ohlc_logic_error,upstream_raw_ohlc_inconsistency,2022-10-24,OHLC violates the inclusive daily price envelope,low_gt_close,5.15,5.15,5.15,5.0,200.0,78cddc46-4b2a-4ebe-9065-1e54e3dff522,data/raw/stage17/equity_daily/run_id=78cddc46-4b2a-4ebe-9065-1e54e3dff522/market=HK/symbol=06919.HK/adjust=raw/source=sina/data.parquet,112d4916343af9972c62b39edd2937d087419240f308ab02a677fd487c77a586
06919.HK,sina,stock_hk_daily,raw,ohlc_logic_error,upstream_raw_ohlc_inconsistency,2022-11-17,OHLC violates the inclusive daily price envelope,low_gt_close,5.38,5.38,5.38,5.33,200.0,78cddc46-4b2a-4ebe-9065-1e54e3dff522,data/raw/stage17/equity_daily/run_id=78cddc46-4b2a-4ebe-9065-1e54e3dff522/market=HK/symbol=06919.HK/adjust=raw/source=sina/data.parquet,112d4916343af9972c62b39edd2937d087419240f308ab02a677fd487c77a586
06919.HK,sina,stock_hk_daily,raw,ohlc_logic_error,upstream_raw_ohlc_inconsistency,2022-11-21,OHLC violates the inclusive daily price envelope,low_gt_close,5.2,5.2,5.2,5.0,2084.0,78cddc46-4b2a-4ebe-9065-1e54e3dff522,data/raw/stage17/equity_daily/run_id=78cddc46-4b2a-4ebe-9065-1e54e3dff522/market=HK/symbol=06919.HK/adjust=raw/source=sina/data.parquet,112d4916343af9972c62b39edd2937d087419240f308ab02a677fd487c77a586
06919.HK,sina,stock_hk_daily,raw,ohlc_logic_error,upstream_raw_ohlc_inconsistency,2022-11-24,OHLC violates the inclusive daily price envelope,low_gt_close,5.2,5.2,5.2,5.17,100.0,78cddc46-4b2a-4ebe-9065-1e54e3dff522,data/raw/stage17/equity_daily/run_id=78cddc46-4b2a-4ebe-9065-1e54e3dff522/market=HK/symbol=06919.HK/adjust=raw/source=sina/data.parquet,112d4916343af9972c62b39edd2937d087419240f308ab02a677fd487c77a586
06919.HK,sina,stock_hk_daily,raw,ohlc_logic_error,upstream_raw_ohlc_inconsistency,2023-01-18,OHLC violates the inclusive daily price envelope,high_lt_close,4.2,4.2,4.2,4.34,100.0,78cddc46-4b2a-4ebe-9065-1e54e3dff522,data/raw/stage17/equity_daily/run_id=78cddc46-4b2a-4ebe-9065-1e54e3dff522/market=HK/symbol=06919.HK/adjust=raw/source=sina/data.parquet,112d4916343af9972c62b39edd2937d087419240f308ab02a677fd487c77a586
06919.HK,sina,stock_hk_daily,raw,ohlc_logic_error,upstream_raw_ohlc_inconsistency,2023-04-12,OHLC violates the inclusive daily price envelope,low_gt_close,4.36,4.36,4.36,4.24,400.0,78cddc46-4b2a-4ebe-9065-1e54e3dff522,data/raw/stage17/equity_daily/run_id=78cddc46-4b2a-4ebe-9065-1e54e3dff522/market=HK/symbol=06919.HK/adjust=raw/source=sina/data.parquet,112d4916343af9972c62b39edd2937d087419240f308ab02a677fd487c77a586
06919.HK,sina,stock_hk_daily,raw,ohlc_logic_error,upstream_raw_ohlc_inconsistency,2023-05-05,OHLC violates the inclusive daily price envelope,low_gt_close,3.99,3.99,3.99,3.98,200.0,78cddc46-4b2a-4ebe-9065-1e54e3dff522,data/raw/stage17/equity_daily/run_id=78cddc46-4b2a-4ebe-9065-1e54e3dff522/market=HK/symbol=06919.HK/adjust=raw/source=sina/data.parquet,112d4916343af9972c62b39edd2937d087419240f308ab02a677fd487c77a586
06919.HK,sina,stock_hk_daily,raw,ohlc_logic_error,upstream_raw_ohlc_inconsistency,2023-05-18,OHLC violates the inclusive daily price envelope,low_gt_close,4.04,4.04,4.04,4.03,500.0,78cddc46-4b2a-4ebe-9065-1e54e3dff522,data/raw/stage17/equity_daily/run_id=78cddc46-4b2a-4ebe-9065-1e54e3dff522/market=HK/symbol=06919.HK/adjust=raw/source=sina/data.parquet,112d4916343af9972c62b39edd2937d087419240f308ab02a677fd487c77a586
06919.HK,sina,stock_hk_daily,raw,ohlc_logic_error,upstream_raw_ohlc_inconsistency,2023-05-23,OHLC violates the inclusive daily price envelope,low_gt_close,4.06,4.06,4.06,4.02,200.0,78cddc46-4b2a-4ebe-9065-1e54e3dff522,data/raw/stage17/equity_daily/run_id=78cddc46-4b2a-4ebe-9065-1e54e3dff522/market=HK/symbol=06919.HK/adjust=raw/source=sina/data.parquet,112d4916343af9972c62b39edd2937d087419240f308ab02a677fd487c77a586
06919.HK,sina,stock_hk_daily,raw,ohlc_logic_error,upstream_raw_ohlc_inconsistency,2023-06-08,OHLC violates the inclusive daily price envelope,low_gt_close,3.98,3.98,3.97,3.94,500.0,78cddc46-4b2a-4ebe-9065-1e54e3dff522,data/raw/stage17/equity_daily/run_id=78cddc46-4b2a-4ebe-9065-1e54e3dff522/market=HK/symbol=06919.HK/adjust=raw/source=sina/data.parquet,112d4916343af9972c62b39edd2937d087419240f308ab02a677fd487c77a586
06919.HK,sina,stock_hk_daily,raw,ohlc_logic_error,upstream_raw_ohlc_inconsistency,2023-07-24,OHLC violates the inclusive daily price envelope,high_lt_close,3.89,3.89,3.89,4.2,100.0,78cddc46-4b2a-4ebe-9065-1e54e3dff522,data/raw/stage17/equity_daily/run_id=78cddc46-4b2a-4ebe-9065-1e54e3dff522/market=HK/symbol=06919.HK/adjust=raw/source=sina/data.parquet,112d4916343af9972c62b39edd2937d087419240f308ab02a677fd487c77a586
06919.HK,sina,stock_hk_daily,raw,ohlc_logic_error,upstream_raw_ohlc_inconsistency,2023-07-28,OHLC violates the inclusive daily price envelope,high_lt_close,3.97,3.97,3.96,3.98,16300.0,78cddc46-4b2a-4ebe-9065-1e54e3dff522,data/raw/stage17/equity_daily/run_id=78cddc46-4b2a-4ebe-9065-1e54e3dff522/market=HK/symbol=06919.HK/adjust=raw/source=sina/data.parquet,112d4916343af9972c62b39edd2937d087419240f308ab02a677fd487c77a586
06919.HK,sina,stock_hk_daily,raw,ohlc_logic_error,upstream_raw_ohlc_inconsistency,2023-08-24,OHLC violates the inclusive daily price envelope,low_gt_close,3.99,3.99,3.99,3.98,200.0,78cddc46-4b2a-4ebe-9065-1e54e3dff522,data/raw/stage17/equity_daily/run_id=78cddc46-4b2a-4ebe-9065-1e54e3dff522/market=HK/symbol=06919.HK/adjust=raw/source=sina/data.parquet,112d4916343af9972c62b39edd2937d087419240f308ab02a677fd487c77a586
06919.HK,sina,stock_hk_daily,raw,ohlc_logic_error,upstream_raw_ohlc_inconsistency,2023-11-23,OHLC violates the inclusive daily price envelope,high_lt_close,4.5,4.5,4.5,4.61,2800.0,78cddc46-4b2a-4ebe-9065-1e54e3dff522,data/raw/stage17/equity_daily/run_id=78cddc46-4b2a-4ebe-9065-1e54e3dff522/market=HK/symbol=06919.HK/adjust=raw/source=sina/data.parquet,112d4916343af9972c62b39edd2937d087419240f308ab02a677fd487c77a586
06919.HK,sina,stock_hk_daily,raw,ohlc_logic_error,upstream_raw_ohlc_inconsistency,2024-02-05,OHLC violates the inclusive daily price envelope,low_gt_close,4.6,4.6,4.6,4.57,1300.0,78cddc46-4b2a-4ebe-9065-1e54e3dff522,data/raw/stage17/equity_daily/run_id=78cddc46-4b2a-4ebe-9065-1e54e3dff522/market=HK/symbol=06919.HK/adjust=raw/source=sina/data.parquet,112d4916343af9972c62b39edd2937d087419240f308ab02a677fd487c77a586
06919.HK,sina,stock_hk_daily,raw,ohlc_logic_error,upstream_raw_ohlc_inconsistency,2024-03-14,OHLC violates the inclusive daily price envelope,low_gt_close,4.0,4.0,3.95,3.94,18700.0,78cddc46-4b2a-4ebe-9065-1e54e3dff522,data/raw/stage17/equity_daily/run_id=78cddc46-4b2a-4ebe-9065-1e54e3dff522/market=HK/symbol=06919.HK/adjust=raw/source=sina/data.parquet,112d4916343af9972c62b39edd2937d087419240f308ab02a677fd487c77a586
06919.HK,sina,stock_hk_daily,raw,ohlc_logic_error,upstream_raw_ohlc_inconsistency,2024-03-19,OHLC violates the inclusive daily price envelope,low_gt_close,3.76,3.76,3.76,3.75,1200.0,78cddc46-4b2a-4ebe-9065-1e54e3dff522,data/raw/stage17/equity_daily/run_id=78cddc46-4b2a-4ebe-9065-1e54e3dff522/market=HK/symbol=06919.HK/adjust=raw/source=sina/data.parquet,112d4916343af9972c62b39edd2937d087419240f308ab02a677fd487c77a586
06919.HK,sina,stock_hk_daily,raw,ohlc_logic_error,upstream_raw_ohlc_inconsistency,2024-03-27,OHLC violates the inclusive daily price envelope,low_gt_close,3.84,3.84,3.81,3.8,9100.0,78cddc46-4b2a-4ebe-9065-1e54e3dff522,data/raw/stage17/equity_daily/run_id=78cddc46-4b2a-4ebe-9065-1e54e3dff522/market=HK/symbol=06919.HK/adjust=raw/source=sina/data.parquet,112d4916343af9972c62b39edd2937d087419240f308ab02a677fd487c77a586
06919.HK,sina,stock_hk_daily,raw,ohlc_logic_error,upstream_raw_ohlc_inconsistency,2024-05-03,OHLC violates the inclusive daily price envelope,low_gt_close,3.65,3.77,3.63,3.61,31000.0,78cddc46-4b2a-4ebe-9065-1e54e3dff522,data/raw/stage17/equity_daily/run_id=78cddc46-4b2a-4ebe-9065-1e54e3dff522/market=HK/symbol=06919.HK/adjust=raw/source=sina/data.parquet,112d4916343af9972c62b39edd2937d087419240f308ab02a677fd487c77a586
06919.HK,sina,stock_hk_daily,raw,ohlc_logic_error,upstream_raw_ohlc_inconsistency,2024-05-28,OHLC violates the inclusive daily price envelope,high_lt_close,4.19,4.19,4.19,4.21,1500.0,78cddc46-4b2a-4ebe-9065-1e54e3dff522,data/raw/stage17/equity_daily/run_id=78cddc46-4b2a-4ebe-9065-1e54e3dff522/market=HK/symbol=06919.HK/adjust=raw/source=sina/data.parquet,112d4916343af9972c62b39edd2937d087419240f308ab02a677fd487c77a586
06919.HK,sina,stock_hk_daily,raw,ohlc_logic_error,upstream_raw_ohlc_inconsistency,2024-07-03,OHLC violates the inclusive daily price envelope,low_gt_close,5.02,5.17,5.01,5.0,21200.0,78cddc46-4b2a-4ebe-9065-1e54e3dff522,data/raw/stage17/equity_daily/run_id=78cddc46-4b2a-4ebe-9065-1e54e3dff522/market=HK/symbol=06919.HK/adjust=raw/source=sina/data.parquet,112d4916343af9972c62b39edd2937d087419240f308ab02a677fd487c77a586
06919.HK,sina,stock_hk_daily,raw,ohlc_logic_error,upstream_raw_ohlc_inconsistency,2024-08-16,OHLC violates the inclusive daily price envelope,low_gt_close,5.4,5.4,5.4,5.38,4200.0,78cddc46-4b2a-4ebe-9065-1e54e3dff522,data/raw/stage17/equity_daily/run_id=78cddc46-4b2a-4ebe-9065-1e54e3dff522/market=HK/symbol=06919.HK/adjust=raw/source=sina/data.parquet,112d4916343af9972c62b39edd2937d087419240f308ab02a677fd487c77a586
06919.HK,sina,stock_hk_daily,raw,ohlc_logic_error,upstream_raw_ohlc_inconsistency,2024-09-11,OHLC violates the inclusive daily price envelope,low_gt_close,4.9,5.2,4.9,4.89,16800.0,78cddc46-4b2a-4ebe-9065-1e54e3dff522,data/raw/stage17/equity_daily/run_id=78cddc46-4b2a-4ebe-9065-1e54e3dff522/market=HK/symbol=06919.HK/adjust=raw/source=sina/data.parquet,112d4916343af9972c62b39edd2937d087419240f308ab02a677fd487c77a586
06919.HK,sina,stock_hk_daily,raw,ohlc_logic_error,upstream_raw_ohlc_inconsistency,2024-09-27,OHLC violates the inclusive daily price envelope,high_lt_close,4.48,4.49,4.47,4.5,8500.0,78cddc46-4b2a-4ebe-9065-1e54e3dff522,data/raw/stage17/equity_daily/run_id=78cddc46-4b2a-4ebe-9065-1e54e3dff522/market=HK/symbol=06919.HK/adjust=raw/source=sina/data.parquet,112d4916343af9972c62b39edd2937d087419240f308ab02a677fd487c77a586
06919.HK,sina,stock_hk_daily,raw,ohlc_logic_error,upstream_raw_ohlc_inconsistency,2024-11-06,OHLC violates the inclusive daily price envelope,low_gt_close,4.55,4.55,4.55,4.45,300.0,78cddc46-4b2a-4ebe-9065-1e54e3dff522,data/raw/stage17/equity_daily/run_id=78cddc46-4b2a-4ebe-9065-1e54e3dff522/market=HK/symbol=06919.HK/adjust=raw/source=sina/data.parquet,112d4916343af9972c62b39edd2937d087419240f308ab02a677fd487c77a586
06919.HK,sina,stock_hk_daily,raw,ohlc_logic_error,upstream_raw_ohlc_inconsistency,2024-11-07,OHLC violates the inclusive daily price envelope,low_gt_close,4.55,4.55,4.55,4.5,200.0,78cddc46-4b2a-4ebe-9065-1e54e3dff522,data/raw/stage17/equity_daily/run_id=78cddc46-4b2a-4ebe-9065-1e54e3dff522/market=HK/symbol=06919.HK/adjust=raw/source=sina/data.parquet,112d4916343af9972c62b39edd2937d087419240f308ab02a677fd487c77a586
06919.HK,sina,stock_hk_daily,raw,ohlc_logic_error,upstream_raw_ohlc_inconsistency,2025-05-29,OHLC violates the inclusive daily price envelope,low_gt_close,3.99,3.99,3.99,3.98,400.0,78cddc46-4b2a-4ebe-9065-1e54e3dff522,data/raw/stage17/equity_daily/run_id=78cddc46-4b2a-4ebe-9065-1e54e3dff522/market=HK/symbol=06919.HK/adjust=raw/source=sina/data.parquet,112d4916343af9972c62b39edd2937d087419240f308ab02a677fd487c77a586
06919.HK,sina,stock_hk_daily,raw,ohlc_logic_error,upstream_raw_ohlc_inconsistency,2025-11-21,OHLC violates the inclusive daily price envelope,low_gt_close,4.42,4.42,4.42,4.38,300.0,78cddc46-4b2a-4ebe-9065-1e54e3dff522,data/raw/stage17/equity_daily/run_id=78cddc46-4b2a-4ebe-9065-1e54e3dff522/market=HK/symbol=06919.HK/adjust=raw/source=sina/data.parquet,112d4916343af9972c62b39edd2937d087419240f308ab02a677fd487c77a586
06919.HK,sina,stock_hk_daily,raw,ohlc_logic_error,upstream_raw_ohlc_inconsistency,2025-12-29,OHLC violates the inclusive daily price envelope,high_lt_close,3.8,3.81,3.8,3.84,1300.0,78cddc46-4b2a-4ebe-9065-1e54e3dff522,data/raw/stage17/equity_daily/run_id=78cddc46-4b2a-4ebe-9065-1e54e3dff522/market=HK/symbol=06919.HK/adjust=raw/source=sina/data.parquet,112d4916343af9972c62b39edd2937d087419240f308ab02a677fd487c77a586
06919.HK,sina,stock_hk_daily,raw,ohlc_logic_error,upstream_raw_ohlc_inconsistency,2026-01-08,OHLC violates the inclusive daily price envelope,low_gt_open,4.21,4.49,4.25,4.49,21700.0,78cddc46-4b2a-4ebe-9065-1e54e3dff522,data/raw/stage17/equity_daily/run_id=78cddc46-4b2a-4ebe-9065-1e54e3dff522/market=HK/symbol=06919.HK/adjust=raw/source=sina/data.parquet,112d4916343af9972c62b39edd2937d087419240f308ab02a677fd487c77a586
06919.HK,sina,stock_hk_daily,raw,ohlc_logic_error,upstream_raw_ohlc_inconsistency,2026-02-23,OHLC violates the inclusive daily price envelope,low_gt_close,4.49,4.5,4.49,4.45,10000.0,78cddc46-4b2a-4ebe-9065-1e54e3dff522,data/raw/stage17/equity_daily/run_id=78cddc46-4b2a-4ebe-9065-1e54e3dff522/market=HK/symbol=06919.HK/adjust=raw/source=sina/data.parquet,112d4916343af9972c62b39edd2937d087419240f308ab02a677fd487c77a586
06919.HK,sina,stock_hk_daily,raw,ohlc_logic_error,upstream_raw_ohlc_inconsistency,2026-05-27,OHLC violates the inclusive daily price envelope,low_gt_close,3.78,3.78,3.78,3.77,700.0,78cddc46-4b2a-4ebe-9065-1e54e3dff522,data/raw/stage17/equity_daily/run_id=78cddc46-4b2a-4ebe-9065-1e54e3dff522/market=HK/symbol=06919.HK/adjust=raw/source=sina/data.parquet,112d4916343af9972c62b39edd2937d087419240f308ab02a677fd487c77a586
06919.HK,sina,stock_hk_daily,raw,ohlc_logic_error,upstream_raw_ohlc_inconsistency,2026-05-29,OHLC violates the inclusive daily price envelope,low_gt_close,4.0,4.0,4.0,3.9,200.0,78cddc46-4b2a-4ebe-9065-1e54e3dff522,data/raw/stage17/equity_daily/run_id=78cddc46-4b2a-4ebe-9065-1e54e3dff522/market=HK/symbol=06919.HK/adjust=raw/source=sina/data.parquet,112d4916343af9972c62b39edd2937d087419240f308ab02a677fd487c77a586
06919.HK,sina,stock_hk_daily,raw,ohlc_logic_error,upstream_raw_ohlc_inconsistency,2026-06-18,OHLC violates the inclusive daily price envelope,high_lt_close,3.51,3.51,3.44,3.54,1900.0,78cddc46-4b2a-4ebe-9065-1e54e3dff522,data/raw/stage17/equity_daily/run_id=78cddc46-4b2a-4ebe-9065-1e54e3dff522/market=HK/symbol=06919.HK/adjust=raw/source=sina/data.parquet,112d4916343af9972c62b39edd2937d087419240f308ab02a677fd487c77a586
06919.HK,sina,stock_hk_daily,raw,ohlc_logic_error,upstream_raw_ohlc_inconsistency,2026-06-24,OHLC violates the inclusive daily price envelope,high_lt_close,3.55,3.55,3.55,3.87,700.0,78cddc46-4b2a-4ebe-9065-1e54e3dff522,data/raw/stage17/equity_daily/run_id=78cddc46-4b2a-4ebe-9065-1e54e3dff522/market=HK/symbol=06919.HK/adjust=raw/source=sina/data.parquet,112d4916343af9972c62b39edd2937d087419240f308ab02a677fd487c77a586
06919.HK,sina,stock_hk_daily,raw,ohlc_logic_error,upstream_raw_ohlc_inconsistency,2026-08-17,OHLC violates the inclusive daily price envelope,low_gt_close,3.315,3.315,3.315,3.3,400.0,78cddc46-4b2a-4ebe-9065-1e54e3dff522,data/raw/stage17/equity_daily/run_id=78cddc46-4b2a-4ebe-9065-1e54e3dff522/market=HK/symbol=06919.HK/adjust=raw/source=sina/data.parquet,112d4916343af9972c62b39edd2937d087419240f308ab02a677fd487c77a586
06919.HK,sina,stock_hk_daily,qfq,ohlc_logic_error,upstream_raw_inconsistency_propagated_by_adjustment,2022-04-21,OHLC violates the inclusive daily price envelope,low_gt_close,6.6199,6.6199,6.5658,6.4215,5200.0,78cddc46-4b2a-4ebe-9065-1e54e3dff522,data/raw/stage17/equity_daily/run_id=78cddc46-4b2a-4ebe-9065-1e54e3dff522/market=HK/symbol=06919.HK/adjust=qfq/source=sina/data.parquet,3abebc2c3c59b9380daad0c5a7b5d0bcc9033b581041a0fab7913a725e51cd35
06919.HK,sina,stock_hk_daily,qfq,ohlc_logic_error,upstream_raw_inconsistency_propagated_by_adjustment,2022-04-22,OHLC violates the inclusive daily price envelope,low_gt_close,6.6109,6.6109,6.6109,6.5027,100.0,78cddc46-4b2a-4ebe-9065-1e54e3dff522,data/raw/stage17/equity_daily/run_id=78cddc46-4b2a-4ebe-9065-1e54e3dff522/market=HK/symbol=06919.HK/adjust=qfq/source=sina/data.parquet,3abebc2c3c59b9380daad0c5a7b5d0bcc9033b581041a0fab7913a725e51cd35
06919.HK,sina,stock_hk_daily,qfq,ohlc_logic_error,upstream_raw_inconsistency_propagated_by_adjustment,2022-04-25,OHLC violates the inclusive daily price envelope,low_gt_close,6.6921,6.6921,6.6921,6.6019,100.0,78cddc46-4b2a-4ebe-9065-1e54e3dff522,data/raw/stage17/equity_daily/run_id=78cddc46-4b2a-4ebe-9065-1e54e3dff522/market=HK/symbol=06919.HK/adjust=qfq/source=sina/data.parquet,3abebc2c3c59b9380daad0c5a7b5d0bcc9033b581041a0fab7913a725e51cd35
06919.HK,sina,stock_hk_daily,qfq,ohlc_logic_error,upstream_raw_inconsistency_propagated_by_adjustment,2022-05-06,OHLC violates the inclusive daily price envelope,high_lt_close,5.4204,5.4204,5.4204,5.4294,1800.0,78cddc46-4b2a-4ebe-9065-1e54e3dff522,data/raw/stage17/equity_daily/run_id=78cddc46-4b2a-4ebe-9065-1e54e3dff522/market=HK/symbol=06919.HK/adjust=qfq/source=sina/data.parquet,3abebc2c3c59b9380daad0c5a7b5d0bcc9033b581041a0fab7913a725e51cd35
06919.HK,sina,stock_hk_daily,qfq,ohlc_logic_error,upstream_raw_inconsistency_propagated_by_adjustment,2022-05-13,OHLC violates the inclusive daily price envelope,low_gt_close,5.8533,5.8533,5.6729,5.6008,300.0,78cddc46-4b2a-4ebe-9065-1e54e3dff522,data/raw/stage17/equity_daily/run_id=78cddc46-4b2a-4ebe-9065-1e54e3dff522/market=HK/symbol=06919.HK/adjust=qfq/source=sina/data.parquet,3abebc2c3c59b9380daad0c5a7b5d0bcc9033b581041a0fab7913a725e51cd35
06919.HK,sina,stock_hk_daily,qfq,ohlc_logic_error,upstream_raw_inconsistency_propagated_by_adjustment,2022-08-24,OHLC violates the inclusive daily price envelope,low_gt_close,5.3539,5.4196,5.3351,5.213,40800.0,78cddc46-4b2a-4ebe-9065-1e54e3dff522,data/raw/stage17/equity_daily/run_id=78cddc46-4b2a-4ebe-9065-1e54e3dff522/market=HK/symbol=06919.HK/adjust=qfq/source=sina/data.parquet,3abebc2c3c59b9380daad0c5a7b5d0bcc9033b581041a0fab7913a725e51cd35
06919.HK,sina,stock_hk_daily,qfq,ohlc_logic_error,upstream_raw_inconsistency_propagated_by_adjustment,2022-09-27,OHLC violates the inclusive daily price envelope,low_gt_close,5.0815,5.0815,5.0721,5.0627,200.0,78cddc46-4b2a-4ebe-9065-1e54e3dff522,data/raw/stage17/equity_daily/run_id=78cddc46-4b2a-4ebe-9065-1e54e3dff522/market=HK/symbol=06919.HK/adjust=qfq/source=sina/data.parquet,3abebc2c3c59b9380daad0c5a7b5d0bcc9033b581041a0fab7913a725e51cd35
06919.HK,sina,stock_hk_daily,qfq,ohlc_logic_error,upstream_raw_inconsistency_propagated_by_adjustment,2022-09-28,OHLC violates the inclusive daily price envelope,low_gt_close,5.0909,5.0909,5.0909,5.0533,100.0,78cddc46-4b2a-4ebe-9065-1e54e3dff522,data/raw/stage17/equity_daily/run_id=78cddc46-4b2a-4ebe-9065-1e54e3dff522/market=HK/symbol=06919.HK/adjust=qfq/source=sina/data.parquet,3abebc2c3c59b9380daad0c5a7b5d0bcc9033b581041a0fab7913a725e51cd35
06919.HK,sina,stock_hk_daily,qfq,ohlc_logic_error,upstream_raw_inconsistency_propagated_by_adjustment,2022-10-24,OHLC violates the inclusive daily price envelope,low_gt_close,4.8373,4.8373,4.8373,4.6964,200.0,78cddc46-4b2a-4ebe-9065-1e54e3dff522,data/raw/stage17/equity_daily/run_id=78cddc46-4b2a-4ebe-9065-1e54e3dff522/market=HK/symbol=06919.HK/adjust=qfq/source=sina/data.parquet,3abebc2c3c59b9380daad0c5a7b5d0bcc9033b581041a0fab7913a725e51cd35
06919.HK,sina,stock_hk_daily,qfq,ohlc_logic_error,upstream_raw_inconsistency_propagated_by_adjustment,2022-11-17,OHLC violates the inclusive daily price envelope,low_gt_close,5.0533,5.0533,5.0533,5.0064,200.0,78cddc46-4b2a-4ebe-9065-1e54e3dff522,data/raw/stage17/equity_daily/run_id=78cddc46-4b2a-4ebe-9065-1e54e3dff522/market=HK/symbol=06919.HK/adjust=qfq/source=sina/data.parquet,3abebc2c3c59b9380daad0c5a7b5d0bcc9033b581041a0fab7913a725e51cd35
06919.HK,sina,stock_hk_daily,qfq,ohlc_logic_error,upstream_raw_inconsistency_propagated_by_adjustment,2022-11-21,OHLC violates the inclusive daily price envelope,low_gt_close,4.8843,4.8843,4.8843,4.6964,2084.0,78cddc46-4b2a-4ebe-9065-1e54e3dff522,data/raw/stage17/equity_daily/run_id=78cddc46-4b2a-4ebe-9065-1e54e3dff522/market=HK/symbol=06919.HK/adjust=qfq/source=sina/data.parquet,3abebc2c3c59b9380daad0c5a7b5d0bcc9033b581041a0fab7913a725e51cd35
06919.HK,sina,stock_hk_daily,qfq,ohlc_logic_error,upstream_raw_inconsistency_propagated_by_adjustment,2022-11-24,OHLC violates the inclusive daily price envelope,low_gt_close,4.8843,4.8843,4.8843,4.8561,100.0,78cddc46-4b2a-4ebe-9065-1e54e3dff522,data/raw/stage17/equity_daily/run_id=78cddc46-4b2a-4ebe-9065-1e54e3dff522/market=HK/symbol=06919.HK/adjust=qfq/source=sina/data.parquet,3abebc2c3c59b9380daad0c5a7b5d0bcc9033b581041a0fab7913a725e51cd35
06919.HK,sina,stock_hk_daily,qfq,ohlc_logic_error,upstream_raw_inconsistency_propagated_by_adjustment,2023-01-18,OHLC violates the inclusive daily price envelope,high_lt_close,3.945,3.945,3.945,4.0765,100.0,78cddc46-4b2a-4ebe-9065-1e54e3dff522,data/raw/stage17/equity_daily/run_id=78cddc46-4b2a-4ebe-9065-1e54e3dff522/market=HK/symbol=06919.HK/adjust=qfq/source=sina/data.parquet,3abebc2c3c59b9380daad0c5a7b5d0bcc9033b581041a0fab7913a725e51cd35
06919.HK,sina,stock_hk_daily,qfq,ohlc_logic_error,upstream_raw_inconsistency_propagated_by_adjustment,2023-04-12,OHLC violates the inclusive daily price envelope,low_gt_close,4.0953,4.0953,4.0953,3.9825,400.0,78cddc46-4b2a-4ebe-9065-1e54e3dff522,data/raw/stage17/equity_daily/run_id=78cddc46-4b2a-4ebe-9065-1e54e3dff522/market=HK/symbol=06919.HK/adjust=qfq/source=sina/data.parquet,3abebc2c3c59b9380daad0c5a7b5d0bcc9033b581041a0fab7913a725e51cd35
06919.HK,sina,stock_hk_daily,qfq,ohlc_logic_error,upstream_raw_inconsistency_propagated_by_adjustment,2023-05-05,OHLC violates the inclusive daily price envelope,low_gt_close,3.7477,3.7477,3.7477,3.7383,200.0,78cddc46-4b2a-4ebe-9065-1e54e3dff522,data/raw/stage17/equity_daily/run_id=78cddc46-4b2a-4ebe-9065-1e54e3dff522/market=HK/symbol=06919.HK/adjust=qfq/source=sina/data.parquet,3abebc2c3c59b9380daad0c5a7b5d0bcc9033b581041a0fab7913a725e51cd35
06919.HK,sina,stock_hk_daily,qfq,ohlc_logic_error,upstream_raw_inconsistency_propagated_by_adjustment,2023-05-18,OHLC violates the inclusive daily price envelope,low_gt_close,3.7947,3.7947,3.7947,3.7853,500.0,78cddc46-4b2a-4ebe-9065-1e54e3dff522,data/raw/stage17/equity_daily/run_id=78cddc46-4b2a-4ebe-9065-1e54e3dff522/market=HK/symbol=06919.HK/adjust=qfq/source=sina/data.parquet,3abebc2c3c59b9380daad0c5a7b5d0bcc9033b581041a0fab7913a725e51cd35
06919.HK,sina,stock_hk_daily,qfq,ohlc_logic_error,upstream_raw_inconsistency_propagated_by_adjustment,2023-05-23,OHLC violates the inclusive daily price envelope,low_gt_close,3.8135,3.8135,3.8135,3.7759,200.0,78cddc46-4b2a-4ebe-9065-1e54e3dff522,data/raw/stage17/equity_daily/run_id=78cddc46-4b2a-4ebe-9065-1e54e3dff522/market=HK/symbol=06919.HK/adjust=qfq/source=sina/data.parquet,3abebc2c3c59b9380daad0c5a7b5d0bcc9033b581041a0fab7913a725e51cd35
06919.HK,sina,stock_hk_daily,qfq,ohlc_logic_error,upstream_raw_inconsistency_propagated_by_adjustment,2023-06-08,OHLC violates the inclusive daily price envelope,low_gt_close,3.7383,3.7383,3.7289,3.7008,500.0,78cddc46-4b2a-4ebe-9065-1e54e3dff522,data/raw/stage17/equity_daily/run_id=78cddc46-4b2a-4ebe-9065-1e54e3dff522/market=HK/symbol=06919.HK/adjust=qfq/source=sina/data.parquet,3abebc2c3c59b9380daad0c5a7b5d0bcc9033b581041a0fab7913a725e51cd35
06919.HK,sina,stock_hk_daily,qfq,ohlc_logic_error,upstream_raw_inconsistency_propagated_by_adjustment,2023-07-24,OHLC violates the inclusive daily price envelope,high_lt_close,3.6538,3.6538,3.6538,3.945,100.0,78cddc46-4b2a-4ebe-9065-1e54e3dff522,data/raw/stage17/equity_daily/run_id=78cddc46-4b2a-4ebe-9065-1e54e3dff522/market=HK/symbol=06919.HK/adjust=qfq/source=sina/data.parquet,3abebc2c3c59b9380daad0c5a7b5d0bcc9033b581041a0fab7913a725e51cd35
06919.HK,sina,stock_hk_daily,qfq,ohlc_logic_error,upstream_raw_inconsistency_propagated_by_adjustment,2023-07-28,OHLC violates the inclusive daily price envelope,high_lt_close,3.7289,3.7289,3.7195,3.7383,16300.0,78cddc46-4b2a-4ebe-9065-1e54e3dff522,data/raw/stage17/equity_daily/run_id=78cddc46-4b2a-4ebe-9065-1e54e3dff522/market=HK/symbol=06919.HK/adjust=qfq/source=sina/data.parquet,3abebc2c3c59b9380daad0c5a7b5d0bcc9033b581041a0fab7913a725e51cd35
06919.HK,sina,stock_hk_daily,qfq,ohlc_logic_error,upstream_raw_inconsistency_propagated_by_adjustment,2023-11-23,OHLC violates the inclusive daily price envelope,high_lt_close,4.2268,4.2268,4.2268,4.3301,2800.0,78cddc46-4b2a-4ebe-9065-1e54e3dff522,data/raw/stage17/equity_daily/run_id=78cddc46-4b2a-4ebe-9065-1e54e3dff522/market=HK/symbol=06919.HK/adjust=qfq/source=sina/data.parquet,3abebc2c3c59b9380daad0c5a7b5d0bcc9033b581041a0fab7913a725e51cd35
06919.HK,sina,stock_hk_daily,qfq,ohlc_logic_error,upstream_raw_inconsistency_propagated_by_adjustment,2024-02-05,OHLC violates the inclusive daily price envelope,low_gt_close,4.3207,4.3207,4.3207,4.2925,1300.0,78cddc46-4b2a-4ebe-9065-1e54e3dff522,data/raw/stage17/equity_daily/run_id=78cddc46-4b2a-4ebe-9065-1e54e3dff522/market=HK/symbol=06919.HK/adjust=qfq/source=sina/data.parquet,3abebc2c3c59b9380daad0c5a7b5d0bcc9033b581041a0fab7913a725e51cd35
06919.HK,sina,stock_hk_daily,qfq,ohlc_logic_error,upstream_raw_inconsistency_propagated_by_adjustment,2024-03-14,OHLC violates the inclusive daily price envelope,low_gt_close,3.7571,3.7571,3.7102,3.7008,18700.0,78cddc46-4b2a-4ebe-9065-1e54e3dff522,data/raw/stage17/equity_daily/run_id=78cddc46-4b2a-4ebe-9065-1e54e3dff522/market=HK/symbol=06919.HK/adjust=qfq/source=sina/data.parquet,3abebc2c3c59b9380daad0c5a7b5d0bcc9033b581041a0fab7913a725e51cd35
06919.HK,sina,stock_hk_daily,qfq,ohlc_logic_error,upstream_raw_inconsistency_propagated_by_adjustment,2024-03-19,OHLC violates the inclusive daily price envelope,low_gt_close,3.5317,3.5317,3.5317,3.5223,1200.0,78cddc46-4b2a-4ebe-9065-1e54e3dff522,data/raw/stage17/equity_daily/run_id=78cddc46-4b2a-4ebe-9065-1e54e3dff522/market=HK/symbol=06919.HK/adjust=qfq/source=sina/data.parquet,3abebc2c3c59b9380daad0c5a7b5d0bcc9033b581041a0fab7913a725e51cd35
06919.HK,sina,stock_hk_daily,qfq,ohlc_logic_error,upstream_raw_inconsistency_propagated_by_adjustment,2024-03-27,OHLC violates the inclusive daily price envelope,low_gt_close,3.6068,3.6068,3.5787,3.5693,9100.0,78cddc46-4b2a-4ebe-9065-1e54e3dff522,data/raw/stage17/equity_daily/run_id=78cddc46-4b2a-4ebe-9065-1e54e3dff522/market=HK/symbol=06919.HK/adjust=qfq/source=sina/data.parquet,3abebc2c3c59b9380daad0c5a7b5d0bcc9033b581041a0fab7913a725e51cd35
06919.HK,sina,stock_hk_daily,qfq,ohlc_logic_error,upstream_raw_inconsistency_propagated_by_adjustment,2024-05-03,OHLC violates the inclusive daily price envelope,low_gt_close,3.4284,3.5411,3.4096,3.3908,31000.0,78cddc46-4b2a-4ebe-9065-1e54e3dff522,data/raw/stage17/equity_daily/run_id=78cddc46-4b2a-4ebe-9065-1e54e3dff522/market=HK/symbol=06919.HK/adjust=qfq/source=sina/data.parquet,3abebc2c3c59b9380daad0c5a7b5d0bcc9033b581041a0fab7913a725e51cd35
06919.HK,sina,stock_hk_daily,qfq,ohlc_logic_error,upstream_raw_inconsistency_propagated_by_adjustment,2024-05-28,OHLC violates the inclusive daily price envelope,high_lt_close,3.9356,3.9356,3.9356,3.9544,1500.0,78cddc46-4b2a-4ebe-9065-1e54e3dff522,data/raw/stage17/equity_daily/run_id=78cddc46-4b2a-4ebe-9065-1e54e3dff522/market=HK/symbol=06919.HK/adjust=qfq/source=sina/data.parquet,3abebc2c3c59b9380daad0c5a7b5d0bcc9033b581041a0fab7913a725e51cd35
06919.HK,sina,stock_hk_daily,qfq,ohlc_logic_error,upstream_raw_inconsistency_propagated_by_adjustment,2024-07-03,OHLC violates the inclusive daily price envelope,low_gt_close,4.8036,4.9471,4.794,4.7845,21200.0,78cddc46-4b2a-4ebe-9065-1e54e3dff522,data/raw/stage17/equity_daily/run_id=78cddc46-4b2a-4ebe-9065-1e54e3dff522/market=HK/symbol=06919.HK/adjust=qfq/source=sina/data.parquet,3abebc2c3c59b9380daad0c5a7b5d0bcc9033b581041a0fab7913a725e51cd35
06919.HK,sina,stock_hk_daily,qfq,ohlc_logic_error,upstream_raw_inconsistency_propagated_by_adjustment,2024-08-16,OHLC violates the inclusive daily price envelope,low_gt_close,5.1672,5.1672,5.1672,5.1481,4200.0,78cddc46-4b2a-4ebe-9065-1e54e3dff522,data/raw/stage17/equity_daily/run_id=78cddc46-4b2a-4ebe-9065-1e54e3dff522/market=HK/symbol=06919.HK/adjust=qfq/source=sina/data.parquet,3abebc2c3c59b9380daad0c5a7b5d0bcc9033b581041a0fab7913a725e51cd35
06919.HK,sina,stock_hk_daily,qfq,ohlc_logic_error,upstream_raw_inconsistency_propagated_by_adjustment,2024-09-11,OHLC violates the inclusive daily price envelope,low_gt_close,4.6888,4.9758,4.6888,4.6792,16800.0,78cddc46-4b2a-4ebe-9065-1e54e3dff522,data/raw/stage17/equity_daily/run_id=78cddc46-4b2a-4ebe-9065-1e54e3dff522/market=HK/symbol=06919.HK/adjust=qfq/source=sina/data.parquet,3abebc2c3c59b9380daad0c5a7b5d0bcc9033b581041a0fab7913a725e51cd35
06919.HK,sina,stock_hk_daily,qfq,ohlc_logic_error,upstream_raw_inconsistency_propagated_by_adjustment,2024-09-27,OHLC violates the inclusive daily price envelope,high_lt_close,4.2869,4.2964,4.2773,4.306,8500.0,78cddc46-4b2a-4ebe-9065-1e54e3dff522,data/raw/stage17/equity_daily/run_id=78cddc46-4b2a-4ebe-9065-1e54e3dff522/market=HK/symbol=06919.HK/adjust=qfq/source=sina/data.parquet,3abebc2c3c59b9380daad0c5a7b5d0bcc9033b581041a0fab7913a725e51cd35
06919.HK,sina,stock_hk_daily,qfq,ohlc_logic_error,upstream_raw_inconsistency_propagated_by_adjustment,2024-11-06,OHLC violates the inclusive daily price envelope,low_gt_close,4.3539,4.3539,4.3539,4.2582,300.0,78cddc46-4b2a-4ebe-9065-1e54e3dff522,data/raw/stage17/equity_daily/run_id=78cddc46-4b2a-4ebe-9065-1e54e3dff522/market=HK/symbol=06919.HK/adjust=qfq/source=sina/data.parquet,3abebc2c3c59b9380daad0c5a7b5d0bcc9033b581041a0fab7913a725e51cd35
06919.HK,sina,stock_hk_daily,qfq,ohlc_logic_error,upstream_raw_inconsistency_propagated_by_adjustment,2024-11-07,OHLC violates the inclusive daily price envelope,low_gt_close,4.3539,4.3539,4.3539,4.306,200.0,78cddc46-4b2a-4ebe-9065-1e54e3dff522,data/raw/stage17/equity_daily/run_id=78cddc46-4b2a-4ebe-9065-1e54e3dff522/market=HK/symbol=06919.HK/adjust=qfq/source=sina/data.parquet,3abebc2c3c59b9380daad0c5a7b5d0bcc9033b581041a0fab7913a725e51cd35
06919.HK,sina,stock_hk_daily,qfq,ohlc_logic_error,upstream_raw_inconsistency_propagated_by_adjustment,2025-05-29,OHLC violates the inclusive daily price envelope,low_gt_close,3.818,3.818,3.818,3.8084,400.0,78cddc46-4b2a-4ebe-9065-1e54e3dff522,data/raw/stage17/equity_daily/run_id=78cddc46-4b2a-4ebe-9065-1e54e3dff522/market=HK/symbol=06919.HK/adjust=qfq/source=sina/data.parquet,3abebc2c3c59b9380daad0c5a7b5d0bcc9033b581041a0fab7913a725e51cd35
06919.HK,sina,stock_hk_daily,qfq,ohlc_logic_error,upstream_raw_inconsistency_propagated_by_adjustment,2025-11-21,OHLC violates the inclusive daily price envelope,low_gt_close,4.3067,4.3067,4.3067,4.2677,300.0,78cddc46-4b2a-4ebe-9065-1e54e3dff522,data/raw/stage17/equity_daily/run_id=78cddc46-4b2a-4ebe-9065-1e54e3dff522/market=HK/symbol=06919.HK/adjust=qfq/source=sina/data.parquet,3abebc2c3c59b9380daad0c5a7b5d0bcc9033b581041a0fab7913a725e51cd35
06919.HK,sina,stock_hk_daily,qfq,ohlc_logic_error,upstream_raw_inconsistency_propagated_by_adjustment,2025-12-29,OHLC violates the inclusive daily price envelope,high_lt_close,3.7026,3.7123,3.7026,3.7415,1300.0,78cddc46-4b2a-4ebe-9065-1e54e3dff522,data/raw/stage17/equity_daily/run_id=78cddc46-4b2a-4ebe-9065-1e54e3dff522/market=HK/symbol=06919.HK/adjust=qfq/source=sina/data.parquet,3abebc2c3c59b9380daad0c5a7b5d0bcc9033b581041a0fab7913a725e51cd35
06919.HK,sina,stock_hk_daily,qfq,ohlc_logic_error,upstream_raw_inconsistency_propagated_by_adjustment,2026-01-08,OHLC violates the inclusive daily price envelope,low_gt_open,4.1021,4.3749,4.141,4.3749,21700.0,78cddc46-4b2a-4ebe-9065-1e54e3dff522,data/raw/stage17/equity_daily/run_id=78cddc46-4b2a-4ebe-9065-1e54e3dff522/market=HK/symbol=06919.HK/adjust=qfq/source=sina/data.parquet,3abebc2c3c59b9380daad0c5a7b5d0bcc9033b581041a0fab7913a725e51cd35
06919.HK,sina,stock_hk_daily,qfq,ohlc_logic_error,upstream_raw_inconsistency_propagated_by_adjustment,2026-02-23,OHLC violates the inclusive daily price envelope,low_gt_close,4.3749,4.3846,4.3749,4.3359,10000.0,78cddc46-4b2a-4ebe-9065-1e54e3dff522,data/raw/stage17/equity_daily/run_id=78cddc46-4b2a-4ebe-9065-1e54e3dff522/market=HK/symbol=06919.HK/adjust=qfq/source=sina/data.parquet,3abebc2c3c59b9380daad0c5a7b5d0bcc9033b581041a0fab7913a725e51cd35
06919.HK,sina,stock_hk_daily,qfq,ohlc_logic_error,upstream_raw_inconsistency_propagated_by_adjustment,2026-05-27,OHLC violates the inclusive daily price envelope,low_gt_close,3.6831,3.6831,3.6831,3.6733,700.0,78cddc46-4b2a-4ebe-9065-1e54e3dff522,data/raw/stage17/equity_daily/run_id=78cddc46-4b2a-4ebe-9065-1e54e3dff522/market=HK/symbol=06919.HK/adjust=qfq/source=sina/data.parquet,3abebc2c3c59b9380daad0c5a7b5d0bcc9033b581041a0fab7913a725e51cd35
06919.HK,sina,stock_hk_daily,qfq,ohlc_logic_error,upstream_raw_inconsistency_propagated_by_adjustment,2026-05-29,OHLC violates the inclusive daily price envelope,low_gt_close,3.8974,3.8974,3.8974,3.8,200.0,78cddc46-4b2a-4ebe-9065-1e54e3dff522,data/raw/stage17/equity_daily/run_id=78cddc46-4b2a-4ebe-9065-1e54e3dff522/market=HK/symbol=06919.HK/adjust=qfq/source=sina/data.parquet,3abebc2c3c59b9380daad0c5a7b5d0bcc9033b581041a0fab7913a725e51cd35
06919.HK,sina,stock_hk_daily,qfq,ohlc_logic_error,upstream_raw_inconsistency_propagated_by_adjustment,2026-06-18,OHLC violates the inclusive daily price envelope,high_lt_close,3.51,3.51,3.44,3.54,1900.0,78cddc46-4b2a-4ebe-9065-1e54e3dff522,data/raw/stage17/equity_daily/run_id=78cddc46-4b2a-4ebe-9065-1e54e3dff522/market=HK/symbol=06919.HK/adjust=qfq/source=sina/data.parquet,3abebc2c3c59b9380daad0c5a7b5d0bcc9033b581041a0fab7913a725e51cd35
06919.HK,sina,stock_hk_daily,qfq,ohlc_logic_error,upstream_raw_inconsistency_propagated_by_adjustment,2026-06-24,OHLC violates the inclusive daily price envelope,high_lt_close,3.55,3.55,3.55,3.87,700.0,78cddc46-4b2a-4ebe-9065-1e54e3dff522,data/raw/stage17/equity_daily/run_id=78cddc46-4b2a-4ebe-9065-1e54e3dff522/market=HK/symbol=06919.HK/adjust=qfq/source=sina/data.parquet,3abebc2c3c59b9380daad0c5a7b5d0bcc9033b581041a0fab7913a725e51cd35
06919.HK,sina,stock_hk_daily,qfq,ohlc_logic_error,upstream_raw_inconsistency_propagated_by_adjustment,2026-08-17,OHLC violates the inclusive daily price envelope,low_gt_close,3.315,3.315,3.315,3.3,400.0,78cddc46-4b2a-4ebe-9065-1e54e3dff522,data/raw/stage17/equity_daily/run_id=78cddc46-4b2a-4ebe-9065-1e54e3dff522/market=HK/symbol=06919.HK/adjust=qfq/source=sina/data.parquet,3abebc2c3c59b9380daad0c5a7b5d0bcc9033b581041a0fab7913a725e51cd35
06919.HK,sina,stock_hk_daily,hfq,ohlc_logic_error,upstream_raw_inconsistency_propagated_by_adjustment,2022-04-21,OHLC violates the inclusive daily price envelope,low_gt_close,7.76,7.76,7.7,7.54,5200.0,78cddc46-4b2a-4ebe-9065-1e54e3dff522,data/raw/stage17/equity_daily/run_id=78cddc46-4b2a-4ebe-9065-1e54e3dff522/market=HK/symbol=06919.HK/adjust=hfq/source=sina/data.parquet,24b84563d1311b7064d99912b29b5be04706715aa2460895a4c17bfe27f47926
06919.HK,sina,stock_hk_daily,hfq,ohlc_logic_error,upstream_raw_inconsistency_propagated_by_adjustment,2022-04-22,OHLC violates the inclusive daily price envelope,low_gt_close,7.75,7.75,7.75,7.63,100.0,78cddc46-4b2a-4ebe-9065-1e54e3dff522,data/raw/stage17/equity_daily/run_id=78cddc46-4b2a-4ebe-9065-1e54e3dff522/market=HK/symbol=06919.HK/adjust=hfq/source=sina/data.parquet,24b84563d1311b7064d99912b29b5be04706715aa2460895a4c17bfe27f47926
06919.HK,sina,stock_hk_daily,hfq,ohlc_logic_error,upstream_raw_inconsistency_propagated_by_adjustment,2022-04-25,OHLC violates the inclusive daily price envelope,low_gt_close,7.84,7.84,7.84,7.74,100.0,78cddc46-4b2a-4ebe-9065-1e54e3dff522,data/raw/stage17/equity_daily/run_id=78cddc46-4b2a-4ebe-9065-1e54e3dff522/market=HK/symbol=06919.HK/adjust=hfq/source=sina/data.parquet,24b84563d1311b7064d99912b29b5be04706715aa2460895a4c17bfe27f47926
06919.HK,sina,stock_hk_daily,hfq,ohlc_logic_error,upstream_raw_inconsistency_propagated_by_adjustment,2022-05-06,OHLC violates the inclusive daily price envelope,high_lt_close,6.43,6.43,6.43,6.44,1800.0,78cddc46-4b2a-4ebe-9065-1e54e3dff522,data/raw/stage17/equity_daily/run_id=78cddc46-4b2a-4ebe-9065-1e54e3dff522/market=HK/symbol=06919.HK/adjust=hfq/source=sina/data.parquet,24b84563d1311b7064d99912b29b5be04706715aa2460895a4c17bfe27f47926
06919.HK,sina,stock_hk_daily,hfq,ohlc_logic_error,upstream_raw_inconsistency_propagated_by_adjustment,2022-05-13,OHLC violates the inclusive daily price envelope,low_gt_close,6.91,6.91,6.71,6.63,300.0,78cddc46-4b2a-4ebe-9065-1e54e3dff522,data/raw/stage17/equity_daily/run_id=78cddc46-4b2a-4ebe-9065-1e54e3dff522/market=HK/symbol=06919.HK/adjust=hfq/source=sina/data.parquet,24b84563d1311b7064d99912b29b5be04706715aa2460895a4c17bfe27f47926
06919.HK,sina,stock_hk_daily,hfq,ohlc_logic_error,upstream_raw_inconsistency_propagated_by_adjustment,2022-08-24,OHLC violates the inclusive daily price envelope,low_gt_close,6.36,6.43,6.34,6.21,40800.0,78cddc46-4b2a-4ebe-9065-1e54e3dff522,data/raw/stage17/equity_daily/run_id=78cddc46-4b2a-4ebe-9065-1e54e3dff522/market=HK/symbol=06919.HK/adjust=hfq/source=sina/data.parquet,24b84563d1311b7064d99912b29b5be04706715aa2460895a4c17bfe27f47926
06919.HK,sina,stock_hk_daily,hfq,ohlc_logic_error,upstream_raw_inconsistency_propagated_by_adjustment,2022-09-27,OHLC violates the inclusive daily price envelope,low_gt_close,6.07,6.07,6.06,6.05,200.0,78cddc46-4b2a-4ebe-9065-1e54e3dff522,data/raw/stage17/equity_daily/run_id=78cddc46-4b2a-4ebe-9065-1e54e3dff522/market=HK/symbol=06919.HK/adjust=hfq/source=sina/data.parquet,24b84563d1311b7064d99912b29b5be04706715aa2460895a4c17bfe27f47926
06919.HK,sina,stock_hk_daily,hfq,ohlc_logic_error,upstream_raw_inconsistency_propagated_by_adjustment,2022-09-28,OHLC violates the inclusive daily price envelope,low_gt_close,6.08,6.08,6.08,6.04,100.0,78cddc46-4b2a-4ebe-9065-1e54e3dff522,data/raw/stage17/equity_daily/run_id=78cddc46-4b2a-4ebe-9065-1e54e3dff522/market=HK/symbol=06919.HK/adjust=hfq/source=sina/data.parquet,24b84563d1311b7064d99912b29b5be04706715aa2460895a4c17bfe27f47926
06919.HK,sina,stock_hk_daily,hfq,ohlc_logic_error,upstream_raw_inconsistency_propagated_by_adjustment,2022-10-24,OHLC violates the inclusive daily price envelope,low_gt_close,5.81,5.81,5.81,5.66,200.0,78cddc46-4b2a-4ebe-9065-1e54e3dff522,data/raw/stage17/equity_daily/run_id=78cddc46-4b2a-4ebe-9065-1e54e3dff522/market=HK/symbol=06919.HK/adjust=hfq/source=sina/data.parquet,24b84563d1311b7064d99912b29b5be04706715aa2460895a4c17bfe27f47926
06919.HK,sina,stock_hk_daily,hfq,ohlc_logic_error,upstream_raw_inconsistency_propagated_by_adjustment,2022-11-17,OHLC violates the inclusive daily price envelope,low_gt_close,6.04,6.04,6.04,5.99,200.0,78cddc46-4b2a-4ebe-9065-1e54e3dff522,data/raw/stage17/equity_daily/run_id=78cddc46-4b2a-4ebe-9065-1e54e3dff522/market=HK/symbol=06919.HK/adjust=hfq/source=sina/data.parquet,24b84563d1311b7064d99912b29b5be04706715aa2460895a4c17bfe27f47926
06919.HK,sina,stock_hk_daily,hfq,ohlc_logic_error,upstream_raw_inconsistency_propagated_by_adjustment,2022-11-21,OHLC violates the inclusive daily price envelope,low_gt_close,5.86,5.86,5.86,5.66,2084.0,78cddc46-4b2a-4ebe-9065-1e54e3dff522,data/raw/stage17/equity_daily/run_id=78cddc46-4b2a-4ebe-9065-1e54e3dff522/market=HK/symbol=06919.HK/adjust=hfq/source=sina/data.parquet,24b84563d1311b7064d99912b29b5be04706715aa2460895a4c17bfe27f47926
06919.HK,sina,stock_hk_daily,hfq,ohlc_logic_error,upstream_raw_inconsistency_propagated_by_adjustment,2022-11-24,OHLC violates the inclusive daily price envelope,low_gt_close,5.86,5.86,5.86,5.83,100.0,78cddc46-4b2a-4ebe-9065-1e54e3dff522,data/raw/stage17/equity_daily/run_id=78cddc46-4b2a-4ebe-9065-1e54e3dff522/market=HK/symbol=06919.HK/adjust=hfq/source=sina/data.parquet,24b84563d1311b7064d99912b29b5be04706715aa2460895a4c17bfe27f47926
06919.HK,sina,stock_hk_daily,hfq,ohlc_logic_error,upstream_raw_inconsistency_propagated_by_adjustment,2023-01-18,OHLC violates the inclusive daily price envelope,high_lt_close,4.86,4.86,4.86,5.0,100.0,78cddc46-4b2a-4ebe-9065-1e54e3dff522,data/raw/stage17/equity_daily/run_id=78cddc46-4b2a-4ebe-9065-1e54e3dff522/market=HK/symbol=06919.HK/adjust=hfq/source=sina/data.parquet,24b84563d1311b7064d99912b29b5be04706715aa2460895a4c17bfe27f47926
06919.HK,sina,stock_hk_daily,hfq,ohlc_logic_error,upstream_raw_inconsistency_propagated_by_adjustment,2023-04-12,OHLC violates the inclusive daily price envelope,low_gt_close,5.02,5.02,5.02,4.9,400.0,78cddc46-4b2a-4ebe-9065-1e54e3dff522,data/raw/stage17/equity_daily/run_id=78cddc46-4b2a-4ebe-9065-1e54e3dff522/market=HK/symbol=06919.HK/adjust=hfq/source=sina/data.parquet,24b84563d1311b7064d99912b29b5be04706715aa2460895a4c17bfe27f47926
06919.HK,sina,stock_hk_daily,hfq,ohlc_logic_error,upstream_raw_inconsistency_propagated_by_adjustment,2023-05-05,OHLC violates the inclusive daily price envelope,low_gt_close,4.65,4.65,4.65,4.64,200.0,78cddc46-4b2a-4ebe-9065-1e54e3dff522,data/raw/stage17/equity_daily/run_id=78cddc46-4b2a-4ebe-9065-1e54e3dff522/market=HK/symbol=06919.HK/adjust=hfq/source=sina/data.parquet,24b84563d1311b7064d99912b29b5be04706715aa2460895a4c17bfe27f47926
06919.HK,sina,stock_hk_daily,hfq,ohlc_logic_error,upstream_raw_inconsistency_propagated_by_adjustment,2023-05-18,OHLC violates the inclusive daily price envelope,low_gt_close,4.7,4.7,4.7,4.69,500.0,78cddc46-4b2a-4ebe-9065-1e54e3dff522,data/raw/stage17/equity_daily/run_id=78cddc46-4b2a-4ebe-9065-1e54e3dff522/market=HK/symbol=06919.HK/adjust=hfq/source=sina/data.parquet,24b84563d1311b7064d99912b29b5be04706715aa2460895a4c17bfe27f47926
06919.HK,sina,stock_hk_daily,hfq,ohlc_logic_error,upstream_raw_inconsistency_propagated_by_adjustment,2023-05-23,OHLC violates the inclusive daily price envelope,low_gt_close,4.72,4.72,4.72,4.68,200.0,78cddc46-4b2a-4ebe-9065-1e54e3dff522,data/raw/stage17/equity_daily/run_id=78cddc46-4b2a-4ebe-9065-1e54e3dff522/market=HK/symbol=06919.HK/adjust=hfq/source=sina/data.parquet,24b84563d1311b7064d99912b29b5be04706715aa2460895a4c17bfe27f47926
06919.HK,sina,stock_hk_daily,hfq,ohlc_logic_error,upstream_raw_inconsistency_propagated_by_adjustment,2023-06-08,OHLC violates the inclusive daily price envelope,low_gt_close,4.64,4.64,4.63,4.6,500.0,78cddc46-4b2a-4ebe-9065-1e54e3dff522,data/raw/stage17/equity_daily/run_id=78cddc46-4b2a-4ebe-9065-1e54e3dff522/market=HK/symbol=06919.HK/adjust=hfq/source=sina/data.parquet,24b84563d1311b7064d99912b29b5be04706715aa2460895a4c17bfe27f47926
06919.HK,sina,stock_hk_daily,hfq,ohlc_logic_error,upstream_raw_inconsistency_propagated_by_adjustment,2023-07-24,OHLC violates the inclusive daily price envelope,high_lt_close,4.55,4.55,4.55,4.86,100.0,78cddc46-4b2a-4ebe-9065-1e54e3dff522,data/raw/stage17/equity_daily/run_id=78cddc46-4b2a-4ebe-9065-1e54e3dff522/market=HK/symbol=06919.HK/adjust=hfq/source=sina/data.parquet,24b84563d1311b7064d99912b29b5be04706715aa2460895a4c17bfe27f47926
06919.HK,sina,stock_hk_daily,hfq,ohlc_logic_error,upstream_raw_inconsistency_propagated_by_adjustment,2023-07-28,OHLC violates the inclusive daily price envelope,high_lt_close,4.63,4.63,4.62,4.64,16300.0,78cddc46-4b2a-4ebe-9065-1e54e3dff522,data/raw/stage17/equity_daily/run_id=78cddc46-4b2a-4ebe-9065-1e54e3dff522/market=HK/symbol=06919.HK/adjust=hfq/source=sina/data.parquet,24b84563d1311b7064d99912b29b5be04706715aa2460895a4c17bfe27f47926
06919.HK,sina,stock_hk_daily,hfq,ohlc_logic_error,upstream_raw_inconsistency_propagated_by_adjustment,2023-11-23,OHLC violates the inclusive daily price envelope,high_lt_close,5.16,5.16,5.16,5.27,2800.0,78cddc46-4b2a-4ebe-9065-1e54e3dff522,data/raw/stage17/equity_daily/run_id=78cddc46-4b2a-4ebe-9065-1e54e3dff522/market=HK/symbol=06919.HK/adjust=hfq/source=sina/data.parquet,24b84563d1311b7064d99912b29b5be04706715aa2460895a4c17bfe27f47926
06919.HK,sina,stock_hk_daily,hfq,ohlc_logic_error,upstream_raw_inconsistency_propagated_by_adjustment,2024-02-05,OHLC violates the inclusive daily price envelope,low_gt_close,5.26,5.26,5.26,5.23,1300.0,78cddc46-4b2a-4ebe-9065-1e54e3dff522,data/raw/stage17/equity_daily/run_id=78cddc46-4b2a-4ebe-9065-1e54e3dff522/market=HK/symbol=06919.HK/adjust=hfq/source=sina/data.parquet,24b84563d1311b7064d99912b29b5be04706715aa2460895a4c17bfe27f47926
06919.HK,sina,stock_hk_daily,hfq,ohlc_logic_error,upstream_raw_inconsistency_propagated_by_adjustment,2024-03-14,OHLC violates the inclusive daily price envelope,low_gt_close,4.66,4.66,4.61,4.6,18700.0,78cddc46-4b2a-4ebe-9065-1e54e3dff522,data/raw/stage17/equity_daily/run_id=78cddc46-4b2a-4ebe-9065-1e54e3dff522/market=HK/symbol=06919.HK/adjust=hfq/source=sina/data.parquet,24b84563d1311b7064d99912b29b5be04706715aa2460895a4c17bfe27f47926
06919.HK,sina,stock_hk_daily,hfq,ohlc_logic_error,upstream_raw_inconsistency_propagated_by_adjustment,2024-03-19,OHLC violates the inclusive daily price envelope,low_gt_close,4.42,4.42,4.42,4.41,1200.0,78cddc46-4b2a-4ebe-9065-1e54e3dff522,data/raw/stage17/equity_daily/run_id=78cddc46-4b2a-4ebe-9065-1e54e3dff522/market=HK/symbol=06919.HK/adjust=hfq/source=sina/data.parquet,24b84563d1311b7064d99912b29b5be04706715aa2460895a4c17bfe27f47926
06919.HK,sina,stock_hk_daily,hfq,ohlc_logic_error,upstream_raw_inconsistency_propagated_by_adjustment,2024-03-27,OHLC violates the inclusive daily price envelope,low_gt_close,4.5,4.5,4.47,4.46,9100.0,78cddc46-4b2a-4ebe-9065-1e54e3dff522,data/raw/stage17/equity_daily/run_id=78cddc46-4b2a-4ebe-9065-1e54e3dff522/market=HK/symbol=06919.HK/adjust=hfq/source=sina/data.parquet,24b84563d1311b7064d99912b29b5be04706715aa2460895a4c17bfe27f47926
06919.HK,sina,stock_hk_daily,hfq,ohlc_logic_error,upstream_raw_inconsistency_propagated_by_adjustment,2024-05-03,OHLC violates the inclusive daily price envelope,low_gt_close,4.31,4.43,4.29,4.27,31000.0,78cddc46-4b2a-4ebe-9065-1e54e3dff522,data/raw/stage17/equity_daily/run_id=78cddc46-4b2a-4ebe-9065-1e54e3dff522/market=HK/symbol=06919.HK/adjust=hfq/source=sina/data.parquet,24b84563d1311b7064d99912b29b5be04706715aa2460895a4c17bfe27f47926
06919.HK,sina,stock_hk_daily,hfq,ohlc_logic_error,upstream_raw_inconsistency_propagated_by_adjustment,2024-05-28,OHLC violates the inclusive daily price envelope,high_lt_close,4.85,4.85,4.85,4.87,1500.0,78cddc46-4b2a-4ebe-9065-1e54e3dff522,data/raw/stage17/equity_daily/run_id=78cddc46-4b2a-4ebe-9065-1e54e3dff522/market=HK/symbol=06919.HK/adjust=hfq/source=sina/data.parquet,24b84563d1311b7064d99912b29b5be04706715aa2460895a4c17bfe27f47926
06919.HK,sina,stock_hk_daily,hfq,ohlc_logic_error,upstream_raw_inconsistency_propagated_by_adjustment,2024-07-03,OHLC violates the inclusive daily price envelope,low_gt_close,5.77,5.92,5.76,5.75,21200.0,78cddc46-4b2a-4ebe-9065-1e54e3dff522,data/raw/stage17/equity_daily/run_id=78cddc46-4b2a-4ebe-9065-1e54e3dff522/market=HK/symbol=06919.HK/adjust=hfq/source=sina/data.parquet,24b84563d1311b7064d99912b29b5be04706715aa2460895a4c17bfe27f47926
06919.HK,sina,stock_hk_daily,hfq,ohlc_logic_error,upstream_raw_inconsistency_propagated_by_adjustment,2024-08-16,OHLC violates the inclusive daily price envelope,low_gt_close,6.15,6.15,6.15,6.13,4200.0,78cddc46-4b2a-4ebe-9065-1e54e3dff522,data/raw/stage17/equity_daily/run_id=78cddc46-4b2a-4ebe-9065-1e54e3dff522/market=HK/symbol=06919.HK/adjust=hfq/source=sina/data.parquet,24b84563d1311b7064d99912b29b5be04706715aa2460895a4c17bfe27f47926
06919.HK,sina,stock_hk_daily,hfq,ohlc_logic_error,upstream_raw_inconsistency_propagated_by_adjustment,2024-09-11,OHLC violates the inclusive daily price envelope,low_gt_close,5.65,5.95,5.65,5.64,16800.0,78cddc46-4b2a-4ebe-9065-1e54e3dff522,data/raw/stage17/equity_daily/run_id=78cddc46-4b2a-4ebe-9065-1e54e3dff522/market=HK/symbol=06919.HK/adjust=hfq/source=sina/data.parquet,24b84563d1311b7064d99912b29b5be04706715aa2460895a4c17bfe27f47926
06919.HK,sina,stock_hk_daily,hfq,ohlc_logic_error,upstream_raw_inconsistency_propagated_by_adjustment,2024-09-27,OHLC violates the inclusive daily price envelope,high_lt_close,5.23,5.24,5.22,5.25,8500.0,78cddc46-4b2a-4ebe-9065-1e54e3dff522,data/raw/stage17/equity_daily/run_id=78cddc46-4b2a-4ebe-9065-1e54e3dff522/market=HK/symbol=06919.HK/adjust=hfq/source=sina/data.parquet,24b84563d1311b7064d99912b29b5be04706715aa2460895a4c17bfe27f47926
06919.HK,sina,stock_hk_daily,hfq,ohlc_logic_error,upstream_raw_inconsistency_propagated_by_adjustment,2024-11-06,OHLC violates the inclusive daily price envelope,low_gt_close,5.3,5.3,5.3,5.2,300.0,78cddc46-4b2a-4ebe-9065-1e54e3dff522,data/raw/stage17/equity_daily/run_id=78cddc46-4b2a-4ebe-9065-1e54e3dff522/market=HK/symbol=06919.HK/adjust=hfq/source=sina/data.parquet,24b84563d1311b7064d99912b29b5be04706715aa2460895a4c17bfe27f47926
06919.HK,sina,stock_hk_daily,hfq,ohlc_logic_error,upstream_raw_inconsistency_propagated_by_adjustment,2024-11-07,OHLC violates the inclusive daily price envelope,low_gt_close,5.3,5.3,5.3,5.25,200.0,78cddc46-4b2a-4ebe-9065-1e54e3dff522,data/raw/stage17/equity_daily/run_id=78cddc46-4b2a-4ebe-9065-1e54e3dff522/market=HK/symbol=06919.HK/adjust=hfq/source=sina/data.parquet,24b84563d1311b7064d99912b29b5be04706715aa2460895a4c17bfe27f47926
06919.HK,sina,stock_hk_daily,hfq,ohlc_logic_error,upstream_raw_inconsistency_propagated_by_adjustment,2025-05-29,OHLC violates the inclusive daily price envelope,low_gt_close,4.74,4.74,4.74,4.73,400.0,78cddc46-4b2a-4ebe-9065-1e54e3dff522,data/raw/stage17/equity_daily/run_id=78cddc46-4b2a-4ebe-9065-1e54e3dff522/market=HK/symbol=06919.HK/adjust=hfq/source=sina/data.parquet,24b84563d1311b7064d99912b29b5be04706715aa2460895a4c17bfe27f47926
06919.HK,sina,stock_hk_daily,hfq,ohlc_logic_error,upstream_raw_inconsistency_propagated_by_adjustment,2025-11-21,OHLC violates the inclusive daily price envelope,low_gt_close,5.26,5.26,5.26,5.22,300.0,78cddc46-4b2a-4ebe-9065-1e54e3dff522,data/raw/stage17/equity_daily/run_id=78cddc46-4b2a-4ebe-9065-1e54e3dff522/market=HK/symbol=06919.HK/adjust=hfq/source=sina/data.parquet,24b84563d1311b7064d99912b29b5be04706715aa2460895a4c17bfe27f47926
06919.HK,sina,stock_hk_daily,hfq,ohlc_logic_error,upstream_raw_inconsistency_propagated_by_adjustment,2025-12-29,OHLC violates the inclusive daily price envelope,high_lt_close,4.64,4.65,4.64,4.68,1300.0,78cddc46-4b2a-4ebe-9065-1e54e3dff522,data/raw/stage17/equity_daily/run_id=78cddc46-4b2a-4ebe-9065-1e54e3dff522/market=HK/symbol=06919.HK/adjust=hfq/source=sina/data.parquet,24b84563d1311b7064d99912b29b5be04706715aa2460895a4c17bfe27f47926
06919.HK,sina,stock_hk_daily,hfq,ohlc_logic_error,upstream_raw_inconsistency_propagated_by_adjustment,2026-01-08,OHLC violates the inclusive daily price envelope,low_gt_open,5.05,5.33,5.09,5.33,21700.0,78cddc46-4b2a-4ebe-9065-1e54e3dff522,data/raw/stage17/equity_daily/run_id=78cddc46-4b2a-4ebe-9065-1e54e3dff522/market=HK/symbol=06919.HK/adjust=hfq/source=sina/data.parquet,24b84563d1311b7064d99912b29b5be04706715aa2460895a4c17bfe27f47926
06919.HK,sina,stock_hk_daily,hfq,ohlc_logic_error,upstream_raw_inconsistency_propagated_by_adjustment,2026-02-23,OHLC violates the inclusive daily price envelope,low_gt_close,5.33,5.34,5.33,5.29,10000.0,78cddc46-4b2a-4ebe-9065-1e54e3dff522,data/raw/stage17/equity_daily/run_id=78cddc46-4b2a-4ebe-9065-1e54e3dff522/market=HK/symbol=06919.HK/adjust=hfq/source=sina/data.parquet,24b84563d1311b7064d99912b29b5be04706715aa2460895a4c17bfe27f47926
06919.HK,sina,stock_hk_daily,hfq,ohlc_logic_error,upstream_raw_inconsistency_propagated_by_adjustment,2026-05-27,OHLC violates the inclusive daily price envelope,low_gt_close,4.62,4.62,4.62,4.61,700.0,78cddc46-4b2a-4ebe-9065-1e54e3dff522,data/raw/stage17/equity_daily/run_id=78cddc46-4b2a-4ebe-9065-1e54e3dff522/market=HK/symbol=06919.HK/adjust=hfq/source=sina/data.parquet,24b84563d1311b7064d99912b29b5be04706715aa2460895a4c17bfe27f47926
06919.HK,sina,stock_hk_daily,hfq,ohlc_logic_error,upstream_raw_inconsistency_propagated_by_adjustment,2026-05-29,OHLC violates the inclusive daily price envelope,low_gt_close,4.84,4.84,4.84,4.74,200.0,78cddc46-4b2a-4ebe-9065-1e54e3dff522,data/raw/stage17/equity_daily/run_id=78cddc46-4b2a-4ebe-9065-1e54e3dff522/market=HK/symbol=06919.HK/adjust=hfq/source=sina/data.parquet,24b84563d1311b7064d99912b29b5be04706715aa2460895a4c17bfe27f47926
06919.HK,sina,stock_hk_daily,hfq,ohlc_logic_error,upstream_raw_inconsistency_propagated_by_adjustment,2026-06-18,OHLC violates the inclusive daily price envelope,high_lt_close,4.45,4.45,4.38,4.48,1900.0,78cddc46-4b2a-4ebe-9065-1e54e3dff522,data/raw/stage17/equity_daily/run_id=78cddc46-4b2a-4ebe-9065-1e54e3dff522/market=HK/symbol=06919.HK/adjust=hfq/source=sina/data.parquet,24b84563d1311b7064d99912b29b5be04706715aa2460895a4c17bfe27f47926
06919.HK,sina,stock_hk_daily,hfq,ohlc_logic_error,upstream_raw_inconsistency_propagated_by_adjustment,2026-06-24,OHLC violates the inclusive daily price envelope,high_lt_close,4.49,4.49,4.49,4.81,700.0,78cddc46-4b2a-4ebe-9065-1e54e3dff522,data/raw/stage17/equity_daily/run_id=78cddc46-4b2a-4ebe-9065-1e54e3dff522/market=HK/symbol=06919.HK/adjust=hfq/source=sina/data.parquet,24b84563d1311b7064d99912b29b5be04706715aa2460895a4c17bfe27f47926
06919.HK,sina,stock_hk_daily,hfq,ohlc_logic_error,upstream_raw_inconsistency_propagated_by_adjustment,2026-08-17,OHLC violates the inclusive daily price envelope,low_gt_close,4.255,4.255,4.255,4.24,400.0,78cddc46-4b2a-4ebe-9065-1e54e3dff522,data/raw/stage17/equity_daily/run_id=78cddc46-4b2a-4ebe-9065-1e54e3dff522/market=HK/symbol=06919.HK/adjust=hfq/source=sina/data.parquet,24b84563d1311b7064d99912b29b5be04706715aa2460895a4c17bfe27f47926
08365.HK,sina,stock_hk_daily,raw,ohlc_logic_error,upstream_raw_ohlc_inconsistency,2017-09-27,OHLC violates the inclusive daily price envelope,low_gt_close,0.38,0.38,0.38,0.375,120000.0,78cddc46-4b2a-4ebe-9065-1e54e3dff522,data/raw/stage17/equity_daily/run_id=78cddc46-4b2a-4ebe-9065-1e54e3dff522/market=HK/symbol=08365.HK/adjust=raw/source=sina/data.parquet,b6c9e5e539a642bf9da42c0d2cda42a7452dd43d4a4fcbb71df28e4fb31c5c66
08365.HK,sina,stock_hk_daily,raw,ohlc_logic_error,upstream_raw_ohlc_inconsistency,2017-10-12,OHLC violates the inclusive daily price envelope,high_lt_close,0.36,0.36,0.355,0.365,260000.0,78cddc46-4b2a-4ebe-9065-1e54e3dff522,data/raw/stage17/equity_daily/run_id=78cddc46-4b2a-4ebe-9065-1e54e3dff522/market=HK/symbol=08365.HK/adjust=raw/source=sina/data.parquet,b6c9e5e539a642bf9da42c0d2cda42a7452dd43d4a4fcbb71df28e4fb31c5c66
08365.HK,sina,stock_hk_daily,raw,ohlc_logic_error,upstream_raw_ohlc_inconsistency,2017-11-10,OHLC violates the inclusive daily price envelope,high_lt_close,0.365,0.37,0.365,0.375,40000.0,78cddc46-4b2a-4ebe-9065-1e54e3dff522,data/raw/stage17/equity_daily/run_id=78cddc46-4b2a-4ebe-9065-1e54e3dff522/market=HK/symbol=08365.HK/adjust=raw/source=sina/data.parquet,b6c9e5e539a642bf9da42c0d2cda42a7452dd43d4a4fcbb71df28e4fb31c5c66
08365.HK,sina,stock_hk_daily,raw,ohlc_logic_error,upstream_raw_ohlc_inconsistency,2017-12-06,OHLC violates the inclusive daily price envelope,high_lt_close,0.37,0.37,0.365,0.385,20000.0,78cddc46-4b2a-4ebe-9065-1e54e3dff522,data/raw/stage17/equity_daily/run_id=78cddc46-4b2a-4ebe-9065-1e54e3dff522/market=HK/symbol=08365.HK/adjust=raw/source=sina/data.parquet,b6c9e5e539a642bf9da42c0d2cda42a7452dd43d4a4fcbb71df28e4fb31c5c66
08365.HK,sina,stock_hk_daily,raw,ohlc_logic_error,upstream_raw_ohlc_inconsistency,2018-01-31,OHLC violates the inclusive daily price envelope,low_gt_close,0.44,0.44,0.44,0.43,100000.0,78cddc46-4b2a-4ebe-9065-1e54e3dff522,data/raw/stage17/equity_daily/run_id=78cddc46-4b2a-4ebe-9065-1e54e3dff522/market=HK/symbol=08365.HK/adjust=raw/source=sina/data.parquet,b6c9e5e539a642bf9da42c0d2cda42a7452dd43d4a4fcbb71df28e4fb31c5c66
08365.HK,sina,stock_hk_daily,raw,ohlc_logic_error,upstream_raw_ohlc_inconsistency,2018-03-22,OHLC violates the inclusive daily price envelope,high_lt_close,0.5,0.5,0.5,0.51,20000.0,78cddc46-4b2a-4ebe-9065-1e54e3dff522,data/raw/stage17/equity_daily/run_id=78cddc46-4b2a-4ebe-9065-1e54e3dff522/market=HK/symbol=08365.HK/adjust=raw/source=sina/data.parquet,b6c9e5e539a642bf9da42c0d2cda42a7452dd43d4a4fcbb71df28e4fb31c5c66
08365.HK,sina,stock_hk_daily,raw,ohlc_logic_error,upstream_raw_ohlc_inconsistency,2018-04-19,OHLC violates the inclusive daily price envelope,high_lt_close,0.48,0.48,0.48,0.49,5000.0,78cddc46-4b2a-4ebe-9065-1e54e3dff522,data/raw/stage17/equity_daily/run_id=78cddc46-4b2a-4ebe-9065-1e54e3dff522/market=HK/symbol=08365.HK/adjust=raw/source=sina/data.parquet,b6c9e5e539a642bf9da42c0d2cda42a7452dd43d4a4fcbb71df28e4fb31c5c66
08365.HK,sina,stock_hk_daily,raw,ohlc_logic_error,upstream_raw_ohlc_inconsistency,2018-05-18,OHLC violates the inclusive daily price envelope,high_lt_close,0.55,0.55,0.55,0.57,200000.0,78cddc46-4b2a-4ebe-9065-1e54e3dff522,data/raw/stage17/equity_daily/run_id=78cddc46-4b2a-4ebe-9065-1e54e3dff522/market=HK/symbol=08365.HK/adjust=raw/source=sina/data.parquet,b6c9e5e539a642bf9da42c0d2cda42a7452dd43d4a4fcbb71df28e4fb31c5c66
08365.HK,sina,stock_hk_daily,raw,ohlc_logic_error,upstream_raw_ohlc_inconsistency,2018-08-31,OHLC violates the inclusive daily price envelope,high_lt_close,0.495,0.495,0.495,0.5,10000.0,78cddc46-4b2a-4ebe-9065-1e54e3dff522,data/raw/stage17/equity_daily/run_id=78cddc46-4b2a-4ebe-9065-1e54e3dff522/market=HK/symbol=08365.HK/adjust=raw/source=sina/data.parquet,b6c9e5e539a642bf9da42c0d2cda42a7452dd43d4a4fcbb71df28e4fb31c5c66
08365.HK,sina,stock_hk_daily,raw,ohlc_logic_error,upstream_raw_ohlc_inconsistency,2018-09-05,OHLC violates the inclusive daily price envelope,high_lt_close,0.5,0.5,0.5,0.52,15000.0,78cddc46-4b2a-4ebe-9065-1e54e3dff522,data/raw/stage17/equity_daily/run_id=78cddc46-4b2a-4ebe-9065-1e54e3dff522/market=HK/symbol=08365.HK/adjust=raw/source=sina/data.parquet,b6c9e5e539a642bf9da42c0d2cda42a7452dd43d4a4fcbb71df28e4fb31c5c66
08365.HK,sina,stock_hk_daily,raw,ohlc_logic_error,upstream_raw_ohlc_inconsistency,2018-11-30,OHLC violates the inclusive daily price envelope,high_lt_close,0.6,0.6,0.6,0.62,40000.0,78cddc46-4b2a-4ebe-9065-1e54e3dff522,data/raw/stage17/equity_daily/run_id=78cddc46-4b2a-4ebe-9065-1e54e3dff522/market=HK/symbol=08365.HK/adjust=raw/source=sina/data.parquet,b6c9e5e539a642bf9da42c0d2cda42a7452dd43d4a4fcbb71df28e4fb31c5c66
08365.HK,sina,stock_hk_daily,raw,ohlc_logic_error,upstream_raw_ohlc_inconsistency,2019-01-10,OHLC violates the inclusive daily price envelope,low_gt_close,0.56,0.56,0.56,0.55,10000.0,78cddc46-4b2a-4ebe-9065-1e54e3dff522,data/raw/stage17/equity_daily/run_id=78cddc46-4b2a-4ebe-9065-1e54e3dff522/market=HK/symbol=08365.HK/adjust=raw/source=sina/data.parquet,b6c9e5e539a642bf9da42c0d2cda42a7452dd43d4a4fcbb71df28e4fb31c5c66
08365.HK,sina,stock_hk_daily,raw,ohlc_logic_error,upstream_raw_ohlc_inconsistency,2019-01-29,OHLC violates the inclusive daily price envelope,high_lt_close,0.55,0.55,0.55,0.57,5000.0,78cddc46-4b2a-4ebe-9065-1e54e3dff522,data/raw/stage17/equity_daily/run_id=78cddc46-4b2a-4ebe-9065-1e54e3dff522/market=HK/symbol=08365.HK/adjust=raw/source=sina/data.parquet,b6c9e5e539a642bf9da42c0d2cda42a7452dd43d4a4fcbb71df28e4fb31c5c66
08365.HK,sina,stock_hk_daily,raw,ohlc_logic_error,upstream_raw_ohlc_inconsistency,2019-02-20,OHLC violates the inclusive daily price envelope,high_lt_close,0.51,0.51,0.51,0.52,20000.0,78cddc46-4b2a-4ebe-9065-1e54e3dff522,data/raw/stage17/equity_daily/run_id=78cddc46-4b2a-4ebe-9065-1e54e3dff522/market=HK/symbol=08365.HK/adjust=raw/source=sina/data.parquet,b6c9e5e539a642bf9da42c0d2cda42a7452dd43d4a4fcbb71df28e4fb31c5c66
08365.HK,sina,stock_hk_daily,raw,ohlc_logic_error,upstream_raw_ohlc_inconsistency,2019-05-06,OHLC violates the inclusive daily price envelope,high_lt_close,0.45,0.45,0.45,0.46,320000.0,78cddc46-4b2a-4ebe-9065-1e54e3dff522,data/raw/stage17/equity_daily/run_id=78cddc46-4b2a-4ebe-9065-1e54e3dff522/market=HK/symbol=08365.HK/adjust=raw/source=sina/data.parquet,b6c9e5e539a642bf9da42c0d2cda42a7452dd43d4a4fcbb71df28e4fb31c5c66
08365.HK,sina,stock_hk_daily,raw,ohlc_logic_error,upstream_raw_ohlc_inconsistency,2019-07-17,OHLC violates the inclusive daily price envelope,high_lt_close,0.4,0.4,0.4,0.43,5000.0,78cddc46-4b2a-4ebe-9065-1e54e3dff522,data/raw/stage17/equity_daily/run_id=78cddc46-4b2a-4ebe-9065-1e54e3dff522/market=HK/symbol=08365.HK/adjust=raw/source=sina/data.parquet,b6c9e5e539a642bf9da42c0d2cda42a7452dd43d4a4fcbb71df28e4fb31c5c66
08365.HK,sina,stock_hk_daily,raw,ohlc_logic_error,upstream_raw_ohlc_inconsistency,2019-08-27,OHLC violates the inclusive daily price envelope,low_gt_close,0.44,0.44,0.44,0.41,5000.0,78cddc46-4b2a-4ebe-9065-1e54e3dff522,data/raw/stage17/equity_daily/run_id=78cddc46-4b2a-4ebe-9065-1e54e3dff522/market=HK/symbol=08365.HK/adjust=raw/source=sina/data.parquet,b6c9e5e539a642bf9da42c0d2cda42a7452dd43d4a4fcbb71df28e4fb31c5c66
08365.HK,sina,stock_hk_daily,raw,ohlc_logic_error,upstream_raw_ohlc_inconsistency,2019-09-30,OHLC violates the inclusive daily price envelope,low_gt_close,0.39,0.39,0.39,0.38,50000.0,78cddc46-4b2a-4ebe-9065-1e54e3dff522,data/raw/stage17/equity_daily/run_id=78cddc46-4b2a-4ebe-9065-1e54e3dff522/market=HK/symbol=08365.HK/adjust=raw/source=sina/data.parquet,b6c9e5e539a642bf9da42c0d2cda42a7452dd43d4a4fcbb71df28e4fb31c5c66
08365.HK,sina,stock_hk_daily,raw,ohlc_logic_error,upstream_raw_ohlc_inconsistency,2019-11-28,OHLC violates the inclusive daily price envelope,high_lt_close,0.25,0.25,0.25,0.255,65000.0,78cddc46-4b2a-4ebe-9065-1e54e3dff522,data/raw/stage17/equity_daily/run_id=78cddc46-4b2a-4ebe-9065-1e54e3dff522/market=HK/symbol=08365.HK/adjust=raw/source=sina/data.parquet,b6c9e5e539a642bf9da42c0d2cda42a7452dd43d4a4fcbb71df28e4fb31c5c66
08365.HK,sina,stock_hk_daily,raw,ohlc_logic_error,upstream_raw_ohlc_inconsistency,2020-01-29,OHLC violates the inclusive daily price envelope,high_lt_close,0.14,0.153,0.14,0.16,250000.0,78cddc46-4b2a-4ebe-9065-1e54e3dff522,data/raw/stage17/equity_daily/run_id=78cddc46-4b2a-4ebe-9065-1e54e3dff522/market=HK/symbol=08365.HK/adjust=raw/source=sina/data.parquet,b6c9e5e539a642bf9da42c0d2cda42a7452dd43d4a4fcbb71df28e4fb31c5c66
08365.HK,sina,stock_hk_daily,raw,ohlc_logic_error,upstream_raw_ohlc_inconsistency,2020-02-07,OHLC violates the inclusive daily price envelope,low_gt_close,0.3,0.3,0.3,0.29,45000.0,78cddc46-4b2a-4ebe-9065-1e54e3dff522,data/raw/stage17/equity_daily/run_id=78cddc46-4b2a-4ebe-9065-1e54e3dff522/market=HK/symbol=08365.HK/adjust=raw/source=sina/data.parquet,b6c9e5e539a642bf9da42c0d2cda42a7452dd43d4a4fcbb71df28e4fb31c5c66
08365.HK,sina,stock_hk_daily,raw,ohlc_logic_error,upstream_raw_ohlc_inconsistency,2020-05-04,OHLC violates the inclusive daily price envelope,low_gt_close,0.335,0.335,0.335,0.33,10000.0,78cddc46-4b2a-4ebe-9065-1e54e3dff522,data/raw/stage17/equity_daily/run_id=78cddc46-4b2a-4ebe-9065-1e54e3dff522/market=HK/symbol=08365.HK/adjust=raw/source=sina/data.parquet,b6c9e5e539a642bf9da42c0d2cda42a7452dd43d4a4fcbb71df28e4fb31c5c66
08365.HK,sina,stock_hk_daily,raw,ohlc_logic_error,upstream_raw_ohlc_inconsistency,2020-09-30,OHLC violates the inclusive daily price envelope,high_lt_close,0.12,0.12,0.12,0.121,50000.0,78cddc46-4b2a-4ebe-9065-1e54e3dff522,data/raw/stage17/equity_daily/run_id=78cddc46-4b2a-4ebe-9065-1e54e3dff522/market=HK/symbol=08365.HK/adjust=raw/source=sina/data.parquet,b6c9e5e539a642bf9da42c0d2cda42a7452dd43d4a4fcbb71df28e4fb31c5c66
08365.HK,sina,stock_hk_daily,raw,ohlc_logic_error,upstream_raw_ohlc_inconsistency,2021-02-25,OHLC violates the inclusive daily price envelope,high_lt_close,0.12,0.12,0.12,0.13,15000.0,78cddc46-4b2a-4ebe-9065-1e54e3dff522,data/raw/stage17/equity_daily/run_id=78cddc46-4b2a-4ebe-9065-1e54e3dff522/market=HK/symbol=08365.HK/adjust=raw/source=sina/data.parquet,b6c9e5e539a642bf9da42c0d2cda42a7452dd43d4a4fcbb71df28e4fb31c5c66
08365.HK,sina,stock_hk_daily,raw,ohlc_logic_error,upstream_raw_ohlc_inconsistency,2021-03-30,OHLC violates the inclusive daily price envelope,high_lt_close,0.0,0.0,0.0,0.239,0.0,78cddc46-4b2a-4ebe-9065-1e54e3dff522,data/raw/stage17/equity_daily/run_id=78cddc46-4b2a-4ebe-9065-1e54e3dff522/market=HK/symbol=08365.HK/adjust=raw/source=sina/data.parquet,b6c9e5e539a642bf9da42c0d2cda42a7452dd43d4a4fcbb71df28e4fb31c5c66
08365.HK,sina,stock_hk_daily,raw,ohlc_logic_error,upstream_raw_ohlc_inconsistency,2021-04-07,OHLC violates the inclusive daily price envelope,high_lt_close,0.0,0.0,0.0,0.16,0.0,78cddc46-4b2a-4ebe-9065-1e54e3dff522,data/raw/stage17/equity_daily/run_id=78cddc46-4b2a-4ebe-9065-1e54e3dff522/market=HK/symbol=08365.HK/adjust=raw/source=sina/data.parquet,b6c9e5e539a642bf9da42c0d2cda42a7452dd43d4a4fcbb71df28e4fb31c5c66
08365.HK,sina,stock_hk_daily,raw,ohlc_logic_error,upstream_raw_ohlc_inconsistency,2021-04-08,OHLC violates the inclusive daily price envelope,high_lt_close,0.0,0.0,0.0,0.16,0.0,78cddc46-4b2a-4ebe-9065-1e54e3dff522,data/raw/stage17/equity_daily/run_id=78cddc46-4b2a-4ebe-9065-1e54e3dff522/market=HK/symbol=08365.HK/adjust=raw/source=sina/data.parquet,b6c9e5e539a642bf9da42c0d2cda42a7452dd43d4a4fcbb71df28e4fb31c5c66
08365.HK,sina,stock_hk_daily,raw,ohlc_logic_error,upstream_raw_ohlc_inconsistency,2021-04-09,OHLC violates the inclusive daily price envelope,high_lt_close,0.0,0.0,0.0,0.16,0.0,78cddc46-4b2a-4ebe-9065-1e54e3dff522,data/raw/stage17/equity_daily/run_id=78cddc46-4b2a-4ebe-9065-1e54e3dff522/market=HK/symbol=08365.HK/adjust=raw/source=sina/data.parquet,b6c9e5e539a642bf9da42c0d2cda42a7452dd43d4a4fcbb71df28e4fb31c5c66
08365.HK,sina,stock_hk_daily,raw,ohlc_logic_error,upstream_raw_ohlc_inconsistency,2021-04-12,OHLC violates the inclusive daily price envelope,high_lt_close,0.0,0.0,0.0,0.16,0.0,78cddc46-4b2a-4ebe-9065-1e54e3dff522,data/raw/stage17/equity_daily/run_id=78cddc46-4b2a-4ebe-9065-1e54e3dff522/market=HK/symbol=08365.HK/adjust=raw/source=sina/data.parquet,b6c9e5e539a642bf9da42c0d2cda42a7452dd43d4a4fcbb71df28e4fb31c5c66
08365.HK,sina,stock_hk_daily,raw,ohlc_logic_error,upstream_raw_ohlc_inconsistency,2021-04-14,OHLC violates the inclusive daily price envelope,high_lt_close,0.0,0.0,0.0,0.16,0.0,78cddc46-4b2a-4ebe-9065-1e54e3dff522,data/raw/stage17/equity_daily/run_id=78cddc46-4b2a-4ebe-9065-1e54e3dff522/market=HK/symbol=08365.HK/adjust=raw/source=sina/data.parquet,b6c9e5e539a642bf9da42c0d2cda42a7452dd43d4a4fcbb71df28e4fb31c5c66
08365.HK,sina,stock_hk_daily,raw,ohlc_logic_error,upstream_raw_ohlc_inconsistency,2021-04-15,OHLC violates the inclusive daily price envelope,high_lt_close,0.0,0.0,0.0,0.16,0.0,78cddc46-4b2a-4ebe-9065-1e54e3dff522,data/raw/stage17/equity_daily/run_id=78cddc46-4b2a-4ebe-9065-1e54e3dff522/market=HK/symbol=08365.HK/adjust=raw/source=sina/data.parquet,b6c9e5e539a642bf9da42c0d2cda42a7452dd43d4a4fcbb71df28e4fb31c5c66
08365.HK,sina,stock_hk_daily,raw,ohlc_logic_error,upstream_raw_ohlc_inconsistency,2021-04-16,OHLC violates the inclusive daily price envelope,high_lt_close,0.0,0.0,0.0,0.16,0.0,78cddc46-4b2a-4ebe-9065-1e54e3dff522,data/raw/stage17/equity_daily/run_id=78cddc46-4b2a-4ebe-9065-1e54e3dff522/market=HK/symbol=08365.HK/adjust=raw/source=sina/data.parquet,b6c9e5e539a642bf9da42c0d2cda42a7452dd43d4a4fcbb71df28e4fb31c5c66
08365.HK,sina,stock_hk_daily,raw,ohlc_logic_error,upstream_raw_ohlc_inconsistency,2021-04-19,OHLC violates the inclusive daily price envelope,high_lt_close,0.0,0.0,0.0,0.16,0.0,78cddc46-4b2a-4ebe-9065-1e54e3dff522,data/raw/stage17/equity_daily/run_id=78cddc46-4b2a-4ebe-9065-1e54e3dff522/market=HK/symbol=08365.HK/adjust=raw/source=sina/data.parquet,b6c9e5e539a642bf9da42c0d2cda42a7452dd43d4a4fcbb71df28e4fb31c5c66
08365.HK,sina,stock_hk_daily,raw,ohlc_logic_error,upstream_raw_ohlc_inconsistency,2021-04-20,OHLC violates the inclusive daily price envelope,high_lt_close,0.0,0.0,0.0,0.16,0.0,78cddc46-4b2a-4ebe-9065-1e54e3dff522,data/raw/stage17/equity_daily/run_id=78cddc46-4b2a-4ebe-9065-1e54e3dff522/market=HK/symbol=08365.HK/adjust=raw/source=sina/data.parquet,b6c9e5e539a642bf9da42c0d2cda42a7452dd43d4a4fcbb71df28e4fb31c5c66
08365.HK,sina,stock_hk_daily,raw,ohlc_logic_error,upstream_raw_ohlc_inconsistency,2021-04-21,OHLC violates the inclusive daily price envelope,high_lt_close,0.0,0.0,0.0,0.16,0.0,78cddc46-4b2a-4ebe-9065-1e54e3dff522,data/raw/stage17/equity_daily/run_id=78cddc46-4b2a-4ebe-9065-1e54e3dff522/market=HK/symbol=08365.HK/adjust=raw/source=sina/data.parquet,b6c9e5e539a642bf9da42c0d2cda42a7452dd43d4a4fcbb71df28e4fb31c5c66
08365.HK,sina,stock_hk_daily,raw,ohlc_logic_error,upstream_raw_ohlc_inconsistency,2021-04-22,OHLC violates the inclusive daily price envelope,high_lt_close,0.0,0.0,0.0,0.16,0.0,78cddc46-4b2a-4ebe-9065-1e54e3dff522,data/raw/stage17/equity_daily/run_id=78cddc46-4b2a-4ebe-9065-1e54e3dff522/market=HK/symbol=08365.HK/adjust=raw/source=sina/data.parquet,b6c9e5e539a642bf9da42c0d2cda42a7452dd43d4a4fcbb71df28e4fb31c5c66
08365.HK,sina,stock_hk_daily,raw,ohlc_logic_error,upstream_raw_ohlc_inconsistency,2021-04-23,OHLC violates the inclusive daily price envelope,high_lt_close,0.0,0.0,0.0,0.16,0.0,78cddc46-4b2a-4ebe-9065-1e54e3dff522,data/raw/stage17/equity_daily/run_id=78cddc46-4b2a-4ebe-9065-1e54e3dff522/market=HK/symbol=08365.HK/adjust=raw/source=sina/data.parquet,b6c9e5e539a642bf9da42c0d2cda42a7452dd43d4a4fcbb71df28e4fb31c5c66
08365.HK,sina,stock_hk_daily,raw,ohlc_logic_error,upstream_raw_ohlc_inconsistency,2021-04-26,OHLC violates the inclusive daily price envelope,high_lt_close,0.0,0.0,0.0,0.16,0.0,78cddc46-4b2a-4ebe-9065-1e54e3dff522,data/raw/stage17/equity_daily/run_id=78cddc46-4b2a-4ebe-9065-1e54e3dff522/market=HK/symbol=08365.HK/adjust=raw/source=sina/data.parquet,b6c9e5e539a642bf9da42c0d2cda42a7452dd43d4a4fcbb71df28e4fb31c5c66
08365.HK,sina,stock_hk_daily,raw,ohlc_logic_error,upstream_raw_ohlc_inconsistency,2021-04-27,OHLC violates the inclusive daily price envelope,high_lt_close,0.0,0.0,0.0,0.16,0.0,78cddc46-4b2a-4ebe-9065-1e54e3dff522,data/raw/stage17/equity_daily/run_id=78cddc46-4b2a-4ebe-9065-1e54e3dff522/market=HK/symbol=08365.HK/adjust=raw/source=sina/data.parquet,b6c9e5e539a642bf9da42c0d2cda42a7452dd43d4a4fcbb71df28e4fb31c5c66
08365.HK,sina,stock_hk_daily,raw,ohlc_logic_error,upstream_raw_ohlc_inconsistency,2021-04-28,OHLC violates the inclusive daily price envelope,high_lt_close,0.0,0.0,0.0,0.16,0.0,78cddc46-4b2a-4ebe-9065-1e54e3dff522,data/raw/stage17/equity_daily/run_id=78cddc46-4b2a-4ebe-9065-1e54e3dff522/market=HK/symbol=08365.HK/adjust=raw/source=sina/data.parquet,b6c9e5e539a642bf9da42c0d2cda42a7452dd43d4a4fcbb71df28e4fb31c5c66
08365.HK,sina,stock_hk_daily,raw,ohlc_logic_error,upstream_raw_ohlc_inconsistency,2021-04-29,OHLC violates the inclusive daily price envelope,high_lt_close,0.0,0.0,0.0,0.16,0.0,78cddc46-4b2a-4ebe-9065-1e54e3dff522,data/raw/stage17/equity_daily/run_id=78cddc46-4b2a-4ebe-9065-1e54e3dff522/market=HK/symbol=08365.HK/adjust=raw/source=sina/data.parquet,b6c9e5e539a642bf9da42c0d2cda42a7452dd43d4a4fcbb71df28e4fb31c5c66
08365.HK,sina,stock_hk_daily,raw,ohlc_logic_error,upstream_raw_ohlc_inconsistency,2021-04-30,OHLC violates the inclusive daily price envelope,high_lt_close,0.0,0.0,0.0,0.16,0.0,78cddc46-4b2a-4ebe-9065-1e54e3dff522,data/raw/stage17/equity_daily/run_id=78cddc46-4b2a-4ebe-9065-1e54e3dff522/market=HK/symbol=08365.HK/adjust=raw/source=sina/data.parquet,b6c9e5e539a642bf9da42c0d2cda42a7452dd43d4a4fcbb71df28e4fb31c5c66
08365.HK,sina,stock_hk_daily,raw,ohlc_logic_error,upstream_raw_ohlc_inconsistency,2021-05-03,OHLC violates the inclusive daily price envelope,high_lt_close,0.0,0.0,0.0,0.16,0.0,78cddc46-4b2a-4ebe-9065-1e54e3dff522,data/raw/stage17/equity_daily/run_id=78cddc46-4b2a-4ebe-9065-1e54e3dff522/market=HK/symbol=08365.HK/adjust=raw/source=sina/data.parquet,b6c9e5e539a642bf9da42c0d2cda42a7452dd43d4a4fcbb71df28e4fb31c5c66
08365.HK,sina,stock_hk_daily,raw,ohlc_logic_error,upstream_raw_ohlc_inconsistency,2021-05-04,OHLC violates the inclusive daily price envelope,high_lt_close,0.0,0.0,0.0,0.16,0.0,78cddc46-4b2a-4ebe-9065-1e54e3dff522,data/raw/stage17/equity_daily/run_id=78cddc46-4b2a-4ebe-9065-1e54e3dff522/market=HK/symbol=08365.HK/adjust=raw/source=sina/data.parquet,b6c9e5e539a642bf9da42c0d2cda42a7452dd43d4a4fcbb71df28e4fb31c5c66
08365.HK,sina,stock_hk_daily,raw,ohlc_logic_error,upstream_raw_ohlc_inconsistency,2021-05-05,OHLC violates the inclusive daily price envelope,high_lt_close,0.0,0.0,0.0,0.16,0.0,78cddc46-4b2a-4ebe-9065-1e54e3dff522,data/raw/stage17/equity_daily/run_id=78cddc46-4b2a-4ebe-9065-1e54e3dff522/market=HK/symbol=08365.HK/adjust=raw/source=sina/data.parquet,b6c9e5e539a642bf9da42c0d2cda42a7452dd43d4a4fcbb71df28e4fb31c5c66
08365.HK,sina,stock_hk_daily,raw,ohlc_logic_error,upstream_raw_ohlc_inconsistency,2021-05-06,OHLC violates the inclusive daily price envelope,high_lt_close,0.0,0.0,0.0,0.16,0.0,78cddc46-4b2a-4ebe-9065-1e54e3dff522,data/raw/stage17/equity_daily/run_id=78cddc46-4b2a-4ebe-9065-1e54e3dff522/market=HK/symbol=08365.HK/adjust=raw/source=sina/data.parquet,b6c9e5e539a642bf9da42c0d2cda42a7452dd43d4a4fcbb71df28e4fb31c5c66
08365.HK,sina,stock_hk_daily,raw,ohlc_logic_error,upstream_raw_ohlc_inconsistency,2021-05-07,OHLC violates the inclusive daily price envelope,high_lt_close,0.0,0.0,0.0,0.16,0.0,78cddc46-4b2a-4ebe-9065-1e54e3dff522,data/raw/stage17/equity_daily/run_id=78cddc46-4b2a-4ebe-9065-1e54e3dff522/market=HK/symbol=08365.HK/adjust=raw/source=sina/data.parquet,b6c9e5e539a642bf9da42c0d2cda42a7452dd43d4a4fcbb71df28e4fb31c5c66
08365.HK,sina,stock_hk_daily,raw,ohlc_logic_error,upstream_raw_ohlc_inconsistency,2021-05-12,OHLC violates the inclusive daily price envelope,high_lt_close,0.0,0.0,0.0,0.165,0.0,78cddc46-4b2a-4ebe-9065-1e54e3dff522,data/raw/stage17/equity_daily/run_id=78cddc46-4b2a-4ebe-9065-1e54e3dff522/market=HK/symbol=08365.HK/adjust=raw/source=sina/data.parquet,b6c9e5e539a642bf9da42c0d2cda42a7452dd43d4a4fcbb71df28e4fb31c5c66
08365.HK,sina,stock_hk_daily,raw,ohlc_logic_error,upstream_raw_ohlc_inconsistency,2021-05-13,OHLC violates the inclusive daily price envelope,high_lt_close,0.0,0.0,0.0,0.165,0.0,78cddc46-4b2a-4ebe-9065-1e54e3dff522,data/raw/stage17/equity_daily/run_id=78cddc46-4b2a-4ebe-9065-1e54e3dff522/market=HK/symbol=08365.HK/adjust=raw/source=sina/data.parquet,b6c9e5e539a642bf9da42c0d2cda42a7452dd43d4a4fcbb71df28e4fb31c5c66
08365.HK,sina,stock_hk_daily,raw,ohlc_logic_error,upstream_raw_ohlc_inconsistency,2021-05-14,OHLC violates the inclusive daily price envelope,high_lt_close,0.0,0.0,0.0,0.165,0.0,78cddc46-4b2a-4ebe-9065-1e54e3dff522,data/raw/stage17/equity_daily/run_id=78cddc46-4b2a-4ebe-9065-1e54e3dff522/market=HK/symbol=08365.HK/adjust=raw/source=sina/data.parquet,b6c9e5e539a642bf9da42c0d2cda42a7452dd43d4a4fcbb71df28e4fb31c5c66
08365.HK,sina,stock_hk_daily,raw,ohlc_logic_error,upstream_raw_ohlc_inconsistency,2021-05-17,OHLC violates the inclusive daily price envelope,high_lt_close,0.0,0.0,0.0,0.165,0.0,78cddc46-4b2a-4ebe-9065-1e54e3dff522,data/raw/stage17/equity_daily/run_id=78cddc46-4b2a-4ebe-9065-1e54e3dff522/market=HK/symbol=08365.HK/adjust=raw/source=sina/data.parquet,b6c9e5e539a642bf9da42c0d2cda42a7452dd43d4a4fcbb71df28e4fb31c5c66
08365.HK,sina,stock_hk_daily,raw,ohlc_logic_error,upstream_raw_ohlc_inconsistency,2021-05-18,OHLC violates the inclusive daily price envelope,high_lt_close,0.0,0.0,0.0,0.165,0.0,78cddc46-4b2a-4ebe-9065-1e54e3dff522,data/raw/stage17/equity_daily/run_id=78cddc46-4b2a-4ebe-9065-1e54e3dff522/market=HK/symbol=08365.HK/adjust=raw/source=sina/data.parquet,b6c9e5e539a642bf9da42c0d2cda42a7452dd43d4a4fcbb71df28e4fb31c5c66
08365.HK,sina,stock_hk_daily,raw,ohlc_logic_error,upstream_raw_ohlc_inconsistency,2021-05-20,OHLC violates the inclusive daily price envelope,high_lt_close,0.0,0.0,0.0,0.165,0.0,78cddc46-4b2a-4ebe-9065-1e54e3dff522,data/raw/stage17/equity_daily/run_id=78cddc46-4b2a-4ebe-9065-1e54e3dff522/market=HK/symbol=08365.HK/adjust=raw/source=sina/data.parquet,b6c9e5e539a642bf9da42c0d2cda42a7452dd43d4a4fcbb71df28e4fb31c5c66
08365.HK,sina,stock_hk_daily,raw,ohlc_logic_error,upstream_raw_ohlc_inconsistency,2021-05-21,OHLC violates the inclusive daily price envelope,high_lt_close,0.0,0.0,0.0,0.165,0.0,78cddc46-4b2a-4ebe-9065-1e54e3dff522,data/raw/stage17/equity_daily/run_id=78cddc46-4b2a-4ebe-9065-1e54e3dff522/market=HK/symbol=08365.HK/adjust=raw/source=sina/data.parquet,b6c9e5e539a642bf9da42c0d2cda42a7452dd43d4a4fcbb71df28e4fb31c5c66
08365.HK,sina,stock_hk_daily,raw,ohlc_logic_error,upstream_raw_ohlc_inconsistency,2021-05-25,OHLC violates the inclusive daily price envelope,high_lt_close,0.0,0.0,0.0,0.165,0.0,78cddc46-4b2a-4ebe-9065-1e54e3dff522,data/raw/stage17/equity_daily/run_id=78cddc46-4b2a-4ebe-9065-1e54e3dff522/market=HK/symbol=08365.HK/adjust=raw/source=sina/data.parquet,b6c9e5e539a642bf9da42c0d2cda42a7452dd43d4a4fcbb71df28e4fb31c5c66
08365.HK,sina,stock_hk_daily,raw,ohlc_logic_error,upstream_raw_ohlc_inconsistency,2021-05-26,OHLC violates the inclusive daily price envelope,high_lt_close,0.0,0.0,0.0,0.165,0.0,78cddc46-4b2a-4ebe-9065-1e54e3dff522,data/raw/stage17/equity_daily/run_id=78cddc46-4b2a-4ebe-9065-1e54e3dff522/market=HK/symbol=08365.HK/adjust=raw/source=sina/data.parquet,b6c9e5e539a642bf9da42c0d2cda42a7452dd43d4a4fcbb71df28e4fb31c5c66
08365.HK,sina,stock_hk_daily,raw,ohlc_logic_error,upstream_raw_ohlc_inconsistency,2021-05-27,OHLC violates the inclusive daily price envelope,high_lt_close,0.0,0.0,0.0,0.165,0.0,78cddc46-4b2a-4ebe-9065-1e54e3dff522,data/raw/stage17/equity_daily/run_id=78cddc46-4b2a-4ebe-9065-1e54e3dff522/market=HK/symbol=08365.HK/adjust=raw/source=sina/data.parquet,b6c9e5e539a642bf9da42c0d2cda42a7452dd43d4a4fcbb71df28e4fb31c5c66
08365.HK,sina,stock_hk_daily,raw,ohlc_logic_error,upstream_raw_ohlc_inconsistency,2021-05-28,OHLC violates the inclusive daily price envelope,high_lt_close,0.0,0.0,0.0,0.165,0.0,78cddc46-4b2a-4ebe-9065-1e54e3dff522,data/raw/stage17/equity_daily/run_id=78cddc46-4b2a-4ebe-9065-1e54e3dff522/market=HK/symbol=08365.HK/adjust=raw/source=sina/data.parquet,b6c9e5e539a642bf9da42c0d2cda42a7452dd43d4a4fcbb71df28e4fb31c5c66
08365.HK,sina,stock_hk_daily,raw,ohlc_logic_error,upstream_raw_ohlc_inconsistency,2021-05-31,OHLC violates the inclusive daily price envelope,high_lt_close,0.0,0.0,0.0,0.165,0.0,78cddc46-4b2a-4ebe-9065-1e54e3dff522,data/raw/stage17/equity_daily/run_id=78cddc46-4b2a-4ebe-9065-1e54e3dff522/market=HK/symbol=08365.HK/adjust=raw/source=sina/data.parquet,b6c9e5e539a642bf9da42c0d2cda42a7452dd43d4a4fcbb71df28e4fb31c5c66
08365.HK,sina,stock_hk_daily,raw,ohlc_logic_error,upstream_raw_ohlc_inconsistency,2021-06-02,OHLC violates the inclusive daily price envelope,high_lt_close,0.0,0.0,0.0,0.18,0.0,78cddc46-4b2a-4ebe-9065-1e54e3dff522,data/raw/stage17/equity_daily/run_id=78cddc46-4b2a-4ebe-9065-1e54e3dff522/market=HK/symbol=08365.HK/adjust=raw/source=sina/data.parquet,b6c9e5e539a642bf9da42c0d2cda42a7452dd43d4a4fcbb71df28e4fb31c5c66
08365.HK,sina,stock_hk_daily,raw,ohlc_logic_error,upstream_raw_ohlc_inconsistency,2021-06-03,OHLC violates the inclusive daily price envelope,high_lt_close,0.0,0.0,0.0,0.18,0.0,78cddc46-4b2a-4ebe-9065-1e54e3dff522,data/raw/stage17/equity_daily/run_id=78cddc46-4b2a-4ebe-9065-1e54e3dff522/market=HK/symbol=08365.HK/adjust=raw/source=sina/data.parquet,b6c9e5e539a642bf9da42c0d2cda42a7452dd43d4a4fcbb71df28e4fb31c5c66
08365.HK,sina,stock_hk_daily,raw,ohlc_logic_error,upstream_raw_ohlc_inconsistency,2021-06-04,OHLC violates the inclusive daily price envelope,high_lt_close,0.0,0.0,0.0,0.18,0.0,78cddc46-4b2a-4ebe-9065-1e54e3dff522,data/raw/stage17/equity_daily/run_id=78cddc46-4b2a-4ebe-9065-1e54e3dff522/market=HK/symbol=08365.HK/adjust=raw/source=sina/data.parquet,b6c9e5e539a642bf9da42c0d2cda42a7452dd43d4a4fcbb71df28e4fb31c5c66
08365.HK,sina,stock_hk_daily,raw,ohlc_logic_error,upstream_raw_ohlc_inconsistency,2021-06-08,OHLC violates the inclusive daily price envelope,high_lt_close,0.0,0.0,0.0,0.18,0.0,78cddc46-4b2a-4ebe-9065-1e54e3dff522,data/raw/stage17/equity_daily/run_id=78cddc46-4b2a-4ebe-9065-1e54e3dff522/market=HK/symbol=08365.HK/adjust=raw/source=sina/data.parquet,b6c9e5e539a642bf9da42c0d2cda42a7452dd43d4a4fcbb71df28e4fb31c5c66
08365.HK,sina,stock_hk_daily,raw,ohlc_logic_error,upstream_raw_ohlc_inconsistency,2021-06-09,OHLC violates the inclusive daily price envelope,high_lt_close,0.0,0.0,0.0,0.18,0.0,78cddc46-4b2a-4ebe-9065-1e54e3dff522,data/raw/stage17/equity_daily/run_id=78cddc46-4b2a-4ebe-9065-1e54e3dff522/market=HK/symbol=08365.HK/adjust=raw/source=sina/data.parquet,b6c9e5e539a642bf9da42c0d2cda42a7452dd43d4a4fcbb71df28e4fb31c5c66
08365.HK,sina,stock_hk_daily,raw,ohlc_logic_error,upstream_raw_ohlc_inconsistency,2021-06-10,OHLC violates the inclusive daily price envelope,high_lt_close,0.0,0.0,0.0,0.18,0.0,78cddc46-4b2a-4ebe-9065-1e54e3dff522,data/raw/stage17/equity_daily/run_id=78cddc46-4b2a-4ebe-9065-1e54e3dff522/market=HK/symbol=08365.HK/adjust=raw/source=sina/data.parquet,b6c9e5e539a642bf9da42c0d2cda42a7452dd43d4a4fcbb71df28e4fb31c5c66
08365.HK,sina,stock_hk_daily,raw,ohlc_logic_error,upstream_raw_ohlc_inconsistency,2021-06-11,OHLC violates the inclusive daily price envelope,high_lt_close,0.0,0.0,0.0,0.18,0.0,78cddc46-4b2a-4ebe-9065-1e54e3dff522,data/raw/stage17/equity_daily/run_id=78cddc46-4b2a-4ebe-9065-1e54e3dff522/market=HK/symbol=08365.HK/adjust=raw/source=sina/data.parquet,b6c9e5e539a642bf9da42c0d2cda42a7452dd43d4a4fcbb71df28e4fb31c5c66
08365.HK,sina,stock_hk_daily,raw,ohlc_logic_error,upstream_raw_ohlc_inconsistency,2021-06-15,OHLC violates the inclusive daily price envelope,high_lt_close,0.0,0.0,0.0,0.18,0.0,78cddc46-4b2a-4ebe-9065-1e54e3dff522,data/raw/stage17/equity_daily/run_id=78cddc46-4b2a-4ebe-9065-1e54e3dff522/market=HK/symbol=08365.HK/adjust=raw/source=sina/data.parquet,b6c9e5e539a642bf9da42c0d2cda42a7452dd43d4a4fcbb71df28e4fb31c5c66
08365.HK,sina,stock_hk_daily,raw,ohlc_logic_error,upstream_raw_ohlc_inconsistency,2021-07-09,OHLC violates the inclusive daily price envelope,low_gt_close,0.485,0.485,0.485,0.48,10000.0,78cddc46-4b2a-4ebe-9065-1e54e3dff522,data/raw/stage17/equity_daily/run_id=78cddc46-4b2a-4ebe-9065-1e54e3dff522/market=HK/symbol=08365.HK/adjust=raw/source=sina/data.parquet,b6c9e5e539a642bf9da42c0d2cda42a7452dd43d4a4fcbb71df28e4fb31c5c66
08365.HK,sina,stock_hk_daily,raw,ohlc_logic_error,upstream_raw_ohlc_inconsistency,2021-07-12,OHLC violates the inclusive daily price envelope,low_gt_close,0.485,0.485,0.485,0.48,10000.0,78cddc46-4b2a-4ebe-9065-1e54e3dff522,data/raw/stage17/equity_daily/run_id=78cddc46-4b2a-4ebe-9065-1e54e3dff522/market=HK/symbol=08365.HK/adjust=raw/source=sina/data.parquet,b6c9e5e539a642bf9da42c0d2cda42a7452dd43d4a4fcbb71df28e4fb31c5c66
08365.HK,sina,stock_hk_daily,raw,ohlc_logic_error,upstream_raw_ohlc_inconsistency,2021-07-21,OHLC violates the inclusive daily price envelope,low_gt_close,0.5,0.5,0.5,0.495,5000.0,78cddc46-4b2a-4ebe-9065-1e54e3dff522,data/raw/stage17/equity_daily/run_id=78cddc46-4b2a-4ebe-9065-1e54e3dff522/market=HK/symbol=08365.HK/adjust=raw/source=sina/data.parquet,b6c9e5e539a642bf9da42c0d2cda42a7452dd43d4a4fcbb71df28e4fb31c5c66
08365.HK,sina,stock_hk_daily,raw,ohlc_logic_error,upstream_raw_ohlc_inconsistency,2021-07-22,OHLC violates the inclusive daily price envelope,high_lt_close,0.0,0.0,0.0,0.495,0.0,78cddc46-4b2a-4ebe-9065-1e54e3dff522,data/raw/stage17/equity_daily/run_id=78cddc46-4b2a-4ebe-9065-1e54e3dff522/market=HK/symbol=08365.HK/adjust=raw/source=sina/data.parquet,b6c9e5e539a642bf9da42c0d2cda42a7452dd43d4a4fcbb71df28e4fb31c5c66
08365.HK,sina,stock_hk_daily,raw,ohlc_logic_error,upstream_raw_ohlc_inconsistency,2021-07-23,OHLC violates the inclusive daily price envelope,high_lt_close,0.0,0.0,0.0,0.485,0.0,78cddc46-4b2a-4ebe-9065-1e54e3dff522,data/raw/stage17/equity_daily/run_id=78cddc46-4b2a-4ebe-9065-1e54e3dff522/market=HK/symbol=08365.HK/adjust=raw/source=sina/data.parquet,b6c9e5e539a642bf9da42c0d2cda42a7452dd43d4a4fcbb71df28e4fb31c5c66
08365.HK,sina,stock_hk_daily,raw,ohlc_logic_error,upstream_raw_ohlc_inconsistency,2021-07-30,OHLC violates the inclusive daily price envelope,high_lt_close,0.0,0.0,0.0,0.485,0.0,78cddc46-4b2a-4ebe-9065-1e54e3dff522,data/raw/stage17/equity_daily/run_id=78cddc46-4b2a-4ebe-9065-1e54e3dff522/market=HK/symbol=08365.HK/adjust=raw/source=sina/data.parquet,b6c9e5e539a642bf9da42c0d2cda42a7452dd43d4a4fcbb71df28e4fb31c5c66
08365.HK,sina,stock_hk_daily,raw,ohlc_logic_error,upstream_raw_ohlc_inconsistency,2021-08-03,OHLC violates the inclusive daily price envelope,high_lt_close,0.0,0.0,0.0,0.485,0.0,78cddc46-4b2a-4ebe-9065-1e54e3dff522,data/raw/stage17/equity_daily/run_id=78cddc46-4b2a-4ebe-9065-1e54e3dff522/market=HK/symbol=08365.HK/adjust=raw/source=sina/data.parquet,b6c9e5e539a642bf9da42c0d2cda42a7452dd43d4a4fcbb71df28e4fb31c5c66
08365.HK,sina,stock_hk_daily,raw,ohlc_logic_error,upstream_raw_ohlc_inconsistency,2021-08-04,OHLC violates the inclusive daily price envelope,high_lt_close,0.0,0.0,0.0,0.485,0.0,78cddc46-4b2a-4ebe-9065-1e54e3dff522,data/raw/stage17/equity_daily/run_id=78cddc46-4b2a-4ebe-9065-1e54e3dff522/market=HK/symbol=08365.HK/adjust=raw/source=sina/data.parquet,b6c9e5e539a642bf9da42c0d2cda42a7452dd43d4a4fcbb71df28e4fb31c5c66
08365.HK,sina,stock_hk_daily,raw,ohlc_logic_error,upstream_raw_ohlc_inconsistency,2021-08-05,OHLC violates the inclusive daily price envelope,high_lt_close,0.0,0.0,0.0,0.485,0.0,78cddc46-4b2a-4ebe-9065-1e54e3dff522,data/raw/stage17/equity_daily/run_id=78cddc46-4b2a-4ebe-9065-1e54e3dff522/market=HK/symbol=08365.HK/adjust=raw/source=sina/data.parquet,b6c9e5e539a642bf9da42c0d2cda42a7452dd43d4a4fcbb71df28e4fb31c5c66
08365.HK,sina,stock_hk_daily,raw,ohlc_logic_error,upstream_raw_ohlc_inconsistency,2021-08-06,OHLC violates the inclusive daily price envelope,high_lt_close,0.0,0.0,0.0,0.485,0.0,78cddc46-4b2a-4ebe-9065-1e54e3dff522,data/raw/stage17/equity_daily/run_id=78cddc46-4b2a-4ebe-9065-1e54e3dff522/market=HK/symbol=08365.HK/adjust=raw/source=sina/data.parquet,b6c9e5e539a642bf9da42c0d2cda42a7452dd43d4a4fcbb71df28e4fb31c5c66
08365.HK,sina,stock_hk_daily,raw,ohlc_logic_error,upstream_raw_ohlc_inconsistency,2021-08-09,OHLC violates the inclusive daily price envelope,high_lt_close,0.0,0.0,0.0,0.485,0.0,78cddc46-4b2a-4ebe-9065-1e54e3dff522,data/raw/stage17/equity_daily/run_id=78cddc46-4b2a-4ebe-9065-1e54e3dff522/market=HK/symbol=08365.HK/adjust=raw/source=sina/data.parquet,b6c9e5e539a642bf9da42c0d2cda42a7452dd43d4a4fcbb71df28e4fb31c5c66
08365.HK,sina,stock_hk_daily,raw,ohlc_logic_error,upstream_raw_ohlc_inconsistency,2021-08-11,OHLC violates the inclusive daily price envelope,high_lt_close,0.0,0.0,0.0,0.46,0.0,78cddc46-4b2a-4ebe-9065-1e54e3dff522,data/raw/stage17/equity_daily/run_id=78cddc46-4b2a-4ebe-9065-1e54e3dff522/market=HK/symbol=08365.HK/adjust=raw/source=sina/data.parquet,b6c9e5e539a642bf9da42c0d2cda42a7452dd43d4a4fcbb71df28e4fb31c5c66
08365.HK,sina,stock_hk_daily,raw,ohlc_logic_error,upstream_raw_ohlc_inconsistency,2021-08-12,OHLC violates the inclusive daily price envelope,high_lt_close,0.0,0.0,0.0,0.46,0.0,78cddc46-4b2a-4ebe-9065-1e54e3dff522,data/raw/stage17/equity_daily/run_id=78cddc46-4b2a-4ebe-9065-1e54e3dff522/market=HK/symbol=08365.HK/adjust=raw/source=sina/data.parquet,b6c9e5e539a642bf9da42c0d2cda42a7452dd43d4a4fcbb71df28e4fb31c5c66
08365.HK,sina,stock_hk_daily,raw,ohlc_logic_error,upstream_raw_ohlc_inconsistency,2021-08-13,OHLC violates the inclusive daily price envelope,high_lt_close,0.0,0.0,0.0,0.46,0.0,78cddc46-4b2a-4ebe-9065-1e54e3dff522,data/raw/stage17/equity_daily/run_id=78cddc46-4b2a-4ebe-9065-1e54e3dff522/market=HK/symbol=08365.HK/adjust=raw/source=sina/data.parquet,b6c9e5e539a642bf9da42c0d2cda42a7452dd43d4a4fcbb71df28e4fb31c5c66
08365.HK,sina,stock_hk_daily,raw,ohlc_logic_error,upstream_raw_ohlc_inconsistency,2021-08-20,OHLC violates the inclusive daily price envelope,high_lt_close,0.0,0.0,0.0,0.44,0.0,78cddc46-4b2a-4ebe-9065-1e54e3dff522,data/raw/stage17/equity_daily/run_id=78cddc46-4b2a-4ebe-9065-1e54e3dff522/market=HK/symbol=08365.HK/adjust=raw/source=sina/data.parquet,b6c9e5e539a642bf9da42c0d2cda42a7452dd43d4a4fcbb71df28e4fb31c5c66
08365.HK,sina,stock_hk_daily,raw,ohlc_logic_error,upstream_raw_ohlc_inconsistency,2021-08-24,OHLC violates the inclusive daily price envelope,high_lt_close,0.0,0.0,0.0,0.46,0.0,78cddc46-4b2a-4ebe-9065-1e54e3dff522,data/raw/stage17/equity_daily/run_id=78cddc46-4b2a-4ebe-9065-1e54e3dff522/market=HK/symbol=08365.HK/adjust=raw/source=sina/data.parquet,b6c9e5e539a642bf9da42c0d2cda42a7452dd43d4a4fcbb71df28e4fb31c5c66
08365.HK,sina,stock_hk_daily,raw,ohlc_logic_error,upstream_raw_ohlc_inconsistency,2021-08-25,OHLC violates the inclusive daily price envelope,high_lt_close,0.0,0.0,0.0,0.46,0.0,78cddc46-4b2a-4ebe-9065-1e54e3dff522,data/raw/stage17/equity_daily/run_id=78cddc46-4b2a-4ebe-9065-1e54e3dff522/market=HK/symbol=08365.HK/adjust=raw/source=sina/data.parquet,b6c9e5e539a642bf9da42c0d2cda42a7452dd43d4a4fcbb71df28e4fb31c5c66
08365.HK,sina,stock_hk_daily,raw,ohlc_logic_error,upstream_raw_ohlc_inconsistency,2021-08-26,OHLC violates the inclusive daily price envelope,high_lt_close,0.0,0.0,0.0,0.46,0.0,78cddc46-4b2a-4ebe-9065-1e54e3dff522,data/raw/stage17/equity_daily/run_id=78cddc46-4b2a-4ebe-9065-1e54e3dff522/market=HK/symbol=08365.HK/adjust=raw/source=sina/data.parquet,b6c9e5e539a642bf9da42c0d2cda42a7452dd43d4a4fcbb71df28e4fb31c5c66
08365.HK,sina,stock_hk_daily,raw,ohlc_logic_error,upstream_raw_ohlc_inconsistency,2021-08-27,OHLC violates the inclusive daily price envelope,high_lt_close,0.0,0.0,0.0,0.44,0.0,78cddc46-4b2a-4ebe-9065-1e54e3dff522,data/raw/stage17/equity_daily/run_id=78cddc46-4b2a-4ebe-9065-1e54e3dff522/market=HK/symbol=08365.HK/adjust=raw/source=sina/data.parquet,b6c9e5e539a642bf9da42c0d2cda42a7452dd43d4a4fcbb71df28e4fb31c5c66
08365.HK,sina,stock_hk_daily,raw,ohlc_logic_error,upstream_raw_ohlc_inconsistency,2021-08-31,OHLC violates the inclusive daily price envelope,high_lt_close,0.0,0.0,0.0,0.44,0.0,78cddc46-4b2a-4ebe-9065-1e54e3dff522,data/raw/stage17/equity_daily/run_id=78cddc46-4b2a-4ebe-9065-1e54e3dff522/market=HK/symbol=08365.HK/adjust=raw/source=sina/data.parquet,b6c9e5e539a642bf9da42c0d2cda42a7452dd43d4a4fcbb71df28e4fb31c5c66
08365.HK,sina,stock_hk_daily,raw,ohlc_logic_error,upstream_raw_ohlc_inconsistency,2021-09-01,OHLC violates the inclusive daily price envelope,high_lt_close,0.0,0.0,0.0,0.42,0.0,78cddc46-4b2a-4ebe-9065-1e54e3dff522,data/raw/stage17/equity_daily/run_id=78cddc46-4b2a-4ebe-9065-1e54e3dff522/market=HK/symbol=08365.HK/adjust=raw/source=sina/data.parquet,b6c9e5e539a642bf9da42c0d2cda42a7452dd43d4a4fcbb71df28e4fb31c5c66
08365.HK,sina,stock_hk_daily,raw,ohlc_logic_error,upstream_raw_ohlc_inconsistency,2021-09-09,OHLC violates the inclusive daily price envelope,high_lt_close,0.0,0.0,0.0,0.42,0.0,78cddc46-4b2a-4ebe-9065-1e54e3dff522,data/raw/stage17/equity_daily/run_id=78cddc46-4b2a-4ebe-9065-1e54e3dff522/market=HK/symbol=08365.HK/adjust=raw/source=sina/data.parquet,b6c9e5e539a642bf9da42c0d2cda42a7452dd43d4a4fcbb71df28e4fb31c5c66
08365.HK,sina,stock_hk_daily,raw,ohlc_logic_error,upstream_raw_ohlc_inconsistency,2021-09-15,OHLC violates the inclusive daily price envelope,high_lt_close,0.0,0.0,0.0,0.42,0.0,78cddc46-4b2a-4ebe-9065-1e54e3dff522,data/raw/stage17/equity_daily/run_id=78cddc46-4b2a-4ebe-9065-1e54e3dff522/market=HK/symbol=08365.HK/adjust=raw/source=sina/data.parquet,b6c9e5e539a642bf9da42c0d2cda42a7452dd43d4a4fcbb71df28e4fb31c5c66
08365.HK,sina,stock_hk_daily,raw,ohlc_logic_error,upstream_raw_ohlc_inconsistency,2021-09-21,OHLC violates the inclusive daily price envelope,high_lt_close,0.0,0.0,0.0,0.35,0.0,78cddc46-4b2a-4ebe-9065-1e54e3dff522,data/raw/stage17/equity_daily/run_id=78cddc46-4b2a-4ebe-9065-1e54e3dff522/market=HK/symbol=08365.HK/adjust=raw/source=sina/data.parquet,b6c9e5e539a642bf9da42c0d2cda42a7452dd43d4a4fcbb71df28e4fb31c5c66
08365.HK,sina,stock_hk_daily,raw,ohlc_logic_error,upstream_raw_ohlc_inconsistency,2021-09-23,OHLC violates the inclusive daily price envelope,high_lt_close,0.0,0.0,0.0,0.35,0.0,78cddc46-4b2a-4ebe-9065-1e54e3dff522,data/raw/stage17/equity_daily/run_id=78cddc46-4b2a-4ebe-9065-1e54e3dff522/market=HK/symbol=08365.HK/adjust=raw/source=sina/data.parquet,b6c9e5e539a642bf9da42c0d2cda42a7452dd43d4a4fcbb71df28e4fb31c5c66
08365.HK,sina,stock_hk_daily,raw,ohlc_logic_error,upstream_raw_ohlc_inconsistency,2021-09-24,OHLC violates the inclusive daily price envelope,high_lt_close,0.0,0.0,0.0,0.35,0.0,78cddc46-4b2a-4ebe-9065-1e54e3dff522,data/raw/stage17/equity_daily/run_id=78cddc46-4b2a-4ebe-9065-1e54e3dff522/market=HK/symbol=08365.HK/adjust=raw/source=sina/data.parquet,b6c9e5e539a642bf9da42c0d2cda42a7452dd43d4a4fcbb71df28e4fb31c5c66
08365.HK,sina,stock_hk_daily,raw,ohlc_logic_error,upstream_raw_ohlc_inconsistency,2021-09-27,OHLC violates the inclusive daily price envelope,high_lt_close,0.0,0.0,0.0,0.345,0.0,78cddc46-4b2a-4ebe-9065-1e54e3dff522,data/raw/stage17/equity_daily/run_id=78cddc46-4b2a-4ebe-9065-1e54e3dff522/market=HK/symbol=08365.HK/adjust=raw/source=sina/data.parquet,b6c9e5e539a642bf9da42c0d2cda42a7452dd43d4a4fcbb71df28e4fb31c5c66
08365.HK,sina,stock_hk_daily,raw,ohlc_logic_error,upstream_raw_ohlc_inconsistency,2021-09-29,OHLC violates the inclusive daily price envelope,high_lt_close,0.0,0.0,0.0,0.33,0.0,78cddc46-4b2a-4ebe-9065-1e54e3dff522,data/raw/stage17/equity_daily/run_id=78cddc46-4b2a-4ebe-9065-1e54e3dff522/market=HK/symbol=08365.HK/adjust=raw/source=sina/data.parquet,b6c9e5e539a642bf9da42c0d2cda42a7452dd43d4a4fcbb71df28e4fb31c5c66
08365.HK,sina,stock_hk_daily,raw,ohlc_logic_error,upstream_raw_ohlc_inconsistency,2021-10-05,OHLC violates the inclusive daily price envelope,high_lt_close,0.0,0.0,0.0,0.4,0.0,78cddc46-4b2a-4ebe-9065-1e54e3dff522,data/raw/stage17/equity_daily/run_id=78cddc46-4b2a-4ebe-9065-1e54e3dff522/market=HK/symbol=08365.HK/adjust=raw/source=sina/data.parquet,b6c9e5e539a642bf9da42c0d2cda42a7452dd43d4a4fcbb71df28e4fb31c5c66
08365.HK,sina,stock_hk_daily,raw,ohlc_logic_error,upstream_raw_ohlc_inconsistency,2021-10-06,OHLC violates the inclusive daily price envelope,high_lt_close,0.0,0.0,0.0,0.4,0.0,78cddc46-4b2a-4ebe-9065-1e54e3dff522,data/raw/stage17/equity_daily/run_id=78cddc46-4b2a-4ebe-9065-1e54e3dff522/market=HK/symbol=08365.HK/adjust=raw/source=sina/data.parquet,b6c9e5e539a642bf9da42c0d2cda42a7452dd43d4a4fcbb71df28e4fb31c5c66
08365.HK,sina,stock_hk_daily,raw,ohlc_logic_error,upstream_raw_ohlc_inconsistency,2021-10-07,OHLC violates the inclusive daily price envelope,high_lt_close,0.0,0.0,0.0,0.4,0.0,78cddc46-4b2a-4ebe-9065-1e54e3dff522,data/raw/stage17/equity_daily/run_id=78cddc46-4b2a-4ebe-9065-1e54e3dff522/market=HK/symbol=08365.HK/adjust=raw/source=sina/data.parquet,b6c9e5e539a642bf9da42c0d2cda42a7452dd43d4a4fcbb71df28e4fb31c5c66
08365.HK,sina,stock_hk_daily,raw,ohlc_logic_error,upstream_raw_ohlc_inconsistency,2021-10-08,OHLC violates the inclusive daily price envelope,high_lt_close,0.0,0.0,0.0,0.4,0.0,78cddc46-4b2a-4ebe-9065-1e54e3dff522,data/raw/stage17/equity_daily/run_id=78cddc46-4b2a-4ebe-9065-1e54e3dff522/market=HK/symbol=08365.HK/adjust=raw/source=sina/data.parquet,b6c9e5e539a642bf9da42c0d2cda42a7452dd43d4a4fcbb71df28e4fb31c5c66
08365.HK,sina,stock_hk_daily,raw,ohlc_logic_error,upstream_raw_ohlc_inconsistency,2021-10-11,OHLC violates the inclusive daily price envelope,high_lt_close,0.0,0.0,0.0,0.4,0.0,78cddc46-4b2a-4ebe-9065-1e54e3dff522,data/raw/stage17/equity_daily/run_id=78cddc46-4b2a-4ebe-9065-1e54e3dff522/market=HK/symbol=08365.HK/adjust=raw/source=sina/data.parquet,b6c9e5e539a642bf9da42c0d2cda42a7452dd43d4a4fcbb71df28e4fb31c5c66
08365.HK,sina,stock_hk_daily,raw,ohlc_logic_error,upstream_raw_ohlc_inconsistency,2021-10-12,OHLC violates the inclusive daily price envelope,high_lt_close,0.0,0.0,0.0,0.4,0.0,78cddc46-4b2a-4ebe-9065-1e54e3dff522,data/raw/stage17/equity_daily/run_id=78cddc46-4b2a-4ebe-9065-1e54e3dff522/market=HK/symbol=08365.HK/adjust=raw/source=sina/data.parquet,b6c9e5e539a642bf9da42c0d2cda42a7452dd43d4a4fcbb71df28e4fb31c5c66
08365.HK,sina,stock_hk_daily,raw,ohlc_logic_error,upstream_raw_ohlc_inconsistency,2021-10-15,OHLC violates the inclusive daily price envelope,high_lt_close,0.0,0.0,0.0,0.4,0.0,78cddc46-4b2a-4ebe-9065-1e54e3dff522,data/raw/stage17/equity_daily/run_id=78cddc46-4b2a-4ebe-9065-1e54e3dff522/market=HK/symbol=08365.HK/adjust=raw/source=sina/data.parquet,b6c9e5e539a642bf9da42c0d2cda42a7452dd43d4a4fcbb71df28e4fb31c5c66
08365.HK,sina,stock_hk_daily,raw,ohlc_logic_error,upstream_raw_ohlc_inconsistency,2023-10-20,OHLC violates the inclusive daily price envelope,high_lt_close,0.051,0.051,0.051,0.052,220000.0,78cddc46-4b2a-4ebe-9065-1e54e3dff522,data/raw/stage17/equity_daily/run_id=78cddc46-4b2a-4ebe-9065-1e54e3dff522/market=HK/symbol=08365.HK/adjust=raw/source=sina/data.parquet,b6c9e5e539a642bf9da42c0d2cda42a7452dd43d4a4fcbb71df28e4fb31c5c66
08365.HK,sina,stock_hk_daily,raw,ohlc_logic_error,upstream_raw_ohlc_inconsistency,2023-12-22,OHLC violates the inclusive daily price envelope,high_lt_close,0.03,0.03,0.03,0.031,190000.0,78cddc46-4b2a-4ebe-9065-1e54e3dff522,data/raw/stage17/equity_daily/run_id=78cddc46-4b2a-4ebe-9065-1e54e3dff522/market=HK/symbol=08365.HK/adjust=raw/source=sina/data.parquet,b6c9e5e539a642bf9da42c0d2cda42a7452dd43d4a4fcbb71df28e4fb31c5c66
08365.HK,sina,stock_hk_daily,raw,ohlc_logic_error,upstream_raw_ohlc_inconsistency,2024-01-23,OHLC violates the inclusive daily price envelope,high_lt_close,0.93,0.93,0.89,1.05,18400.0,78cddc46-4b2a-4ebe-9065-1e54e3dff522,data/raw/stage17/equity_daily/run_id=78cddc46-4b2a-4ebe-9065-1e54e3dff522/market=HK/symbol=08365.HK/adjust=raw/source=sina/data.parquet,b6c9e5e539a642bf9da42c0d2cda42a7452dd43d4a4fcbb71df28e4fb31c5c66
08365.HK,sina,stock_hk_daily,raw,ohlc_logic_error,upstream_raw_ohlc_inconsistency,2024-02-05,OHLC violates the inclusive daily price envelope,high_lt_close,0.96,0.96,0.96,1.01,8200.0,78cddc46-4b2a-4ebe-9065-1e54e3dff522,data/raw/stage17/equity_daily/run_id=78cddc46-4b2a-4ebe-9065-1e54e3dff522/market=HK/symbol=08365.HK/adjust=raw/source=sina/data.parquet,b6c9e5e539a642bf9da42c0d2cda42a7452dd43d4a4fcbb71df28e4fb31c5c66
08365.HK,sina,stock_hk_daily,raw,ohlc_logic_error,upstream_raw_ohlc_inconsistency,2024-02-21,OHLC violates the inclusive daily price envelope,low_gt_close,1.06,1.06,1.06,1.05,5800.0,78cddc46-4b2a-4ebe-9065-1e54e3dff522,data/raw/stage17/equity_daily/run_id=78cddc46-4b2a-4ebe-9065-1e54e3dff522/market=HK/symbol=08365.HK/adjust=raw/source=sina/data.parquet,b6c9e5e539a642bf9da42c0d2cda42a7452dd43d4a4fcbb71df28e4fb31c5c66
08365.HK,sina,stock_hk_daily,raw,ohlc_logic_error,upstream_raw_ohlc_inconsistency,2024-02-28,OHLC violates the inclusive daily price envelope,high_lt_close,0.89,0.89,0.86,0.9,43000.0,78cddc46-4b2a-4ebe-9065-1e54e3dff522,data/raw/stage17/equity_daily/run_id=78cddc46-4b2a-4ebe-9065-1e54e3dff522/market=HK/symbol=08365.HK/adjust=raw/source=sina/data.parquet,b6c9e5e539a642bf9da42c0d2cda42a7452dd43d4a4fcbb71df28e4fb31c5c66
08365.HK,sina,stock_hk_daily,raw,ohlc_logic_error,upstream_raw_ohlc_inconsistency,2024-03-12,OHLC violates the inclusive daily price envelope,high_lt_close,0.76,0.8,0.76,0.81,20000.0,78cddc46-4b2a-4ebe-9065-1e54e3dff522,data/raw/stage17/equity_daily/run_id=78cddc46-4b2a-4ebe-9065-1e54e3dff522/market=HK/symbol=08365.HK/adjust=raw/source=sina/data.parquet,b6c9e5e539a642bf9da42c0d2cda42a7452dd43d4a4fcbb71df28e4fb31c5c66
08365.HK,sina,stock_hk_daily,raw,ohlc_logic_error,upstream_raw_ohlc_inconsistency,2024-03-19,OHLC violates the inclusive daily price envelope,high_lt_close,0.69,0.69,0.68,0.71,23600.0,78cddc46-4b2a-4ebe-9065-1e54e3dff522,data/raw/stage17/equity_daily/run_id=78cddc46-4b2a-4ebe-9065-1e54e3dff522/market=HK/symbol=08365.HK/adjust=raw/source=sina/data.parquet,b6c9e5e539a642bf9da42c0d2cda42a7452dd43d4a4fcbb71df28e4fb31c5c66
08365.HK,sina,stock_hk_daily,raw,ohlc_logic_error,upstream_raw_ohlc_inconsistency,2024-05-03,OHLC violates the inclusive daily price envelope,low_gt_close,0.8,0.8,0.77,0.76,87400.0,78cddc46-4b2a-4ebe-9065-1e54e3dff522,data/raw/stage17/equity_daily/run_id=78cddc46-4b2a-4ebe-9065-1e54e3dff522/market=HK/symbol=08365.HK/adjust=raw/source=sina/data.parquet,b6c9e5e539a642bf9da42c0d2cda42a7452dd43d4a4fcbb71df28e4fb31c5c66
08365.HK,sina,stock_hk_daily,raw,ohlc_logic_error,upstream_raw_ohlc_inconsistency,2024-05-10,OHLC violates the inclusive daily price envelope,low_gt_close,0.78,0.8,0.78,0.75,19800.0,78cddc46-4b2a-4ebe-9065-1e54e3dff522,data/raw/stage17/equity_daily/run_id=78cddc46-4b2a-4ebe-9065-1e54e3dff522/market=HK/symbol=08365.HK/adjust=raw/source=sina/data.parquet,b6c9e5e539a642bf9da42c0d2cda42a7452dd43d4a4fcbb71df28e4fb31c5c66
08365.HK,sina,stock_hk_daily,raw,ohlc_logic_error,upstream_raw_ohlc_inconsistency,2024-05-20,OHLC violates the inclusive daily price envelope,low_gt_close,0.78,0.78,0.78,0.76,68800.0,78cddc46-4b2a-4ebe-9065-1e54e3dff522,data/raw/stage17/equity_daily/run_id=78cddc46-4b2a-4ebe-9065-1e54e3dff522/market=HK/symbol=08365.HK/adjust=raw/source=sina/data.parquet,b6c9e5e539a642bf9da42c0d2cda42a7452dd43d4a4fcbb71df28e4fb31c5c66
08365.HK,sina,stock_hk_daily,raw,ohlc_logic_error,upstream_raw_ohlc_inconsistency,2024-07-16,OHLC violates the inclusive daily price envelope,high_lt_close,0.44,0.44,0.44,0.46,13800.0,78cddc46-4b2a-4ebe-9065-1e54e3dff522,data/raw/stage17/equity_daily/run_id=78cddc46-4b2a-4ebe-9065-1e54e3dff522/market=HK/symbol=08365.HK/adjust=raw/source=sina/data.parquet,b6c9e5e539a642bf9da42c0d2cda42a7452dd43d4a4fcbb71df28e4fb31c5c66
08365.HK,sina,stock_hk_daily,raw,ohlc_logic_error,upstream_raw_ohlc_inconsistency,2024-08-20,OHLC violates the inclusive daily price envelope,high_lt_close,0.34,0.34,0.34,0.35,5000.0,78cddc46-4b2a-4ebe-9065-1e54e3dff522,data/raw/stage17/equity_daily/run_id=78cddc46-4b2a-4ebe-9065-1e54e3dff522/market=HK/symbol=08365.HK/adjust=raw/source=sina/data.parquet,b6c9e5e539a642bf9da42c0d2cda42a7452dd43d4a4fcbb71df28e4fb31c5c66
08365.HK,sina,stock_hk_daily,raw,ohlc_logic_error,upstream_raw_ohlc_inconsistency,2024-08-30,OHLC violates the inclusive daily price envelope,high_lt_close,0.31,0.31,0.31,0.315,7000.0,78cddc46-4b2a-4ebe-9065-1e54e3dff522,data/raw/stage17/equity_daily/run_id=78cddc46-4b2a-4ebe-9065-1e54e3dff522/market=HK/symbol=08365.HK/adjust=raw/source=sina/data.parquet,b6c9e5e539a642bf9da42c0d2cda42a7452dd43d4a4fcbb71df28e4fb31c5c66
08365.HK,sina,stock_hk_daily,raw,ohlc_logic_error,upstream_raw_ohlc_inconsistency,2024-10-04,OHLC violates the inclusive daily price envelope,low_gt_close,0.53,0.53,0.53,0.51,9800.0,78cddc46-4b2a-4ebe-9065-1e54e3dff522,data/raw/stage17/equity_daily/run_id=78cddc46-4b2a-4ebe-9065-1e54e3dff522/market=HK/symbol=08365.HK/adjust=raw/source=sina/data.parquet,b6c9e5e539a642bf9da42c0d2cda42a7452dd43d4a4fcbb71df28e4fb31c5c66
08365.HK,sina,stock_hk_daily,raw,ohlc_logic_error,upstream_raw_ohlc_inconsistency,2024-10-31,OHLC violates the inclusive daily price envelope,low_gt_close,0.52,0.52,0.52,0.48,21000.0,78cddc46-4b2a-4ebe-9065-1e54e3dff522,data/raw/stage17/equity_daily/run_id=78cddc46-4b2a-4ebe-9065-1e54e3dff522/market=HK/symbol=08365.HK/adjust=raw/source=sina/data.parquet,b6c9e5e539a642bf9da42c0d2cda42a7452dd43d4a4fcbb71df28e4fb31c5c66
08365.HK,sina,stock_hk_daily,raw,ohlc_logic_error,upstream_raw_ohlc_inconsistency,2024-11-01,OHLC violates the inclusive daily price envelope,high_lt_close,0.46,0.46,0.46,0.48,5400.0,78cddc46-4b2a-4ebe-9065-1e54e3dff522,data/raw/stage17/equity_daily/run_id=78cddc46-4b2a-4ebe-9065-1e54e3dff522/market=HK/symbol=08365.HK/adjust=raw/source=sina/data.parquet,b6c9e5e539a642bf9da42c0d2cda42a7452dd43d4a4fcbb71df28e4fb31c5c66
08365.HK,sina,stock_hk_daily,raw,ohlc_logic_error,upstream_raw_ohlc_inconsistency,2024-12-18,OHLC violates the inclusive daily price envelope,high_lt_close,0.37,0.37,0.37,0.405,5200.0,78cddc46-4b2a-4ebe-9065-1e54e3dff522,data/raw/stage17/equity_daily/run_id=78cddc46-4b2a-4ebe-9065-1e54e3dff522/market=HK/symbol=08365.HK/adjust=raw/source=sina/data.parquet,b6c9e5e539a642bf9da42c0d2cda42a7452dd43d4a4fcbb71df28e4fb31c5c66
08365.HK,sina,stock_hk_daily,raw,ohlc_logic_error,upstream_raw_ohlc_inconsistency,2025-01-23,OHLC violates the inclusive daily price envelope,high_lt_close,0.3,0.3,0.3,0.31,60000.0,78cddc46-4b2a-4ebe-9065-1e54e3dff522,data/raw/stage17/equity_daily/run_id=78cddc46-4b2a-4ebe-9065-1e54e3dff522/market=HK/symbol=08365.HK/adjust=raw/source=sina/data.parquet,b6c9e5e539a642bf9da42c0d2cda42a7452dd43d4a4fcbb71df28e4fb31c5c66
08365.HK,sina,stock_hk_daily,raw,ohlc_logic_error,upstream_raw_ohlc_inconsistency,2025-04-08,OHLC violates the inclusive daily price envelope,high_lt_close,0.27,0.27,0.27,0.28,28400.0,78cddc46-4b2a-4ebe-9065-1e54e3dff522,data/raw/stage17/equity_daily/run_id=78cddc46-4b2a-4ebe-9065-1e54e3dff522/market=HK/symbol=08365.HK/adjust=raw/source=sina/data.parquet,b6c9e5e539a642bf9da42c0d2cda42a7452dd43d4a4fcbb71df28e4fb31c5c66
08365.HK,sina,stock_hk_daily,raw,ohlc_logic_error,upstream_raw_ohlc_inconsistency,2025-05-13,OHLC violates the inclusive daily price envelope,high_lt_close,0.325,0.325,0.325,0.33,10000.0,78cddc46-4b2a-4ebe-9065-1e54e3dff522,data/raw/stage17/equity_daily/run_id=78cddc46-4b2a-4ebe-9065-1e54e3dff522/market=HK/symbol=08365.HK/adjust=raw/source=sina/data.parquet,b6c9e5e539a642bf9da42c0d2cda42a7452dd43d4a4fcbb71df28e4fb31c5c66
08365.HK,sina,stock_hk_daily,raw,ohlc_logic_error,upstream_raw_ohlc_inconsistency,2025-07-11,OHLC violates the inclusive daily price envelope,high_lt_close,0.26,0.26,0.26,0.265,398200.0,78cddc46-4b2a-4ebe-9065-1e54e3dff522,data/raw/stage17/equity_daily/run_id=78cddc46-4b2a-4ebe-9065-1e54e3dff522/market=HK/symbol=08365.HK/adjust=raw/source=sina/data.parquet,b6c9e5e539a642bf9da42c0d2cda42a7452dd43d4a4fcbb71df28e4fb31c5c66
08365.HK,sina,stock_hk_daily,raw,ohlc_logic_error,upstream_raw_ohlc_inconsistency,2025-07-16,OHLC violates the inclusive daily price envelope,high_lt_close,0.255,0.255,0.25,0.26,80000.0,78cddc46-4b2a-4ebe-9065-1e54e3dff522,data/raw/stage17/equity_daily/run_id=78cddc46-4b2a-4ebe-9065-1e54e3dff522/market=HK/symbol=08365.HK/adjust=raw/source=sina/data.parquet,b6c9e5e539a642bf9da42c0d2cda42a7452dd43d4a4fcbb71df28e4fb31c5c66
08365.HK,sina,stock_hk_daily,raw,ohlc_logic_error,upstream_raw_ohlc_inconsistency,2026-06-15,OHLC violates the inclusive daily price envelope,low_gt_close,1.19,1.19,1.13,1.12,381400.0,78cddc46-4b2a-4ebe-9065-1e54e3dff522,data/raw/stage17/equity_daily/run_id=78cddc46-4b2a-4ebe-9065-1e54e3dff522/market=HK/symbol=08365.HK/adjust=raw/source=sina/data.parquet,b6c9e5e539a642bf9da42c0d2cda42a7452dd43d4a4fcbb71df28e4fb31c5c66
08365.HK,sina,stock_hk_daily,qfq,ohlc_logic_error,upstream_raw_inconsistency_propagated_by_adjustment,2017-09-27,OHLC violates the inclusive daily price envelope,low_gt_close,6.1461,6.1461,6.1461,6.0653,120000.0,78cddc46-4b2a-4ebe-9065-1e54e3dff522,data/raw/stage17/equity_daily/run_id=78cddc46-4b2a-4ebe-9065-1e54e3dff522/market=HK/symbol=08365.HK/adjust=qfq/source=sina/data.parquet,02e23ed66e955a13b64ee07e19e01950938b955831daaf6ab8f3134894ba0e19
08365.HK,sina,stock_hk_daily,qfq,ohlc_logic_error,upstream_raw_inconsistency_propagated_by_adjustment,2017-10-12,OHLC violates the inclusive daily price envelope,high_lt_close,5.8226,5.8226,5.7418,5.9035,260000.0,78cddc46-4b2a-4ebe-9065-1e54e3dff522,data/raw/stage17/equity_daily/run_id=78cddc46-4b2a-4ebe-9065-1e54e3dff522/market=HK/symbol=08365.HK/adjust=qfq/source=sina/data.parquet,02e23ed66e955a13b64ee07e19e01950938b955831daaf6ab8f3134894ba0e19
08365.HK,sina,stock_hk_daily,qfq,ohlc_logic_error,upstream_raw_inconsistency_propagated_by_adjustment,2017-11-10,OHLC violates the inclusive daily price envelope,high_lt_close,5.9035,5.9844,5.9035,6.0653,40000.0,78cddc46-4b2a-4ebe-9065-1e54e3dff522,data/raw/stage17/equity_daily/run_id=78cddc46-4b2a-4ebe-9065-1e54e3dff522/market=HK/symbol=08365.HK/adjust=qfq/source=sina/data.parquet,02e23ed66e955a13b64ee07e19e01950938b955831daaf6ab8f3134894ba0e19
08365.HK,sina,stock_hk_daily,qfq,ohlc_logic_error,upstream_raw_inconsistency_propagated_by_adjustment,2017-12-06,OHLC violates the inclusive daily price envelope,high_lt_close,5.9844,5.9844,5.9035,6.227,20000.0,78cddc46-4b2a-4ebe-9065-1e54e3dff522,data/raw/stage17/equity_daily/run_id=78cddc46-4b2a-4ebe-9065-1e54e3dff522/market=HK/symbol=08365.HK/adjust=qfq/source=sina/data.parquet,02e23ed66e955a13b64ee07e19e01950938b955831daaf6ab8f3134894ba0e19
08365.HK,sina,stock_hk_daily,qfq,ohlc_logic_error,upstream_raw_inconsistency_propagated_by_adjustment,2018-01-31,OHLC violates the inclusive daily price envelope,low_gt_close,7.4555,7.4555,7.4555,7.286,100000.0,78cddc46-4b2a-4ebe-9065-1e54e3dff522,data/raw/stage17/equity_daily/run_id=78cddc46-4b2a-4ebe-9065-1e54e3dff522/market=HK/symbol=08365.HK/adjust=qfq/source=sina/data.parquet,02e23ed66e955a13b64ee07e19e01950938b955831daaf6ab8f3134894ba0e19
08365.HK,sina,stock_hk_daily,qfq,ohlc_logic_error,upstream_raw_inconsistency_propagated_by_adjustment,2018-03-22,OHLC violates the inclusive daily price envelope,high_lt_close,8.4721,8.4721,8.4721,8.6416,20000.0,78cddc46-4b2a-4ebe-9065-1e54e3dff522,data/raw/stage17/equity_daily/run_id=78cddc46-4b2a-4ebe-9065-1e54e3dff522/market=HK/symbol=08365.HK/adjust=qfq/source=sina/data.parquet,02e23ed66e955a13b64ee07e19e01950938b955831daaf6ab8f3134894ba0e19
08365.HK,sina,stock_hk_daily,qfq,ohlc_logic_error,upstream_raw_inconsistency_propagated_by_adjustment,2018-04-19,OHLC violates the inclusive daily price envelope,high_lt_close,8.1332,8.1332,8.1332,8.3027,5000.0,78cddc46-4b2a-4ebe-9065-1e54e3dff522,data/raw/stage17/equity_daily/run_id=78cddc46-4b2a-4ebe-9065-1e54e3dff522/market=HK/symbol=08365.HK/adjust=qfq/source=sina/data.parquet,02e23ed66e955a13b64ee07e19e01950938b955831daaf6ab8f3134894ba0e19
08365.HK,sina,stock_hk_daily,qfq,ohlc_logic_error,upstream_raw_inconsistency_propagated_by_adjustment,2018-05-18,OHLC violates the inclusive daily price envelope,high_lt_close,9.3193,9.3193,9.3193,9.6582,200000.0,78cddc46-4b2a-4ebe-9065-1e54e3dff522,data/raw/stage17/equity_daily/run_id=78cddc46-4b2a-4ebe-9065-1e54e3dff522/market=HK/symbol=08365.HK/adjust=qfq/source=sina/data.parquet,02e23ed66e955a13b64ee07e19e01950938b955831daaf6ab8f3134894ba0e19
08365.HK,sina,stock_hk_daily,qfq,ohlc_logic_error,upstream_raw_inconsistency_propagated_by_adjustment,2018-08-31,OHLC violates the inclusive daily price envelope,high_lt_close,8.3874,8.3874,8.3874,8.4721,10000.0,78cddc46-4b2a-4ebe-9065-1e54e3dff522,data/raw/stage17/equity_daily/run_id=78cddc46-4b2a-4ebe-9065-1e54e3dff522/market=HK/symbol=08365.HK/adjust=qfq/source=sina/data.parquet,02e23ed66e955a13b64ee07e19e01950938b955831daaf6ab8f3134894ba0e19
08365.HK,sina,stock_hk_daily,qfq,ohlc_logic_error,upstream_raw_inconsistency_propagated_by_adjustment,2018-09-05,OHLC violates the inclusive daily price envelope,high_lt_close,8.4721,8.4721,8.4721,8.811,15000.0,78cddc46-4b2a-4ebe-9065-1e54e3dff522,data/raw/stage17/equity_daily/run_id=78cddc46-4b2a-4ebe-9065-1e54e3dff522/market=HK/symbol=08365.HK/adjust=qfq/source=sina/data.parquet,02e23ed66e955a13b64ee07e19e01950938b955831daaf6ab8f3134894ba0e19
08365.HK,sina,stock_hk_daily,qfq,ohlc_logic_error,upstream_raw_inconsistency_propagated_by_adjustment,2018-11-30,OHLC violates the inclusive daily price envelope,high_lt_close,10.1665,10.1665,10.1665,10.5054,40000.0,78cddc46-4b2a-4ebe-9065-1e54e3dff522,data/raw/stage17/equity_daily/run_id=78cddc46-4b2a-4ebe-9065-1e54e3dff522/market=HK/symbol=08365.HK/adjust=qfq/source=sina/data.parquet,02e23ed66e955a13b64ee07e19e01950938b955831daaf6ab8f3134894ba0e19
08365.HK,sina,stock_hk_daily,qfq,ohlc_logic_error,upstream_raw_inconsistency_propagated_by_adjustment,2019-01-10,OHLC violates the inclusive daily price envelope,low_gt_close,9.4888,9.4888,9.4888,9.3193,10000.0,78cddc46-4b2a-4ebe-9065-1e54e3dff522,data/raw/stage17/equity_daily/run_id=78cddc46-4b2a-4ebe-9065-1e54e3dff522/market=HK/symbol=08365.HK/adjust=qfq/source=sina/data.parquet,02e23ed66e955a13b64ee07e19e01950938b955831daaf6ab8f3134894ba0e19
08365.HK,sina,stock_hk_daily,qfq,ohlc_logic_error,upstream_raw_inconsistency_propagated_by_adjustment,2019-01-29,OHLC violates the inclusive daily price envelope,high_lt_close,9.3193,9.3193,9.3193,9.6582,5000.0,78cddc46-4b2a-4ebe-9065-1e54e3dff522,data/raw/stage17/equity_daily/run_id=78cddc46-4b2a-4ebe-9065-1e54e3dff522/market=HK/symbol=08365.HK/adjust=qfq/source=sina/data.parquet,02e23ed66e955a13b64ee07e19e01950938b955831daaf6ab8f3134894ba0e19
08365.HK,sina,stock_hk_daily,qfq,ohlc_logic_error,upstream_raw_inconsistency_propagated_by_adjustment,2019-02-20,OHLC violates the inclusive daily price envelope,high_lt_close,8.9558,8.9558,8.9558,9.1314,20000.0,78cddc46-4b2a-4ebe-9065-1e54e3dff522,data/raw/stage17/equity_daily/run_id=78cddc46-4b2a-4ebe-9065-1e54e3dff522/market=HK/symbol=08365.HK/adjust=qfq/source=sina/data.parquet,02e23ed66e955a13b64ee07e19e01950938b955831daaf6ab8f3134894ba0e19
08365.HK,sina,stock_hk_daily,qfq,ohlc_logic_error,upstream_raw_inconsistency_propagated_by_adjustment,2019-05-06,OHLC violates the inclusive daily price envelope,high_lt_close,7.9022,7.9022,7.9022,8.0778,320000.0,78cddc46-4b2a-4ebe-9065-1e54e3dff522,data/raw/stage17/equity_daily/run_id=78cddc46-4b2a-4ebe-9065-1e54e3dff522/market=HK/symbol=08365.HK/adjust=qfq/source=sina/data.parquet,02e23ed66e955a13b64ee07e19e01950938b955831daaf6ab8f3134894ba0e19
08365.HK,sina,stock_hk_daily,qfq,ohlc_logic_error,upstream_raw_inconsistency_propagated_by_adjustment,2019-07-17,OHLC violates the inclusive daily price envelope,high_lt_close,7.1875,7.1875,7.1875,7.7266,5000.0,78cddc46-4b2a-4ebe-9065-1e54e3dff522,data/raw/stage17/equity_daily/run_id=78cddc46-4b2a-4ebe-9065-1e54e3dff522/market=HK/symbol=08365.HK/adjust=qfq/source=sina/data.parquet,02e23ed66e955a13b64ee07e19e01950938b955831daaf6ab8f3134894ba0e19
08365.HK,sina,stock_hk_daily,qfq,ohlc_logic_error,upstream_raw_inconsistency_propagated_by_adjustment,2019-08-27,OHLC violates the inclusive daily price envelope,low_gt_close,7.9063,7.9063,7.9063,7.3672,5000.0,78cddc46-4b2a-4ebe-9065-1e54e3dff522,data/raw/stage17/equity_daily/run_id=78cddc46-4b2a-4ebe-9065-1e54e3dff522/market=HK/symbol=08365.HK/adjust=qfq/source=sina/data.parquet,02e23ed66e955a13b64ee07e19e01950938b955831daaf6ab8f3134894ba0e19
08365.HK,sina,stock_hk_daily,qfq,ohlc_logic_error,upstream_raw_inconsistency_propagated_by_adjustment,2019-09-30,OHLC violates the inclusive daily price envelope,low_gt_close,7.0078,7.0078,7.0078,6.8281,50000.0,78cddc46-4b2a-4ebe-9065-1e54e3dff522,data/raw/stage17/equity_daily/run_id=78cddc46-4b2a-4ebe-9065-1e54e3dff522/market=HK/symbol=08365.HK/adjust=qfq/source=sina/data.parquet,02e23ed66e955a13b64ee07e19e01950938b955831daaf6ab8f3134894ba0e19
08365.HK,sina,stock_hk_daily,qfq,ohlc_logic_error,upstream_raw_inconsistency_propagated_by_adjustment,2019-11-28,OHLC violates the inclusive daily price envelope,high_lt_close,4.4922,4.4922,4.4922,4.582,65000.0,78cddc46-4b2a-4ebe-9065-1e54e3dff522,data/raw/stage17/equity_daily/run_id=78cddc46-4b2a-4ebe-9065-1e54e3dff522/market=HK/symbol=08365.HK/adjust=qfq/source=sina/data.parquet,02e23ed66e955a13b64ee07e19e01950938b955831daaf6ab8f3134894ba0e19
08365.HK,sina,stock_hk_daily,qfq,ohlc_logic_error,upstream_raw_inconsistency_propagated_by_adjustment,2020-01-29,OHLC violates the inclusive daily price envelope,high_lt_close,2.5156,2.7492,2.5156,2.875,250000.0,78cddc46-4b2a-4ebe-9065-1e54e3dff522,data/raw/stage17/equity_daily/run_id=78cddc46-4b2a-4ebe-9065-1e54e3dff522/market=HK/symbol=08365.HK/adjust=qfq/source=sina/data.parquet,02e23ed66e955a13b64ee07e19e01950938b955831daaf6ab8f3134894ba0e19
08365.HK,sina,stock_hk_daily,qfq,ohlc_logic_error,upstream_raw_inconsistency_propagated_by_adjustment,2020-02-07,OHLC violates the inclusive daily price envelope,low_gt_close,5.3906,5.3906,5.3906,5.2109,45000.0,78cddc46-4b2a-4ebe-9065-1e54e3dff522,data/raw/stage17/equity_daily/run_id=78cddc46-4b2a-4ebe-9065-1e54e3dff522/market=HK/symbol=08365.HK/adjust=qfq/source=sina/data.parquet,02e23ed66e955a13b64ee07e19e01950938b955831daaf6ab8f3134894ba0e19
08365.HK,sina,stock_hk_daily,qfq,ohlc_logic_error,upstream_raw_inconsistency_propagated_by_adjustment,2020-05-04,OHLC violates the inclusive daily price envelope,low_gt_close,6.0195,6.0195,6.0195,5.9297,10000.0,78cddc46-4b2a-4ebe-9065-1e54e3dff522,data/raw/stage17/equity_daily/run_id=78cddc46-4b2a-4ebe-9065-1e54e3dff522/market=HK/symbol=08365.HK/adjust=qfq/source=sina/data.parquet,02e23ed66e955a13b64ee07e19e01950938b955831daaf6ab8f3134894ba0e19
08365.HK,sina,stock_hk_daily,qfq,ohlc_logic_error,upstream_raw_inconsistency_propagated_by_adjustment,2020-09-30,OHLC violates the inclusive daily price envelope,high_lt_close,2.1563,2.1563,2.1563,2.1742,50000.0,78cddc46-4b2a-4ebe-9065-1e54e3dff522,data/raw/stage17/equity_daily/run_id=78cddc46-4b2a-4ebe-9065-1e54e3dff522/market=HK/symbol=08365.HK/adjust=qfq/source=sina/data.parquet,02e23ed66e955a13b64ee07e19e01950938b955831daaf6ab8f3134894ba0e19
08365.HK,sina,stock_hk_daily,qfq,ohlc_logic_error,upstream_raw_inconsistency_propagated_by_adjustment,2021-02-25,OHLC violates the inclusive daily price envelope,high_lt_close,2.1563,2.1563,2.1563,2.3359,15000.0,78cddc46-4b2a-4ebe-9065-1e54e3dff522,data/raw/stage17/equity_daily/run_id=78cddc46-4b2a-4ebe-9065-1e54e3dff522/market=HK/symbol=08365.HK/adjust=qfq/source=sina/data.parquet,02e23ed66e955a13b64ee07e19e01950938b955831daaf6ab8f3134894ba0e19
08365.HK,sina,stock_hk_daily,qfq,ohlc_logic_error,upstream_raw_inconsistency_propagated_by_adjustment,2021-03-30,OHLC violates the inclusive daily price envelope,high_lt_close,0.0,0.0,0.0,4.2945,0.0,78cddc46-4b2a-4ebe-9065-1e54e3dff522,data/raw/stage17/equity_daily/run_id=78cddc46-4b2a-4ebe-9065-1e54e3dff522/market=HK/symbol=08365.HK/adjust=qfq/source=sina/data.parquet,02e23ed66e955a13b64ee07e19e01950938b955831daaf6ab8f3134894ba0e19
08365.HK,sina,stock_hk_daily,qfq,ohlc_logic_error,upstream_raw_inconsistency_propagated_by_adjustment,2021-04-07,OHLC violates the inclusive daily price envelope,high_lt_close,0.0,0.0,0.0,2.875,0.0,78cddc46-4b2a-4ebe-9065-1e54e3dff522,data/raw/stage17/equity_daily/run_id=78cddc46-4b2a-4ebe-9065-1e54e3dff522/market=HK/symbol=08365.HK/adjust=qfq/source=sina/data.parquet,02e23ed66e955a13b64ee07e19e01950938b955831daaf6ab8f3134894ba0e19
08365.HK,sina,stock_hk_daily,qfq,ohlc_logic_error,upstream_raw_inconsistency_propagated_by_adjustment,2021-05-12,OHLC violates the inclusive daily price envelope,high_lt_close,0.0,0.0,0.0,2.9648,0.0,78cddc46-4b2a-4ebe-9065-1e54e3dff522,data/raw/stage17/equity_daily/run_id=78cddc46-4b2a-4ebe-9065-1e54e3dff522/market=HK/symbol=08365.HK/adjust=qfq/source=sina/data.parquet,02e23ed66e955a13b64ee07e19e01950938b955831daaf6ab8f3134894ba0e19
08365.HK,sina,stock_hk_daily,qfq,ohlc_logic_error,upstream_raw_inconsistency_propagated_by_adjustment,2021-06-02,OHLC violates the inclusive daily price envelope,high_lt_close,0.0,0.0,0.0,3.2344,0.0,78cddc46-4b2a-4ebe-9065-1e54e3dff522,data/raw/stage17/equity_daily/run_id=78cddc46-4b2a-4ebe-9065-1e54e3dff522/market=HK/symbol=08365.HK/adjust=qfq/source=sina/data.parquet,02e23ed66e955a13b64ee07e19e01950938b955831daaf6ab8f3134894ba0e19
08365.HK,sina,stock_hk_daily,qfq,ohlc_logic_error,upstream_raw_inconsistency_propagated_by_adjustment,2021-07-09,OHLC violates the inclusive daily price envelope,low_gt_close,8.7148,8.7148,8.7148,8.625,10000.0,78cddc46-4b2a-4ebe-9065-1e54e3dff522,data/raw/stage17/equity_daily/run_id=78cddc46-4b2a-4ebe-9065-1e54e3dff522/market=HK/symbol=08365.HK/adjust=qfq/source=sina/data.parquet,02e23ed66e955a13b64ee07e19e01950938b955831daaf6ab8f3134894ba0e19
08365.HK,sina,stock_hk_daily,qfq,ohlc_logic_error,upstream_raw_inconsistency_propagated_by_adjustment,2021-07-21,OHLC violates the inclusive daily price envelope,low_gt_close,8.9844,8.9844,8.9844,8.8945,5000.0,78cddc46-4b2a-4ebe-9065-1e54e3dff522,data/raw/stage17/equity_daily/run_id=78cddc46-4b2a-4ebe-9065-1e54e3dff522/market=HK/symbol=08365.HK/adjust=qfq/source=sina/data.parquet,02e23ed66e955a13b64ee07e19e01950938b955831daaf6ab8f3134894ba0e19
08365.HK,sina,stock_hk_daily,qfq,ohlc_logic_error,upstream_raw_inconsistency_propagated_by_adjustment,2021-07-22,OHLC violates the inclusive daily price envelope,high_lt_close,0.0,0.0,0.0,8.8945,0.0,78cddc46-4b2a-4ebe-9065-1e54e3dff522,data/raw/stage17/equity_daily/run_id=78cddc46-4b2a-4ebe-9065-1e54e3dff522/market=HK/symbol=08365.HK/adjust=qfq/source=sina/data.parquet,02e23ed66e955a13b64ee07e19e01950938b955831daaf6ab8f3134894ba0e19
08365.HK,sina,stock_hk_daily,qfq,ohlc_logic_error,upstream_raw_inconsistency_propagated_by_adjustment,2021-07-23,OHLC violates the inclusive daily price envelope,high_lt_close,0.0,0.0,0.0,8.7148,0.0,78cddc46-4b2a-4ebe-9065-1e54e3dff522,data/raw/stage17/equity_daily/run_id=78cddc46-4b2a-4ebe-9065-1e54e3dff522/market=HK/symbol=08365.HK/adjust=qfq/source=sina/data.parquet,02e23ed66e955a13b64ee07e19e01950938b955831daaf6ab8f3134894ba0e19
08365.HK,sina,stock_hk_daily,qfq,ohlc_logic_error,upstream_raw_inconsistency_propagated_by_adjustment,2021-08-11,OHLC violates the inclusive daily price envelope,high_lt_close,0.0,0.0,0.0,8.2656,0.0,78cddc46-4b2a-4ebe-9065-1e54e3dff522,data/raw/stage17/equity_daily/run_id=78cddc46-4b2a-4ebe-9065-1e54e3dff522/market=HK/symbol=08365.HK/adjust=qfq/source=sina/data.parquet,02e23ed66e955a13b64ee07e19e01950938b955831daaf6ab8f3134894ba0e19
08365.HK,sina,stock_hk_daily,qfq,ohlc_logic_error,upstream_raw_inconsistency_propagated_by_adjustment,2021-08-20,OHLC violates the inclusive daily price envelope,high_lt_close,0.0,0.0,0.0,7.9063,0.0,78cddc46-4b2a-4ebe-9065-1e54e3dff522,data/raw/stage17/equity_daily/run_id=78cddc46-4b2a-4ebe-9065-1e54e3dff522/market=HK/symbol=08365.HK/adjust=qfq/source=sina/data.parquet,02e23ed66e955a13b64ee07e19e01950938b955831daaf6ab8f3134894ba0e19
08365.HK,sina,stock_hk_daily,qfq,ohlc_logic_error,upstream_raw_inconsistency_propagated_by_adjustment,2021-09-01,OHLC violates the inclusive daily price envelope,high_lt_close,0.0,0.0,0.0,7.5469,0.0,78cddc46-4b2a-4ebe-9065-1e54e3dff522,data/raw/stage17/equity_daily/run_id=78cddc46-4b2a-4ebe-9065-1e54e3dff522/market=HK/symbol=08365.HK/adjust=qfq/source=sina/data.parquet,02e23ed66e955a13b64ee07e19e01950938b955831daaf6ab8f3134894ba0e19
08365.HK,sina,stock_hk_daily,qfq,ohlc_logic_error,upstream_raw_inconsistency_propagated_by_adjustment,2021-09-21,OHLC violates the inclusive daily price envelope,high_lt_close,0.0,0.0,0.0,6.2891,0.0,78cddc46-4b2a-4ebe-9065-1e54e3dff522,data/raw/stage17/equity_daily/run_id=78cddc46-4b2a-4ebe-9065-1e54e3dff522/market=HK/symbol=08365.HK/adjust=qfq/source=sina/data.parquet,02e23ed66e955a13b64ee07e19e01950938b955831daaf6ab8f3134894ba0e19
08365.HK,sina,stock_hk_daily,qfq,ohlc_logic_error,upstream_raw_inconsistency_propagated_by_adjustment,2021-09-27,OHLC violates the inclusive daily price envelope,high_lt_close,0.0,0.0,0.0,6.1992,0.0,78cddc46-4b2a-4ebe-9065-1e54e3dff522,data/raw/stage17/equity_daily/run_id=78cddc46-4b2a-4ebe-9065-1e54e3dff522/market=HK/symbol=08365.HK/adjust=qfq/source=sina/data.parquet,02e23ed66e955a13b64ee07e19e01950938b955831daaf6ab8f3134894ba0e19
08365.HK,sina,stock_hk_daily,qfq,ohlc_logic_error,upstream_raw_inconsistency_propagated_by_adjustment,2021-09-29,OHLC violates the inclusive daily price envelope,high_lt_close,0.0,0.0,0.0,5.9297,0.0,78cddc46-4b2a-4ebe-9065-1e54e3dff522,data/raw/stage17/equity_daily/run_id=78cddc46-4b2a-4ebe-9065-1e54e3dff522/market=HK/symbol=08365.HK/adjust=qfq/source=sina/data.parquet,02e23ed66e955a13b64ee07e19e01950938b955831daaf6ab8f3134894ba0e19
08365.HK,sina,stock_hk_daily,qfq,ohlc_logic_error,upstream_raw_inconsistency_propagated_by_adjustment,2021-10-05,OHLC violates the inclusive daily price envelope,high_lt_close,0.0,0.0,0.0,7.1875,0.0,78cddc46-4b2a-4ebe-9065-1e54e3dff522,data/raw/stage17/equity_daily/run_id=78cddc46-4b2a-4ebe-9065-1e54e3dff522/market=HK/symbol=08365.HK/adjust=qfq/source=sina/data.parquet,02e23ed66e955a13b64ee07e19e01950938b955831daaf6ab8f3134894ba0e19
08365.HK,sina,stock_hk_daily,qfq,ohlc_logic_error,upstream_raw_inconsistency_propagated_by_adjustment,2023-10-20,OHLC violates the inclusive daily price envelope,high_lt_close,0.9164,0.9164,0.9164,0.9344,220000.0,78cddc46-4b2a-4ebe-9065-1e54e3dff522,data/raw/stage17/equity_daily/run_id=78cddc46-4b2a-4ebe-9065-1e54e3dff522/market=HK/symbol=08365.HK/adjust=qfq/source=sina/data.parquet,02e23ed66e955a13b64ee07e19e01950938b955831daaf6ab8f3134894ba0e19
08365.HK,sina,stock_hk_daily,qfq,ohlc_logic_error,upstream_raw_inconsistency_propagated_by_adjustment,2023-12-22,OHLC violates the inclusive daily price envelope,high_lt_close,0.5391,0.5391,0.5391,0.557,190000.0,78cddc46-4b2a-4ebe-9065-1e54e3dff522,data/raw/stage17/equity_daily/run_id=78cddc46-4b2a-4ebe-9065-1e54e3dff522/market=HK/symbol=08365.HK/adjust=qfq/source=sina/data.parquet,02e23ed66e955a13b64ee07e19e01950938b955831daaf6ab8f3134894ba0e19
08365.HK,sina,stock_hk_daily,qfq,ohlc_logic_error,upstream_raw_inconsistency_propagated_by_adjustment,2024-01-23,OHLC violates the inclusive daily price envelope,high_lt_close,0.6684,0.6684,0.6397,0.7547,18400.0,78cddc46-4b2a-4ebe-9065-1e54e3dff522,data/raw/stage17/equity_daily/run_id=78cddc46-4b2a-4ebe-9065-1e54e3dff522/market=HK/symbol=08365.HK/adjust=qfq/source=sina/data.parquet,02e23ed66e955a13b64ee07e19e01950938b955831daaf6ab8f3134894ba0e19
08365.HK,sina,stock_hk_daily,qfq,ohlc_logic_error,upstream_raw_inconsistency_propagated_by_adjustment,2024-02-05,OHLC violates the inclusive daily price envelope,high_lt_close,0.69,0.69,0.69,0.7259,8200.0,78cddc46-4b2a-4ebe-9065-1e54e3dff522,data/raw/stage17/equity_daily/run_id=78cddc46-4b2a-4ebe-9065-1e54e3dff522/market=HK/symbol=08365.HK/adjust=qfq/source=sina/data.parquet,02e23ed66e955a13b64ee07e19e01950938b955831daaf6ab8f3134894ba0e19
08365.HK,sina,stock_hk_daily,qfq,ohlc_logic_error,upstream_raw_inconsistency_propagated_by_adjustment,2024-02-21,OHLC violates the inclusive daily price envelope,low_gt_close,0.7619,0.7619,0.7619,0.7547,5800.0,78cddc46-4b2a-4ebe-9065-1e54e3dff522,data/raw/stage17/equity_daily/run_id=78cddc46-4b2a-4ebe-9065-1e54e3dff522/market=HK/symbol=08365.HK/adjust=qfq/source=sina/data.parquet,02e23ed66e955a13b64ee07e19e01950938b955831daaf6ab8f3134894ba0e19
08365.HK,sina,stock_hk_daily,qfq,ohlc_logic_error,upstream_raw_inconsistency_propagated_by_adjustment,2024-02-28,OHLC violates the inclusive daily price envelope,high_lt_close,0.6397,0.6397,0.6181,0.6469,43000.0,78cddc46-4b2a-4ebe-9065-1e54e3dff522,data/raw/stage17/equity_daily/run_id=78cddc46-4b2a-4ebe-9065-1e54e3dff522/market=HK/symbol=08365.HK/adjust=qfq/source=sina/data.parquet,02e23ed66e955a13b64ee07e19e01950938b955831daaf6ab8f3134894ba0e19
08365.HK,sina,stock_hk_daily,qfq,ohlc_logic_error,upstream_raw_inconsistency_propagated_by_adjustment,2024-03-12,OHLC violates the inclusive daily price envelope,high_lt_close,0.5463,0.575,0.5463,0.5822,20000.0,78cddc46-4b2a-4ebe-9065-1e54e3dff522,data/raw/stage17/equity_daily/run_id=78cddc46-4b2a-4ebe-9065-1e54e3dff522/market=HK/symbol=08365.HK/adjust=qfq/source=sina/data.parquet,02e23ed66e955a13b64ee07e19e01950938b955831daaf6ab8f3134894ba0e19
08365.HK,sina,stock_hk_daily,qfq,ohlc_logic_error,upstream_raw_inconsistency_propagated_by_adjustment,2024-03-19,OHLC violates the inclusive daily price envelope,high_lt_close,0.4959,0.4959,0.4888,0.5103,23600.0,78cddc46-4b2a-4ebe-9065-1e54e3dff522,data/raw/stage17/equity_daily/run_id=78cddc46-4b2a-4ebe-9065-1e54e3dff522/market=HK/symbol=08365.HK/adjust=qfq/source=sina/data.parquet,02e23ed66e955a13b64ee07e19e01950938b955831daaf6ab8f3134894ba0e19
08365.HK,sina,stock_hk_daily,qfq,ohlc_logic_error,upstream_raw_inconsistency_propagated_by_adjustment,2024-05-03,OHLC violates the inclusive daily price envelope,low_gt_close,0.575,0.575,0.5534,0.5463,87400.0,78cddc46-4b2a-4ebe-9065-1e54e3dff522,data/raw/stage17/equity_daily/run_id=78cddc46-4b2a-4ebe-9065-1e54e3dff522/market=HK/symbol=08365.HK/adjust=qfq/source=sina/data.parquet,02e23ed66e955a13b64ee07e19e01950938b955831daaf6ab8f3134894ba0e19
08365.HK,sina,stock_hk_daily,qfq,ohlc_logic_error,upstream_raw_inconsistency_propagated_by_adjustment,2024-05-10,OHLC violates the inclusive daily price envelope,low_gt_close,0.5606,0.575,0.5606,0.5391,19800.0,78cddc46-4b2a-4ebe-9065-1e54e3dff522,data/raw/stage17/equity_daily/run_id=78cddc46-4b2a-4ebe-9065-1e54e3dff522/market=HK/symbol=08365.HK/adjust=qfq/source=sina/data.parquet,02e23ed66e955a13b64ee07e19e01950938b955831daaf6ab8f3134894ba0e19
08365.HK,sina,stock_hk_daily,qfq,ohlc_logic_error,upstream_raw_inconsistency_propagated_by_adjustment,2024-05-20,OHLC violates the inclusive daily price envelope,low_gt_close,0.5606,0.5606,0.5606,0.5463,68800.0,78cddc46-4b2a-4ebe-9065-1e54e3dff522,data/raw/stage17/equity_daily/run_id=78cddc46-4b2a-4ebe-9065-1e54e3dff522/market=HK/symbol=08365.HK/adjust=qfq/source=sina/data.parquet,02e23ed66e955a13b64ee07e19e01950938b955831daaf6ab8f3134894ba0e19
08365.HK,sina,stock_hk_daily,qfq,ohlc_logic_error,upstream_raw_inconsistency_propagated_by_adjustment,2024-07-16,OHLC violates the inclusive daily price envelope,high_lt_close,0.3163,0.3163,0.3163,0.3306,13800.0,78cddc46-4b2a-4ebe-9065-1e54e3dff522,data/raw/stage17/equity_daily/run_id=78cddc46-4b2a-4ebe-9065-1e54e3dff522/market=HK/symbol=08365.HK/adjust=qfq/source=sina/data.parquet,02e23ed66e955a13b64ee07e19e01950938b955831daaf6ab8f3134894ba0e19
08365.HK,sina,stock_hk_daily,qfq,ohlc_logic_error,upstream_raw_inconsistency_propagated_by_adjustment,2024-08-20,OHLC violates the inclusive daily price envelope,high_lt_close,0.2444,0.2444,0.2444,0.2516,5000.0,78cddc46-4b2a-4ebe-9065-1e54e3dff522,data/raw/stage17/equity_daily/run_id=78cddc46-4b2a-4ebe-9065-1e54e3dff522/market=HK/symbol=08365.HK/adjust=qfq/source=sina/data.parquet,02e23ed66e955a13b64ee07e19e01950938b955831daaf6ab8f3134894ba0e19
08365.HK,sina,stock_hk_daily,qfq,ohlc_logic_error,upstream_raw_inconsistency_propagated_by_adjustment,2024-08-30,OHLC violates the inclusive daily price envelope,high_lt_close,0.2228,0.2228,0.2228,0.2264,7000.0,78cddc46-4b2a-4ebe-9065-1e54e3dff522,data/raw/stage17/equity_daily/run_id=78cddc46-4b2a-4ebe-9065-1e54e3dff522/market=HK/symbol=08365.HK/adjust=qfq/source=sina/data.parquet,02e23ed66e955a13b64ee07e19e01950938b955831daaf6ab8f3134894ba0e19
08365.HK,sina,stock_hk_daily,qfq,ohlc_logic_error,upstream_raw_inconsistency_propagated_by_adjustment,2024-10-04,OHLC violates the inclusive daily price envelope,low_gt_close,0.3809,0.3809,0.3809,0.3666,9800.0,78cddc46-4b2a-4ebe-9065-1e54e3dff522,data/raw/stage17/equity_daily/run_id=78cddc46-4b2a-4ebe-9065-1e54e3dff522/market=HK/symbol=08365.HK/adjust=qfq/source=sina/data.parquet,02e23ed66e955a13b64ee07e19e01950938b955831daaf6ab8f3134894ba0e19
08365.HK,sina,stock_hk_daily,qfq,ohlc_logic_error,upstream_raw_inconsistency_propagated_by_adjustment,2024-10-31,OHLC violates the inclusive daily price envelope,low_gt_close,0.3738,0.3738,0.3738,0.345,21000.0,78cddc46-4b2a-4ebe-9065-1e54e3dff522,data/raw/stage17/equity_daily/run_id=78cddc46-4b2a-4ebe-9065-1e54e3dff522/market=HK/symbol=08365.HK/adjust=qfq/source=sina/data.parquet,02e23ed66e955a13b64ee07e19e01950938b955831daaf6ab8f3134894ba0e19
08365.HK,sina,stock_hk_daily,qfq,ohlc_logic_error,upstream_raw_inconsistency_propagated_by_adjustment,2024-11-01,OHLC violates the inclusive daily price envelope,high_lt_close,0.3306,0.3306,0.3306,0.345,5400.0,78cddc46-4b2a-4ebe-9065-1e54e3dff522,data/raw/stage17/equity_daily/run_id=78cddc46-4b2a-4ebe-9065-1e54e3dff522/market=HK/symbol=08365.HK/adjust=qfq/source=sina/data.parquet,02e23ed66e955a13b64ee07e19e01950938b955831daaf6ab8f3134894ba0e19
08365.HK,sina,stock_hk_daily,qfq,ohlc_logic_error,upstream_raw_inconsistency_propagated_by_adjustment,2024-12-18,OHLC violates the inclusive daily price envelope,high_lt_close,0.2659,0.2659,0.2659,0.2911,5200.0,78cddc46-4b2a-4ebe-9065-1e54e3dff522,data/raw/stage17/equity_daily/run_id=78cddc46-4b2a-4ebe-9065-1e54e3dff522/market=HK/symbol=08365.HK/adjust=qfq/source=sina/data.parquet,02e23ed66e955a13b64ee07e19e01950938b955831daaf6ab8f3134894ba0e19
08365.HK,sina,stock_hk_daily,qfq,ohlc_logic_error,upstream_raw_inconsistency_propagated_by_adjustment,2025-01-23,OHLC violates the inclusive daily price envelope,high_lt_close,0.2156,0.2156,0.2156,0.2228,60000.0,78cddc46-4b2a-4ebe-9065-1e54e3dff522,data/raw/stage17/equity_daily/run_id=78cddc46-4b2a-4ebe-9065-1e54e3dff522/market=HK/symbol=08365.HK/adjust=qfq/source=sina/data.parquet,02e23ed66e955a13b64ee07e19e01950938b955831daaf6ab8f3134894ba0e19
08365.HK,sina,stock_hk_daily,qfq,ohlc_logic_error,upstream_raw_inconsistency_propagated_by_adjustment,2025-04-08,OHLC violates the inclusive daily price envelope,high_lt_close,0.27,0.27,0.27,0.28,28400.0,78cddc46-4b2a-4ebe-9065-1e54e3dff522,data/raw/stage17/equity_daily/run_id=78cddc46-4b2a-4ebe-9065-1e54e3dff522/market=HK/symbol=08365.HK/adjust=qfq/source=sina/data.parquet,02e23ed66e955a13b64ee07e19e01950938b955831daaf6ab8f3134894ba0e19
08365.HK,sina,stock_hk_daily,qfq,ohlc_logic_error,upstream_raw_inconsistency_propagated_by_adjustment,2025-05-13,OHLC violates the inclusive daily price envelope,high_lt_close,0.325,0.325,0.325,0.33,10000.0,78cddc46-4b2a-4ebe-9065-1e54e3dff522,data/raw/stage17/equity_daily/run_id=78cddc46-4b2a-4ebe-9065-1e54e3dff522/market=HK/symbol=08365.HK/adjust=qfq/source=sina/data.parquet,02e23ed66e955a13b64ee07e19e01950938b955831daaf6ab8f3134894ba0e19
08365.HK,sina,stock_hk_daily,qfq,ohlc_logic_error,upstream_raw_inconsistency_propagated_by_adjustment,2025-07-11,OHLC violates the inclusive daily price envelope,high_lt_close,0.26,0.26,0.26,0.265,398200.0,78cddc46-4b2a-4ebe-9065-1e54e3dff522,data/raw/stage17/equity_daily/run_id=78cddc46-4b2a-4ebe-9065-1e54e3dff522/market=HK/symbol=08365.HK/adjust=qfq/source=sina/data.parquet,02e23ed66e955a13b64ee07e19e01950938b955831daaf6ab8f3134894ba0e19
08365.HK,sina,stock_hk_daily,qfq,ohlc_logic_error,upstream_raw_inconsistency_propagated_by_adjustment,2025-07-16,OHLC violates the inclusive daily price envelope,high_lt_close,0.255,0.255,0.25,0.26,80000.0,78cddc46-4b2a-4ebe-9065-1e54e3dff522,data/raw/stage17/equity_daily/run_id=78cddc46-4b2a-4ebe-9065-1e54e3dff522/market=HK/symbol=08365.HK/adjust=qfq/source=sina/data.parquet,02e23ed66e955a13b64ee07e19e01950938b955831daaf6ab8f3134894ba0e19
08365.HK,sina,stock_hk_daily,qfq,ohlc_logic_error,upstream_raw_inconsistency_propagated_by_adjustment,2026-06-15,OHLC violates the inclusive daily price envelope,low_gt_close,1.19,1.19,1.13,1.12,381400.0,78cddc46-4b2a-4ebe-9065-1e54e3dff522,data/raw/stage17/equity_daily/run_id=78cddc46-4b2a-4ebe-9065-1e54e3dff522/market=HK/symbol=08365.HK/adjust=qfq/source=sina/data.parquet,02e23ed66e955a13b64ee07e19e01950938b955831daaf6ab8f3134894ba0e19
08365.HK,sina,stock_hk_daily,hfq,ohlc_logic_error,upstream_raw_inconsistency_propagated_by_adjustment,2017-09-27,OHLC violates the inclusive daily price envelope,low_gt_close,0.38,0.38,0.38,0.375,120000.0,78cddc46-4b2a-4ebe-9065-1e54e3dff522,data/raw/stage17/equity_daily/run_id=78cddc46-4b2a-4ebe-9065-1e54e3dff522/market=HK/symbol=08365.HK/adjust=hfq/source=sina/data.parquet,38bffd628f1ea0b590fd51c84dfb77369b742c34ca5fb371e253d9f4887e6de7
08365.HK,sina,stock_hk_daily,hfq,ohlc_logic_error,upstream_raw_inconsistency_propagated_by_adjustment,2017-10-12,OHLC violates the inclusive daily price envelope,high_lt_close,0.36,0.36,0.355,0.365,260000.0,78cddc46-4b2a-4ebe-9065-1e54e3dff522,data/raw/stage17/equity_daily/run_id=78cddc46-4b2a-4ebe-9065-1e54e3dff522/market=HK/symbol=08365.HK/adjust=hfq/source=sina/data.parquet,38bffd628f1ea0b590fd51c84dfb77369b742c34ca5fb371e253d9f4887e6de7
08365.HK,sina,stock_hk_daily,hfq,ohlc_logic_error,upstream_raw_inconsistency_propagated_by_adjustment,2017-11-10,OHLC violates the inclusive daily price envelope,high_lt_close,0.365,0.37,0.365,0.375,40000.0,78cddc46-4b2a-4ebe-9065-1e54e3dff522,data/raw/stage17/equity_daily/run_id=78cddc46-4b2a-4ebe-9065-1e54e3dff522/market=HK/symbol=08365.HK/adjust=hfq/source=sina/data.parquet,38bffd628f1ea0b590fd51c84dfb77369b742c34ca5fb371e253d9f4887e6de7
08365.HK,sina,stock_hk_daily,hfq,ohlc_logic_error,upstream_raw_inconsistency_propagated_by_adjustment,2017-12-06,OHLC violates the inclusive daily price envelope,high_lt_close,0.37,0.37,0.365,0.385,20000.0,78cddc46-4b2a-4ebe-9065-1e54e3dff522,data/raw/stage17/equity_daily/run_id=78cddc46-4b2a-4ebe-9065-1e54e3dff522/market=HK/symbol=08365.HK/adjust=hfq/source=sina/data.parquet,38bffd628f1ea0b590fd51c84dfb77369b742c34ca5fb371e253d9f4887e6de7
08365.HK,sina,stock_hk_daily,hfq,ohlc_logic_error,upstream_raw_inconsistency_propagated_by_adjustment,2018-01-31,OHLC violates the inclusive daily price envelope,low_gt_close,0.46,0.46,0.46,0.45,100000.0,78cddc46-4b2a-4ebe-9065-1e54e3dff522,data/raw/stage17/equity_daily/run_id=78cddc46-4b2a-4ebe-9065-1e54e3dff522/market=HK/symbol=08365.HK/adjust=hfq/source=sina/data.parquet,38bffd628f1ea0b590fd51c84dfb77369b742c34ca5fb371e253d9f4887e6de7
08365.HK,sina,stock_hk_daily,hfq,ohlc_logic_error,upstream_raw_inconsistency_propagated_by_adjustment,2018-03-22,OHLC violates the inclusive daily price envelope,high_lt_close,0.52,0.52,0.52,0.53,20000.0,78cddc46-4b2a-4ebe-9065-1e54e3dff522,data/raw/stage17/equity_daily/run_id=78cddc46-4b2a-4ebe-9065-1e54e3dff522/market=HK/symbol=08365.HK/adjust=hfq/source=sina/data.parquet,38bffd628f1ea0b590fd51c84dfb77369b742c34ca5fb371e253d9f4887e6de7
08365.HK,sina,stock_hk_daily,hfq,ohlc_logic_error,upstream_raw_inconsistency_propagated_by_adjustment,2018-04-19,OHLC violates the inclusive daily price envelope,high_lt_close,0.5,0.5,0.5,0.51,5000.0,78cddc46-4b2a-4ebe-9065-1e54e3dff522,data/raw/stage17/equity_daily/run_id=78cddc46-4b2a-4ebe-9065-1e54e3dff522/market=HK/symbol=08365.HK/adjust=hfq/source=sina/data.parquet,38bffd628f1ea0b590fd51c84dfb77369b742c34ca5fb371e253d9f4887e6de7
08365.HK,sina,stock_hk_daily,hfq,ohlc_logic_error,upstream_raw_inconsistency_propagated_by_adjustment,2018-05-18,OHLC violates the inclusive daily price envelope,high_lt_close,0.57,0.57,0.57,0.59,200000.0,78cddc46-4b2a-4ebe-9065-1e54e3dff522,data/raw/stage17/equity_daily/run_id=78cddc46-4b2a-4ebe-9065-1e54e3dff522/market=HK/symbol=08365.HK/adjust=hfq/source=sina/data.parquet,38bffd628f1ea0b590fd51c84dfb77369b742c34ca5fb371e253d9f4887e6de7
08365.HK,sina,stock_hk_daily,hfq,ohlc_logic_error,upstream_raw_inconsistency_propagated_by_adjustment,2018-08-31,OHLC violates the inclusive daily price envelope,high_lt_close,0.515,0.515,0.515,0.52,10000.0,78cddc46-4b2a-4ebe-9065-1e54e3dff522,data/raw/stage17/equity_daily/run_id=78cddc46-4b2a-4ebe-9065-1e54e3dff522/market=HK/symbol=08365.HK/adjust=hfq/source=sina/data.parquet,38bffd628f1ea0b590fd51c84dfb77369b742c34ca5fb371e253d9f4887e6de7
08365.HK,sina,stock_hk_daily,hfq,ohlc_logic_error,upstream_raw_inconsistency_propagated_by_adjustment,2018-09-05,OHLC violates the inclusive daily price envelope,high_lt_close,0.52,0.52,0.52,0.54,15000.0,78cddc46-4b2a-4ebe-9065-1e54e3dff522,data/raw/stage17/equity_daily/run_id=78cddc46-4b2a-4ebe-9065-1e54e3dff522/market=HK/symbol=08365.HK/adjust=hfq/source=sina/data.parquet,38bffd628f1ea0b590fd51c84dfb77369b742c34ca5fb371e253d9f4887e6de7
08365.HK,sina,stock_hk_daily,hfq,ohlc_logic_error,upstream_raw_inconsistency_propagated_by_adjustment,2018-11-30,OHLC violates the inclusive daily price envelope,high_lt_close,0.62,0.62,0.62,0.64,40000.0,78cddc46-4b2a-4ebe-9065-1e54e3dff522,data/raw/stage17/equity_daily/run_id=78cddc46-4b2a-4ebe-9065-1e54e3dff522/market=HK/symbol=08365.HK/adjust=hfq/source=sina/data.parquet,38bffd628f1ea0b590fd51c84dfb77369b742c34ca5fb371e253d9f4887e6de7
08365.HK,sina,stock_hk_daily,hfq,ohlc_logic_error,upstream_raw_inconsistency_propagated_by_adjustment,2019-01-10,OHLC violates the inclusive daily price envelope,low_gt_close,0.58,0.58,0.58,0.57,10000.0,78cddc46-4b2a-4ebe-9065-1e54e3dff522,data/raw/stage17/equity_daily/run_id=78cddc46-4b2a-4ebe-9065-1e54e3dff522/market=HK/symbol=08365.HK/adjust=hfq/source=sina/data.parquet,38bffd628f1ea0b590fd51c84dfb77369b742c34ca5fb371e253d9f4887e6de7
08365.HK,sina,stock_hk_daily,hfq,ohlc_logic_error,upstream_raw_inconsistency_propagated_by_adjustment,2019-01-29,OHLC violates the inclusive daily price envelope,high_lt_close,0.57,0.57,0.57,0.59,5000.0,78cddc46-4b2a-4ebe-9065-1e54e3dff522,data/raw/stage17/equity_daily/run_id=78cddc46-4b2a-4ebe-9065-1e54e3dff522/market=HK/symbol=08365.HK/adjust=hfq/source=sina/data.parquet,38bffd628f1ea0b590fd51c84dfb77369b742c34ca5fb371e253d9f4887e6de7
08365.HK,sina,stock_hk_daily,hfq,ohlc_logic_error,upstream_raw_inconsistency_propagated_by_adjustment,2019-02-20,OHLC violates the inclusive daily price envelope,high_lt_close,0.55,0.55,0.55,0.56,20000.0,78cddc46-4b2a-4ebe-9065-1e54e3dff522,data/raw/stage17/equity_daily/run_id=78cddc46-4b2a-4ebe-9065-1e54e3dff522/market=HK/symbol=08365.HK/adjust=hfq/source=sina/data.parquet,38bffd628f1ea0b590fd51c84dfb77369b742c34ca5fb371e253d9f4887e6de7
08365.HK,sina,stock_hk_daily,hfq,ohlc_logic_error,upstream_raw_inconsistency_propagated_by_adjustment,2019-05-06,OHLC violates the inclusive daily price envelope,high_lt_close,0.49,0.49,0.49,0.5,320000.0,78cddc46-4b2a-4ebe-9065-1e54e3dff522,data/raw/stage17/equity_daily/run_id=78cddc46-4b2a-4ebe-9065-1e54e3dff522/market=HK/symbol=08365.HK/adjust=hfq/source=sina/data.parquet,38bffd628f1ea0b590fd51c84dfb77369b742c34ca5fb371e253d9f4887e6de7
08365.HK,sina,stock_hk_daily,hfq,ohlc_logic_error,upstream_raw_inconsistency_propagated_by_adjustment,2019-07-17,OHLC violates the inclusive daily price envelope,high_lt_close,0.45,0.45,0.45,0.48,5000.0,78cddc46-4b2a-4ebe-9065-1e54e3dff522,data/raw/stage17/equity_daily/run_id=78cddc46-4b2a-4ebe-9065-1e54e3dff522/market=HK/symbol=08365.HK/adjust=hfq/source=sina/data.parquet,38bffd628f1ea0b590fd51c84dfb77369b742c34ca5fb371e253d9f4887e6de7
08365.HK,sina,stock_hk_daily,hfq,ohlc_logic_error,upstream_raw_inconsistency_propagated_by_adjustment,2019-08-27,OHLC violates the inclusive daily price envelope,low_gt_close,0.49,0.49,0.49,0.46,5000.0,78cddc46-4b2a-4ebe-9065-1e54e3dff522,data/raw/stage17/equity_daily/run_id=78cddc46-4b2a-4ebe-9065-1e54e3dff522/market=HK/symbol=08365.HK/adjust=hfq/source=sina/data.parquet,38bffd628f1ea0b590fd51c84dfb77369b742c34ca5fb371e253d9f4887e6de7
08365.HK,sina,stock_hk_daily,hfq,ohlc_logic_error,upstream_raw_inconsistency_propagated_by_adjustment,2019-09-30,OHLC violates the inclusive daily price envelope,low_gt_close,0.44,0.44,0.44,0.43,50000.0,78cddc46-4b2a-4ebe-9065-1e54e3dff522,data/raw/stage17/equity_daily/run_id=78cddc46-4b2a-4ebe-9065-1e54e3dff522/market=HK/symbol=08365.HK/adjust=hfq/source=sina/data.parquet,38bffd628f1ea0b590fd51c84dfb77369b742c34ca5fb371e253d9f4887e6de7
08365.HK,sina,stock_hk_daily,hfq,ohlc_logic_error,upstream_raw_inconsistency_propagated_by_adjustment,2019-11-28,OHLC violates the inclusive daily price envelope,high_lt_close,0.3,0.3,0.3,0.305,65000.0,78cddc46-4b2a-4ebe-9065-1e54e3dff522,data/raw/stage17/equity_daily/run_id=78cddc46-4b2a-4ebe-9065-1e54e3dff522/market=HK/symbol=08365.HK/adjust=hfq/source=sina/data.parquet,38bffd628f1ea0b590fd51c84dfb77369b742c34ca5fb371e253d9f4887e6de7
08365.HK,sina,stock_hk_daily,hfq,ohlc_logic_error,upstream_raw_inconsistency_propagated_by_adjustment,2020-01-29,OHLC violates the inclusive daily price envelope,high_lt_close,0.19,0.203,0.19,0.21,250000.0,78cddc46-4b2a-4ebe-9065-1e54e3dff522,data/raw/stage17/equity_daily/run_id=78cddc46-4b2a-4ebe-9065-1e54e3dff522/market=HK/symbol=08365.HK/adjust=hfq/source=sina/data.parquet,38bffd628f1ea0b590fd51c84dfb77369b742c34ca5fb371e253d9f4887e6de7
08365.HK,sina,stock_hk_daily,hfq,ohlc_logic_error,upstream_raw_inconsistency_propagated_by_adjustment,2020-02-07,OHLC violates the inclusive daily price envelope,low_gt_close,0.35,0.35,0.35,0.34,45000.0,78cddc46-4b2a-4ebe-9065-1e54e3dff522,data/raw/stage17/equity_daily/run_id=78cddc46-4b2a-4ebe-9065-1e54e3dff522/market=HK/symbol=08365.HK/adjust=hfq/source=sina/data.parquet,38bffd628f1ea0b590fd51c84dfb77369b742c34ca5fb371e253d9f4887e6de7
08365.HK,sina,stock_hk_daily,hfq,ohlc_logic_error,upstream_raw_inconsistency_propagated_by_adjustment,2020-05-04,OHLC violates the inclusive daily price envelope,low_gt_close,0.385,0.385,0.385,0.38,10000.0,78cddc46-4b2a-4ebe-9065-1e54e3dff522,data/raw/stage17/equity_daily/run_id=78cddc46-4b2a-4ebe-9065-1e54e3dff522/market=HK/symbol=08365.HK/adjust=hfq/source=sina/data.parquet,38bffd628f1ea0b590fd51c84dfb77369b742c34ca5fb371e253d9f4887e6de7
08365.HK,sina,stock_hk_daily,hfq,ohlc_logic_error,upstream_raw_inconsistency_propagated_by_adjustment,2020-09-30,OHLC violates the inclusive daily price envelope,high_lt_close,0.17,0.17,0.17,0.171,50000.0,78cddc46-4b2a-4ebe-9065-1e54e3dff522,data/raw/stage17/equity_daily/run_id=78cddc46-4b2a-4ebe-9065-1e54e3dff522/market=HK/symbol=08365.HK/adjust=hfq/source=sina/data.parquet,38bffd628f1ea0b590fd51c84dfb77369b742c34ca5fb371e253d9f4887e6de7
08365.HK,sina,stock_hk_daily,hfq,ohlc_logic_error,upstream_raw_inconsistency_propagated_by_adjustment,2021-02-25,OHLC violates the inclusive daily price envelope,high_lt_close,0.17,0.17,0.17,0.18,15000.0,78cddc46-4b2a-4ebe-9065-1e54e3dff522,data/raw/stage17/equity_daily/run_id=78cddc46-4b2a-4ebe-9065-1e54e3dff522/market=HK/symbol=08365.HK/adjust=hfq/source=sina/data.parquet,38bffd628f1ea0b590fd51c84dfb77369b742c34ca5fb371e253d9f4887e6de7
08365.HK,sina,stock_hk_daily,hfq,ohlc_logic_error,upstream_raw_inconsistency_propagated_by_adjustment,2021-03-30,OHLC violates the inclusive daily price envelope,high_lt_close,0.05,0.05,0.05,0.289,0.0,78cddc46-4b2a-4ebe-9065-1e54e3dff522,data/raw/stage17/equity_daily/run_id=78cddc46-4b2a-4ebe-9065-1e54e3dff522/market=HK/symbol=08365.HK/adjust=hfq/source=sina/data.parquet,38bffd628f1ea0b590fd51c84dfb77369b742c34ca5fb371e253d9f4887e6de7
08365.HK,sina,stock_hk_daily,hfq,ohlc_logic_error,upstream_raw_inconsistency_propagated_by_adjustment,2021-04-07,OHLC violates the inclusive daily price envelope,high_lt_close,0.05,0.05,0.05,0.21,0.0,78cddc46-4b2a-4ebe-9065-1e54e3dff522,data/raw/stage17/equity_daily/run_id=78cddc46-4b2a-4ebe-9065-1e54e3dff522/market=HK/symbol=08365.HK/adjust=hfq/source=sina/data.parquet,38bffd628f1ea0b590fd51c84dfb77369b742c34ca5fb371e253d9f4887e6de7
08365.HK,sina,stock_hk_daily,hfq,ohlc_logic_error,upstream_raw_inconsistency_propagated_by_adjustment,2021-05-12,OHLC violates the inclusive daily price envelope,high_lt_close,0.05,0.05,0.05,0.215,0.0,78cddc46-4b2a-4ebe-9065-1e54e3dff522,data/raw/stage17/equity_daily/run_id=78cddc46-4b2a-4ebe-9065-1e54e3dff522/market=HK/symbol=08365.HK/adjust=hfq/source=sina/data.parquet,38bffd628f1ea0b590fd51c84dfb77369b742c34ca5fb371e253d9f4887e6de7
08365.HK,sina,stock_hk_daily,hfq,ohlc_logic_error,upstream_raw_inconsistency_propagated_by_adjustment,2021-06-02,OHLC violates the inclusive daily price envelope,high_lt_close,0.05,0.05,0.05,0.23,0.0,78cddc46-4b2a-4ebe-9065-1e54e3dff522,data/raw/stage17/equity_daily/run_id=78cddc46-4b2a-4ebe-9065-1e54e3dff522/market=HK/symbol=08365.HK/adjust=hfq/source=sina/data.parquet,38bffd628f1ea0b590fd51c84dfb77369b742c34ca5fb371e253d9f4887e6de7
08365.HK,sina,stock_hk_daily,hfq,ohlc_logic_error,upstream_raw_inconsistency_propagated_by_adjustment,2021-07-09,OHLC violates the inclusive daily price envelope,low_gt_close,0.535,0.535,0.535,0.53,10000.0,78cddc46-4b2a-4ebe-9065-1e54e3dff522,data/raw/stage17/equity_daily/run_id=78cddc46-4b2a-4ebe-9065-1e54e3dff522/market=HK/symbol=08365.HK/adjust=hfq/source=sina/data.parquet,38bffd628f1ea0b590fd51c84dfb77369b742c34ca5fb371e253d9f4887e6de7
08365.HK,sina,stock_hk_daily,hfq,ohlc_logic_error,upstream_raw_inconsistency_propagated_by_adjustment,2021-07-21,OHLC violates the inclusive daily price envelope,low_gt_close,0.55,0.55,0.55,0.545,5000.0,78cddc46-4b2a-4ebe-9065-1e54e3dff522,data/raw/stage17/equity_daily/run_id=78cddc46-4b2a-4ebe-9065-1e54e3dff522/market=HK/symbol=08365.HK/adjust=hfq/source=sina/data.parquet,38bffd628f1ea0b590fd51c84dfb77369b742c34ca5fb371e253d9f4887e6de7
08365.HK,sina,stock_hk_daily,hfq,ohlc_logic_error,upstream_raw_inconsistency_propagated_by_adjustment,2021-07-22,OHLC violates the inclusive daily price envelope,high_lt_close,0.05,0.05,0.05,0.545,0.0,78cddc46-4b2a-4ebe-9065-1e54e3dff522,data/raw/stage17/equity_daily/run_id=78cddc46-4b2a-4ebe-9065-1e54e3dff522/market=HK/symbol=08365.HK/adjust=hfq/source=sina/data.parquet,38bffd628f1ea0b590fd51c84dfb77369b742c34ca5fb371e253d9f4887e6de7
08365.HK,sina,stock_hk_daily,hfq,ohlc_logic_error,upstream_raw_inconsistency_propagated_by_adjustment,2021-07-23,OHLC violates the inclusive daily price envelope,high_lt_close,0.05,0.05,0.05,0.535,0.0,78cddc46-4b2a-4ebe-9065-1e54e3dff522,data/raw/stage17/equity_daily/run_id=78cddc46-4b2a-4ebe-9065-1e54e3dff522/market=HK/symbol=08365.HK/adjust=hfq/source=sina/data.parquet,38bffd628f1ea0b590fd51c84dfb77369b742c34ca5fb371e253d9f4887e6de7
08365.HK,sina,stock_hk_daily,hfq,ohlc_logic_error,upstream_raw_inconsistency_propagated_by_adjustment,2021-08-11,OHLC violates the inclusive daily price envelope,high_lt_close,0.05,0.05,0.05,0.51,0.0,78cddc46-4b2a-4ebe-9065-1e54e3dff522,data/raw/stage17/equity_daily/run_id=78cddc46-4b2a-4ebe-9065-1e54e3dff522/market=HK/symbol=08365.HK/adjust=hfq/source=sina/data.parquet,38bffd628f1ea0b590fd51c84dfb77369b742c34ca5fb371e253d9f4887e6de7
08365.HK,sina,stock_hk_daily,hfq,ohlc_logic_error,upstream_raw_inconsistency_propagated_by_adjustment,2021-08-20,OHLC violates the inclusive daily price envelope,high_lt_close,0.05,0.05,0.05,0.49,0.0,78cddc46-4b2a-4ebe-9065-1e54e3dff522,data/raw/stage17/equity_daily/run_id=78cddc46-4b2a-4ebe-9065-1e54e3dff522/market=HK/symbol=08365.HK/adjust=hfq/source=sina/data.parquet,38bffd628f1ea0b590fd51c84dfb77369b742c34ca5fb371e253d9f4887e6de7
08365.HK,sina,stock_hk_daily,hfq,ohlc_logic_error,upstream_raw_inconsistency_propagated_by_adjustment,2021-09-01,OHLC violates the inclusive daily price envelope,high_lt_close,0.05,0.05,0.05,0.47,0.0,78cddc46-4b2a-4ebe-9065-1e54e3dff522,data/raw/stage17/equity_daily/run_id=78cddc46-4b2a-4ebe-9065-1e54e3dff522/market=HK/symbol=08365.HK/adjust=hfq/source=sina/data.parquet,38bffd628f1ea0b590fd51c84dfb77369b742c34ca5fb371e253d9f4887e6de7
08365.HK,sina,stock_hk_daily,hfq,ohlc_logic_error,upstream_raw_inconsistency_propagated_by_adjustment,2021-09-21,OHLC violates the inclusive daily price envelope,high_lt_close,0.05,0.05,0.05,0.4,0.0,78cddc46-4b2a-4ebe-9065-1e54e3dff522,data/raw/stage17/equity_daily/run_id=78cddc46-4b2a-4ebe-9065-1e54e3dff522/market=HK/symbol=08365.HK/adjust=hfq/source=sina/data.parquet,38bffd628f1ea0b590fd51c84dfb77369b742c34ca5fb371e253d9f4887e6de7
08365.HK,sina,stock_hk_daily,hfq,ohlc_logic_error,upstream_raw_inconsistency_propagated_by_adjustment,2021-09-27,OHLC violates the inclusive daily price envelope,high_lt_close,0.05,0.05,0.05,0.395,0.0,78cddc46-4b2a-4ebe-9065-1e54e3dff522,data/raw/stage17/equity_daily/run_id=78cddc46-4b2a-4ebe-9065-1e54e3dff522/market=HK/symbol=08365.HK/adjust=hfq/source=sina/data.parquet,38bffd628f1ea0b590fd51c84dfb77369b742c34ca5fb371e253d9f4887e6de7
08365.HK,sina,stock_hk_daily,hfq,ohlc_logic_error,upstream_raw_inconsistency_propagated_by_adjustment,2021-09-29,OHLC violates the inclusive daily price envelope,high_lt_close,0.05,0.05,0.05,0.38,0.0,78cddc46-4b2a-4ebe-9065-1e54e3dff522,data/raw/stage17/equity_daily/run_id=78cddc46-4b2a-4ebe-9065-1e54e3dff522/market=HK/symbol=08365.HK/adjust=hfq/source=sina/data.parquet,38bffd628f1ea0b590fd51c84dfb77369b742c34ca5fb371e253d9f4887e6de7
08365.HK,sina,stock_hk_daily,hfq,ohlc_logic_error,upstream_raw_inconsistency_propagated_by_adjustment,2021-10-05,OHLC violates the inclusive daily price envelope,high_lt_close,0.05,0.05,0.05,0.45,0.0,78cddc46-4b2a-4ebe-9065-1e54e3dff522,data/raw/stage17/equity_daily/run_id=78cddc46-4b2a-4ebe-9065-1e54e3dff522/market=HK/symbol=08365.HK/adjust=hfq/source=sina/data.parquet,38bffd628f1ea0b590fd51c84dfb77369b742c34ca5fb371e253d9f4887e6de7
08365.HK,sina,stock_hk_daily,hfq,ohlc_logic_error,upstream_raw_inconsistency_propagated_by_adjustment,2023-10-20,OHLC violates the inclusive daily price envelope,high_lt_close,0.101,0.101,0.101,0.102,220000.0,78cddc46-4b2a-4ebe-9065-1e54e3dff522,data/raw/stage17/equity_daily/run_id=78cddc46-4b2a-4ebe-9065-1e54e3dff522/market=HK/symbol=08365.HK/adjust=hfq/source=sina/data.parquet,38bffd628f1ea0b590fd51c84dfb77369b742c34ca5fb371e253d9f4887e6de7
08365.HK,sina,stock_hk_daily,hfq,ohlc_logic_error,upstream_raw_inconsistency_propagated_by_adjustment,2023-12-22,OHLC violates the inclusive daily price envelope,high_lt_close,0.08,0.08,0.08,0.081,190000.0,78cddc46-4b2a-4ebe-9065-1e54e3dff522,data/raw/stage17/equity_daily/run_id=78cddc46-4b2a-4ebe-9065-1e54e3dff522/market=HK/symbol=08365.HK/adjust=hfq/source=sina/data.parquet,38bffd628f1ea0b590fd51c84dfb77369b742c34ca5fb371e253d9f4887e6de7
08365.HK,sina,stock_hk_daily,hfq,ohlc_logic_error,upstream_raw_inconsistency_propagated_by_adjustment,2024-01-23,OHLC violates the inclusive daily price envelope,high_lt_close,0.0872,0.0872,0.0856,0.092,18400.0,78cddc46-4b2a-4ebe-9065-1e54e3dff522,data/raw/stage17/equity_daily/run_id=78cddc46-4b2a-4ebe-9065-1e54e3dff522/market=HK/symbol=08365.HK/adjust=hfq/source=sina/data.parquet,38bffd628f1ea0b590fd51c84dfb77369b742c34ca5fb371e253d9f4887e6de7
08365.HK,sina,stock_hk_daily,hfq,ohlc_logic_error,upstream_raw_inconsistency_propagated_by_adjustment,2024-02-05,OHLC violates the inclusive daily price envelope,high_lt_close,0.0884,0.0884,0.0884,0.0904,8200.0,78cddc46-4b2a-4ebe-9065-1e54e3dff522,data/raw/stage17/equity_daily/run_id=78cddc46-4b2a-4ebe-9065-1e54e3dff522/market=HK/symbol=08365.HK/adjust=hfq/source=sina/data.parquet,38bffd628f1ea0b590fd51c84dfb77369b742c34ca5fb371e253d9f4887e6de7
08365.HK,sina,stock_hk_daily,hfq,ohlc_logic_error,upstream_raw_inconsistency_propagated_by_adjustment,2024-02-21,OHLC violates the inclusive daily price envelope,low_gt_close,0.0924,0.0924,0.0924,0.092,5800.0,78cddc46-4b2a-4ebe-9065-1e54e3dff522,data/raw/stage17/equity_daily/run_id=78cddc46-4b2a-4ebe-9065-1e54e3dff522/market=HK/symbol=08365.HK/adjust=hfq/source=sina/data.parquet,38bffd628f1ea0b590fd51c84dfb77369b742c34ca5fb371e253d9f4887e6de7
08365.HK,sina,stock_hk_daily,hfq,ohlc_logic_error,upstream_raw_inconsistency_propagated_by_adjustment,2024-02-28,OHLC violates the inclusive daily price envelope,high_lt_close,0.0856,0.0856,0.0844,0.086,43000.0,78cddc46-4b2a-4ebe-9065-1e54e3dff522,data/raw/stage17/equity_daily/run_id=78cddc46-4b2a-4ebe-9065-1e54e3dff522/market=HK/symbol=08365.HK/adjust=hfq/source=sina/data.parquet,38bffd628f1ea0b590fd51c84dfb77369b742c34ca5fb371e253d9f4887e6de7
08365.HK,sina,stock_hk_daily,hfq,ohlc_logic_error,upstream_raw_inconsistency_propagated_by_adjustment,2024-03-12,OHLC violates the inclusive daily price envelope,high_lt_close,0.0804,0.082,0.0804,0.0824,20000.0,78cddc46-4b2a-4ebe-9065-1e54e3dff522,data/raw/stage17/equity_daily/run_id=78cddc46-4b2a-4ebe-9065-1e54e3dff522/market=HK/symbol=08365.HK/adjust=hfq/source=sina/data.parquet,38bffd628f1ea0b590fd51c84dfb77369b742c34ca5fb371e253d9f4887e6de7
08365.HK,sina,stock_hk_daily,hfq,ohlc_logic_error,upstream_raw_inconsistency_propagated_by_adjustment,2024-03-19,OHLC violates the inclusive daily price envelope,high_lt_close,0.0776,0.0776,0.0772,0.0784,23600.0,78cddc46-4b2a-4ebe-9065-1e54e3dff522,data/raw/stage17/equity_daily/run_id=78cddc46-4b2a-4ebe-9065-1e54e3dff522/market=HK/symbol=08365.HK/adjust=hfq/source=sina/data.parquet,38bffd628f1ea0b590fd51c84dfb77369b742c34ca5fb371e253d9f4887e6de7
08365.HK,sina,stock_hk_daily,hfq,ohlc_logic_error,upstream_raw_inconsistency_propagated_by_adjustment,2024-05-03,OHLC violates the inclusive daily price envelope,low_gt_close,0.082,0.082,0.0808,0.0804,87400.0,78cddc46-4b2a-4ebe-9065-1e54e3dff522,data/raw/stage17/equity_daily/run_id=78cddc46-4b2a-4ebe-9065-1e54e3dff522/market=HK/symbol=08365.HK/adjust=hfq/source=sina/data.parquet,38bffd628f1ea0b590fd51c84dfb77369b742c34ca5fb371e253d9f4887e6de7
08365.HK,sina,stock_hk_daily,hfq,ohlc_logic_error,upstream_raw_inconsistency_propagated_by_adjustment,2024-05-10,OHLC violates the inclusive daily price envelope,low_gt_close,0.0812,0.082,0.0812,0.08,19800.0,78cddc46-4b2a-4ebe-9065-1e54e3dff522,data/raw/stage17/equity_daily/run_id=78cddc46-4b2a-4ebe-9065-1e54e3dff522/market=HK/symbol=08365.HK/adjust=hfq/source=sina/data.parquet,38bffd628f1ea0b590fd51c84dfb77369b742c34ca5fb371e253d9f4887e6de7
08365.HK,sina,stock_hk_daily,hfq,ohlc_logic_error,upstream_raw_inconsistency_propagated_by_adjustment,2024-05-20,OHLC violates the inclusive daily price envelope,low_gt_close,0.0812,0.0812,0.0812,0.0804,68800.0,78cddc46-4b2a-4ebe-9065-1e54e3dff522,data/raw/stage17/equity_daily/run_id=78cddc46-4b2a-4ebe-9065-1e54e3dff522/market=HK/symbol=08365.HK/adjust=hfq/source=sina/data.parquet,38bffd628f1ea0b590fd51c84dfb77369b742c34ca5fb371e253d9f4887e6de7
08365.HK,sina,stock_hk_daily,hfq,ohlc_logic_error,upstream_raw_inconsistency_propagated_by_adjustment,2024-07-16,OHLC violates the inclusive daily price envelope,high_lt_close,0.0676,0.0676,0.0676,0.0684,13800.0,78cddc46-4b2a-4ebe-9065-1e54e3dff522,data/raw/stage17/equity_daily/run_id=78cddc46-4b2a-4ebe-9065-1e54e3dff522/market=HK/symbol=08365.HK/adjust=hfq/source=sina/data.parquet,38bffd628f1ea0b590fd51c84dfb77369b742c34ca5fb371e253d9f4887e6de7
08365.HK,sina,stock_hk_daily,hfq,ohlc_logic_error,upstream_raw_inconsistency_propagated_by_adjustment,2024-08-20,OHLC violates the inclusive daily price envelope,high_lt_close,0.0636,0.0636,0.0636,0.064,5000.0,78cddc46-4b2a-4ebe-9065-1e54e3dff522,data/raw/stage17/equity_daily/run_id=78cddc46-4b2a-4ebe-9065-1e54e3dff522/market=HK/symbol=08365.HK/adjust=hfq/source=sina/data.parquet,38bffd628f1ea0b590fd51c84dfb77369b742c34ca5fb371e253d9f4887e6de7
08365.HK,sina,stock_hk_daily,hfq,ohlc_logic_error,upstream_raw_inconsistency_propagated_by_adjustment,2024-08-30,OHLC violates the inclusive daily price envelope,high_lt_close,0.0624,0.0624,0.0624,0.0626,7000.0,78cddc46-4b2a-4ebe-9065-1e54e3dff522,data/raw/stage17/equity_daily/run_id=78cddc46-4b2a-4ebe-9065-1e54e3dff522/market=HK/symbol=08365.HK/adjust=hfq/source=sina/data.parquet,38bffd628f1ea0b590fd51c84dfb77369b742c34ca5fb371e253d9f4887e6de7
08365.HK,sina,stock_hk_daily,hfq,ohlc_logic_error,upstream_raw_inconsistency_propagated_by_adjustment,2024-10-04,OHLC violates the inclusive daily price envelope,low_gt_close,0.0712,0.0712,0.0712,0.0704,9800.0,78cddc46-4b2a-4ebe-9065-1e54e3dff522,data/raw/stage17/equity_daily/run_id=78cddc46-4b2a-4ebe-9065-1e54e3dff522/market=HK/symbol=08365.HK/adjust=hfq/source=sina/data.parquet,38bffd628f1ea0b590fd51c84dfb77369b742c34ca5fb371e253d9f4887e6de7
08365.HK,sina,stock_hk_daily,hfq,ohlc_logic_error,upstream_raw_inconsistency_propagated_by_adjustment,2024-10-31,OHLC violates the inclusive daily price envelope,low_gt_close,0.0708,0.0708,0.0708,0.0692,21000.0,78cddc46-4b2a-4ebe-9065-1e54e3dff522,data/raw/stage17/equity_daily/run_id=78cddc46-4b2a-4ebe-9065-1e54e3dff522/market=HK/symbol=08365.HK/adjust=hfq/source=sina/data.parquet,38bffd628f1ea0b590fd51c84dfb77369b742c34ca5fb371e253d9f4887e6de7
08365.HK,sina,stock_hk_daily,hfq,ohlc_logic_error,upstream_raw_inconsistency_propagated_by_adjustment,2024-11-01,OHLC violates the inclusive daily price envelope,high_lt_close,0.0684,0.0684,0.0684,0.0692,5400.0,78cddc46-4b2a-4ebe-9065-1e54e3dff522,data/raw/stage17/equity_daily/run_id=78cddc46-4b2a-4ebe-9065-1e54e3dff522/market=HK/symbol=08365.HK/adjust=hfq/source=sina/data.parquet,38bffd628f1ea0b590fd51c84dfb77369b742c34ca5fb371e253d9f4887e6de7
08365.HK,sina,stock_hk_daily,hfq,ohlc_logic_error,upstream_raw_inconsistency_propagated_by_adjustment,2024-12-18,OHLC violates the inclusive daily price envelope,high_lt_close,0.0648,0.0648,0.0648,0.0662,5200.0,78cddc46-4b2a-4ebe-9065-1e54e3dff522,data/raw/stage17/equity_daily/run_id=78cddc46-4b2a-4ebe-9065-1e54e3dff522/market=HK/symbol=08365.HK/adjust=hfq/source=sina/data.parquet,38bffd628f1ea0b590fd51c84dfb77369b742c34ca5fb371e253d9f4887e6de7
08365.HK,sina,stock_hk_daily,hfq,ohlc_logic_error,upstream_raw_inconsistency_propagated_by_adjustment,2025-01-23,OHLC violates the inclusive daily price envelope,high_lt_close,0.062,0.062,0.062,0.0624,60000.0,78cddc46-4b2a-4ebe-9065-1e54e3dff522,data/raw/stage17/equity_daily/run_id=78cddc46-4b2a-4ebe-9065-1e54e3dff522/market=HK/symbol=08365.HK/adjust=hfq/source=sina/data.parquet,38bffd628f1ea0b590fd51c84dfb77369b742c34ca5fb371e253d9f4887e6de7
08365.HK,sina,stock_hk_daily,hfq,ohlc_logic_error,upstream_raw_inconsistency_propagated_by_adjustment,2025-04-08,OHLC violates the inclusive daily price envelope,high_lt_close,0.0632,0.0632,0.0632,0.0648,28400.0,78cddc46-4b2a-4ebe-9065-1e54e3dff522,data/raw/stage17/equity_daily/run_id=78cddc46-4b2a-4ebe-9065-1e54e3dff522/market=HK/symbol=08365.HK/adjust=hfq/source=sina/data.parquet,38bffd628f1ea0b590fd51c84dfb77369b742c34ca5fb371e253d9f4887e6de7
08365.HK,sina,stock_hk_daily,hfq,ohlc_logic_error,upstream_raw_inconsistency_propagated_by_adjustment,2025-05-13,OHLC violates the inclusive daily price envelope,high_lt_close,0.072,0.072,0.072,0.0728,10000.0,78cddc46-4b2a-4ebe-9065-1e54e3dff522,data/raw/stage17/equity_daily/run_id=78cddc46-4b2a-4ebe-9065-1e54e3dff522/market=HK/symbol=08365.HK/adjust=hfq/source=sina/data.parquet,38bffd628f1ea0b590fd51c84dfb77369b742c34ca5fb371e253d9f4887e6de7
08365.HK,sina,stock_hk_daily,hfq,ohlc_logic_error,upstream_raw_inconsistency_propagated_by_adjustment,2025-07-11,OHLC violates the inclusive daily price envelope,high_lt_close,0.0616,0.0616,0.0616,0.0624,398200.0,78cddc46-4b2a-4ebe-9065-1e54e3dff522,data/raw/stage17/equity_daily/run_id=78cddc46-4b2a-4ebe-9065-1e54e3dff522/market=HK/symbol=08365.HK/adjust=hfq/source=sina/data.parquet,38bffd628f1ea0b590fd51c84dfb77369b742c34ca5fb371e253d9f4887e6de7
08365.HK,sina,stock_hk_daily,hfq,ohlc_logic_error,upstream_raw_inconsistency_propagated_by_adjustment,2025-07-16,OHLC violates the inclusive daily price envelope,high_lt_close,0.0608,0.0608,0.06,0.0616,80000.0,78cddc46-4b2a-4ebe-9065-1e54e3dff522,data/raw/stage17/equity_daily/run_id=78cddc46-4b2a-4ebe-9065-1e54e3dff522/market=HK/symbol=08365.HK/adjust=hfq/source=sina/data.parquet,38bffd628f1ea0b590fd51c84dfb77369b742c34ca5fb371e253d9f4887e6de7
08365.HK,sina,stock_hk_daily,hfq,ohlc_logic_error,upstream_raw_inconsistency_propagated_by_adjustment,2026-06-15,OHLC violates the inclusive daily price envelope,low_gt_close,0.2104,0.2104,0.2008,0.1992,381400.0,78cddc46-4b2a-4ebe-9065-1e54e3dff522,data/raw/stage17/equity_daily/run_id=78cddc46-4b2a-4ebe-9065-1e54e3dff522/market=HK/symbol=08365.HK/adjust=hfq/source=sina/data.parquet,38bffd628f1ea0b590fd51c84dfb77369b742c34ca5fb371e253d9f4887e6de7
08462.HK,sina,stock_hk_daily,raw,ohlc_logic_error,upstream_raw_ohlc_inconsistency,2018-09-26,OHLC violates the inclusive daily price envelope,high_lt_close,1.67,1.71,1.66,1.72,70000.0,78cddc46-4b2a-4ebe-9065-1e54e3dff522,data/raw/stage17/equity_daily/run_id=78cddc46-4b2a-4ebe-9065-1e54e3dff522/market=HK/symbol=08462.HK/adjust=raw/source=sina/data.parquet,3e0c6f7fe52d734cf4c9734a27ead3f921b4f0888c5387c6140fe5cec961d4f5
08462.HK,sina,stock_hk_daily,raw,ohlc_logic_error,upstream_raw_ohlc_inconsistency,2019-08-26,OHLC violates the inclusive daily price envelope,high_lt_close,0.3,0.305,0.3,0.31,45000.0,78cddc46-4b2a-4ebe-9065-1e54e3dff522,data/raw/stage17/equity_daily/run_id=78cddc46-4b2a-4ebe-9065-1e54e3dff522/market=HK/symbol=08462.HK/adjust=raw/source=sina/data.parquet,3e0c6f7fe52d734cf4c9734a27ead3f921b4f0888c5387c6140fe5cec961d4f5
08462.HK,sina,stock_hk_daily,raw,ohlc_logic_error,upstream_raw_ohlc_inconsistency,2019-08-30,OHLC violates the inclusive daily price envelope,high_lt_close,0.31,0.315,0.31,0.32,40000.0,78cddc46-4b2a-4ebe-9065-1e54e3dff522,data/raw/stage17/equity_daily/run_id=78cddc46-4b2a-4ebe-9065-1e54e3dff522/market=HK/symbol=08462.HK/adjust=raw/source=sina/data.parquet,3e0c6f7fe52d734cf4c9734a27ead3f921b4f0888c5387c6140fe5cec961d4f5
08462.HK,sina,stock_hk_daily,raw,ohlc_logic_error,upstream_raw_ohlc_inconsistency,2019-10-28,OHLC violates the inclusive daily price envelope,low_gt_close,0.46,0.5,0.46,0.44,10000.0,78cddc46-4b2a-4ebe-9065-1e54e3dff522,data/raw/stage17/equity_daily/run_id=78cddc46-4b2a-4ebe-9065-1e54e3dff522/market=HK/symbol=08462.HK/adjust=raw/source=sina/data.parquet,3e0c6f7fe52d734cf4c9734a27ead3f921b4f0888c5387c6140fe5cec961d4f5
08462.HK,sina,stock_hk_daily,raw,ohlc_logic_error,upstream_raw_ohlc_inconsistency,2019-11-26,OHLC violates the inclusive daily price envelope,high_lt_close,0.375,0.375,0.335,0.39,330000.0,78cddc46-4b2a-4ebe-9065-1e54e3dff522,data/raw/stage17/equity_daily/run_id=78cddc46-4b2a-4ebe-9065-1e54e3dff522/market=HK/symbol=08462.HK/adjust=raw/source=sina/data.parquet,3e0c6f7fe52d734cf4c9734a27ead3f921b4f0888c5387c6140fe5cec961d4f5
08462.HK,sina,stock_hk_daily,raw,ohlc_logic_error,upstream_raw_ohlc_inconsistency,2020-01-22,OHLC violates the inclusive daily price envelope,low_gt_close,0.32,0.32,0.32,0.31,100000.0,78cddc46-4b2a-4ebe-9065-1e54e3dff522,data/raw/stage17/equity_daily/run_id=78cddc46-4b2a-4ebe-9065-1e54e3dff522/market=HK/symbol=08462.HK/adjust=raw/source=sina/data.parquet,3e0c6f7fe52d734cf4c9734a27ead3f921b4f0888c5387c6140fe5cec961d4f5
08462.HK,sina,stock_hk_daily,raw,ohlc_logic_error,upstream_raw_ohlc_inconsistency,2020-04-08,OHLC violates the inclusive daily price envelope,low_gt_close,0.197,0.197,0.197,0.189,30000.0,78cddc46-4b2a-4ebe-9065-1e54e3dff522,data/raw/stage17/equity_daily/run_id=78cddc46-4b2a-4ebe-9065-1e54e3dff522/market=HK/symbol=08462.HK/adjust=raw/source=sina/data.parquet,3e0c6f7fe52d734cf4c9734a27ead3f921b4f0888c5387c6140fe5cec961d4f5
08462.HK,sina,stock_hk_daily,raw,ohlc_logic_error,upstream_raw_ohlc_inconsistency,2020-04-09,OHLC violates the inclusive daily price envelope,high_lt_close,0.18,0.18,0.18,0.198,10000.0,78cddc46-4b2a-4ebe-9065-1e54e3dff522,data/raw/stage17/equity_daily/run_id=78cddc46-4b2a-4ebe-9065-1e54e3dff522/market=HK/symbol=08462.HK/adjust=raw/source=sina/data.parquet,3e0c6f7fe52d734cf4c9734a27ead3f921b4f0888c5387c6140fe5cec961d4f5
08462.HK,sina,stock_hk_daily,raw,ohlc_logic_error,upstream_raw_ohlc_inconsistency,2020-11-26,OHLC violates the inclusive daily price envelope,low_gt_close,0.244,0.244,0.244,0.243,105000.0,78cddc46-4b2a-4ebe-9065-1e54e3dff522,data/raw/stage17/equity_daily/run_id=78cddc46-4b2a-4ebe-9065-1e54e3dff522/market=HK/symbol=08462.HK/adjust=raw/source=sina/data.parquet,3e0c6f7fe52d734cf4c9734a27ead3f921b4f0888c5387c6140fe5cec961d4f5
08462.HK,sina,stock_hk_daily,raw,ohlc_logic_error,upstream_raw_ohlc_inconsistency,2021-06-29,OHLC violates the inclusive daily price envelope,high_lt_close,0.0,0.0,0.0,0.32,5000.0,78cddc46-4b2a-4ebe-9065-1e54e3dff522,data/raw/stage17/equity_daily/run_id=78cddc46-4b2a-4ebe-9065-1e54e3dff522/market=HK/symbol=08462.HK/adjust=raw/source=sina/data.parquet,3e0c6f7fe52d734cf4c9734a27ead3f921b4f0888c5387c6140fe5cec961d4f5
08462.HK,sina,stock_hk_daily,raw,ohlc_logic_error,upstream_raw_ohlc_inconsistency,2021-08-25,OHLC violates the inclusive daily price envelope,low_gt_close,0.43,0.43,0.385,0.37,430000.0,78cddc46-4b2a-4ebe-9065-1e54e3dff522,data/raw/stage17/equity_daily/run_id=78cddc46-4b2a-4ebe-9065-1e54e3dff522/market=HK/symbol=08462.HK/adjust=raw/source=sina/data.parquet,3e0c6f7fe52d734cf4c9734a27ead3f921b4f0888c5387c6140fe5cec961d4f5
08462.HK,sina,stock_hk_daily,raw,ohlc_logic_error,upstream_raw_ohlc_inconsistency,2021-09-27,OHLC violates the inclusive daily price envelope,high_lt_close,0.0,0.0,0.0,0.26,0.0,78cddc46-4b2a-4ebe-9065-1e54e3dff522,data/raw/stage17/equity_daily/run_id=78cddc46-4b2a-4ebe-9065-1e54e3dff522/market=HK/symbol=08462.HK/adjust=raw/source=sina/data.parquet,3e0c6f7fe52d734cf4c9734a27ead3f921b4f0888c5387c6140fe5cec961d4f5
08462.HK,sina,stock_hk_daily,raw,ohlc_logic_error,upstream_raw_ohlc_inconsistency,2021-09-29,OHLC violates the inclusive daily price envelope,high_lt_close,0.0,0.0,0.0,0.285,0.0,78cddc46-4b2a-4ebe-9065-1e54e3dff522,data/raw/stage17/equity_daily/run_id=78cddc46-4b2a-4ebe-9065-1e54e3dff522/market=HK/symbol=08462.HK/adjust=raw/source=sina/data.parquet,3e0c6f7fe52d734cf4c9734a27ead3f921b4f0888c5387c6140fe5cec961d4f5
08462.HK,sina,stock_hk_daily,raw,ohlc_logic_error,upstream_raw_ohlc_inconsistency,2021-09-30,OHLC violates the inclusive daily price envelope,high_lt_close,0.0,0.0,0.0,0.285,0.0,78cddc46-4b2a-4ebe-9065-1e54e3dff522,data/raw/stage17/equity_daily/run_id=78cddc46-4b2a-4ebe-9065-1e54e3dff522/market=HK/symbol=08462.HK/adjust=raw/source=sina/data.parquet,3e0c6f7fe52d734cf4c9734a27ead3f921b4f0888c5387c6140fe5cec961d4f5
08462.HK,sina,stock_hk_daily,raw,ohlc_logic_error,upstream_raw_ohlc_inconsistency,2021-10-05,OHLC violates the inclusive daily price envelope,high_lt_close,0.0,0.0,0.0,0.285,0.0,78cddc46-4b2a-4ebe-9065-1e54e3dff522,data/raw/stage17/equity_daily/run_id=78cddc46-4b2a-4ebe-9065-1e54e3dff522/market=HK/symbol=08462.HK/adjust=raw/source=sina/data.parquet,3e0c6f7fe52d734cf4c9734a27ead3f921b4f0888c5387c6140fe5cec961d4f5
08462.HK,sina,stock_hk_daily,raw,ohlc_logic_error,upstream_raw_ohlc_inconsistency,2021-10-06,OHLC violates the inclusive daily price envelope,high_lt_close,0.0,0.0,0.0,0.28,0.0,78cddc46-4b2a-4ebe-9065-1e54e3dff522,data/raw/stage17/equity_daily/run_id=78cddc46-4b2a-4ebe-9065-1e54e3dff522/market=HK/symbol=08462.HK/adjust=raw/source=sina/data.parquet,3e0c6f7fe52d734cf4c9734a27ead3f921b4f0888c5387c6140fe5cec961d4f5
08462.HK,sina,stock_hk_daily,raw,ohlc_logic_error,upstream_raw_ohlc_inconsistency,2021-10-19,OHLC violates the inclusive daily price envelope,low_gt_close,0.28,0.28,0.28,0.275,60000.0,78cddc46-4b2a-4ebe-9065-1e54e3dff522,data/raw/stage17/equity_daily/run_id=78cddc46-4b2a-4ebe-9065-1e54e3dff522/market=HK/symbol=08462.HK/adjust=raw/source=sina/data.parquet,3e0c6f7fe52d734cf4c9734a27ead3f921b4f0888c5387c6140fe5cec961d4f5
08462.HK,sina,stock_hk_daily,raw,ohlc_logic_error,upstream_raw_ohlc_inconsistency,2021-10-28,OHLC violates the inclusive daily price envelope,high_lt_close,0.0,0.0,0.0,0.249,0.0,78cddc46-4b2a-4ebe-9065-1e54e3dff522,data/raw/stage17/equity_daily/run_id=78cddc46-4b2a-4ebe-9065-1e54e3dff522/market=HK/symbol=08462.HK/adjust=raw/source=sina/data.parquet,3e0c6f7fe52d734cf4c9734a27ead3f921b4f0888c5387c6140fe5cec961d4f5
08462.HK,sina,stock_hk_daily,raw,ohlc_logic_error,upstream_raw_ohlc_inconsistency,2021-11-01,OHLC violates the inclusive daily price envelope,low_gt_close,0.285,0.285,0.285,0.28,10000.0,78cddc46-4b2a-4ebe-9065-1e54e3dff522,data/raw/stage17/equity_daily/run_id=78cddc46-4b2a-4ebe-9065-1e54e3dff522/market=HK/symbol=08462.HK/adjust=raw/source=sina/data.parquet,3e0c6f7fe52d734cf4c9734a27ead3f921b4f0888c5387c6140fe5cec961d4f5
08462.HK,sina,stock_hk_daily,raw,ohlc_logic_error,upstream_raw_ohlc_inconsistency,2021-11-09,OHLC violates the inclusive daily price envelope,high_lt_close,0.0,0.0,0.0,0.245,0.0,78cddc46-4b2a-4ebe-9065-1e54e3dff522,data/raw/stage17/equity_daily/run_id=78cddc46-4b2a-4ebe-9065-1e54e3dff522/market=HK/symbol=08462.HK/adjust=raw/source=sina/data.parquet,3e0c6f7fe52d734cf4c9734a27ead3f921b4f0888c5387c6140fe5cec961d4f5
08462.HK,sina,stock_hk_daily,raw,ohlc_logic_error,upstream_raw_ohlc_inconsistency,2021-11-23,OHLC violates the inclusive daily price envelope,low_gt_close,0.199,0.199,0.198,0.196,70000.0,78cddc46-4b2a-4ebe-9065-1e54e3dff522,data/raw/stage17/equity_daily/run_id=78cddc46-4b2a-4ebe-9065-1e54e3dff522/market=HK/symbol=08462.HK/adjust=raw/source=sina/data.parquet,3e0c6f7fe52d734cf4c9734a27ead3f921b4f0888c5387c6140fe5cec961d4f5
08462.HK,sina,stock_hk_daily,raw,ohlc_logic_error,upstream_raw_ohlc_inconsistency,2021-12-16,OHLC violates the inclusive daily price envelope,high_lt_close,0.155,0.155,0.155,0.16,25000.0,78cddc46-4b2a-4ebe-9065-1e54e3dff522,data/raw/stage17/equity_daily/run_id=78cddc46-4b2a-4ebe-9065-1e54e3dff522/market=HK/symbol=08462.HK/adjust=raw/source=sina/data.parquet,3e0c6f7fe52d734cf4c9734a27ead3f921b4f0888c5387c6140fe5cec961d4f5
08462.HK,sina,stock_hk_daily,raw,ohlc_logic_error,upstream_raw_ohlc_inconsistency,2021-12-22,OHLC violates the inclusive daily price envelope,low_gt_close,0.167,0.167,0.167,0.166,125000.0,78cddc46-4b2a-4ebe-9065-1e54e3dff522,data/raw/stage17/equity_daily/run_id=78cddc46-4b2a-4ebe-9065-1e54e3dff522/market=HK/symbol=08462.HK/adjust=raw/source=sina/data.parquet,3e0c6f7fe52d734cf4c9734a27ead3f921b4f0888c5387c6140fe5cec961d4f5
08462.HK,sina,stock_hk_daily,raw,ohlc_logic_error,upstream_raw_ohlc_inconsistency,2022-04-08,OHLC violates the inclusive daily price envelope,low_gt_close,0.15,0.159,0.14,0.138,560000.0,78cddc46-4b2a-4ebe-9065-1e54e3dff522,data/raw/stage17/equity_daily/run_id=78cddc46-4b2a-4ebe-9065-1e54e3dff522/market=HK/symbol=08462.HK/adjust=raw/source=sina/data.parquet,3e0c6f7fe52d734cf4c9734a27ead3f921b4f0888c5387c6140fe5cec961d4f5
08462.HK,sina,stock_hk_daily,raw,ohlc_logic_error,upstream_raw_ohlc_inconsistency,2022-04-27,OHLC violates the inclusive daily price envelope,high_lt_close,0.122,0.122,0.122,0.13,40000.0,78cddc46-4b2a-4ebe-9065-1e54e3dff522,data/raw/stage17/equity_daily/run_id=78cddc46-4b2a-4ebe-9065-1e54e3dff522/market=HK/symbol=08462.HK/adjust=raw/source=sina/data.parquet,3e0c6f7fe52d734cf4c9734a27ead3f921b4f0888c5387c6140fe5cec961d4f5
08462.HK,sina,stock_hk_daily,raw,ohlc_logic_error,upstream_raw_ohlc_inconsistency,2022-06-16,OHLC violates the inclusive daily price envelope,high_lt_close,0.142,0.142,0.142,0.145,335000.0,78cddc46-4b2a-4ebe-9065-1e54e3dff522,data/raw/stage17/equity_daily/run_id=78cddc46-4b2a-4ebe-9065-1e54e3dff522/market=HK/symbol=08462.HK/adjust=raw/source=sina/data.parquet,3e0c6f7fe52d734cf4c9734a27ead3f921b4f0888c5387c6140fe5cec961d4f5
08462.HK,sina,stock_hk_daily,raw,ohlc_logic_error,upstream_raw_ohlc_inconsistency,2022-06-17,OHLC violates the inclusive daily price envelope,high_lt_close,0.14,0.14,0.14,0.141,20000.0,78cddc46-4b2a-4ebe-9065-1e54e3dff522,data/raw/stage17/equity_daily/run_id=78cddc46-4b2a-4ebe-9065-1e54e3dff522/market=HK/symbol=08462.HK/adjust=raw/source=sina/data.parquet,3e0c6f7fe52d734cf4c9734a27ead3f921b4f0888c5387c6140fe5cec961d4f5
08462.HK,sina,stock_hk_daily,raw,ohlc_logic_error,upstream_raw_ohlc_inconsistency,2022-07-07,OHLC violates the inclusive daily price envelope,high_lt_close,0.123,0.123,0.123,0.124,15000.0,78cddc46-4b2a-4ebe-9065-1e54e3dff522,data/raw/stage17/equity_daily/run_id=78cddc46-4b2a-4ebe-9065-1e54e3dff522/market=HK/symbol=08462.HK/adjust=raw/source=sina/data.parquet,3e0c6f7fe52d734cf4c9734a27ead3f921b4f0888c5387c6140fe5cec961d4f5
08462.HK,sina,stock_hk_daily,raw,ohlc_logic_error,upstream_raw_ohlc_inconsistency,2022-10-18,OHLC violates the inclusive daily price envelope,high_lt_close,0.059,0.059,0.059,0.06,45000.0,78cddc46-4b2a-4ebe-9065-1e54e3dff522,data/raw/stage17/equity_daily/run_id=78cddc46-4b2a-4ebe-9065-1e54e3dff522/market=HK/symbol=08462.HK/adjust=raw/source=sina/data.parquet,3e0c6f7fe52d734cf4c9734a27ead3f921b4f0888c5387c6140fe5cec961d4f5
08462.HK,sina,stock_hk_daily,raw,ohlc_logic_error,upstream_raw_ohlc_inconsistency,2022-10-26,OHLC violates the inclusive daily price envelope,high_lt_close,0.056,0.056,0.056,0.06,10000.0,78cddc46-4b2a-4ebe-9065-1e54e3dff522,data/raw/stage17/equity_daily/run_id=78cddc46-4b2a-4ebe-9065-1e54e3dff522/market=HK/symbol=08462.HK/adjust=raw/source=sina/data.parquet,3e0c6f7fe52d734cf4c9734a27ead3f921b4f0888c5387c6140fe5cec961d4f5
08462.HK,sina,stock_hk_daily,raw,ohlc_logic_error,upstream_raw_ohlc_inconsistency,2023-02-21,OHLC violates the inclusive daily price envelope,high_lt_close,0.048,0.048,0.048,0.049,10000.0,78cddc46-4b2a-4ebe-9065-1e54e3dff522,data/raw/stage17/equity_daily/run_id=78cddc46-4b2a-4ebe-9065-1e54e3dff522/market=HK/symbol=08462.HK/adjust=raw/source=sina/data.parquet,3e0c6f7fe52d734cf4c9734a27ead3f921b4f0888c5387c6140fe5cec961d4f5
08462.HK,sina,stock_hk_daily,raw,ohlc_logic_error,upstream_raw_ohlc_inconsistency,2023-03-16,OHLC violates the inclusive daily price envelope,high_lt_close,0.046,0.046,0.046,0.047,35000.0,78cddc46-4b2a-4ebe-9065-1e54e3dff522,data/raw/stage17/equity_daily/run_id=78cddc46-4b2a-4ebe-9065-1e54e3dff522/market=HK/symbol=08462.HK/adjust=raw/source=sina/data.parquet,3e0c6f7fe52d734cf4c9734a27ead3f921b4f0888c5387c6140fe5cec961d4f5
08462.HK,sina,stock_hk_daily,raw,ohlc_logic_error,upstream_raw_ohlc_inconsistency,2023-04-21,OHLC violates the inclusive daily price envelope,low_gt_close,0.062,0.062,0.062,0.059,5000.0,78cddc46-4b2a-4ebe-9065-1e54e3dff522,data/raw/stage17/equity_daily/run_id=78cddc46-4b2a-4ebe-9065-1e54e3dff522/market=HK/symbol=08462.HK/adjust=raw/source=sina/data.parquet,3e0c6f7fe52d734cf4c9734a27ead3f921b4f0888c5387c6140fe5cec961d4f5
08462.HK,sina,stock_hk_daily,raw,ohlc_logic_error,upstream_raw_ohlc_inconsistency,2023-07-03,OHLC violates the inclusive daily price envelope,high_lt_close,0.058,0.06,0.058,0.062,420000.0,78cddc46-4b2a-4ebe-9065-1e54e3dff522,data/raw/stage17/equity_daily/run_id=78cddc46-4b2a-4ebe-9065-1e54e3dff522/market=HK/symbol=08462.HK/adjust=raw/source=sina/data.parquet,3e0c6f7fe52d734cf4c9734a27ead3f921b4f0888c5387c6140fe5cec961d4f5
08462.HK,sina,stock_hk_daily,raw,ohlc_logic_error,upstream_raw_ohlc_inconsistency,2023-07-06,OHLC violates the inclusive daily price envelope,high_lt_close,0.061,0.062,0.061,0.07,230000.0,78cddc46-4b2a-4ebe-9065-1e54e3dff522,data/raw/stage17/equity_daily/run_id=78cddc46-4b2a-4ebe-9065-1e54e3dff522/market=HK/symbol=08462.HK/adjust=raw/source=sina/data.parquet,3e0c6f7fe52d734cf4c9734a27ead3f921b4f0888c5387c6140fe5cec961d4f5
08462.HK,sina,stock_hk_daily,raw,ohlc_logic_error,upstream_raw_ohlc_inconsistency,2023-08-15,OHLC violates the inclusive daily price envelope,low_gt_close,0.063,0.063,0.063,0.06,560000.0,78cddc46-4b2a-4ebe-9065-1e54e3dff522,data/raw/stage17/equity_daily/run_id=78cddc46-4b2a-4ebe-9065-1e54e3dff522/market=HK/symbol=08462.HK/adjust=raw/source=sina/data.parquet,3e0c6f7fe52d734cf4c9734a27ead3f921b4f0888c5387c6140fe5cec961d4f5
08462.HK,sina,stock_hk_daily,raw,ohlc_logic_error,upstream_raw_ohlc_inconsistency,2023-08-17,OHLC violates the inclusive daily price envelope,low_gt_close,0.077,0.077,0.077,0.068,5000.0,78cddc46-4b2a-4ebe-9065-1e54e3dff522,data/raw/stage17/equity_daily/run_id=78cddc46-4b2a-4ebe-9065-1e54e3dff522/market=HK/symbol=08462.HK/adjust=raw/source=sina/data.parquet,3e0c6f7fe52d734cf4c9734a27ead3f921b4f0888c5387c6140fe5cec961d4f5
08462.HK,sina,stock_hk_daily,raw,ohlc_logic_error,upstream_raw_ohlc_inconsistency,2023-08-18,OHLC violates the inclusive daily price envelope,low_gt_close,0.069,0.069,0.069,0.068,70000.0,78cddc46-4b2a-4ebe-9065-1e54e3dff522,data/raw/stage17/equity_daily/run_id=78cddc46-4b2a-4ebe-9065-1e54e3dff522/market=HK/symbol=08462.HK/adjust=raw/source=sina/data.parquet,3e0c6f7fe52d734cf4c9734a27ead3f921b4f0888c5387c6140fe5cec961d4f5
08462.HK,sina,stock_hk_daily,raw,ohlc_logic_error,upstream_raw_ohlc_inconsistency,2023-08-28,OHLC violates the inclusive daily price envelope,high_lt_close,0.058,0.059,0.058,0.06,110000.0,78cddc46-4b2a-4ebe-9065-1e54e3dff522,data/raw/stage17/equity_daily/run_id=78cddc46-4b2a-4ebe-9065-1e54e3dff522/market=HK/symbol=08462.HK/adjust=raw/source=sina/data.parquet,3e0c6f7fe52d734cf4c9734a27ead3f921b4f0888c5387c6140fe5cec961d4f5
08462.HK,sina,stock_hk_daily,raw,ohlc_logic_error,upstream_raw_ohlc_inconsistency,2023-09-25,OHLC violates the inclusive daily price envelope,high_lt_close,0.06,0.061,0.06,0.062,45000.0,78cddc46-4b2a-4ebe-9065-1e54e3dff522,data/raw/stage17/equity_daily/run_id=78cddc46-4b2a-4ebe-9065-1e54e3dff522/market=HK/symbol=08462.HK/adjust=raw/source=sina/data.parquet,3e0c6f7fe52d734cf4c9734a27ead3f921b4f0888c5387c6140fe5cec961d4f5
08462.HK,sina,stock_hk_daily,raw,ohlc_logic_error,upstream_raw_ohlc_inconsistency,2023-11-28,OHLC violates the inclusive daily price envelope,high_lt_close,0.053,0.053,0.053,0.054,85000.0,78cddc46-4b2a-4ebe-9065-1e54e3dff522,data/raw/stage17/equity_daily/run_id=78cddc46-4b2a-4ebe-9065-1e54e3dff522/market=HK/symbol=08462.HK/adjust=raw/source=sina/data.parquet,3e0c6f7fe52d734cf4c9734a27ead3f921b4f0888c5387c6140fe5cec961d4f5
08462.HK,sina,stock_hk_daily,raw,ohlc_logic_error,upstream_raw_ohlc_inconsistency,2023-12-11,OHLC violates the inclusive daily price envelope,high_lt_close,0.053,0.053,0.053,0.054,100000.0,78cddc46-4b2a-4ebe-9065-1e54e3dff522,data/raw/stage17/equity_daily/run_id=78cddc46-4b2a-4ebe-9065-1e54e3dff522/market=HK/symbol=08462.HK/adjust=raw/source=sina/data.parquet,3e0c6f7fe52d734cf4c9734a27ead3f921b4f0888c5387c6140fe5cec961d4f5
08462.HK,sina,stock_hk_daily,raw,ohlc_logic_error,upstream_raw_ohlc_inconsistency,2023-12-15,OHLC violates the inclusive daily price envelope,high_lt_close,0.056,0.056,0.053,0.058,25000.0,78cddc46-4b2a-4ebe-9065-1e54e3dff522,data/raw/stage17/equity_daily/run_id=78cddc46-4b2a-4ebe-9065-1e54e3dff522/market=HK/symbol=08462.HK/adjust=raw/source=sina/data.parquet,3e0c6f7fe52d734cf4c9734a27ead3f921b4f0888c5387c6140fe5cec961d4f5
08462.HK,sina,stock_hk_daily,raw,ohlc_logic_error,upstream_raw_ohlc_inconsistency,2024-01-17,OHLC violates the inclusive daily price envelope,low_gt_close,0.079,0.079,0.079,0.078,40000.0,78cddc46-4b2a-4ebe-9065-1e54e3dff522,data/raw/stage17/equity_daily/run_id=78cddc46-4b2a-4ebe-9065-1e54e3dff522/market=HK/symbol=08462.HK/adjust=raw/source=sina/data.parquet,3e0c6f7fe52d734cf4c9734a27ead3f921b4f0888c5387c6140fe5cec961d4f5
08462.HK,sina,stock_hk_daily,raw,ohlc_logic_error,upstream_raw_ohlc_inconsistency,2024-03-15,OHLC violates the inclusive daily price envelope,high_lt_close,0.065,0.065,0.065,0.066,80000.0,78cddc46-4b2a-4ebe-9065-1e54e3dff522,data/raw/stage17/equity_daily/run_id=78cddc46-4b2a-4ebe-9065-1e54e3dff522/market=HK/symbol=08462.HK/adjust=raw/source=sina/data.parquet,3e0c6f7fe52d734cf4c9734a27ead3f921b4f0888c5387c6140fe5cec961d4f5
08462.HK,sina,stock_hk_daily,raw,ohlc_logic_error,upstream_raw_ohlc_inconsistency,2024-05-14,OHLC violates the inclusive daily price envelope,high_lt_close,0.08,0.081,0.08,0.082,135000.0,78cddc46-4b2a-4ebe-9065-1e54e3dff522,data/raw/stage17/equity_daily/run_id=78cddc46-4b2a-4ebe-9065-1e54e3dff522/market=HK/symbol=08462.HK/adjust=raw/source=sina/data.parquet,3e0c6f7fe52d734cf4c9734a27ead3f921b4f0888c5387c6140fe5cec961d4f5
08462.HK,sina,stock_hk_daily,raw,ohlc_logic_error,upstream_raw_ohlc_inconsistency,2024-05-29,OHLC violates the inclusive daily price envelope,high_lt_close,0.087,0.087,0.087,0.088,35000.0,78cddc46-4b2a-4ebe-9065-1e54e3dff522,data/raw/stage17/equity_daily/run_id=78cddc46-4b2a-4ebe-9065-1e54e3dff522/market=HK/symbol=08462.HK/adjust=raw/source=sina/data.parquet,3e0c6f7fe52d734cf4c9734a27ead3f921b4f0888c5387c6140fe5cec961d4f5
08462.HK,sina,stock_hk_daily,raw,ohlc_logic_error,upstream_raw_ohlc_inconsistency,2024-06-05,OHLC violates the inclusive daily price envelope,high_lt_close,0.087,0.087,0.087,0.088,295000.0,78cddc46-4b2a-4ebe-9065-1e54e3dff522,data/raw/stage17/equity_daily/run_id=78cddc46-4b2a-4ebe-9065-1e54e3dff522/market=HK/symbol=08462.HK/adjust=raw/source=sina/data.parquet,3e0c6f7fe52d734cf4c9734a27ead3f921b4f0888c5387c6140fe5cec961d4f5
08462.HK,sina,stock_hk_daily,raw,ohlc_logic_error,upstream_raw_ohlc_inconsistency,2024-06-11,OHLC violates the inclusive daily price envelope,low_gt_close,0.091,0.091,0.091,0.09,100000.0,78cddc46-4b2a-4ebe-9065-1e54e3dff522,data/raw/stage17/equity_daily/run_id=78cddc46-4b2a-4ebe-9065-1e54e3dff522/market=HK/symbol=08462.HK/adjust=raw/source=sina/data.parquet,3e0c6f7fe52d734cf4c9734a27ead3f921b4f0888c5387c6140fe5cec961d4f5
08462.HK,sina,stock_hk_daily,raw,ohlc_logic_error,upstream_raw_ohlc_inconsistency,2024-06-17,OHLC violates the inclusive daily price envelope,low_gt_close,0.077,0.077,0.077,0.076,100000.0,78cddc46-4b2a-4ebe-9065-1e54e3dff522,data/raw/stage17/equity_daily/run_id=78cddc46-4b2a-4ebe-9065-1e54e3dff522/market=HK/symbol=08462.HK/adjust=raw/source=sina/data.parquet,3e0c6f7fe52d734cf4c9734a27ead3f921b4f0888c5387c6140fe5cec961d4f5
08462.HK,sina,stock_hk_daily,raw,ohlc_logic_error,upstream_raw_ohlc_inconsistency,2024-06-21,OHLC violates the inclusive daily price envelope,high_lt_close,0.076,0.076,0.076,0.079,10000.0,78cddc46-4b2a-4ebe-9065-1e54e3dff522,data/raw/stage17/equity_daily/run_id=78cddc46-4b2a-4ebe-9065-1e54e3dff522/market=HK/symbol=08462.HK/adjust=raw/source=sina/data.parquet,3e0c6f7fe52d734cf4c9734a27ead3f921b4f0888c5387c6140fe5cec961d4f5
08462.HK,sina,stock_hk_daily,raw,ohlc_logic_error,upstream_raw_ohlc_inconsistency,2024-06-25,OHLC violates the inclusive daily price envelope,high_lt_close,0.076,0.082,0.076,0.085,180000.0,78cddc46-4b2a-4ebe-9065-1e54e3dff522,data/raw/stage17/equity_daily/run_id=78cddc46-4b2a-4ebe-9065-1e54e3dff522/market=HK/symbol=08462.HK/adjust=raw/source=sina/data.parquet,3e0c6f7fe52d734cf4c9734a27ead3f921b4f0888c5387c6140fe5cec961d4f5
08462.HK,sina,stock_hk_daily,raw,ohlc_logic_error,upstream_raw_ohlc_inconsistency,2024-07-03,OHLC violates the inclusive daily price envelope,high_lt_close,0.082,0.082,0.081,0.085,190000.0,78cddc46-4b2a-4ebe-9065-1e54e3dff522,data/raw/stage17/equity_daily/run_id=78cddc46-4b2a-4ebe-9065-1e54e3dff522/market=HK/symbol=08462.HK/adjust=raw/source=sina/data.parquet,3e0c6f7fe52d734cf4c9734a27ead3f921b4f0888c5387c6140fe5cec961d4f5
08462.HK,sina,stock_hk_daily,raw,ohlc_logic_error,upstream_raw_ohlc_inconsistency,2024-07-17,OHLC violates the inclusive daily price envelope,high_lt_close,0.087,0.087,0.087,0.09,40000.0,78cddc46-4b2a-4ebe-9065-1e54e3dff522,data/raw/stage17/equity_daily/run_id=78cddc46-4b2a-4ebe-9065-1e54e3dff522/market=HK/symbol=08462.HK/adjust=raw/source=sina/data.parquet,3e0c6f7fe52d734cf4c9734a27ead3f921b4f0888c5387c6140fe5cec961d4f5
08462.HK,sina,stock_hk_daily,raw,ohlc_logic_error,upstream_raw_ohlc_inconsistency,2024-09-27,OHLC violates the inclusive daily price envelope,low_gt_close,0.094,0.094,0.091,0.09,60000.0,78cddc46-4b2a-4ebe-9065-1e54e3dff522,data/raw/stage17/equity_daily/run_id=78cddc46-4b2a-4ebe-9065-1e54e3dff522/market=HK/symbol=08462.HK/adjust=raw/source=sina/data.parquet,3e0c6f7fe52d734cf4c9734a27ead3f921b4f0888c5387c6140fe5cec961d4f5
08462.HK,sina,stock_hk_daily,raw,ohlc_logic_error,upstream_raw_ohlc_inconsistency,2024-10-04,OHLC violates the inclusive daily price envelope,high_lt_close,0.077,0.077,0.077,0.078,10000.0,78cddc46-4b2a-4ebe-9065-1e54e3dff522,data/raw/stage17/equity_daily/run_id=78cddc46-4b2a-4ebe-9065-1e54e3dff522/market=HK/symbol=08462.HK/adjust=raw/source=sina/data.parquet,3e0c6f7fe52d734cf4c9734a27ead3f921b4f0888c5387c6140fe5cec961d4f5
08462.HK,sina,stock_hk_daily,raw,ohlc_logic_error,upstream_raw_ohlc_inconsistency,2024-10-23,OHLC violates the inclusive daily price envelope,high_lt_close,0.08,0.084,0.08,0.085,75000.0,78cddc46-4b2a-4ebe-9065-1e54e3dff522,data/raw/stage17/equity_daily/run_id=78cddc46-4b2a-4ebe-9065-1e54e3dff522/market=HK/symbol=08462.HK/adjust=raw/source=sina/data.parquet,3e0c6f7fe52d734cf4c9734a27ead3f921b4f0888c5387c6140fe5cec961d4f5
08462.HK,sina,stock_hk_daily,raw,ohlc_logic_error,upstream_raw_ohlc_inconsistency,2025-01-17,OHLC violates the inclusive daily price envelope,high_lt_close,0.066,0.066,0.066,0.067,270000.0,78cddc46-4b2a-4ebe-9065-1e54e3dff522,data/raw/stage17/equity_daily/run_id=78cddc46-4b2a-4ebe-9065-1e54e3dff522/market=HK/symbol=08462.HK/adjust=raw/source=sina/data.parquet,3e0c6f7fe52d734cf4c9734a27ead3f921b4f0888c5387c6140fe5cec961d4f5
08462.HK,sina,stock_hk_daily,raw,ohlc_logic_error,upstream_raw_ohlc_inconsistency,2025-03-03,OHLC violates the inclusive daily price envelope,high_lt_close,0.073,0.073,0.073,0.074,130000.0,78cddc46-4b2a-4ebe-9065-1e54e3dff522,data/raw/stage17/equity_daily/run_id=78cddc46-4b2a-4ebe-9065-1e54e3dff522/market=HK/symbol=08462.HK/adjust=raw/source=sina/data.parquet,3e0c6f7fe52d734cf4c9734a27ead3f921b4f0888c5387c6140fe5cec961d4f5
08462.HK,sina,stock_hk_daily,raw,ohlc_logic_error,upstream_raw_ohlc_inconsistency,2025-03-28,OHLC violates the inclusive daily price envelope,high_lt_close,0.091,0.091,0.09,0.092,130000.0,78cddc46-4b2a-4ebe-9065-1e54e3dff522,data/raw/stage17/equity_daily/run_id=78cddc46-4b2a-4ebe-9065-1e54e3dff522/market=HK/symbol=08462.HK/adjust=raw/source=sina/data.parquet,3e0c6f7fe52d734cf4c9734a27ead3f921b4f0888c5387c6140fe5cec961d4f5
08462.HK,sina,stock_hk_daily,raw,ohlc_logic_error,upstream_raw_ohlc_inconsistency,2025-07-04,OHLC violates the inclusive daily price envelope,high_lt_close,0.084,0.084,0.084,0.085,10000.0,78cddc46-4b2a-4ebe-9065-1e54e3dff522,data/raw/stage17/equity_daily/run_id=78cddc46-4b2a-4ebe-9065-1e54e3dff522/market=HK/symbol=08462.HK/adjust=raw/source=sina/data.parquet,3e0c6f7fe52d734cf4c9734a27ead3f921b4f0888c5387c6140fe5cec961d4f5
08462.HK,sina,stock_hk_daily,raw,ohlc_logic_error,upstream_raw_ohlc_inconsistency,2025-07-07,OHLC violates the inclusive daily price envelope,low_gt_close,0.091,0.091,0.091,0.09,115000.0,78cddc46-4b2a-4ebe-9065-1e54e3dff522,data/raw/stage17/equity_daily/run_id=78cddc46-4b2a-4ebe-9065-1e54e3dff522/market=HK/symbol=08462.HK/adjust=raw/source=sina/data.parquet,3e0c6f7fe52d734cf4c9734a27ead3f921b4f0888c5387c6140fe5cec961d4f5
08462.HK,sina,stock_hk_daily,raw,ohlc_logic_error,upstream_raw_ohlc_inconsistency,2026-01-05,OHLC violates the inclusive daily price envelope,high_lt_close,0.08,0.08,0.08,0.081,75000.0,78cddc46-4b2a-4ebe-9065-1e54e3dff522,data/raw/stage17/equity_daily/run_id=78cddc46-4b2a-4ebe-9065-1e54e3dff522/market=HK/symbol=08462.HK/adjust=raw/source=sina/data.parquet,3e0c6f7fe52d734cf4c9734a27ead3f921b4f0888c5387c6140fe5cec961d4f5
08462.HK,sina,stock_hk_daily,raw,ohlc_logic_error,upstream_raw_ohlc_inconsistency,2026-02-06,OHLC violates the inclusive daily price envelope,low_gt_close,0.087,0.087,0.087,0.085,25000.0,78cddc46-4b2a-4ebe-9065-1e54e3dff522,data/raw/stage17/equity_daily/run_id=78cddc46-4b2a-4ebe-9065-1e54e3dff522/market=HK/symbol=08462.HK/adjust=raw/source=sina/data.parquet,3e0c6f7fe52d734cf4c9734a27ead3f921b4f0888c5387c6140fe5cec961d4f5
08462.HK,sina,stock_hk_daily,raw,ohlc_logic_error,upstream_raw_ohlc_inconsistency,2026-02-24,OHLC violates the inclusive daily price envelope,low_gt_close,0.103,0.103,0.103,0.102,50000.0,78cddc46-4b2a-4ebe-9065-1e54e3dff522,data/raw/stage17/equity_daily/run_id=78cddc46-4b2a-4ebe-9065-1e54e3dff522/market=HK/symbol=08462.HK/adjust=raw/source=sina/data.parquet,3e0c6f7fe52d734cf4c9734a27ead3f921b4f0888c5387c6140fe5cec961d4f5
08462.HK,sina,stock_hk_daily,raw,ohlc_logic_error,upstream_raw_ohlc_inconsistency,2026-03-11,OHLC violates the inclusive daily price envelope,high_lt_close,0.078,0.078,0.078,0.08,30000.0,78cddc46-4b2a-4ebe-9065-1e54e3dff522,data/raw/stage17/equity_daily/run_id=78cddc46-4b2a-4ebe-9065-1e54e3dff522/market=HK/symbol=08462.HK/adjust=raw/source=sina/data.parquet,3e0c6f7fe52d734cf4c9734a27ead3f921b4f0888c5387c6140fe5cec961d4f5
08462.HK,sina,stock_hk_daily,raw,ohlc_logic_error,upstream_raw_ohlc_inconsistency,2026-03-16,OHLC violates the inclusive daily price envelope,high_lt_close,0.078,0.078,0.078,0.079,50000.0,78cddc46-4b2a-4ebe-9065-1e54e3dff522,data/raw/stage17/equity_daily/run_id=78cddc46-4b2a-4ebe-9065-1e54e3dff522/market=HK/symbol=08462.HK/adjust=raw/source=sina/data.parquet,3e0c6f7fe52d734cf4c9734a27ead3f921b4f0888c5387c6140fe5cec961d4f5
08462.HK,sina,stock_hk_daily,raw,ohlc_logic_error,upstream_raw_ohlc_inconsistency,2026-04-21,OHLC violates the inclusive daily price envelope,high_lt_close,0.064,0.064,0.064,0.066,120000.0,78cddc46-4b2a-4ebe-9065-1e54e3dff522,data/raw/stage17/equity_daily/run_id=78cddc46-4b2a-4ebe-9065-1e54e3dff522/market=HK/symbol=08462.HK/adjust=raw/source=sina/data.parquet,3e0c6f7fe52d734cf4c9734a27ead3f921b4f0888c5387c6140fe5cec961d4f5
08462.HK,sina,stock_hk_daily,raw,ohlc_logic_error,upstream_raw_ohlc_inconsistency,2026-05-04,OHLC violates the inclusive daily price envelope,high_lt_close,0.056,0.056,0.056,0.06,60000.0,78cddc46-4b2a-4ebe-9065-1e54e3dff522,data/raw/stage17/equity_daily/run_id=78cddc46-4b2a-4ebe-9065-1e54e3dff522/market=HK/symbol=08462.HK/adjust=raw/source=sina/data.parquet,3e0c6f7fe52d734cf4c9734a27ead3f921b4f0888c5387c6140fe5cec961d4f5
08462.HK,sina,stock_hk_daily,raw,ohlc_logic_error,upstream_raw_ohlc_inconsistency,2026-05-27,OHLC violates the inclusive daily price envelope,high_lt_close,0.094,0.094,0.094,0.095,35000.0,78cddc46-4b2a-4ebe-9065-1e54e3dff522,data/raw/stage17/equity_daily/run_id=78cddc46-4b2a-4ebe-9065-1e54e3dff522/market=HK/symbol=08462.HK/adjust=raw/source=sina/data.parquet,3e0c6f7fe52d734cf4c9734a27ead3f921b4f0888c5387c6140fe5cec961d4f5
08462.HK,sina,stock_hk_daily,qfq,ohlc_logic_error,upstream_raw_inconsistency_propagated_by_adjustment,2018-09-26,OHLC violates the inclusive daily price envelope,high_lt_close,1.67,1.71,1.66,1.72,70000.0,78cddc46-4b2a-4ebe-9065-1e54e3dff522,data/raw/stage17/equity_daily/run_id=78cddc46-4b2a-4ebe-9065-1e54e3dff522/market=HK/symbol=08462.HK/adjust=qfq/source=sina/data.parquet,3e0c6f7fe52d734cf4c9734a27ead3f921b4f0888c5387c6140fe5cec961d4f5
08462.HK,sina,stock_hk_daily,qfq,ohlc_logic_error,upstream_raw_inconsistency_propagated_by_adjustment,2019-08-26,OHLC violates the inclusive daily price envelope,high_lt_close,0.3,0.305,0.3,0.31,45000.0,78cddc46-4b2a-4ebe-9065-1e54e3dff522,data/raw/stage17/equity_daily/run_id=78cddc46-4b2a-4ebe-9065-1e54e3dff522/market=HK/symbol=08462.HK/adjust=qfq/source=sina/data.parquet,3e0c6f7fe52d734cf4c9734a27ead3f921b4f0888c5387c6140fe5cec961d4f5
08462.HK,sina,stock_hk_daily,qfq,ohlc_logic_error,upstream_raw_inconsistency_propagated_by_adjustment,2019-08-30,OHLC violates the inclusive daily price envelope,high_lt_close,0.31,0.315,0.31,0.32,40000.0,78cddc46-4b2a-4ebe-9065-1e54e3dff522,data/raw/stage17/equity_daily/run_id=78cddc46-4b2a-4ebe-9065-1e54e3dff522/market=HK/symbol=08462.HK/adjust=qfq/source=sina/data.parquet,3e0c6f7fe52d734cf4c9734a27ead3f921b4f0888c5387c6140fe5cec961d4f5
08462.HK,sina,stock_hk_daily,qfq,ohlc_logic_error,upstream_raw_inconsistency_propagated_by_adjustment,2019-10-28,OHLC violates the inclusive daily price envelope,low_gt_close,0.46,0.5,0.46,0.44,10000.0,78cddc46-4b2a-4ebe-9065-1e54e3dff522,data/raw/stage17/equity_daily/run_id=78cddc46-4b2a-4ebe-9065-1e54e3dff522/market=HK/symbol=08462.HK/adjust=qfq/source=sina/data.parquet,3e0c6f7fe52d734cf4c9734a27ead3f921b4f0888c5387c6140fe5cec961d4f5
08462.HK,sina,stock_hk_daily,qfq,ohlc_logic_error,upstream_raw_inconsistency_propagated_by_adjustment,2019-11-26,OHLC violates the inclusive daily price envelope,high_lt_close,0.375,0.375,0.335,0.39,330000.0,78cddc46-4b2a-4ebe-9065-1e54e3dff522,data/raw/stage17/equity_daily/run_id=78cddc46-4b2a-4ebe-9065-1e54e3dff522/market=HK/symbol=08462.HK/adjust=qfq/source=sina/data.parquet,3e0c6f7fe52d734cf4c9734a27ead3f921b4f0888c5387c6140fe5cec961d4f5
08462.HK,sina,stock_hk_daily,qfq,ohlc_logic_error,upstream_raw_inconsistency_propagated_by_adjustment,2020-01-22,OHLC violates the inclusive daily price envelope,low_gt_close,0.32,0.32,0.32,0.31,100000.0,78cddc46-4b2a-4ebe-9065-1e54e3dff522,data/raw/stage17/equity_daily/run_id=78cddc46-4b2a-4ebe-9065-1e54e3dff522/market=HK/symbol=08462.HK/adjust=qfq/source=sina/data.parquet,3e0c6f7fe52d734cf4c9734a27ead3f921b4f0888c5387c6140fe5cec961d4f5
08462.HK,sina,stock_hk_daily,qfq,ohlc_logic_error,upstream_raw_inconsistency_propagated_by_adjustment,2020-04-08,OHLC violates the inclusive daily price envelope,low_gt_close,0.197,0.197,0.197,0.189,30000.0,78cddc46-4b2a-4ebe-9065-1e54e3dff522,data/raw/stage17/equity_daily/run_id=78cddc46-4b2a-4ebe-9065-1e54e3dff522/market=HK/symbol=08462.HK/adjust=qfq/source=sina/data.parquet,3e0c6f7fe52d734cf4c9734a27ead3f921b4f0888c5387c6140fe5cec961d4f5
08462.HK,sina,stock_hk_daily,qfq,ohlc_logic_error,upstream_raw_inconsistency_propagated_by_adjustment,2020-04-09,OHLC violates the inclusive daily price envelope,high_lt_close,0.18,0.18,0.18,0.198,10000.0,78cddc46-4b2a-4ebe-9065-1e54e3dff522,data/raw/stage17/equity_daily/run_id=78cddc46-4b2a-4ebe-9065-1e54e3dff522/market=HK/symbol=08462.HK/adjust=qfq/source=sina/data.parquet,3e0c6f7fe52d734cf4c9734a27ead3f921b4f0888c5387c6140fe5cec961d4f5
08462.HK,sina,stock_hk_daily,qfq,ohlc_logic_error,upstream_raw_inconsistency_propagated_by_adjustment,2020-11-26,OHLC violates the inclusive daily price envelope,low_gt_close,0.244,0.244,0.244,0.243,105000.0,78cddc46-4b2a-4ebe-9065-1e54e3dff522,data/raw/stage17/equity_daily/run_id=78cddc46-4b2a-4ebe-9065-1e54e3dff522/market=HK/symbol=08462.HK/adjust=qfq/source=sina/data.parquet,3e0c6f7fe52d734cf4c9734a27ead3f921b4f0888c5387c6140fe5cec961d4f5
08462.HK,sina,stock_hk_daily,qfq,ohlc_logic_error,upstream_raw_inconsistency_propagated_by_adjustment,2021-06-29,OHLC violates the inclusive daily price envelope,high_lt_close,0.0,0.0,0.0,0.32,5000.0,78cddc46-4b2a-4ebe-9065-1e54e3dff522,data/raw/stage17/equity_daily/run_id=78cddc46-4b2a-4ebe-9065-1e54e3dff522/market=HK/symbol=08462.HK/adjust=qfq/source=sina/data.parquet,3e0c6f7fe52d734cf4c9734a27ead3f921b4f0888c5387c6140fe5cec961d4f5
08462.HK,sina,stock_hk_daily,qfq,ohlc_logic_error,upstream_raw_inconsistency_propagated_by_adjustment,2021-08-25,OHLC violates the inclusive daily price envelope,low_gt_close,0.43,0.43,0.385,0.37,430000.0,78cddc46-4b2a-4ebe-9065-1e54e3dff522,data/raw/stage17/equity_daily/run_id=78cddc46-4b2a-4ebe-9065-1e54e3dff522/market=HK/symbol=08462.HK/adjust=qfq/source=sina/data.parquet,3e0c6f7fe52d734cf4c9734a27ead3f921b4f0888c5387c6140fe5cec961d4f5
08462.HK,sina,stock_hk_daily,qfq,ohlc_logic_error,upstream_raw_inconsistency_propagated_by_adjustment,2021-09-27,OHLC violates the inclusive daily price envelope,high_lt_close,0.0,0.0,0.0,0.26,0.0,78cddc46-4b2a-4ebe-9065-1e54e3dff522,data/raw/stage17/equity_daily/run_id=78cddc46-4b2a-4ebe-9065-1e54e3dff522/market=HK/symbol=08462.HK/adjust=qfq/source=sina/data.parquet,3e0c6f7fe52d734cf4c9734a27ead3f921b4f0888c5387c6140fe5cec961d4f5
08462.HK,sina,stock_hk_daily,qfq,ohlc_logic_error,upstream_raw_inconsistency_propagated_by_adjustment,2021-09-29,OHLC violates the inclusive daily price envelope,high_lt_close,0.0,0.0,0.0,0.285,0.0,78cddc46-4b2a-4ebe-9065-1e54e3dff522,data/raw/stage17/equity_daily/run_id=78cddc46-4b2a-4ebe-9065-1e54e3dff522/market=HK/symbol=08462.HK/adjust=qfq/source=sina/data.parquet,3e0c6f7fe52d734cf4c9734a27ead3f921b4f0888c5387c6140fe5cec961d4f5
08462.HK,sina,stock_hk_daily,qfq,ohlc_logic_error,upstream_raw_inconsistency_propagated_by_adjustment,2021-09-30,OHLC violates the inclusive daily price envelope,high_lt_close,0.0,0.0,0.0,0.285,0.0,78cddc46-4b2a-4ebe-9065-1e54e3dff522,data/raw/stage17/equity_daily/run_id=78cddc46-4b2a-4ebe-9065-1e54e3dff522/market=HK/symbol=08462.HK/adjust=qfq/source=sina/data.parquet,3e0c6f7fe52d734cf4c9734a27ead3f921b4f0888c5387c6140fe5cec961d4f5
08462.HK,sina,stock_hk_daily,qfq,ohlc_logic_error,upstream_raw_inconsistency_propagated_by_adjustment,2021-10-05,OHLC violates the inclusive daily price envelope,high_lt_close,0.0,0.0,0.0,0.285,0.0,78cddc46-4b2a-4ebe-9065-1e54e3dff522,data/raw/stage17/equity_daily/run_id=78cddc46-4b2a-4ebe-9065-1e54e3dff522/market=HK/symbol=08462.HK/adjust=qfq/source=sina/data.parquet,3e0c6f7fe52d734cf4c9734a27ead3f921b4f0888c5387c6140fe5cec961d4f5
08462.HK,sina,stock_hk_daily,qfq,ohlc_logic_error,upstream_raw_inconsistency_propagated_by_adjustment,2021-10-06,OHLC violates the inclusive daily price envelope,high_lt_close,0.0,0.0,0.0,0.28,0.0,78cddc46-4b2a-4ebe-9065-1e54e3dff522,data/raw/stage17/equity_daily/run_id=78cddc46-4b2a-4ebe-9065-1e54e3dff522/market=HK/symbol=08462.HK/adjust=qfq/source=sina/data.parquet,3e0c6f7fe52d734cf4c9734a27ead3f921b4f0888c5387c6140fe5cec961d4f5
08462.HK,sina,stock_hk_daily,qfq,ohlc_logic_error,upstream_raw_inconsistency_propagated_by_adjustment,2021-10-19,OHLC violates the inclusive daily price envelope,low_gt_close,0.28,0.28,0.28,0.275,60000.0,78cddc46-4b2a-4ebe-9065-1e54e3dff522,data/raw/stage17/equity_daily/run_id=78cddc46-4b2a-4ebe-9065-1e54e3dff522/market=HK/symbol=08462.HK/adjust=qfq/source=sina/data.parquet,3e0c6f7fe52d734cf4c9734a27ead3f921b4f0888c5387c6140fe5cec961d4f5
08462.HK,sina,stock_hk_daily,qfq,ohlc_logic_error,upstream_raw_inconsistency_propagated_by_adjustment,2021-10-28,OHLC violates the inclusive daily price envelope,high_lt_close,0.0,0.0,0.0,0.249,0.0,78cddc46-4b2a-4ebe-9065-1e54e3dff522,data/raw/stage17/equity_daily/run_id=78cddc46-4b2a-4ebe-9065-1e54e3dff522/market=HK/symbol=08462.HK/adjust=qfq/source=sina/data.parquet,3e0c6f7fe52d734cf4c9734a27ead3f921b4f0888c5387c6140fe5cec961d4f5
08462.HK,sina,stock_hk_daily,qfq,ohlc_logic_error,upstream_raw_inconsistency_propagated_by_adjustment,2021-11-01,OHLC violates the inclusive daily price envelope,low_gt_close,0.285,0.285,0.285,0.28,10000.0,78cddc46-4b2a-4ebe-9065-1e54e3dff522,data/raw/stage17/equity_daily/run_id=78cddc46-4b2a-4ebe-9065-1e54e3dff522/market=HK/symbol=08462.HK/adjust=qfq/source=sina/data.parquet,3e0c6f7fe52d734cf4c9734a27ead3f921b4f0888c5387c6140fe5cec961d4f5
08462.HK,sina,stock_hk_daily,qfq,ohlc_logic_error,upstream_raw_inconsistency_propagated_by_adjustment,2021-11-09,OHLC violates the inclusive daily price envelope,high_lt_close,0.0,0.0,0.0,0.245,0.0,78cddc46-4b2a-4ebe-9065-1e54e3dff522,data/raw/stage17/equity_daily/run_id=78cddc46-4b2a-4ebe-9065-1e54e3dff522/market=HK/symbol=08462.HK/adjust=qfq/source=sina/data.parquet,3e0c6f7fe52d734cf4c9734a27ead3f921b4f0888c5387c6140fe5cec961d4f5
08462.HK,sina,stock_hk_daily,qfq,ohlc_logic_error,upstream_raw_inconsistency_propagated_by_adjustment,2021-11-23,OHLC violates the inclusive daily price envelope,low_gt_close,0.199,0.199,0.198,0.196,70000.0,78cddc46-4b2a-4ebe-9065-1e54e3dff522,data/raw/stage17/equity_daily/run_id=78cddc46-4b2a-4ebe-9065-1e54e3dff522/market=HK/symbol=08462.HK/adjust=qfq/source=sina/data.parquet,3e0c6f7fe52d734cf4c9734a27ead3f921b4f0888c5387c6140fe5cec961d4f5
08462.HK,sina,stock_hk_daily,qfq,ohlc_logic_error,upstream_raw_inconsistency_propagated_by_adjustment,2021-12-16,OHLC violates the inclusive daily price envelope,high_lt_close,0.155,0.155,0.155,0.16,25000.0,78cddc46-4b2a-4ebe-9065-1e54e3dff522,data/raw/stage17/equity_daily/run_id=78cddc46-4b2a-4ebe-9065-1e54e3dff522/market=HK/symbol=08462.HK/adjust=qfq/source=sina/data.parquet,3e0c6f7fe52d734cf4c9734a27ead3f921b4f0888c5387c6140fe5cec961d4f5
08462.HK,sina,stock_hk_daily,qfq,ohlc_logic_error,upstream_raw_inconsistency_propagated_by_adjustment,2021-12-22,OHLC violates the inclusive daily price envelope,low_gt_close,0.167,0.167,0.167,0.166,125000.0,78cddc46-4b2a-4ebe-9065-1e54e3dff522,data/raw/stage17/equity_daily/run_id=78cddc46-4b2a-4ebe-9065-1e54e3dff522/market=HK/symbol=08462.HK/adjust=qfq/source=sina/data.parquet,3e0c6f7fe52d734cf4c9734a27ead3f921b4f0888c5387c6140fe5cec961d4f5
08462.HK,sina,stock_hk_daily,qfq,ohlc_logic_error,upstream_raw_inconsistency_propagated_by_adjustment,2022-04-08,OHLC violates the inclusive daily price envelope,low_gt_close,0.15,0.159,0.14,0.138,560000.0,78cddc46-4b2a-4ebe-9065-1e54e3dff522,data/raw/stage17/equity_daily/run_id=78cddc46-4b2a-4ebe-9065-1e54e3dff522/market=HK/symbol=08462.HK/adjust=qfq/source=sina/data.parquet,3e0c6f7fe52d734cf4c9734a27ead3f921b4f0888c5387c6140fe5cec961d4f5
08462.HK,sina,stock_hk_daily,qfq,ohlc_logic_error,upstream_raw_inconsistency_propagated_by_adjustment,2022-04-27,OHLC violates the inclusive daily price envelope,high_lt_close,0.122,0.122,0.122,0.13,40000.0,78cddc46-4b2a-4ebe-9065-1e54e3dff522,data/raw/stage17/equity_daily/run_id=78cddc46-4b2a-4ebe-9065-1e54e3dff522/market=HK/symbol=08462.HK/adjust=qfq/source=sina/data.parquet,3e0c6f7fe52d734cf4c9734a27ead3f921b4f0888c5387c6140fe5cec961d4f5
08462.HK,sina,stock_hk_daily,qfq,ohlc_logic_error,upstream_raw_inconsistency_propagated_by_adjustment,2022-06-16,OHLC violates the inclusive daily price envelope,high_lt_close,0.142,0.142,0.142,0.145,335000.0,78cddc46-4b2a-4ebe-9065-1e54e3dff522,data/raw/stage17/equity_daily/run_id=78cddc46-4b2a-4ebe-9065-1e54e3dff522/market=HK/symbol=08462.HK/adjust=qfq/source=sina/data.parquet,3e0c6f7fe52d734cf4c9734a27ead3f921b4f0888c5387c6140fe5cec961d4f5
08462.HK,sina,stock_hk_daily,qfq,ohlc_logic_error,upstream_raw_inconsistency_propagated_by_adjustment,2022-06-17,OHLC violates the inclusive daily price envelope,high_lt_close,0.14,0.14,0.14,0.141,20000.0,78cddc46-4b2a-4ebe-9065-1e54e3dff522,data/raw/stage17/equity_daily/run_id=78cddc46-4b2a-4ebe-9065-1e54e3dff522/market=HK/symbol=08462.HK/adjust=qfq/source=sina/data.parquet,3e0c6f7fe52d734cf4c9734a27ead3f921b4f0888c5387c6140fe5cec961d4f5
08462.HK,sina,stock_hk_daily,qfq,ohlc_logic_error,upstream_raw_inconsistency_propagated_by_adjustment,2022-07-07,OHLC violates the inclusive daily price envelope,high_lt_close,0.123,0.123,0.123,0.124,15000.0,78cddc46-4b2a-4ebe-9065-1e54e3dff522,data/raw/stage17/equity_daily/run_id=78cddc46-4b2a-4ebe-9065-1e54e3dff522/market=HK/symbol=08462.HK/adjust=qfq/source=sina/data.parquet,3e0c6f7fe52d734cf4c9734a27ead3f921b4f0888c5387c6140fe5cec961d4f5
08462.HK,sina,stock_hk_daily,qfq,ohlc_logic_error,upstream_raw_inconsistency_propagated_by_adjustment,2022-10-18,OHLC violates the inclusive daily price envelope,high_lt_close,0.059,0.059,0.059,0.06,45000.0,78cddc46-4b2a-4ebe-9065-1e54e3dff522,data/raw/stage17/equity_daily/run_id=78cddc46-4b2a-4ebe-9065-1e54e3dff522/market=HK/symbol=08462.HK/adjust=qfq/source=sina/data.parquet,3e0c6f7fe52d734cf4c9734a27ead3f921b4f0888c5387c6140fe5cec961d4f5
08462.HK,sina,stock_hk_daily,qfq,ohlc_logic_error,upstream_raw_inconsistency_propagated_by_adjustment,2022-10-26,OHLC violates the inclusive daily price envelope,high_lt_close,0.056,0.056,0.056,0.06,10000.0,78cddc46-4b2a-4ebe-9065-1e54e3dff522,data/raw/stage17/equity_daily/run_id=78cddc46-4b2a-4ebe-9065-1e54e3dff522/market=HK/symbol=08462.HK/adjust=qfq/source=sina/data.parquet,3e0c6f7fe52d734cf4c9734a27ead3f921b4f0888c5387c6140fe5cec961d4f5
08462.HK,sina,stock_hk_daily,qfq,ohlc_logic_error,upstream_raw_inconsistency_propagated_by_adjustment,2023-02-21,OHLC violates the inclusive daily price envelope,high_lt_close,0.048,0.048,0.048,0.049,10000.0,78cddc46-4b2a-4ebe-9065-1e54e3dff522,data/raw/stage17/equity_daily/run_id=78cddc46-4b2a-4ebe-9065-1e54e3dff522/market=HK/symbol=08462.HK/adjust=qfq/source=sina/data.parquet,3e0c6f7fe52d734cf4c9734a27ead3f921b4f0888c5387c6140fe5cec961d4f5
08462.HK,sina,stock_hk_daily,qfq,ohlc_logic_error,upstream_raw_inconsistency_propagated_by_adjustment,2023-03-16,OHLC violates the inclusive daily price envelope,high_lt_close,0.046,0.046,0.046,0.047,35000.0,78cddc46-4b2a-4ebe-9065-1e54e3dff522,data/raw/stage17/equity_daily/run_id=78cddc46-4b2a-4ebe-9065-1e54e3dff522/market=HK/symbol=08462.HK/adjust=qfq/source=sina/data.parquet,3e0c6f7fe52d734cf4c9734a27ead3f921b4f0888c5387c6140fe5cec961d4f5
08462.HK,sina,stock_hk_daily,qfq,ohlc_logic_error,upstream_raw_inconsistency_propagated_by_adjustment,2023-04-21,OHLC violates the inclusive daily price envelope,low_gt_close,0.062,0.062,0.062,0.059,5000.0,78cddc46-4b2a-4ebe-9065-1e54e3dff522,data/raw/stage17/equity_daily/run_id=78cddc46-4b2a-4ebe-9065-1e54e3dff522/market=HK/symbol=08462.HK/adjust=qfq/source=sina/data.parquet,3e0c6f7fe52d734cf4c9734a27ead3f921b4f0888c5387c6140fe5cec961d4f5
08462.HK,sina,stock_hk_daily,qfq,ohlc_logic_error,upstream_raw_inconsistency_propagated_by_adjustment,2023-07-03,OHLC violates the inclusive daily price envelope,high_lt_close,0.058,0.06,0.058,0.062,420000.0,78cddc46-4b2a-4ebe-9065-1e54e3dff522,data/raw/stage17/equity_daily/run_id=78cddc46-4b2a-4ebe-9065-1e54e3dff522/market=HK/symbol=08462.HK/adjust=qfq/source=sina/data.parquet,3e0c6f7fe52d734cf4c9734a27ead3f921b4f0888c5387c6140fe5cec961d4f5
08462.HK,sina,stock_hk_daily,qfq,ohlc_logic_error,upstream_raw_inconsistency_propagated_by_adjustment,2023-07-06,OHLC violates the inclusive daily price envelope,high_lt_close,0.061,0.062,0.061,0.07,230000.0,78cddc46-4b2a-4ebe-9065-1e54e3dff522,data/raw/stage17/equity_daily/run_id=78cddc46-4b2a-4ebe-9065-1e54e3dff522/market=HK/symbol=08462.HK/adjust=qfq/source=sina/data.parquet,3e0c6f7fe52d734cf4c9734a27ead3f921b4f0888c5387c6140fe5cec961d4f5
08462.HK,sina,stock_hk_daily,qfq,ohlc_logic_error,upstream_raw_inconsistency_propagated_by_adjustment,2023-08-15,OHLC violates the inclusive daily price envelope,low_gt_close,0.063,0.063,0.063,0.06,560000.0,78cddc46-4b2a-4ebe-9065-1e54e3dff522,data/raw/stage17/equity_daily/run_id=78cddc46-4b2a-4ebe-9065-1e54e3dff522/market=HK/symbol=08462.HK/adjust=qfq/source=sina/data.parquet,3e0c6f7fe52d734cf4c9734a27ead3f921b4f0888c5387c6140fe5cec961d4f5
08462.HK,sina,stock_hk_daily,qfq,ohlc_logic_error,upstream_raw_inconsistency_propagated_by_adjustment,2023-08-17,OHLC violates the inclusive daily price envelope,low_gt_close,0.077,0.077,0.077,0.068,5000.0,78cddc46-4b2a-4ebe-9065-1e54e3dff522,data/raw/stage17/equity_daily/run_id=78cddc46-4b2a-4ebe-9065-1e54e3dff522/market=HK/symbol=08462.HK/adjust=qfq/source=sina/data.parquet,3e0c6f7fe52d734cf4c9734a27ead3f921b4f0888c5387c6140fe5cec961d4f5
08462.HK,sina,stock_hk_daily,qfq,ohlc_logic_error,upstream_raw_inconsistency_propagated_by_adjustment,2023-08-18,OHLC violates the inclusive daily price envelope,low_gt_close,0.069,0.069,0.069,0.068,70000.0,78cddc46-4b2a-4ebe-9065-1e54e3dff522,data/raw/stage17/equity_daily/run_id=78cddc46-4b2a-4ebe-9065-1e54e3dff522/market=HK/symbol=08462.HK/adjust=qfq/source=sina/data.parquet,3e0c6f7fe52d734cf4c9734a27ead3f921b4f0888c5387c6140fe5cec961d4f5
08462.HK,sina,stock_hk_daily,qfq,ohlc_logic_error,upstream_raw_inconsistency_propagated_by_adjustment,2023-08-28,OHLC violates the inclusive daily price envelope,high_lt_close,0.058,0.059,0.058,0.06,110000.0,78cddc46-4b2a-4ebe-9065-1e54e3dff522,data/raw/stage17/equity_daily/run_id=78cddc46-4b2a-4ebe-9065-1e54e3dff522/market=HK/symbol=08462.HK/adjust=qfq/source=sina/data.parquet,3e0c6f7fe52d734cf4c9734a27ead3f921b4f0888c5387c6140fe5cec961d4f5
08462.HK,sina,stock_hk_daily,qfq,ohlc_logic_error,upstream_raw_inconsistency_propagated_by_adjustment,2023-09-25,OHLC violates the inclusive daily price envelope,high_lt_close,0.06,0.061,0.06,0.062,45000.0,78cddc46-4b2a-4ebe-9065-1e54e3dff522,data/raw/stage17/equity_daily/run_id=78cddc46-4b2a-4ebe-9065-1e54e3dff522/market=HK/symbol=08462.HK/adjust=qfq/source=sina/data.parquet,3e0c6f7fe52d734cf4c9734a27ead3f921b4f0888c5387c6140fe5cec961d4f5
08462.HK,sina,stock_hk_daily,qfq,ohlc_logic_error,upstream_raw_inconsistency_propagated_by_adjustment,2023-11-28,OHLC violates the inclusive daily price envelope,high_lt_close,0.053,0.053,0.053,0.054,85000.0,78cddc46-4b2a-4ebe-9065-1e54e3dff522,data/raw/stage17/equity_daily/run_id=78cddc46-4b2a-4ebe-9065-1e54e3dff522/market=HK/symbol=08462.HK/adjust=qfq/source=sina/data.parquet,3e0c6f7fe52d734cf4c9734a27ead3f921b4f0888c5387c6140fe5cec961d4f5
08462.HK,sina,stock_hk_daily,qfq,ohlc_logic_error,upstream_raw_inconsistency_propagated_by_adjustment,2023-12-11,OHLC violates the inclusive daily price envelope,high_lt_close,0.053,0.053,0.053,0.054,100000.0,78cddc46-4b2a-4ebe-9065-1e54e3dff522,data/raw/stage17/equity_daily/run_id=78cddc46-4b2a-4ebe-9065-1e54e3dff522/market=HK/symbol=08462.HK/adjust=qfq/source=sina/data.parquet,3e0c6f7fe52d734cf4c9734a27ead3f921b4f0888c5387c6140fe5cec961d4f5
08462.HK,sina,stock_hk_daily,qfq,ohlc_logic_error,upstream_raw_inconsistency_propagated_by_adjustment,2023-12-15,OHLC violates the inclusive daily price envelope,high_lt_close,0.056,0.056,0.053,0.058,25000.0,78cddc46-4b2a-4ebe-9065-1e54e3dff522,data/raw/stage17/equity_daily/run_id=78cddc46-4b2a-4ebe-9065-1e54e3dff522/market=HK/symbol=08462.HK/adjust=qfq/source=sina/data.parquet,3e0c6f7fe52d734cf4c9734a27ead3f921b4f0888c5387c6140fe5cec961d4f5
08462.HK,sina,stock_hk_daily,qfq,ohlc_logic_error,upstream_raw_inconsistency_propagated_by_adjustment,2024-01-17,OHLC violates the inclusive daily price envelope,low_gt_close,0.079,0.079,0.079,0.078,40000.0,78cddc46-4b2a-4ebe-9065-1e54e3dff522,data/raw/stage17/equity_daily/run_id=78cddc46-4b2a-4ebe-9065-1e54e3dff522/market=HK/symbol=08462.HK/adjust=qfq/source=sina/data.parquet,3e0c6f7fe52d734cf4c9734a27ead3f921b4f0888c5387c6140fe5cec961d4f5
08462.HK,sina,stock_hk_daily,qfq,ohlc_logic_error,upstream_raw_inconsistency_propagated_by_adjustment,2024-03-15,OHLC violates the inclusive daily price envelope,high_lt_close,0.065,0.065,0.065,0.066,80000.0,78cddc46-4b2a-4ebe-9065-1e54e3dff522,data/raw/stage17/equity_daily/run_id=78cddc46-4b2a-4ebe-9065-1e54e3dff522/market=HK/symbol=08462.HK/adjust=qfq/source=sina/data.parquet,3e0c6f7fe52d734cf4c9734a27ead3f921b4f0888c5387c6140fe5cec961d4f5
08462.HK,sina,stock_hk_daily,qfq,ohlc_logic_error,upstream_raw_inconsistency_propagated_by_adjustment,2024-05-14,OHLC violates the inclusive daily price envelope,high_lt_close,0.08,0.081,0.08,0.082,135000.0,78cddc46-4b2a-4ebe-9065-1e54e3dff522,data/raw/stage17/equity_daily/run_id=78cddc46-4b2a-4ebe-9065-1e54e3dff522/market=HK/symbol=08462.HK/adjust=qfq/source=sina/data.parquet,3e0c6f7fe52d734cf4c9734a27ead3f921b4f0888c5387c6140fe5cec961d4f5
08462.HK,sina,stock_hk_daily,qfq,ohlc_logic_error,upstream_raw_inconsistency_propagated_by_adjustment,2024-05-29,OHLC violates the inclusive daily price envelope,high_lt_close,0.087,0.087,0.087,0.088,35000.0,78cddc46-4b2a-4ebe-9065-1e54e3dff522,data/raw/stage17/equity_daily/run_id=78cddc46-4b2a-4ebe-9065-1e54e3dff522/market=HK/symbol=08462.HK/adjust=qfq/source=sina/data.parquet,3e0c6f7fe52d734cf4c9734a27ead3f921b4f0888c5387c6140fe5cec961d4f5
08462.HK,sina,stock_hk_daily,qfq,ohlc_logic_error,upstream_raw_inconsistency_propagated_by_adjustment,2024-06-05,OHLC violates the inclusive daily price envelope,high_lt_close,0.087,0.087,0.087,0.088,295000.0,78cddc46-4b2a-4ebe-9065-1e54e3dff522,data/raw/stage17/equity_daily/run_id=78cddc46-4b2a-4ebe-9065-1e54e3dff522/market=HK/symbol=08462.HK/adjust=qfq/source=sina/data.parquet,3e0c6f7fe52d734cf4c9734a27ead3f921b4f0888c5387c6140fe5cec961d4f5
08462.HK,sina,stock_hk_daily,qfq,ohlc_logic_error,upstream_raw_inconsistency_propagated_by_adjustment,2024-06-11,OHLC violates the inclusive daily price envelope,low_gt_close,0.091,0.091,0.091,0.09,100000.0,78cddc46-4b2a-4ebe-9065-1e54e3dff522,data/raw/stage17/equity_daily/run_id=78cddc46-4b2a-4ebe-9065-1e54e3dff522/market=HK/symbol=08462.HK/adjust=qfq/source=sina/data.parquet,3e0c6f7fe52d734cf4c9734a27ead3f921b4f0888c5387c6140fe5cec961d4f5
08462.HK,sina,stock_hk_daily,qfq,ohlc_logic_error,upstream_raw_inconsistency_propagated_by_adjustment,2024-06-17,OHLC violates the inclusive daily price envelope,low_gt_close,0.077,0.077,0.077,0.076,100000.0,78cddc46-4b2a-4ebe-9065-1e54e3dff522,data/raw/stage17/equity_daily/run_id=78cddc46-4b2a-4ebe-9065-1e54e3dff522/market=HK/symbol=08462.HK/adjust=qfq/source=sina/data.parquet,3e0c6f7fe52d734cf4c9734a27ead3f921b4f0888c5387c6140fe5cec961d4f5
08462.HK,sina,stock_hk_daily,qfq,ohlc_logic_error,upstream_raw_inconsistency_propagated_by_adjustment,2024-06-21,OHLC violates the inclusive daily price envelope,high_lt_close,0.076,0.076,0.076,0.079,10000.0,78cddc46-4b2a-4ebe-9065-1e54e3dff522,data/raw/stage17/equity_daily/run_id=78cddc46-4b2a-4ebe-9065-1e54e3dff522/market=HK/symbol=08462.HK/adjust=qfq/source=sina/data.parquet,3e0c6f7fe52d734cf4c9734a27ead3f921b4f0888c5387c6140fe5cec961d4f5
08462.HK,sina,stock_hk_daily,qfq,ohlc_logic_error,upstream_raw_inconsistency_propagated_by_adjustment,2024-06-25,OHLC violates the inclusive daily price envelope,high_lt_close,0.076,0.082,0.076,0.085,180000.0,78cddc46-4b2a-4ebe-9065-1e54e3dff522,data/raw/stage17/equity_daily/run_id=78cddc46-4b2a-4ebe-9065-1e54e3dff522/market=HK/symbol=08462.HK/adjust=qfq/source=sina/data.parquet,3e0c6f7fe52d734cf4c9734a27ead3f921b4f0888c5387c6140fe5cec961d4f5
08462.HK,sina,stock_hk_daily,qfq,ohlc_logic_error,upstream_raw_inconsistency_propagated_by_adjustment,2024-07-03,OHLC violates the inclusive daily price envelope,high_lt_close,0.082,0.082,0.081,0.085,190000.0,78cddc46-4b2a-4ebe-9065-1e54e3dff522,data/raw/stage17/equity_daily/run_id=78cddc46-4b2a-4ebe-9065-1e54e3dff522/market=HK/symbol=08462.HK/adjust=qfq/source=sina/data.parquet,3e0c6f7fe52d734cf4c9734a27ead3f921b4f0888c5387c6140fe5cec961d4f5
08462.HK,sina,stock_hk_daily,qfq,ohlc_logic_error,upstream_raw_inconsistency_propagated_by_adjustment,2024-07-17,OHLC violates the inclusive daily price envelope,high_lt_close,0.087,0.087,0.087,0.09,40000.0,78cddc46-4b2a-4ebe-9065-1e54e3dff522,data/raw/stage17/equity_daily/run_id=78cddc46-4b2a-4ebe-9065-1e54e3dff522/market=HK/symbol=08462.HK/adjust=qfq/source=sina/data.parquet,3e0c6f7fe52d734cf4c9734a27ead3f921b4f0888c5387c6140fe5cec961d4f5
08462.HK,sina,stock_hk_daily,qfq,ohlc_logic_error,upstream_raw_inconsistency_propagated_by_adjustment,2024-09-27,OHLC violates the inclusive daily price envelope,low_gt_close,0.094,0.094,0.091,0.09,60000.0,78cddc46-4b2a-4ebe-9065-1e54e3dff522,data/raw/stage17/equity_daily/run_id=78cddc46-4b2a-4ebe-9065-1e54e3dff522/market=HK/symbol=08462.HK/adjust=qfq/source=sina/data.parquet,3e0c6f7fe52d734cf4c9734a27ead3f921b4f0888c5387c6140fe5cec961d4f5
08462.HK,sina,stock_hk_daily,qfq,ohlc_logic_error,upstream_raw_inconsistency_propagated_by_adjustment,2024-10-04,OHLC violates the inclusive daily price envelope,high_lt_close,0.077,0.077,0.077,0.078,10000.0,78cddc46-4b2a-4ebe-9065-1e54e3dff522,data/raw/stage17/equity_daily/run_id=78cddc46-4b2a-4ebe-9065-1e54e3dff522/market=HK/symbol=08462.HK/adjust=qfq/source=sina/data.parquet,3e0c6f7fe52d734cf4c9734a27ead3f921b4f0888c5387c6140fe5cec961d4f5
08462.HK,sina,stock_hk_daily,qfq,ohlc_logic_error,upstream_raw_inconsistency_propagated_by_adjustment,2024-10-23,OHLC violates the inclusive daily price envelope,high_lt_close,0.08,0.084,0.08,0.085,75000.0,78cddc46-4b2a-4ebe-9065-1e54e3dff522,data/raw/stage17/equity_daily/run_id=78cddc46-4b2a-4ebe-9065-1e54e3dff522/market=HK/symbol=08462.HK/adjust=qfq/source=sina/data.parquet,3e0c6f7fe52d734cf4c9734a27ead3f921b4f0888c5387c6140fe5cec961d4f5
08462.HK,sina,stock_hk_daily,qfq,ohlc_logic_error,upstream_raw_inconsistency_propagated_by_adjustment,2025-01-17,OHLC violates the inclusive daily price envelope,high_lt_close,0.066,0.066,0.066,0.067,270000.0,78cddc46-4b2a-4ebe-9065-1e54e3dff522,data/raw/stage17/equity_daily/run_id=78cddc46-4b2a-4ebe-9065-1e54e3dff522/market=HK/symbol=08462.HK/adjust=qfq/source=sina/data.parquet,3e0c6f7fe52d734cf4c9734a27ead3f921b4f0888c5387c6140fe5cec961d4f5
08462.HK,sina,stock_hk_daily,qfq,ohlc_logic_error,upstream_raw_inconsistency_propagated_by_adjustment,2025-03-03,OHLC violates the inclusive daily price envelope,high_lt_close,0.073,0.073,0.073,0.074,130000.0,78cddc46-4b2a-4ebe-9065-1e54e3dff522,data/raw/stage17/equity_daily/run_id=78cddc46-4b2a-4ebe-9065-1e54e3dff522/market=HK/symbol=08462.HK/adjust=qfq/source=sina/data.parquet,3e0c6f7fe52d734cf4c9734a27ead3f921b4f0888c5387c6140fe5cec961d4f5
08462.HK,sina,stock_hk_daily,qfq,ohlc_logic_error,upstream_raw_inconsistency_propagated_by_adjustment,2025-03-28,OHLC violates the inclusive daily price envelope,high_lt_close,0.091,0.091,0.09,0.092,130000.0,78cddc46-4b2a-4ebe-9065-1e54e3dff522,data/raw/stage17/equity_daily/run_id=78cddc46-4b2a-4ebe-9065-1e54e3dff522/market=HK/symbol=08462.HK/adjust=qfq/source=sina/data.parquet,3e0c6f7fe52d734cf4c9734a27ead3f921b4f0888c5387c6140fe5cec961d4f5
08462.HK,sina,stock_hk_daily,qfq,ohlc_logic_error,upstream_raw_inconsistency_propagated_by_adjustment,2025-07-04,OHLC violates the inclusive daily price envelope,high_lt_close,0.084,0.084,0.084,0.085,10000.0,78cddc46-4b2a-4ebe-9065-1e54e3dff522,data/raw/stage17/equity_daily/run_id=78cddc46-4b2a-4ebe-9065-1e54e3dff522/market=HK/symbol=08462.HK/adjust=qfq/source=sina/data.parquet,3e0c6f7fe52d734cf4c9734a27ead3f921b4f0888c5387c6140fe5cec961d4f5
08462.HK,sina,stock_hk_daily,qfq,ohlc_logic_error,upstream_raw_inconsistency_propagated_by_adjustment,2025-07-07,OHLC violates the inclusive daily price envelope,low_gt_close,0.091,0.091,0.091,0.09,115000.0,78cddc46-4b2a-4ebe-9065-1e54e3dff522,data/raw/stage17/equity_daily/run_id=78cddc46-4b2a-4ebe-9065-1e54e3dff522/market=HK/symbol=08462.HK/adjust=qfq/source=sina/data.parquet,3e0c6f7fe52d734cf4c9734a27ead3f921b4f0888c5387c6140fe5cec961d4f5
08462.HK,sina,stock_hk_daily,qfq,ohlc_logic_error,upstream_raw_inconsistency_propagated_by_adjustment,2026-01-05,OHLC violates the inclusive daily price envelope,high_lt_close,0.08,0.08,0.08,0.081,75000.0,78cddc46-4b2a-4ebe-9065-1e54e3dff522,data/raw/stage17/equity_daily/run_id=78cddc46-4b2a-4ebe-9065-1e54e3dff522/market=HK/symbol=08462.HK/adjust=qfq/source=sina/data.parquet,3e0c6f7fe52d734cf4c9734a27ead3f921b4f0888c5387c6140fe5cec961d4f5
08462.HK,sina,stock_hk_daily,qfq,ohlc_logic_error,upstream_raw_inconsistency_propagated_by_adjustment,2026-02-06,OHLC violates the inclusive daily price envelope,low_gt_close,0.087,0.087,0.087,0.085,25000.0,78cddc46-4b2a-4ebe-9065-1e54e3dff522,data/raw/stage17/equity_daily/run_id=78cddc46-4b2a-4ebe-9065-1e54e3dff522/market=HK/symbol=08462.HK/adjust=qfq/source=sina/data.parquet,3e0c6f7fe52d734cf4c9734a27ead3f921b4f0888c5387c6140fe5cec961d4f5
08462.HK,sina,stock_hk_daily,qfq,ohlc_logic_error,upstream_raw_inconsistency_propagated_by_adjustment,2026-02-24,OHLC violates the inclusive daily price envelope,low_gt_close,0.103,0.103,0.103,0.102,50000.0,78cddc46-4b2a-4ebe-9065-1e54e3dff522,data/raw/stage17/equity_daily/run_id=78cddc46-4b2a-4ebe-9065-1e54e3dff522/market=HK/symbol=08462.HK/adjust=qfq/source=sina/data.parquet,3e0c6f7fe52d734cf4c9734a27ead3f921b4f0888c5387c6140fe5cec961d4f5
08462.HK,sina,stock_hk_daily,qfq,ohlc_logic_error,upstream_raw_inconsistency_propagated_by_adjustment,2026-03-11,OHLC violates the inclusive daily price envelope,high_lt_close,0.078,0.078,0.078,0.08,30000.0,78cddc46-4b2a-4ebe-9065-1e54e3dff522,data/raw/stage17/equity_daily/run_id=78cddc46-4b2a-4ebe-9065-1e54e3dff522/market=HK/symbol=08462.HK/adjust=qfq/source=sina/data.parquet,3e0c6f7fe52d734cf4c9734a27ead3f921b4f0888c5387c6140fe5cec961d4f5
08462.HK,sina,stock_hk_daily,qfq,ohlc_logic_error,upstream_raw_inconsistency_propagated_by_adjustment,2026-03-16,OHLC violates the inclusive daily price envelope,high_lt_close,0.078,0.078,0.078,0.079,50000.0,78cddc46-4b2a-4ebe-9065-1e54e3dff522,data/raw/stage17/equity_daily/run_id=78cddc46-4b2a-4ebe-9065-1e54e3dff522/market=HK/symbol=08462.HK/adjust=qfq/source=sina/data.parquet,3e0c6f7fe52d734cf4c9734a27ead3f921b4f0888c5387c6140fe5cec961d4f5
08462.HK,sina,stock_hk_daily,qfq,ohlc_logic_error,upstream_raw_inconsistency_propagated_by_adjustment,2026-04-21,OHLC violates the inclusive daily price envelope,high_lt_close,0.064,0.064,0.064,0.066,120000.0,78cddc46-4b2a-4ebe-9065-1e54e3dff522,data/raw/stage17/equity_daily/run_id=78cddc46-4b2a-4ebe-9065-1e54e3dff522/market=HK/symbol=08462.HK/adjust=qfq/source=sina/data.parquet,3e0c6f7fe52d734cf4c9734a27ead3f921b4f0888c5387c6140fe5cec961d4f5
08462.HK,sina,stock_hk_daily,qfq,ohlc_logic_error,upstream_raw_inconsistency_propagated_by_adjustment,2026-05-04,OHLC violates the inclusive daily price envelope,high_lt_close,0.056,0.056,0.056,0.06,60000.0,78cddc46-4b2a-4ebe-9065-1e54e3dff522,data/raw/stage17/equity_daily/run_id=78cddc46-4b2a-4ebe-9065-1e54e3dff522/market=HK/symbol=08462.HK/adjust=qfq/source=sina/data.parquet,3e0c6f7fe52d734cf4c9734a27ead3f921b4f0888c5387c6140fe5cec961d4f5
08462.HK,sina,stock_hk_daily,qfq,ohlc_logic_error,upstream_raw_inconsistency_propagated_by_adjustment,2026-05-27,OHLC violates the inclusive daily price envelope,high_lt_close,0.094,0.094,0.094,0.095,35000.0,78cddc46-4b2a-4ebe-9065-1e54e3dff522,data/raw/stage17/equity_daily/run_id=78cddc46-4b2a-4ebe-9065-1e54e3dff522/market=HK/symbol=08462.HK/adjust=qfq/source=sina/data.parquet,3e0c6f7fe52d734cf4c9734a27ead3f921b4f0888c5387c6140fe5cec961d4f5
08462.HK,sina,stock_hk_daily,hfq,ohlc_logic_error,upstream_raw_inconsistency_propagated_by_adjustment,2018-09-26,OHLC violates the inclusive daily price envelope,high_lt_close,1.67,1.71,1.66,1.72,70000.0,78cddc46-4b2a-4ebe-9065-1e54e3dff522,data/raw/stage17/equity_daily/run_id=78cddc46-4b2a-4ebe-9065-1e54e3dff522/market=HK/symbol=08462.HK/adjust=hfq/source=sina/data.parquet,3e0c6f7fe52d734cf4c9734a27ead3f921b4f0888c5387c6140fe5cec961d4f5
08462.HK,sina,stock_hk_daily,hfq,ohlc_logic_error,upstream_raw_inconsistency_propagated_by_adjustment,2019-08-26,OHLC violates the inclusive daily price envelope,high_lt_close,0.3,0.305,0.3,0.31,45000.0,78cddc46-4b2a-4ebe-9065-1e54e3dff522,data/raw/stage17/equity_daily/run_id=78cddc46-4b2a-4ebe-9065-1e54e3dff522/market=HK/symbol=08462.HK/adjust=hfq/source=sina/data.parquet,3e0c6f7fe52d734cf4c9734a27ead3f921b4f0888c5387c6140fe5cec961d4f5
08462.HK,sina,stock_hk_daily,hfq,ohlc_logic_error,upstream_raw_inconsistency_propagated_by_adjustment,2019-08-30,OHLC violates the inclusive daily price envelope,high_lt_close,0.31,0.315,0.31,0.32,40000.0,78cddc46-4b2a-4ebe-9065-1e54e3dff522,data/raw/stage17/equity_daily/run_id=78cddc46-4b2a-4ebe-9065-1e54e3dff522/market=HK/symbol=08462.HK/adjust=hfq/source=sina/data.parquet,3e0c6f7fe52d734cf4c9734a27ead3f921b4f0888c5387c6140fe5cec961d4f5
08462.HK,sina,stock_hk_daily,hfq,ohlc_logic_error,upstream_raw_inconsistency_propagated_by_adjustment,2019-10-28,OHLC violates the inclusive daily price envelope,low_gt_close,0.46,0.5,0.46,0.44,10000.0,78cddc46-4b2a-4ebe-9065-1e54e3dff522,data/raw/stage17/equity_daily/run_id=78cddc46-4b2a-4ebe-9065-1e54e3dff522/market=HK/symbol=08462.HK/adjust=hfq/source=sina/data.parquet,3e0c6f7fe52d734cf4c9734a27ead3f921b4f0888c5387c6140fe5cec961d4f5
08462.HK,sina,stock_hk_daily,hfq,ohlc_logic_error,upstream_raw_inconsistency_propagated_by_adjustment,2019-11-26,OHLC violates the inclusive daily price envelope,high_lt_close,0.375,0.375,0.335,0.39,330000.0,78cddc46-4b2a-4ebe-9065-1e54e3dff522,data/raw/stage17/equity_daily/run_id=78cddc46-4b2a-4ebe-9065-1e54e3dff522/market=HK/symbol=08462.HK/adjust=hfq/source=sina/data.parquet,3e0c6f7fe52d734cf4c9734a27ead3f921b4f0888c5387c6140fe5cec961d4f5
08462.HK,sina,stock_hk_daily,hfq,ohlc_logic_error,upstream_raw_inconsistency_propagated_by_adjustment,2020-01-22,OHLC violates the inclusive daily price envelope,low_gt_close,0.32,0.32,0.32,0.31,100000.0,78cddc46-4b2a-4ebe-9065-1e54e3dff522,data/raw/stage17/equity_daily/run_id=78cddc46-4b2a-4ebe-9065-1e54e3dff522/market=HK/symbol=08462.HK/adjust=hfq/source=sina/data.parquet,3e0c6f7fe52d734cf4c9734a27ead3f921b4f0888c5387c6140fe5cec961d4f5
08462.HK,sina,stock_hk_daily,hfq,ohlc_logic_error,upstream_raw_inconsistency_propagated_by_adjustment,2020-04-08,OHLC violates the inclusive daily price envelope,low_gt_close,0.197,0.197,0.197,0.189,30000.0,78cddc46-4b2a-4ebe-9065-1e54e3dff522,data/raw/stage17/equity_daily/run_id=78cddc46-4b2a-4ebe-9065-1e54e3dff522/market=HK/symbol=08462.HK/adjust=hfq/source=sina/data.parquet,3e0c6f7fe52d734cf4c9734a27ead3f921b4f0888c5387c6140fe5cec961d4f5
08462.HK,sina,stock_hk_daily,hfq,ohlc_logic_error,upstream_raw_inconsistency_propagated_by_adjustment,2020-04-09,OHLC violates the inclusive daily price envelope,high_lt_close,0.18,0.18,0.18,0.198,10000.0,78cddc46-4b2a-4ebe-9065-1e54e3dff522,data/raw/stage17/equity_daily/run_id=78cddc46-4b2a-4ebe-9065-1e54e3dff522/market=HK/symbol=08462.HK/adjust=hfq/source=sina/data.parquet,3e0c6f7fe52d734cf4c9734a27ead3f921b4f0888c5387c6140fe5cec961d4f5
08462.HK,sina,stock_hk_daily,hfq,ohlc_logic_error,upstream_raw_inconsistency_propagated_by_adjustment,2020-11-26,OHLC violates the inclusive daily price envelope,low_gt_close,0.244,0.244,0.244,0.243,105000.0,78cddc46-4b2a-4ebe-9065-1e54e3dff522,data/raw/stage17/equity_daily/run_id=78cddc46-4b2a-4ebe-9065-1e54e3dff522/market=HK/symbol=08462.HK/adjust=hfq/source=sina/data.parquet,3e0c6f7fe52d734cf4c9734a27ead3f921b4f0888c5387c6140fe5cec961d4f5
08462.HK,sina,stock_hk_daily,hfq,ohlc_logic_error,upstream_raw_inconsistency_propagated_by_adjustment,2021-06-29,OHLC violates the inclusive daily price envelope,high_lt_close,0.0,0.0,0.0,0.32,5000.0,78cddc46-4b2a-4ebe-9065-1e54e3dff522,data/raw/stage17/equity_daily/run_id=78cddc46-4b2a-4ebe-9065-1e54e3dff522/market=HK/symbol=08462.HK/adjust=hfq/source=sina/data.parquet,3e0c6f7fe52d734cf4c9734a27ead3f921b4f0888c5387c6140fe5cec961d4f5
08462.HK,sina,stock_hk_daily,hfq,ohlc_logic_error,upstream_raw_inconsistency_propagated_by_adjustment,2021-08-25,OHLC violates the inclusive daily price envelope,low_gt_close,0.43,0.43,0.385,0.37,430000.0,78cddc46-4b2a-4ebe-9065-1e54e3dff522,data/raw/stage17/equity_daily/run_id=78cddc46-4b2a-4ebe-9065-1e54e3dff522/market=HK/symbol=08462.HK/adjust=hfq/source=sina/data.parquet,3e0c6f7fe52d734cf4c9734a27ead3f921b4f0888c5387c6140fe5cec961d4f5
08462.HK,sina,stock_hk_daily,hfq,ohlc_logic_error,upstream_raw_inconsistency_propagated_by_adjustment,2021-09-27,OHLC violates the inclusive daily price envelope,high_lt_close,0.0,0.0,0.0,0.26,0.0,78cddc46-4b2a-4ebe-9065-1e54e3dff522,data/raw/stage17/equity_daily/run_id=78cddc46-4b2a-4ebe-9065-1e54e3dff522/market=HK/symbol=08462.HK/adjust=hfq/source=sina/data.parquet,3e0c6f7fe52d734cf4c9734a27ead3f921b4f0888c5387c6140fe5cec961d4f5
08462.HK,sina,stock_hk_daily,hfq,ohlc_logic_error,upstream_raw_inconsistency_propagated_by_adjustment,2021-09-29,OHLC violates the inclusive daily price envelope,high_lt_close,0.0,0.0,0.0,0.285,0.0,78cddc46-4b2a-4ebe-9065-1e54e3dff522,data/raw/stage17/equity_daily/run_id=78cddc46-4b2a-4ebe-9065-1e54e3dff522/market=HK/symbol=08462.HK/adjust=hfq/source=sina/data.parquet,3e0c6f7fe52d734cf4c9734a27ead3f921b4f0888c5387c6140fe5cec961d4f5
08462.HK,sina,stock_hk_daily,hfq,ohlc_logic_error,upstream_raw_inconsistency_propagated_by_adjustment,2021-09-30,OHLC violates the inclusive daily price envelope,high_lt_close,0.0,0.0,0.0,0.285,0.0,78cddc46-4b2a-4ebe-9065-1e54e3dff522,data/raw/stage17/equity_daily/run_id=78cddc46-4b2a-4ebe-9065-1e54e3dff522/market=HK/symbol=08462.HK/adjust=hfq/source=sina/data.parquet,3e0c6f7fe52d734cf4c9734a27ead3f921b4f0888c5387c6140fe5cec961d4f5
08462.HK,sina,stock_hk_daily,hfq,ohlc_logic_error,upstream_raw_inconsistency_propagated_by_adjustment,2021-10-05,OHLC violates the inclusive daily price envelope,high_lt_close,0.0,0.0,0.0,0.285,0.0,78cddc46-4b2a-4ebe-9065-1e54e3dff522,data/raw/stage17/equity_daily/run_id=78cddc46-4b2a-4ebe-9065-1e54e3dff522/market=HK/symbol=08462.HK/adjust=hfq/source=sina/data.parquet,3e0c6f7fe52d734cf4c9734a27ead3f921b4f0888c5387c6140fe5cec961d4f5
08462.HK,sina,stock_hk_daily,hfq,ohlc_logic_error,upstream_raw_inconsistency_propagated_by_adjustment,2021-10-06,OHLC violates the inclusive daily price envelope,high_lt_close,0.0,0.0,0.0,0.28,0.0,78cddc46-4b2a-4ebe-9065-1e54e3dff522,data/raw/stage17/equity_daily/run_id=78cddc46-4b2a-4ebe-9065-1e54e3dff522/market=HK/symbol=08462.HK/adjust=hfq/source=sina/data.parquet,3e0c6f7fe52d734cf4c9734a27ead3f921b4f0888c5387c6140fe5cec961d4f5
08462.HK,sina,stock_hk_daily,hfq,ohlc_logic_error,upstream_raw_inconsistency_propagated_by_adjustment,2021-10-19,OHLC violates the inclusive daily price envelope,low_gt_close,0.28,0.28,0.28,0.275,60000.0,78cddc46-4b2a-4ebe-9065-1e54e3dff522,data/raw/stage17/equity_daily/run_id=78cddc46-4b2a-4ebe-9065-1e54e3dff522/market=HK/symbol=08462.HK/adjust=hfq/source=sina/data.parquet,3e0c6f7fe52d734cf4c9734a27ead3f921b4f0888c5387c6140fe5cec961d4f5
08462.HK,sina,stock_hk_daily,hfq,ohlc_logic_error,upstream_raw_inconsistency_propagated_by_adjustment,2021-10-28,OHLC violates the inclusive daily price envelope,high_lt_close,0.0,0.0,0.0,0.249,0.0,78cddc46-4b2a-4ebe-9065-1e54e3dff522,data/raw/stage17/equity_daily/run_id=78cddc46-4b2a-4ebe-9065-1e54e3dff522/market=HK/symbol=08462.HK/adjust=hfq/source=sina/data.parquet,3e0c6f7fe52d734cf4c9734a27ead3f921b4f0888c5387c6140fe5cec961d4f5
08462.HK,sina,stock_hk_daily,hfq,ohlc_logic_error,upstream_raw_inconsistency_propagated_by_adjustment,2021-11-01,OHLC violates the inclusive daily price envelope,low_gt_close,0.285,0.285,0.285,0.28,10000.0,78cddc46-4b2a-4ebe-9065-1e54e3dff522,data/raw/stage17/equity_daily/run_id=78cddc46-4b2a-4ebe-9065-1e54e3dff522/market=HK/symbol=08462.HK/adjust=hfq/source=sina/data.parquet,3e0c6f7fe52d734cf4c9734a27ead3f921b4f0888c5387c6140fe5cec961d4f5
08462.HK,sina,stock_hk_daily,hfq,ohlc_logic_error,upstream_raw_inconsistency_propagated_by_adjustment,2021-11-09,OHLC violates the inclusive daily price envelope,high_lt_close,0.0,0.0,0.0,0.245,0.0,78cddc46-4b2a-4ebe-9065-1e54e3dff522,data/raw/stage17/equity_daily/run_id=78cddc46-4b2a-4ebe-9065-1e54e3dff522/market=HK/symbol=08462.HK/adjust=hfq/source=sina/data.parquet,3e0c6f7fe52d734cf4c9734a27ead3f921b4f0888c5387c6140fe5cec961d4f5
08462.HK,sina,stock_hk_daily,hfq,ohlc_logic_error,upstream_raw_inconsistency_propagated_by_adjustment,2021-11-23,OHLC violates the inclusive daily price envelope,low_gt_close,0.199,0.199,0.198,0.196,70000.0,78cddc46-4b2a-4ebe-9065-1e54e3dff522,data/raw/stage17/equity_daily/run_id=78cddc46-4b2a-4ebe-9065-1e54e3dff522/market=HK/symbol=08462.HK/adjust=hfq/source=sina/data.parquet,3e0c6f7fe52d734cf4c9734a27ead3f921b4f0888c5387c6140fe5cec961d4f5
08462.HK,sina,stock_hk_daily,hfq,ohlc_logic_error,upstream_raw_inconsistency_propagated_by_adjustment,2021-12-16,OHLC violates the inclusive daily price envelope,high_lt_close,0.155,0.155,0.155,0.16,25000.0,78cddc46-4b2a-4ebe-9065-1e54e3dff522,data/raw/stage17/equity_daily/run_id=78cddc46-4b2a-4ebe-9065-1e54e3dff522/market=HK/symbol=08462.HK/adjust=hfq/source=sina/data.parquet,3e0c6f7fe52d734cf4c9734a27ead3f921b4f0888c5387c6140fe5cec961d4f5
08462.HK,sina,stock_hk_daily,hfq,ohlc_logic_error,upstream_raw_inconsistency_propagated_by_adjustment,2021-12-22,OHLC violates the inclusive daily price envelope,low_gt_close,0.167,0.167,0.167,0.166,125000.0,78cddc46-4b2a-4ebe-9065-1e54e3dff522,data/raw/stage17/equity_daily/run_id=78cddc46-4b2a-4ebe-9065-1e54e3dff522/market=HK/symbol=08462.HK/adjust=hfq/source=sina/data.parquet,3e0c6f7fe52d734cf4c9734a27ead3f921b4f0888c5387c6140fe5cec961d4f5
08462.HK,sina,stock_hk_daily,hfq,ohlc_logic_error,upstream_raw_inconsistency_propagated_by_adjustment,2022-04-08,OHLC violates the inclusive daily price envelope,low_gt_close,0.15,0.159,0.14,0.138,560000.0,78cddc46-4b2a-4ebe-9065-1e54e3dff522,data/raw/stage17/equity_daily/run_id=78cddc46-4b2a-4ebe-9065-1e54e3dff522/market=HK/symbol=08462.HK/adjust=hfq/source=sina/data.parquet,3e0c6f7fe52d734cf4c9734a27ead3f921b4f0888c5387c6140fe5cec961d4f5
08462.HK,sina,stock_hk_daily,hfq,ohlc_logic_error,upstream_raw_inconsistency_propagated_by_adjustment,2022-04-27,OHLC violates the inclusive daily price envelope,high_lt_close,0.122,0.122,0.122,0.13,40000.0,78cddc46-4b2a-4ebe-9065-1e54e3dff522,data/raw/stage17/equity_daily/run_id=78cddc46-4b2a-4ebe-9065-1e54e3dff522/market=HK/symbol=08462.HK/adjust=hfq/source=sina/data.parquet,3e0c6f7fe52d734cf4c9734a27ead3f921b4f0888c5387c6140fe5cec961d4f5
08462.HK,sina,stock_hk_daily,hfq,ohlc_logic_error,upstream_raw_inconsistency_propagated_by_adjustment,2022-06-16,OHLC violates the inclusive daily price envelope,high_lt_close,0.142,0.142,0.142,0.145,335000.0,78cddc46-4b2a-4ebe-9065-1e54e3dff522,data/raw/stage17/equity_daily/run_id=78cddc46-4b2a-4ebe-9065-1e54e3dff522/market=HK/symbol=08462.HK/adjust=hfq/source=sina/data.parquet,3e0c6f7fe52d734cf4c9734a27ead3f921b4f0888c5387c6140fe5cec961d4f5
08462.HK,sina,stock_hk_daily,hfq,ohlc_logic_error,upstream_raw_inconsistency_propagated_by_adjustment,2022-06-17,OHLC violates the inclusive daily price envelope,high_lt_close,0.14,0.14,0.14,0.141,20000.0,78cddc46-4b2a-4ebe-9065-1e54e3dff522,data/raw/stage17/equity_daily/run_id=78cddc46-4b2a-4ebe-9065-1e54e3dff522/market=HK/symbol=08462.HK/adjust=hfq/source=sina/data.parquet,3e0c6f7fe52d734cf4c9734a27ead3f921b4f0888c5387c6140fe5cec961d4f5
08462.HK,sina,stock_hk_daily,hfq,ohlc_logic_error,upstream_raw_inconsistency_propagated_by_adjustment,2022-07-07,OHLC violates the inclusive daily price envelope,high_lt_close,0.123,0.123,0.123,0.124,15000.0,78cddc46-4b2a-4ebe-9065-1e54e3dff522,data/raw/stage17/equity_daily/run_id=78cddc46-4b2a-4ebe-9065-1e54e3dff522/market=HK/symbol=08462.HK/adjust=hfq/source=sina/data.parquet,3e0c6f7fe52d734cf4c9734a27ead3f921b4f0888c5387c6140fe5cec961d4f5
08462.HK,sina,stock_hk_daily,hfq,ohlc_logic_error,upstream_raw_inconsistency_propagated_by_adjustment,2022-10-18,OHLC violates the inclusive daily price envelope,high_lt_close,0.059,0.059,0.059,0.06,45000.0,78cddc46-4b2a-4ebe-9065-1e54e3dff522,data/raw/stage17/equity_daily/run_id=78cddc46-4b2a-4ebe-9065-1e54e3dff522/market=HK/symbol=08462.HK/adjust=hfq/source=sina/data.parquet,3e0c6f7fe52d734cf4c9734a27ead3f921b4f0888c5387c6140fe5cec961d4f5
08462.HK,sina,stock_hk_daily,hfq,ohlc_logic_error,upstream_raw_inconsistency_propagated_by_adjustment,2022-10-26,OHLC violates the inclusive daily price envelope,high_lt_close,0.056,0.056,0.056,0.06,10000.0,78cddc46-4b2a-4ebe-9065-1e54e3dff522,data/raw/stage17/equity_daily/run_id=78cddc46-4b2a-4ebe-9065-1e54e3dff522/market=HK/symbol=08462.HK/adjust=hfq/source=sina/data.parquet,3e0c6f7fe52d734cf4c9734a27ead3f921b4f0888c5387c6140fe5cec961d4f5
08462.HK,sina,stock_hk_daily,hfq,ohlc_logic_error,upstream_raw_inconsistency_propagated_by_adjustment,2023-02-21,OHLC violates the inclusive daily price envelope,high_lt_close,0.048,0.048,0.048,0.049,10000.0,78cddc46-4b2a-4ebe-9065-1e54e3dff522,data/raw/stage17/equity_daily/run_id=78cddc46-4b2a-4ebe-9065-1e54e3dff522/market=HK/symbol=08462.HK/adjust=hfq/source=sina/data.parquet,3e0c6f7fe52d734cf4c9734a27ead3f921b4f0888c5387c6140fe5cec961d4f5
08462.HK,sina,stock_hk_daily,hfq,ohlc_logic_error,upstream_raw_inconsistency_propagated_by_adjustment,2023-03-16,OHLC violates the inclusive daily price envelope,high_lt_close,0.046,0.046,0.046,0.047,35000.0,78cddc46-4b2a-4ebe-9065-1e54e3dff522,data/raw/stage17/equity_daily/run_id=78cddc46-4b2a-4ebe-9065-1e54e3dff522/market=HK/symbol=08462.HK/adjust=hfq/source=sina/data.parquet,3e0c6f7fe52d734cf4c9734a27ead3f921b4f0888c5387c6140fe5cec961d4f5
08462.HK,sina,stock_hk_daily,hfq,ohlc_logic_error,upstream_raw_inconsistency_propagated_by_adjustment,2023-04-21,OHLC violates the inclusive daily price envelope,low_gt_close,0.062,0.062,0.062,0.059,5000.0,78cddc46-4b2a-4ebe-9065-1e54e3dff522,data/raw/stage17/equity_daily/run_id=78cddc46-4b2a-4ebe-9065-1e54e3dff522/market=HK/symbol=08462.HK/adjust=hfq/source=sina/data.parquet,3e0c6f7fe52d734cf4c9734a27ead3f921b4f0888c5387c6140fe5cec961d4f5
08462.HK,sina,stock_hk_daily,hfq,ohlc_logic_error,upstream_raw_inconsistency_propagated_by_adjustment,2023-07-03,OHLC violates the inclusive daily price envelope,high_lt_close,0.058,0.06,0.058,0.062,420000.0,78cddc46-4b2a-4ebe-9065-1e54e3dff522,data/raw/stage17/equity_daily/run_id=78cddc46-4b2a-4ebe-9065-1e54e3dff522/market=HK/symbol=08462.HK/adjust=hfq/source=sina/data.parquet,3e0c6f7fe52d734cf4c9734a27ead3f921b4f0888c5387c6140fe5cec961d4f5
08462.HK,sina,stock_hk_daily,hfq,ohlc_logic_error,upstream_raw_inconsistency_propagated_by_adjustment,2023-07-06,OHLC violates the inclusive daily price envelope,high_lt_close,0.061,0.062,0.061,0.07,230000.0,78cddc46-4b2a-4ebe-9065-1e54e3dff522,data/raw/stage17/equity_daily/run_id=78cddc46-4b2a-4ebe-9065-1e54e3dff522/market=HK/symbol=08462.HK/adjust=hfq/source=sina/data.parquet,3e0c6f7fe52d734cf4c9734a27ead3f921b4f0888c5387c6140fe5cec961d4f5
08462.HK,sina,stock_hk_daily,hfq,ohlc_logic_error,upstream_raw_inconsistency_propagated_by_adjustment,2023-08-15,OHLC violates the inclusive daily price envelope,low_gt_close,0.063,0.063,0.063,0.06,560000.0,78cddc46-4b2a-4ebe-9065-1e54e3dff522,data/raw/stage17/equity_daily/run_id=78cddc46-4b2a-4ebe-9065-1e54e3dff522/market=HK/symbol=08462.HK/adjust=hfq/source=sina/data.parquet,3e0c6f7fe52d734cf4c9734a27ead3f921b4f0888c5387c6140fe5cec961d4f5
08462.HK,sina,stock_hk_daily,hfq,ohlc_logic_error,upstream_raw_inconsistency_propagated_by_adjustment,2023-08-17,OHLC violates the inclusive daily price envelope,low_gt_close,0.077,0.077,0.077,0.068,5000.0,78cddc46-4b2a-4ebe-9065-1e54e3dff522,data/raw/stage17/equity_daily/run_id=78cddc46-4b2a-4ebe-9065-1e54e3dff522/market=HK/symbol=08462.HK/adjust=hfq/source=sina/data.parquet,3e0c6f7fe52d734cf4c9734a27ead3f921b4f0888c5387c6140fe5cec961d4f5
08462.HK,sina,stock_hk_daily,hfq,ohlc_logic_error,upstream_raw_inconsistency_propagated_by_adjustment,2023-08-18,OHLC violates the inclusive daily price envelope,low_gt_close,0.069,0.069,0.069,0.068,70000.0,78cddc46-4b2a-4ebe-9065-1e54e3dff522,data/raw/stage17/equity_daily/run_id=78cddc46-4b2a-4ebe-9065-1e54e3dff522/market=HK/symbol=08462.HK/adjust=hfq/source=sina/data.parquet,3e0c6f7fe52d734cf4c9734a27ead3f921b4f0888c5387c6140fe5cec961d4f5
08462.HK,sina,stock_hk_daily,hfq,ohlc_logic_error,upstream_raw_inconsistency_propagated_by_adjustment,2023-08-28,OHLC violates the inclusive daily price envelope,high_lt_close,0.058,0.059,0.058,0.06,110000.0,78cddc46-4b2a-4ebe-9065-1e54e3dff522,data/raw/stage17/equity_daily/run_id=78cddc46-4b2a-4ebe-9065-1e54e3dff522/market=HK/symbol=08462.HK/adjust=hfq/source=sina/data.parquet,3e0c6f7fe52d734cf4c9734a27ead3f921b4f0888c5387c6140fe5cec961d4f5
08462.HK,sina,stock_hk_daily,hfq,ohlc_logic_error,upstream_raw_inconsistency_propagated_by_adjustment,2023-09-25,OHLC violates the inclusive daily price envelope,high_lt_close,0.06,0.061,0.06,0.062,45000.0,78cddc46-4b2a-4ebe-9065-1e54e3dff522,data/raw/stage17/equity_daily/run_id=78cddc46-4b2a-4ebe-9065-1e54e3dff522/market=HK/symbol=08462.HK/adjust=hfq/source=sina/data.parquet,3e0c6f7fe52d734cf4c9734a27ead3f921b4f0888c5387c6140fe5cec961d4f5
08462.HK,sina,stock_hk_daily,hfq,ohlc_logic_error,upstream_raw_inconsistency_propagated_by_adjustment,2023-11-28,OHLC violates the inclusive daily price envelope,high_lt_close,0.053,0.053,0.053,0.054,85000.0,78cddc46-4b2a-4ebe-9065-1e54e3dff522,data/raw/stage17/equity_daily/run_id=78cddc46-4b2a-4ebe-9065-1e54e3dff522/market=HK/symbol=08462.HK/adjust=hfq/source=sina/data.parquet,3e0c6f7fe52d734cf4c9734a27ead3f921b4f0888c5387c6140fe5cec961d4f5
08462.HK,sina,stock_hk_daily,hfq,ohlc_logic_error,upstream_raw_inconsistency_propagated_by_adjustment,2023-12-11,OHLC violates the inclusive daily price envelope,high_lt_close,0.053,0.053,0.053,0.054,100000.0,78cddc46-4b2a-4ebe-9065-1e54e3dff522,data/raw/stage17/equity_daily/run_id=78cddc46-4b2a-4ebe-9065-1e54e3dff522/market=HK/symbol=08462.HK/adjust=hfq/source=sina/data.parquet,3e0c6f7fe52d734cf4c9734a27ead3f921b4f0888c5387c6140fe5cec961d4f5
08462.HK,sina,stock_hk_daily,hfq,ohlc_logic_error,upstream_raw_inconsistency_propagated_by_adjustment,2023-12-15,OHLC violates the inclusive daily price envelope,high_lt_close,0.056,0.056,0.053,0.058,25000.0,78cddc46-4b2a-4ebe-9065-1e54e3dff522,data/raw/stage17/equity_daily/run_id=78cddc46-4b2a-4ebe-9065-1e54e3dff522/market=HK/symbol=08462.HK/adjust=hfq/source=sina/data.parquet,3e0c6f7fe52d734cf4c9734a27ead3f921b4f0888c5387c6140fe5cec961d4f5
08462.HK,sina,stock_hk_daily,hfq,ohlc_logic_error,upstream_raw_inconsistency_propagated_by_adjustment,2024-01-17,OHLC violates the inclusive daily price envelope,low_gt_close,0.079,0.079,0.079,0.078,40000.0,78cddc46-4b2a-4ebe-9065-1e54e3dff522,data/raw/stage17/equity_daily/run_id=78cddc46-4b2a-4ebe-9065-1e54e3dff522/market=HK/symbol=08462.HK/adjust=hfq/source=sina/data.parquet,3e0c6f7fe52d734cf4c9734a27ead3f921b4f0888c5387c6140fe5cec961d4f5
08462.HK,sina,stock_hk_daily,hfq,ohlc_logic_error,upstream_raw_inconsistency_propagated_by_adjustment,2024-03-15,OHLC violates the inclusive daily price envelope,high_lt_close,0.065,0.065,0.065,0.066,80000.0,78cddc46-4b2a-4ebe-9065-1e54e3dff522,data/raw/stage17/equity_daily/run_id=78cddc46-4b2a-4ebe-9065-1e54e3dff522/market=HK/symbol=08462.HK/adjust=hfq/source=sina/data.parquet,3e0c6f7fe52d734cf4c9734a27ead3f921b4f0888c5387c6140fe5cec961d4f5
08462.HK,sina,stock_hk_daily,hfq,ohlc_logic_error,upstream_raw_inconsistency_propagated_by_adjustment,2024-05-14,OHLC violates the inclusive daily price envelope,high_lt_close,0.08,0.081,0.08,0.082,135000.0,78cddc46-4b2a-4ebe-9065-1e54e3dff522,data/raw/stage17/equity_daily/run_id=78cddc46-4b2a-4ebe-9065-1e54e3dff522/market=HK/symbol=08462.HK/adjust=hfq/source=sina/data.parquet,3e0c6f7fe52d734cf4c9734a27ead3f921b4f0888c5387c6140fe5cec961d4f5
08462.HK,sina,stock_hk_daily,hfq,ohlc_logic_error,upstream_raw_inconsistency_propagated_by_adjustment,2024-05-29,OHLC violates the inclusive daily price envelope,high_lt_close,0.087,0.087,0.087,0.088,35000.0,78cddc46-4b2a-4ebe-9065-1e54e3dff522,data/raw/stage17/equity_daily/run_id=78cddc46-4b2a-4ebe-9065-1e54e3dff522/market=HK/symbol=08462.HK/adjust=hfq/source=sina/data.parquet,3e0c6f7fe52d734cf4c9734a27ead3f921b4f0888c5387c6140fe5cec961d4f5
08462.HK,sina,stock_hk_daily,hfq,ohlc_logic_error,upstream_raw_inconsistency_propagated_by_adjustment,2024-06-05,OHLC violates the inclusive daily price envelope,high_lt_close,0.087,0.087,0.087,0.088,295000.0,78cddc46-4b2a-4ebe-9065-1e54e3dff522,data/raw/stage17/equity_daily/run_id=78cddc46-4b2a-4ebe-9065-1e54e3dff522/market=HK/symbol=08462.HK/adjust=hfq/source=sina/data.parquet,3e0c6f7fe52d734cf4c9734a27ead3f921b4f0888c5387c6140fe5cec961d4f5
08462.HK,sina,stock_hk_daily,hfq,ohlc_logic_error,upstream_raw_inconsistency_propagated_by_adjustment,2024-06-11,OHLC violates the inclusive daily price envelope,low_gt_close,0.091,0.091,0.091,0.09,100000.0,78cddc46-4b2a-4ebe-9065-1e54e3dff522,data/raw/stage17/equity_daily/run_id=78cddc46-4b2a-4ebe-9065-1e54e3dff522/market=HK/symbol=08462.HK/adjust=hfq/source=sina/data.parquet,3e0c6f7fe52d734cf4c9734a27ead3f921b4f0888c5387c6140fe5cec961d4f5
08462.HK,sina,stock_hk_daily,hfq,ohlc_logic_error,upstream_raw_inconsistency_propagated_by_adjustment,2024-06-17,OHLC violates the inclusive daily price envelope,low_gt_close,0.077,0.077,0.077,0.076,100000.0,78cddc46-4b2a-4ebe-9065-1e54e3dff522,data/raw/stage17/equity_daily/run_id=78cddc46-4b2a-4ebe-9065-1e54e3dff522/market=HK/symbol=08462.HK/adjust=hfq/source=sina/data.parquet,3e0c6f7fe52d734cf4c9734a27ead3f921b4f0888c5387c6140fe5cec961d4f5
08462.HK,sina,stock_hk_daily,hfq,ohlc_logic_error,upstream_raw_inconsistency_propagated_by_adjustment,2024-06-21,OHLC violates the inclusive daily price envelope,high_lt_close,0.076,0.076,0.076,0.079,10000.0,78cddc46-4b2a-4ebe-9065-1e54e3dff522,data/raw/stage17/equity_daily/run_id=78cddc46-4b2a-4ebe-9065-1e54e3dff522/market=HK/symbol=08462.HK/adjust=hfq/source=sina/data.parquet,3e0c6f7fe52d734cf4c9734a27ead3f921b4f0888c5387c6140fe5cec961d4f5
08462.HK,sina,stock_hk_daily,hfq,ohlc_logic_error,upstream_raw_inconsistency_propagated_by_adjustment,2024-06-25,OHLC violates the inclusive daily price envelope,high_lt_close,0.076,0.082,0.076,0.085,180000.0,78cddc46-4b2a-4ebe-9065-1e54e3dff522,data/raw/stage17/equity_daily/run_id=78cddc46-4b2a-4ebe-9065-1e54e3dff522/market=HK/symbol=08462.HK/adjust=hfq/source=sina/data.parquet,3e0c6f7fe52d734cf4c9734a27ead3f921b4f0888c5387c6140fe5cec961d4f5
08462.HK,sina,stock_hk_daily,hfq,ohlc_logic_error,upstream_raw_inconsistency_propagated_by_adjustment,2024-07-03,OHLC violates the inclusive daily price envelope,high_lt_close,0.082,0.082,0.081,0.085,190000.0,78cddc46-4b2a-4ebe-9065-1e54e3dff522,data/raw/stage17/equity_daily/run_id=78cddc46-4b2a-4ebe-9065-1e54e3dff522/market=HK/symbol=08462.HK/adjust=hfq/source=sina/data.parquet,3e0c6f7fe52d734cf4c9734a27ead3f921b4f0888c5387c6140fe5cec961d4f5
08462.HK,sina,stock_hk_daily,hfq,ohlc_logic_error,upstream_raw_inconsistency_propagated_by_adjustment,2024-07-17,OHLC violates the inclusive daily price envelope,high_lt_close,0.087,0.087,0.087,0.09,40000.0,78cddc46-4b2a-4ebe-9065-1e54e3dff522,data/raw/stage17/equity_daily/run_id=78cddc46-4b2a-4ebe-9065-1e54e3dff522/market=HK/symbol=08462.HK/adjust=hfq/source=sina/data.parquet,3e0c6f7fe52d734cf4c9734a27ead3f921b4f0888c5387c6140fe5cec961d4f5
08462.HK,sina,stock_hk_daily,hfq,ohlc_logic_error,upstream_raw_inconsistency_propagated_by_adjustment,2024-09-27,OHLC violates the inclusive daily price envelope,low_gt_close,0.094,0.094,0.091,0.09,60000.0,78cddc46-4b2a-4ebe-9065-1e54e3dff522,data/raw/stage17/equity_daily/run_id=78cddc46-4b2a-4ebe-9065-1e54e3dff522/market=HK/symbol=08462.HK/adjust=hfq/source=sina/data.parquet,3e0c6f7fe52d734cf4c9734a27ead3f921b4f0888c5387c6140fe5cec961d4f5
08462.HK,sina,stock_hk_daily,hfq,ohlc_logic_error,upstream_raw_inconsistency_propagated_by_adjustment,2024-10-04,OHLC violates the inclusive daily price envelope,high_lt_close,0.077,0.077,0.077,0.078,10000.0,78cddc46-4b2a-4ebe-9065-1e54e3dff522,data/raw/stage17/equity_daily/run_id=78cddc46-4b2a-4ebe-9065-1e54e3dff522/market=HK/symbol=08462.HK/adjust=hfq/source=sina/data.parquet,3e0c6f7fe52d734cf4c9734a27ead3f921b4f0888c5387c6140fe5cec961d4f5
08462.HK,sina,stock_hk_daily,hfq,ohlc_logic_error,upstream_raw_inconsistency_propagated_by_adjustment,2024-10-23,OHLC violates the inclusive daily price envelope,high_lt_close,0.08,0.084,0.08,0.085,75000.0,78cddc46-4b2a-4ebe-9065-1e54e3dff522,data/raw/stage17/equity_daily/run_id=78cddc46-4b2a-4ebe-9065-1e54e3dff522/market=HK/symbol=08462.HK/adjust=hfq/source=sina/data.parquet,3e0c6f7fe52d734cf4c9734a27ead3f921b4f0888c5387c6140fe5cec961d4f5
08462.HK,sina,stock_hk_daily,hfq,ohlc_logic_error,upstream_raw_inconsistency_propagated_by_adjustment,2025-01-17,OHLC violates the inclusive daily price envelope,high_lt_close,0.066,0.066,0.066,0.067,270000.0,78cddc46-4b2a-4ebe-9065-1e54e3dff522,data/raw/stage17/equity_daily/run_id=78cddc46-4b2a-4ebe-9065-1e54e3dff522/market=HK/symbol=08462.HK/adjust=hfq/source=sina/data.parquet,3e0c6f7fe52d734cf4c9734a27ead3f921b4f0888c5387c6140fe5cec961d4f5
08462.HK,sina,stock_hk_daily,hfq,ohlc_logic_error,upstream_raw_inconsistency_propagated_by_adjustment,2025-03-03,OHLC violates the inclusive daily price envelope,high_lt_close,0.073,0.073,0.073,0.074,130000.0,78cddc46-4b2a-4ebe-9065-1e54e3dff522,data/raw/stage17/equity_daily/run_id=78cddc46-4b2a-4ebe-9065-1e54e3dff522/market=HK/symbol=08462.HK/adjust=hfq/source=sina/data.parquet,3e0c6f7fe52d734cf4c9734a27ead3f921b4f0888c5387c6140fe5cec961d4f5
08462.HK,sina,stock_hk_daily,hfq,ohlc_logic_error,upstream_raw_inconsistency_propagated_by_adjustment,2025-03-28,OHLC violates the inclusive daily price envelope,high_lt_close,0.091,0.091,0.09,0.092,130000.0,78cddc46-4b2a-4ebe-9065-1e54e3dff522,data/raw/stage17/equity_daily/run_id=78cddc46-4b2a-4ebe-9065-1e54e3dff522/market=HK/symbol=08462.HK/adjust=hfq/source=sina/data.parquet,3e0c6f7fe52d734cf4c9734a27ead3f921b4f0888c5387c6140fe5cec961d4f5
08462.HK,sina,stock_hk_daily,hfq,ohlc_logic_error,upstream_raw_inconsistency_propagated_by_adjustment,2025-07-04,OHLC violates the inclusive daily price envelope,high_lt_close,0.084,0.084,0.084,0.085,10000.0,78cddc46-4b2a-4ebe-9065-1e54e3dff522,data/raw/stage17/equity_daily/run_id=78cddc46-4b2a-4ebe-9065-1e54e3dff522/market=HK/symbol=08462.HK/adjust=hfq/source=sina/data.parquet,3e0c6f7fe52d734cf4c9734a27ead3f921b4f0888c5387c6140fe5cec961d4f5
08462.HK,sina,stock_hk_daily,hfq,ohlc_logic_error,upstream_raw_inconsistency_propagated_by_adjustment,2025-07-07,OHLC violates the inclusive daily price envelope,low_gt_close,0.091,0.091,0.091,0.09,115000.0,78cddc46-4b2a-4ebe-9065-1e54e3dff522,data/raw/stage17/equity_daily/run_id=78cddc46-4b2a-4ebe-9065-1e54e3dff522/market=HK/symbol=08462.HK/adjust=hfq/source=sina/data.parquet,3e0c6f7fe52d734cf4c9734a27ead3f921b4f0888c5387c6140fe5cec961d4f5
08462.HK,sina,stock_hk_daily,hfq,ohlc_logic_error,upstream_raw_inconsistency_propagated_by_adjustment,2026-01-05,OHLC violates the inclusive daily price envelope,high_lt_close,0.08,0.08,0.08,0.081,75000.0,78cddc46-4b2a-4ebe-9065-1e54e3dff522,data/raw/stage17/equity_daily/run_id=78cddc46-4b2a-4ebe-9065-1e54e3dff522/market=HK/symbol=08462.HK/adjust=hfq/source=sina/data.parquet,3e0c6f7fe52d734cf4c9734a27ead3f921b4f0888c5387c6140fe5cec961d4f5
08462.HK,sina,stock_hk_daily,hfq,ohlc_logic_error,upstream_raw_inconsistency_propagated_by_adjustment,2026-02-06,OHLC violates the inclusive daily price envelope,low_gt_close,0.087,0.087,0.087,0.085,25000.0,78cddc46-4b2a-4ebe-9065-1e54e3dff522,data/raw/stage17/equity_daily/run_id=78cddc46-4b2a-4ebe-9065-1e54e3dff522/market=HK/symbol=08462.HK/adjust=hfq/source=sina/data.parquet,3e0c6f7fe52d734cf4c9734a27ead3f921b4f0888c5387c6140fe5cec961d4f5
08462.HK,sina,stock_hk_daily,hfq,ohlc_logic_error,upstream_raw_inconsistency_propagated_by_adjustment,2026-02-24,OHLC violates the inclusive daily price envelope,low_gt_close,0.103,0.103,0.103,0.102,50000.0,78cddc46-4b2a-4ebe-9065-1e54e3dff522,data/raw/stage17/equity_daily/run_id=78cddc46-4b2a-4ebe-9065-1e54e3dff522/market=HK/symbol=08462.HK/adjust=hfq/source=sina/data.parquet,3e0c6f7fe52d734cf4c9734a27ead3f921b4f0888c5387c6140fe5cec961d4f5
08462.HK,sina,stock_hk_daily,hfq,ohlc_logic_error,upstream_raw_inconsistency_propagated_by_adjustment,2026-03-11,OHLC violates the inclusive daily price envelope,high_lt_close,0.078,0.078,0.078,0.08,30000.0,78cddc46-4b2a-4ebe-9065-1e54e3dff522,data/raw/stage17/equity_daily/run_id=78cddc46-4b2a-4ebe-9065-1e54e3dff522/market=HK/symbol=08462.HK/adjust=hfq/source=sina/data.parquet,3e0c6f7fe52d734cf4c9734a27ead3f921b4f0888c5387c6140fe5cec961d4f5
08462.HK,sina,stock_hk_daily,hfq,ohlc_logic_error,upstream_raw_inconsistency_propagated_by_adjustment,2026-03-16,OHLC violates the inclusive daily price envelope,high_lt_close,0.078,0.078,0.078,0.079,50000.0,78cddc46-4b2a-4ebe-9065-1e54e3dff522,data/raw/stage17/equity_daily/run_id=78cddc46-4b2a-4ebe-9065-1e54e3dff522/market=HK/symbol=08462.HK/adjust=hfq/source=sina/data.parquet,3e0c6f7fe52d734cf4c9734a27ead3f921b4f0888c5387c6140fe5cec961d4f5
08462.HK,sina,stock_hk_daily,hfq,ohlc_logic_error,upstream_raw_inconsistency_propagated_by_adjustment,2026-04-21,OHLC violates the inclusive daily price envelope,high_lt_close,0.064,0.064,0.064,0.066,120000.0,78cddc46-4b2a-4ebe-9065-1e54e3dff522,data/raw/stage17/equity_daily/run_id=78cddc46-4b2a-4ebe-9065-1e54e3dff522/market=HK/symbol=08462.HK/adjust=hfq/source=sina/data.parquet,3e0c6f7fe52d734cf4c9734a27ead3f921b4f0888c5387c6140fe5cec961d4f5
08462.HK,sina,stock_hk_daily,hfq,ohlc_logic_error,upstream_raw_inconsistency_propagated_by_adjustment,2026-05-04,OHLC violates the inclusive daily price envelope,high_lt_close,0.056,0.056,0.056,0.06,60000.0,78cddc46-4b2a-4ebe-9065-1e54e3dff522,data/raw/stage17/equity_daily/run_id=78cddc46-4b2a-4ebe-9065-1e54e3dff522/market=HK/symbol=08462.HK/adjust=hfq/source=sina/data.parquet,3e0c6f7fe52d734cf4c9734a27ead3f921b4f0888c5387c6140fe5cec961d4f5
08462.HK,sina,stock_hk_daily,hfq,ohlc_logic_error,upstream_raw_inconsistency_propagated_by_adjustment,2026-05-27,OHLC violates the inclusive daily price envelope,high_lt_close,0.094,0.094,0.094,0.095,35000.0,78cddc46-4b2a-4ebe-9065-1e54e3dff522,data/raw/stage17/equity_daily/run_id=78cddc46-4b2a-4ebe-9065-1e54e3dff522/market=HK/symbol=08462.HK/adjust=hfq/source=sina/data.parquet,3e0c6f7fe52d734cf4c9734a27ead3f921b4f0888c5387c6140fe5cec961d4f5
09669.HK,sina,stock_hk_daily,raw,ohlc_logic_error,upstream_raw_ohlc_inconsistency,2024-03-07,OHLC violates the inclusive daily price envelope,high_lt_open,5.0,4.99,4.59,4.67,944200.0,78cddc46-4b2a-4ebe-9065-1e54e3dff522,data/raw/stage17/equity_daily/run_id=78cddc46-4b2a-4ebe-9065-1e54e3dff522/market=HK/symbol=09669.HK/adjust=raw/source=sina/data.parquet,e7ea01dc8c80bf56c1110c7c0e005f0e6c2d19b625a639aef9d7d60ef618f47b
09669.HK,sina,stock_hk_daily,raw,ohlc_logic_error,upstream_raw_ohlc_inconsistency,2026-04-02,OHLC violates the inclusive daily price envelope,high_lt_close,3.86,3.97,3.8,3.98,97200.0,78cddc46-4b2a-4ebe-9065-1e54e3dff522,data/raw/stage17/equity_daily/run_id=78cddc46-4b2a-4ebe-9065-1e54e3dff522/market=HK/symbol=09669.HK/adjust=raw/source=sina/data.parquet,e7ea01dc8c80bf56c1110c7c0e005f0e6c2d19b625a639aef9d7d60ef618f47b
09669.HK,sina,stock_hk_daily,raw,ohlc_logic_error,upstream_raw_ohlc_inconsistency,2026-05-08,OHLC violates the inclusive daily price envelope,high_lt_close,3.44,3.53,3.36,3.58,527600.0,78cddc46-4b2a-4ebe-9065-1e54e3dff522,data/raw/stage17/equity_daily/run_id=78cddc46-4b2a-4ebe-9065-1e54e3dff522/market=HK/symbol=09669.HK/adjust=raw/source=sina/data.parquet,e7ea01dc8c80bf56c1110c7c0e005f0e6c2d19b625a639aef9d7d60ef618f47b
09669.HK,sina,stock_hk_daily,qfq,ohlc_logic_error,upstream_raw_inconsistency_propagated_by_adjustment,2024-03-07,OHLC violates the inclusive daily price envelope,high_lt_open,5.0,4.99,4.59,4.67,944200.0,78cddc46-4b2a-4ebe-9065-1e54e3dff522,data/raw/stage17/equity_daily/run_id=78cddc46-4b2a-4ebe-9065-1e54e3dff522/market=HK/symbol=09669.HK/adjust=qfq/source=sina/data.parquet,e7ea01dc8c80bf56c1110c7c0e005f0e6c2d19b625a639aef9d7d60ef618f47b
09669.HK,sina,stock_hk_daily,qfq,ohlc_logic_error,upstream_raw_inconsistency_propagated_by_adjustment,2026-04-02,OHLC violates the inclusive daily price envelope,high_lt_close,3.86,3.97,3.8,3.98,97200.0,78cddc46-4b2a-4ebe-9065-1e54e3dff522,data/raw/stage17/equity_daily/run_id=78cddc46-4b2a-4ebe-9065-1e54e3dff522/market=HK/symbol=09669.HK/adjust=qfq/source=sina/data.parquet,e7ea01dc8c80bf56c1110c7c0e005f0e6c2d19b625a639aef9d7d60ef618f47b
09669.HK,sina,stock_hk_daily,qfq,ohlc_logic_error,upstream_raw_inconsistency_propagated_by_adjustment,2026-05-08,OHLC violates the inclusive daily price envelope,high_lt_close,3.44,3.53,3.36,3.58,527600.0,78cddc46-4b2a-4ebe-9065-1e54e3dff522,data/raw/stage17/equity_daily/run_id=78cddc46-4b2a-4ebe-9065-1e54e3dff522/market=HK/symbol=09669.HK/adjust=qfq/source=sina/data.parquet,e7ea01dc8c80bf56c1110c7c0e005f0e6c2d19b625a639aef9d7d60ef618f47b
09669.HK,sina,stock_hk_daily,hfq,ohlc_logic_error,upstream_raw_inconsistency_propagated_by_adjustment,2024-03-07,OHLC violates the inclusive daily price envelope,high_lt_open,5.0,4.99,4.59,4.67,944200.0,78cddc46-4b2a-4ebe-9065-1e54e3dff522,data/raw/stage17/equity_daily/run_id=78cddc46-4b2a-4ebe-9065-1e54e3dff522/market=HK/symbol=09669.HK/adjust=hfq/source=sina/data.parquet,e7ea01dc8c80bf56c1110c7c0e005f0e6c2d19b625a639aef9d7d60ef618f47b
09669.HK,sina,stock_hk_daily,hfq,ohlc_logic_error,upstream_raw_inconsistency_propagated_by_adjustment,2026-04-02,OHLC violates the inclusive daily price envelope,high_lt_close,3.86,3.97,3.8,3.98,97200.0,78cddc46-4b2a-4ebe-9065-1e54e3dff522,data/raw/stage17/equity_daily/run_id=78cddc46-4b2a-4ebe-9065-1e54e3dff522/market=HK/symbol=09669.HK/adjust=hfq/source=sina/data.parquet,e7ea01dc8c80bf56c1110c7c0e005f0e6c2d19b625a639aef9d7d60ef618f47b
09669.HK,sina,stock_hk_daily,hfq,ohlc_logic_error,upstream_raw_inconsistency_propagated_by_adjustment,2026-05-08,OHLC violates the inclusive daily price envelope,high_lt_close,3.44,3.53,3.36,3.58,527600.0,78cddc46-4b2a-4ebe-9065-1e54e3dff522,data/raw/stage17/equity_daily/run_id=78cddc46-4b2a-4ebe-9065-1e54e3dff522/market=HK/symbol=09669.HK/adjust=hfq/source=sina/data.parquet,e7ea01dc8c80bf56c1110c7c0e005f0e6c2d19b625a639aef9d7d60ef618f47b
